gene_id	associated_reactions	growth_WT_h-1	growth_KO_h-1	growth_ratio	solver_status	essentiality_label
EHJ91283_1	ADSS	0.2902343858032029	-3.1885850726495676e-14	-1.0986241564125445e-13	optimal	Essential
EHJ93140_1	ADSL1r;ADSL2r	0.2902343858032029	-2.373370060067348e-14	-8.177425474583986e-14	optimal	Essential
EHJ91597_1	AICART;IMPC	0.2902343858032029	-1.2718881601772557e-14	-4.382279365890421e-14	optimal	Essential
EHJ92401_1	PRAGSr	0.2902343858032029	-1.1923951501661773e-14	-4.10838690552227e-14	optimal	Essential
EHJ93575_1	CTPS1;CTPS2	0.2902343858032029	-3.988156605692716e-15	-1.3741158183775427e-14	optimal	Essential
EHJ92316_1	OMPDC	0.2902343858032029	-2.2341516120342474e-15	-7.697749547667803e-15	optimal	Essential
EHJ93122_1	DHORD2;DHORD5;DHORDfum	0.2902343858032029	-2.1655592379805656e-15	-7.461415131730638e-15	optimal	Essential
EHJ94309_1	ORPT	0.2902343858032029	-2.136546067089975e-15	-7.361450508964458e-15	optimal	Essential
EHJ94196_1	TKT1;TKT2	0.2902343858032029	-1.2386394137067362e-15	-4.2677211050609676e-15	optimal	Essential
EHJ94210_1	ASPCT;CBPS;DHORTS	0.2902343858032029	-1.1072768954380267e-15	-3.815112714414308e-15	optimal	Essential
EHJ93778_1	DXPRIi	0.2902343858032029	-5.017101251133184e-16	-1.7286377826144602e-15	optimal	Essential
EHJ92374_1	CHORS	0.2902343858032029	-3.0937602543174706e-16	-1.0659523494281047e-15	optimal	Essential
EHJ93953_1	OCTDPS	0.2902343858032029	-2.4206423483401066e-16	-8.340301724212147e-16	optimal	Essential
EHJ94719_1	DHNAOT4	0.2902343858032029	-1.987325250276962e-16	-6.847311509203783e-16	optimal	Essential
EHJ94195_1	METAT	0.2902343858032029	-1.4422740854628072e-16	-4.969342559019728e-16	optimal	Essential
EHJ94330_1	DGK1;GK1	0.2902343858032029	-1.4189472953540975e-16	-4.888970310761981e-16	optimal	Essential
EHJ93896_1	DHPS;FOLD3	0.2902343858032029	-1.1825988136178284e-16	-4.0746337149027703e-16	optimal	Essential
EHJ94296_1	UDCPDP;UDCPDPex	0.2902343858032029	-1.1758692694917098e-16	-4.0514471303514776e-16	optimal	Essential
EHJ94084_1	PNTK	0.2902343858032029	-1.0112110011566053e-16	-3.4841185284030053e-16	optimal	Essential
EHJ94373_1	DAPDC	0.2902343858032029	-1.0112110011566053e-16	-3.4841185284030053e-16	optimal	Essential
EHJ93789_1	THDPS	0.2902343858032029	-9.084813442953406e-17	-3.130164407574187e-16	optimal	Essential
EHJ91225_1	ADSELK;ADSK;SADT;SADT2;SELADT	0.2902343858032029	-8.81901952118782e-17	-3.038585347763607e-16	optimal	Essential
EHJ94269_1	AGPR	0.2902343858032029	-8.81901952118782e-17	-3.038585347763607e-16	optimal	Essential
EHJ91155_1	HISTP;PSP_L	0.2902343858032029	-8.60990724686456e-17	-2.9665358992654363e-16	optimal	Essential
EHJ91434_1	PDX5PS	0.2902343858032029	-7.799009020054179e-17	-2.687141635017153e-16	optimal	Essential
EHJ93825_1	HSDy;LSERDHr	0.2902343858032029	-7.799009020054179e-17	-2.687141635017153e-16	optimal	Essential
EHJ93638_1	ORNCD;ORNCD_1	0.2902343858032029	-6.010868230816559e-17	-2.0710393133404616e-16	optimal	Essential
EHJ91121_1	TMPK	0.2902343858032029	-5.0763264973817117e-17	-1.7490437886377045e-16	optimal	Essential
EHJ93283_1	DPR;KARA1;KARA2	0.2902343858032029	-5.0763264973817104e-17	-1.749043788637704e-16	optimal	Essential
EHJ91226_1	ADSELK;ADSK;SADT;SADT2;SELADT	0.2902343858032029	-5.0471185794185586e-17	-1.7389802264301039e-16	optimal	Essential
EHJ91962_1	ASAD	0.2902343858032029	-4.9683131256924064e-17	-1.7118278773009462e-16	optimal	Essential
EHJ93117_1	PERD	0.2902343858032029	-4.968313125692405e-17	-1.7118278773009457e-16	optimal	Essential
EHJ91640_1	DPCOAK	0.2902343858032029	-4.729824317846991e-17	-1.6296567702539937e-16	optimal	Essential
EHJ94192_1	MTHFR2;MTHFR3	0.2902343858032029	-4.729824317846991e-17	-1.6296567702539937e-16	optimal	Essential
EHJ91394_1	DTMPK;URIDK2r	0.2902343858032029	-3.9195642316390316e-17	-1.3504823767838255e-16	optimal	Essential
EHJ91631_1	AROH;CHORM;PPNDH	0.2902343858032029	-3.919564231639031e-17	-1.3504823767838252e-16	optimal	Essential
EHJ93824_1	4HTHRS;THRS	0.2902343858032029	-3.919564231639031e-17	-1.3504823767838252e-16	optimal	Essential
EHJ93669_1	SHK3Dr	0.2902343858032029	-2.888637795280001e-17	-9.95277588245067e-17	optimal	Essential
EHJ91282_1	ATPPRT	0.2902343858032029	-2.4974405546773247e-17	-8.604909262442618e-17	optimal	Essential
EHJ93579_1	DHQS	0.2902343858032029	-1.9585200346663972e-17	-6.748063394509005e-17	optimal	Essential
EHJ94299_1	GF6PTA	0.2902343858032029	-1.7719017011877767e-17	-6.105071583038534e-17	optimal	Essential
EHJ91350_1	UAAGDS	0.2902343858032029	-5.539806364033725e-18	-1.9087353652816525e-17	optimal	Essential
EHJ91326_1	UAGCVT	0.2902343858032029	0.0	0.0	optimal	Essential
EHJ91351_1	UGMDDS	0.2902343858032029	0.0	0.0	optimal	Essential
EHJ91352_1	PAPPT3	0.2902343858032029	0.0	0.0	optimal	Essential
EHJ91392_1	ADCL	0.2902343858032029	0.0	0.0	optimal	Essential
EHJ91963_1	IPMD	0.2902343858032029	0.0	0.0	optimal	Essential
EHJ91965_1	IPPMIa;IPPMIb	0.2902343858032029	0.0	0.0	optimal	Essential
EHJ92333_1	IGPS	0.2902343858032029	0.0	0.0	optimal	Essential
EHJ92977_1	APPAT;PTPATi	0.2902343858032029	0.0	0.0	optimal	Essential
EHJ93021_1	IGPDH	0.2902343858032029	0.0	0.0	optimal	Essential
EHJ93024_1	IG3PS	0.2902343858032029	0.0	0.0	optimal	Essential
EHJ93804_1	ACGK	0.2902343858032029	0.0	0.0	optimal	Essential
EHJ93881_1	MOHMT	0.2902343858032029	0.0	0.0	optimal	Essential
EHJ93904_1	DHDPRx_r;DHDPRy	0.2902343858032029	0.0	0.0	optimal	Essential
EHJ94268_1	CLt3_2pp;Clt	0.2902343858032029	0.0	0.0	optimal	Essential
EHJ94729_1	SUCBZS	0.2902343858032029	0.0	0.0	optimal	Essential
spontaneous	ACALDt;ACALDtpp;ATPHs;CO2t;CO2tex;CO2tpp;DATPHs;DHPTDCs2;ETOHtrpp;FALDtpp;FALGTHLs;FE3DCITCH;FE3DCITexs;FE3HOXexs;FE3PYOVDL2;GLYCtpp;GTPHs;H2O2tex;H2Ot;H2Otex;H2Otpp;H2SO;H2St1;H2tpp;HCO3E;MEOHtex;MEOHtrpp;METOX1s;METOX2s;MGSA;MTHTHFSs;NADHHR;NADPHHR;NH3c;NH4tex;NH4tpp;NOVBCNtex;NOtpp;O2tex;O2tpp;OMCDC;St;TCYNTtpp;TNTHAC1;TNTHAC2	0.2902343858032029	0.0	0.0	optimal	Essential
EHJ91328_1	HDH;HISTD	0.2902343858032029	1.0068574115418269e-17	3.4691182740302155e-17	optimal	Essential
EHJ91608_1	ARGSS	0.2902343858032029	1.0080475409689114e-17	3.473218854406972e-17	optimal	Essential
EHJ93023_1	PRMICI	0.2902343858032029	1.0094237158837116e-17	3.477960452860207e-17	optimal	Essential
EHJ91162_1	TMDS	0.2902343858032029	1.024694711244255e-17	3.530576531820948e-17	optimal	Essential
EHJ93566_1	ASPK	0.2902343858032029	1.9597821158195158e-17	6.752411883919127e-17	optimal	Essential
EHJ94867_1	ABUTD;ALDD1;ALDD19xr;ALDD2x;ALDD3;ALDD31_1;ALDD4;BETALDHx;BETALDHy;GCALDD;GLXO1;GLYALDDr;LCADi	0.2902343858032029	2.6322858398937988e-17	9.069517495692787e-17	optimal	Essential
EHJ94730_1	SUCBZL	0.2902343858032029	3.919564231639031e-17	1.3504823767838252e-16	optimal	Essential
EHJ94371_1	ARGSL	0.2902343858032029	3.9195642316390316e-17	1.3504823767838255e-16	optimal	Essential
EHJ91353_1	UAMAGS	0.2902343858032029	4.7298243178469906e-17	1.6296567702539934e-16	optimal	Essential
EHJ93300_1	AMPMS2	0.2902343858032029	4.8364406254580576e-17	1.666391324402708e-16	optimal	Essential
EHJ91327_1	ATPPRT	0.2902343858032029	5.430876296443851e-17	1.8712036071860644e-16	optimal	Essential
EHJ93868_1	HSERTA	0.2902343858032029	5.879346347458546e-17	2.0257235651757373e-16	optimal	Essential
EHJ93882_1	PANTS	0.2902343858032029	5.879346347458546e-17	2.0257235651757373e-16	optimal	Essential
EHJ94937_1	FMNAT;RBFK	0.2902343858032029	5.879346347458546e-17	2.0257235651757373e-16	optimal	Essential
EHJ91355_1	UAGPT3	0.2902343858032029	7.407297215482846e-17	2.5521776804577035e-16	optimal	Essential
EHJ92759_1	MECDPS	0.2902343858032029	8.075306234968536e-17	2.782339595158825e-16	optimal	Essential
EHJ91630_1	OHPBAT;PSERT	0.2902343858032029	1.0889989155477208e-16	3.7521360969479694e-16	optimal	Essential
EHJ92540_1	CDPMEK	0.2902343858032029	1.2351499035372474e-16	4.255698028746864e-16	optimal	Essential
EHJ93869_1	HSERTA	0.2902343858032029	1.4189472953540975e-16	4.888970310761981e-16	optimal	Essential
EHJ91775_1	PDX5POi;PYAM5PO;PYDXNO;PYDXO	0.2902343858032029	1.4567613136466888e-16	5.019258175130442e-16	optimal	Essential
EHJ93780_1	UDCPDPS	0.2902343858032029	1.469007328708731e-16	5.061451711324137e-16	optimal	Essential
EHJ93801_1	PPCDC;PPNCL2	0.2902343858032029	1.469007328708731e-16	5.061451711324137e-16	optimal	Essential
EHJ92760_1	MEPCT;MEPCT_1	0.2902343858032029	1.7426463755788925e-16	6.004272618339978e-16	optimal	Essential
EHJ94453_1	DXPS	0.2902343858032029	1.7632162051551365e-16	6.075145783555459e-16	optimal	Essential
EHJ94039_1	TMPPP	0.2902343858032029	1.987325250276962e-16	6.847311509203783e-16	optimal	Essential
EHJ91955_1	DHFS	0.2902343858032029	1.9873252502769626e-16	6.847311509203785e-16	optimal	Essential
EHJ93580_1	SHKK	0.2902343858032029	2.3206844517234976e-16	7.995897678702576e-16	optimal	Essential
EHJ91768_1	SULR	0.2902343858032029	2.420021561200783e-16	8.338162807634067e-16	optimal	Essential
EHJ91964_1	IPPMIa;IPPMIb	0.2902343858032029	2.483054497144862e-16	8.55534222891332e-16	optimal	Essential
EHJ94720_1	ICHORS	0.2902343858032029	2.6036736616648375e-16	8.970934489582815e-16	optimal	Essential
EHJ91952_1	GLUPRT	0.2902343858032029	3.38550843782064e-16	1.1664739270818955e-15	optimal	Essential
EHJ94374_1	DAPE	0.2902343858032029	3.8745570147839705e-16	1.3349751801673712e-15	optimal	Essential
EHJ92468_1	AIRC1;AIRC3	0.2902343858032029	8.705593125824503e-16	2.999504383924874e-15	optimal	Essential
EHJ91937_1	PRAIS	0.2902343858032029	1.4408108064507975e-15	4.9643008441727425e-15	optimal	Essential
EHJ94231_1	RPI	0.2902343858032029	4.148174730960122e-15	1.4292499213972686e-14	optimal	Essential
EHJ92541_1	PRPPS	0.2902343858032029	8.248856794384368e-15	2.8421362863522347e-14	optimal	Essential
EHJ92341_1	RPE	0.2902343858032029	1.1653291384462653e-14	4.015131202394576e-14	optimal	Essential
EHJ91938_1	GARFT	0.2902343858032029	1.5995398670920053e-14	5.511200413642902e-14	optimal	Essential
EHJ92920_1	PRASCSi	0.2902343858032029	1.864925596351465e-14	6.425584588092196e-14	optimal	Essential
EHJ92310_1	ASPO1;ASPO3;ASPO4;ASPO5;ASPO6	0.2902343858032029	4.472931385043909e-14	1.5411445382894214e-13	optimal	Essential
EHJ92916_1	NNDPR	0.2902343858032029	1.8590958032238995e-13	6.405498087619718e-13	optimal	Essential
EHJ92927_1	QULNS	0.2902343858032029	3.3860812291466615e-13	1.1666712818248342e-12	optimal	Essential
EHJ92173_1	NADK	0.2902343858032029	1.1518534021949029e-12	3.9687006727587814e-12	optimal	Essential
EHJ94280_1	ATPS4rpp	0.2902343858032029	0.09196421278744826	0.3168618788326679	optimal	Growth-reducing
EHJ94285_1	ATPS4rpp	0.2902343858032029	0.09196421279038426	0.3168618788427839	optimal	Growth-reducing
EHJ94286_1	ATPS4rpp	0.2902343858032029	0.09196421279477145	0.3168618788578999	optimal	Growth-reducing
EHJ94284_1	ATPS4rpp	0.2902343858032029	0.09196421279842884	0.3168618788705014	optimal	Growth-reducing
EHJ94281_1	ATPS4rpp	0.2902343858032029	0.09196421279891845	0.31686187887218836	optimal	Growth-reducing
EHJ91867_1	CYTCAA3pp	0.2902343858032029	0.10263527425865202	0.35362892640930965	optimal	Growth-reducing
EHJ91868_1	CYTCAA3pp;FEROc;FEROpp	0.2902343858032029	0.10263527426053963	0.3536289264158134	optimal	Growth-reducing
EHJ91866_1	CYTCAA3pp	0.2902343858032029	0.1026352742605563	0.35362892641587085	optimal	Growth-reducing
EHJ91869_1	CYTCAA3pp	0.2902343858032029	0.10263527426055737	0.3536289264158745	optimal	Growth-reducing
EHJ91338_1	CYO1_KT	0.2902343858032029	0.16610927018937005	0.5723280159574289	optimal	Growth-reducing
EHJ91337_1	CYO1_KT	0.2902343858032029	0.16610927018937477	0.5723280159574451	optimal	Growth-reducing
EHJ91339_1	CYO1_KT	0.2902343858032029	0.1661092701893931	0.5723280159575082	optimal	Growth-reducing
EHJ92003_1	NADHNQR	0.2902343858032029	0.24179569062694392	0.8331049057395169	optimal	Growth-reducing
EHJ92001_1	NADHNQR	0.2902343858032029	0.24179569062697126	0.8331049057396112	optimal	Growth-reducing
EHJ92000_1	NADHNQR	0.2902343858032029	0.24179569062697315	0.8331049057396176	optimal	Growth-reducing
EHJ91998_1	NADHNQR	0.2902343858032029	0.24179569062697318	0.8331049057396177	optimal	Growth-reducing
EHJ92002_1	NADHNQR	0.2902343858032029	0.24179569062697343	0.8331049057396186	optimal	Growth-reducing
EHJ91999_1	NADHNQR	0.2902343858032029	0.2417956906269841	0.8331049057396553	optimal	Growth-reducing
EHJ94200_1	PGK	0.2902343858032029	0.26280660560059455	0.9054978267764382	optimal	Growth-reducing
EHJ93591_1	GCDH;GLUTCOADHc	0.2902343858032029	0.27678109611948554	0.9536468098137775	optimal	Non-essential
EHJ93573_1	ENO	0.2902343858032029	0.27679531735486695	0.9536958089540484	optimal	Non-essential
EHJ91541_1	ACOAD10f;ACOAD11f;ACOAD12f;ACOAD13f;ACOAD14f;ACOAD15f;ACOAD16f;ACOAD17f;ACOAD18f;ACOAD19f;ACOAD1f;ACOAD2;ACOAD20f;ACOAD21f;ACOAD22f;ACOAD23f;ACOAD24f;ACOAD25f;ACOAD26f;ACOAD27f;ACOAD28f;ACOAD29f;ACOAD2f;ACOAD3;ACOAD30f;ACOAD31f;ACOAD32f;ACOAD33f;ACOAD34f;ACOAD3f;ACOAD4;ACOAD4f;ACOAD5;ACOAD5f;ACOAD6;ACOAD6f;ACOAD7;ACOAD7f;ACOAD8f;VCOAD	0.2902343858032029	0.2793710439459952	0.9625704520601714	optimal	Non-essential
EHJ91606_1	CD6P;CT6PT;ID6P;PFK;PFK_3;UT6PT;r0191	0.2902343858032029	0.27975172641376483	0.9638820901237184	optimal	Non-essential
EHJ93894_1	TPI	0.2902343858032029	0.2797544423584123	0.9638914478868928	optimal	Non-essential
EHJ93188_1	CS	0.2902343858032029	0.2801341183609188	0.9651996181833096	optimal	Non-essential
EHJ91153_1	MDH	0.2902343858032029	0.2831664871598423	0.975647617962976	optimal	Non-essential
EHJ92906_1	AADa;AADb;ACCOAL;ACS;APAT_1;PACPT_1	0.2902343858032029	0.2844459365230001	0.9800559493866184	optimal	Non-essential
EHJ91708_1	MTHFC;MTHFD	0.2902343858032029	0.28811060885249024	0.9926825453681677	optimal	Non-essential
EHJ92621_1	CBMKr	0.2902343858032029	0.2885896862775853	0.99433320238377	optimal	Non-essential
EHJ93185_1	SUCDi	0.2902343858032029	0.28920279521251907	0.9964456637767818	optimal	Non-essential
EHJ93209_1	TALA	0.2902343858032029	0.2893106672511678	0.9968173359284126	optimal	Non-essential
EHJ93179_1	GLCOAS;SUCOAS	0.2902343858032029	0.2893618161688527	0.9969935690702691	optimal	Non-essential
EHJ93180_1	SUCOAS	0.2902343858032029	0.2893618161688538	0.996993569070273	optimal	Non-essential
EHJ91365_1	ACGS;ORNTAC	0.2902343858032029	0.28957510237722456	0.9977284448079651	optimal	Non-essential
EHJ94415_1	MALS	0.2902343858032029	0.29006686040459284	0.9994227927261395	optimal	Non-essential
EHJ93794_1	ALAD_L;GLYDHDA	0.2902343858032029	0.2900672720105301	0.9994242109107427	optimal	Non-essential
EHJ93086_1	ALATA_D2;ALATA_L2;GHMT2r;MS_1;THRA;THRA2	0.2902343858032029	0.29023134707184767	0.9999895300780891	optimal	Non-essential
EHJ94527_1	GLYBACT1r	0.2902343858032029	0.29023438580312577	0.9999999999997343	optimal	Non-essential
EHJ91691_1	GLYCL	0.2902343858032029	0.2902343858031983	0.9999999999999843	optimal	Non-essential
EHJ93872_1	ALATA_L;PHETA1;TYRTA;VPAMTr	0.2902343858032029	0.29023438580320154	0.9999999999999954	optimal	Non-essential
EHJ92017_1	MDDCP1pp;MDDCP2pp;MDDCP3pp;MDDCP4pp;MDDCP5pp	0.2902343858032029	0.290234385803202	0.9999999999999969	optimal	Non-essential
EHJ91925_1	ADPT;GUAPRT	0.2902343858032029	0.290234385803203	1.0000000000000004	optimal	Non-essential
EHJ93688_1	PMDPHT	0.2902343858032029	0.2902343858032034	1.0000000000000018	optimal	Non-essential
EHJ94298_1	G1PACT;UAGDP;UDPACGLP	0.2902343858032029	0.2902343858032036	1.0000000000000024	optimal	Non-essential
EHJ94613_1	PYDXOR	0.2902343858032029	0.2902343858032038	1.0000000000000033	optimal	Non-essential
EHJ93388_1	DOPDH	0.2902343858032029	0.29023438580320393	1.0000000000000036	optimal	Non-essential
EHJ91657_1	NO3t7pp	0.2902343858032029	0.290234385803204	1.0000000000000038	optimal	Non-essential
EHJ94645_1	INS2D	0.2902343858032029	0.29023438580320404	1.000000000000004	optimal	Non-essential
EHJ93773_1	ECOAH12	0.2902343858032029	0.2902343858032041	1.0000000000000042	optimal	Non-essential
EHJ93424_1	ASP1DC;GLUDC	0.2902343858032029	0.2902343858032042	1.0000000000000047	optimal	Non-essential
EHJ93655_1	AMPTASECG;CYSDSF;THZPSN	0.2902343858032029	0.29023438580320426	1.0000000000000049	optimal	Non-essential
EHJ93848_1	CYSDS;CYSTL	0.2902343858032029	0.2902343858032043	1.0000000000000049	optimal	Non-essential
EHJ94721_1	2S6HCCi;OXGDC2;SEPHCHCS;SHCHCS2	0.2902343858032029	0.29023438580320426	1.0000000000000049	optimal	Non-essential
EHJ94483_1	UREA	0.2902343858032029	0.29023438580320443	1.0000000000000053	optimal	Non-essential
EHJ94712_1	ACOTA;SDPTA	0.2902343858032029	0.2902343858032045	1.0000000000000056	optimal	Non-essential
EHJ92030_1	OPHBDC	0.2902343858032029	0.29023438580320454	1.0000000000000058	optimal	Non-essential
EHJ92845_1	ALCD19;ALDD19xr;ALDD20x;ALDD2x;ALDD2y;ALDD3y;GLYALDDr	0.2902343858032029	0.29023438580320454	1.0000000000000058	optimal	Non-essential
EHJ92369_1	NADHPO;THIORDXi	0.2902343858032029	0.2902343858032046	1.000000000000006	optimal	Non-essential
EHJ91834_1	CHLabcpp;GLYBabcpp	0.2902343858032029	0.29023438580320493	1.000000000000007	optimal	Non-essential
EHJ93181_1	AKGDH;GLYCL;PDH;PDHcr	0.2902343858032029	0.29023438580320493	1.000000000000007	optimal	Non-essential
EHJ93229_1	GNK	0.2902343858032029	0.29023438580320493	1.000000000000007	optimal	Non-essential
EHJ94771_1	DURAD;DURAD2	0.2902343858032029	0.29023438580320493	1.000000000000007	optimal	Non-essential
EHJ94638_1	RIBabcpp	0.2902343858032029	0.2902343858032051	1.0000000000000075	optimal	Non-essential
EHJ91960_1	YUMPS	0.2902343858032029	0.2902343858032052	1.000000000000008	optimal	Non-essential
EHJ92619_1	ARGDI;ARGDr	0.2902343858032029	0.29023438580320526	1.0000000000000082	optimal	Non-essential
EHJ94641_1	D5KGK	0.2902343858032029	0.29023438580320526	1.0000000000000082	optimal	Non-essential
EHJ94789_1	FDH;FDH5r2pp	0.2902343858032029	0.29023438580320526	1.0000000000000082	optimal	Non-essential
EHJ91384_1	NTPP7;NTPP8	0.2902343858032029	0.2902343858032054	1.0000000000000087	optimal	Non-essential
EHJ92563_1	PRFGS	0.2902343858032029	0.2902343858032054	1.0000000000000087	optimal	Non-essential
EHJ92902_1	3MBt2pp;3MBt4pp;ACt2rpp;ACt4pp;BUTt2rpp;BUTt4pp;PYRt2rpp;PYRt4pp	0.2902343858032029	0.2902343858032054	1.0000000000000087	optimal	Non-essential
EHJ93853_1	LYSDC	0.2902343858032029	0.2902343858032054	1.0000000000000087	optimal	Non-essential
EHJ94094_1	CLPNS120pp;CLPNS140pp;CLPNS141pp;CLPNS160pp;CLPNS161pp;CLPNS180pp;CLPNS181pp	0.2902343858032029	0.2902343858032054	1.0000000000000087	optimal	Non-essential
EHJ94115_1	MNabc	0.2902343858032029	0.2902343858032054	1.0000000000000087	optimal	Non-essential
EHJ94147_1	CDGUNPD	0.2902343858032029	0.2902343858032054	1.0000000000000087	optimal	Non-essential
EHJ94444_1	ARGabcpp;ASPabcpp;GLUabcpp;HISabcpp;ILEabcpp;LEUabcpp;METabcpp;PROabcpp;VALabcpp	0.2902343858032029	0.2902343858032054	1.0000000000000087	optimal	Non-essential
EHJ94446_1	SPMS	0.2902343858032029	0.2902343858032054	1.0000000000000087	optimal	Non-essential
EHJ94486_1	UREA;UREA_1	0.2902343858032029	0.2902343858032054	1.0000000000000087	optimal	Non-essential
EHJ94588_1	GTPCI	0.2902343858032029	0.2902343858032054	1.0000000000000087	optimal	Non-essential
EHJ94702_1	GG15DAPAH;GGDAPAH;GGGABAH	0.2902343858032029	0.2902343858032054	1.0000000000000087	optimal	Non-essential
EHJ91368_1	CBPAH	0.2902343858032029	0.2902343858032055	1.0000000000000089	optimal	Non-essential
EHJ91819_1	3PEPTabcpp;4PEPTabcpp	0.2902343858032029	0.2902343858032055	1.0000000000000089	optimal	Non-essential
EHJ92120_1	EDD	0.2902343858032029	0.2902343858032055	1.0000000000000089	optimal	Non-essential
EHJ92180_1	PROt4;PROt4pp	0.2902343858032029	0.29023438580320543	1.0000000000000089	optimal	Non-essential
EHJ92464_1	ARGabcpp;HISabcpp;LYSabcpp;ORNabcpp	0.2902343858032029	0.2902343858032055	1.0000000000000089	optimal	Non-essential
EHJ92873_1	HIUH_c	0.2902343858032029	0.2902343858032055	1.0000000000000089	optimal	Non-essential
EHJ93785_1	AMPTASECG	0.2902343858032029	0.2902343858032055	1.0000000000000089	optimal	Non-essential
EHJ94615_1	CAT	0.2902343858032029	0.2902343858032055	1.0000000000000089	optimal	Non-essential
EHJ94779_1	NTP3	0.2902343858032029	0.2902343858032055	1.0000000000000089	optimal	Non-essential
EHJ93267_1	DB4PS;GTPCII;GTPCII2	0.2902343858032029	0.2902343858032056	1.0000000000000093	optimal	Non-essential
EHJ91151_1	CD2t4pp;COBALTt4pp;FE2t4pp;NI2t4pp;ZN2t4pp	0.2902343858032029	0.29023438580320565	1.0000000000000095	optimal	Non-essential
EHJ91530_1	NADPHQR2	0.2902343858032029	0.29023438580320565	1.0000000000000095	optimal	Non-essential
EHJ91922_1	UPPRT	0.2902343858032029	0.29023438580320565	1.0000000000000095	optimal	Non-essential
EHJ93318_1	ADNt2;CYTDt2;DADNt2;DCYTt2;DURIt2;THMDt2;URIt2	0.2902343858032029	0.29023438580320565	1.0000000000000095	optimal	Non-essential
EHJ91253_1	IPPS	0.2902343858032029	0.29023438580320576	1.00000000000001	optimal	Non-essential
EHJ91279_1	NTP3	0.2902343858032029	0.29023438580320576	1.00000000000001	optimal	Non-essential
EHJ91287_1	DAGK160	0.2902343858032029	0.29023438580320576	1.00000000000001	optimal	Non-essential
EHJ91381_1	YUMPS	0.2902343858032029	0.29023438580320576	1.00000000000001	optimal	Non-essential
EHJ91432_1	FE2t	0.2902343858032029	0.29023438580320576	1.00000000000001	optimal	Non-essential
EHJ91545_1	GLYBabcpp	0.2902343858032029	0.29023438580320576	1.00000000000001	optimal	Non-essential
EHJ91577_1	MNabc;ZNabc	0.2902343858032029	0.29023438580320576	1.00000000000001	optimal	Non-essential
EHJ91772_1	NADH10;NADPHQR3	0.2902343858032029	0.29023438580320576	1.00000000000001	optimal	Non-essential
EHJ92021_1	MCTP1App;MCTP2App	0.2902343858032029	0.29023438580320576	1.00000000000001	optimal	Non-essential
EHJ92027_1	DGUNC;GUACYC	0.2902343858032029	0.29023438580320576	1.00000000000001	optimal	Non-essential
EHJ92457_1	NADH10;NADH5;NADH9	0.2902343858032029	0.29023438580320576	1.00000000000001	optimal	Non-essential
EHJ92631_1	GTHPe	0.2902343858032029	0.29023438580320576	1.00000000000001	optimal	Non-essential
EHJ92660_1	OXPTNDH;SSALx;SSALy	0.2902343858032029	0.29023438580320576	1.00000000000001	optimal	Non-essential
EHJ92938_1	FACOAE100;FACOAE120;FACOAE140;FACOAE141;FACOAE160;FACOAE161;FACOAE180;FACOAE181;FACOAE1829Z12Z;FACOAE50;FACOAE60;FACOAE70;FACOAE80;FACOAE90;HATBH;HBRCH;HMR_0260;RHACOAE121d6;RHACOAE141d5;RHACOAET40;RHACOAET60	0.2902343858032029	0.29023438580320576	1.00000000000001	optimal	Non-essential
EHJ93113_1	ALATA_L	0.2902343858032029	0.29023438580320576	1.00000000000001	optimal	Non-essential
EHJ93321_1	PPM;PPM2	0.2902343858032029	0.29023438580320576	1.00000000000001	optimal	Non-essential
EHJ93339_1	MDDEP1pp;MDDEP2pp;MDDEP3pp;MDDEP4pp	0.2902343858032029	0.29023438580320576	1.00000000000001	optimal	Non-essential
EHJ93393_1	GALURt2rpp;GLCURt2rpp	0.2902343858032029	0.29023438580320576	1.00000000000001	optimal	Non-essential
EHJ94093_1	HISabcpp;LEUabcpp;PROabcpp	0.2902343858032029	0.29023438580320576	1.00000000000001	optimal	Non-essential
EHJ94353_1	PIuabcpp;PPIuabcpp	0.2902343858032029	0.29023438580320576	1.00000000000001	optimal	Non-essential
EHJ94481_1	UREAabcpp	0.2902343858032029	0.29023438580320576	1.00000000000001	optimal	Non-essential
EHJ94445_1	ARGabcpp;ASPabcpp;GLUabcpp;HISabcpp;ILEabcpp;LEUabcpp;METabcpp;PROabcpp;VALabcpp	0.2902343858032029	0.2902343858032058	1.0000000000000102	optimal	Non-essential
EHJ94480_1	UREAabcpp	0.2902343858032029	0.2902343858032058	1.0000000000000102	optimal	Non-essential
EHJ91134_1	PPCK	0.2902343858032029	0.2902343858032059	1.0000000000000104	optimal	Non-essential
EHJ91267_1	PSD120;PSD141;PSD161	0.2902343858032029	0.2902343858032059	1.0000000000000104	optimal	Non-essential
EHJ91649_1	ACCOAC	0.2902343858032029	0.2902343858032059	1.0000000000000104	optimal	Non-essential
EHJ91707_1	AHCYSNS;MTAN	0.2902343858032029	0.2902343858032059	1.0000000000000104	optimal	Non-essential
EHJ91930_1	METDabcpp;METabcpp	0.2902343858032029	0.2902343858032059	1.0000000000000104	optimal	Non-essential
EHJ91942_1	PC2DHG;SHCHF;UPP3MT	0.2902343858032029	0.2902343858032059	1.0000000000000104	optimal	Non-essential
EHJ92004_1	GAPD	0.2902343858032029	0.2902343858032059	1.0000000000000104	optimal	Non-essential
EHJ92234_1	ACACT1r	0.2902343858032029	0.2902343858032059	1.0000000000000104	optimal	Non-essential
EHJ92336_1	FDH	0.2902343858032029	0.2902343858032059	1.0000000000000104	optimal	Non-essential
EHJ92362_1	INDOLEt2pp	0.2902343858032029	0.2902343858032059	1.0000000000000104	optimal	Non-essential
EHJ92714_1	GLYBabc;PROabc	0.2902343858032029	0.2902343858032059	1.0000000000000104	optimal	Non-essential
EHJ92734_1	APG3PAT120;APG3PAT141;APG3PAT161	0.2902343858032029	0.2902343858032059	1.0000000000000104	optimal	Non-essential
EHJ92747_1	G1PACT;MAN1PT;MAN1PT2;UAGDP	0.2902343858032029	0.2902343858032059	1.0000000000000104	optimal	Non-essential
EHJ92864_1	UGLYCH	0.2902343858032029	0.2902343858032059	1.0000000000000104	optimal	Non-essential
EHJ92974_1	CHLt3pp;GLYBt3pp	0.2902343858032029	0.2902343858032059	1.0000000000000104	optimal	Non-essential
EHJ93190_1	GLUTRS	0.2902343858032029	0.2902343858032059	1.0000000000000104	optimal	Non-essential
EHJ93309_1	PTA2;PTAr	0.2902343858032029	0.2902343858032059	1.0000000000000104	optimal	Non-essential
EHJ93557_1	PHEMEabcpp	0.2902343858032029	0.2902343858032059	1.0000000000000104	optimal	Non-essential
EHJ93724_1	ALAALAabcpp;GTHRDt2_1	0.2902343858032029	0.2902343858032059	1.0000000000000104	optimal	Non-essential
EHJ93755_1	LGTHL	0.2902343858032029	0.2902343858032059	1.0000000000000104	optimal	Non-essential
EHJ93880_1	HPPK	0.2902343858032029	0.2902343858032059	1.0000000000000104	optimal	Non-essential
EHJ94213_1	GTHS	0.2902343858032029	0.2902343858032059	1.0000000000000104	optimal	Non-essential
EHJ94377_1	ACP1_FMN;PMDPHT	0.2902343858032029	0.2902343858032059	1.0000000000000104	optimal	Non-essential
EHJ94459_1	CTECOAI6;CTECOAI7;CTECOAI8;DHPACCOAHIT;ECOAH1;ECOAH2;ECOAH3;ECOAH4;ECOAH5;ECOAH6;ECOAH7;ECOAH8;VECOAH	0.2902343858032029	0.2902343858032059	1.0000000000000104	optimal	Non-essential
EHJ94477_1	UREAabcpp	0.2902343858032029	0.2902343858032059	1.0000000000000104	optimal	Non-essential
EHJ94694_1	Cobalt2abcppI;METDabc;NI2uabcpp	0.2902343858032029	0.2902343858032059	1.0000000000000104	optimal	Non-essential
EHJ94733_1	MMSAD3	0.2902343858032029	0.2902343858032059	1.0000000000000104	optimal	Non-essential
EHJ94831_1	MTRI	0.2902343858032029	0.2902343858032059	1.0000000000000104	optimal	Non-essential
EHJ94935_1	MPTG;MPTG2	0.2902343858032029	0.2902343858032059	1.0000000000000104	optimal	Non-essential
EHJ91601_1	ACCOAC	0.2902343858032029	0.290234385803206	1.0000000000000107	optimal	Non-essential
EHJ93155_1	Kt3pp;NAt3pp	0.2902343858032029	0.290234385803206	1.0000000000000107	optimal	Non-essential
EHJ93762_1	FADRx;FEOXAMR1;FEOXAMR2;FEOXAMR3;FLVR;FLVRx;FMNRx;FMNRx2	0.2902343858032029	0.290234385803206	1.0000000000000107	optimal	Non-essential
EHJ94091_1	HISabcpp;ILEabcpp;LEUabcpp;PROabcpp;VALabcpp	0.2902343858032029	0.290234385803206	1.0000000000000107	optimal	Non-essential
EHJ94704_1	ABUTD;ALDD2x;GG15DAPDxr;GGDAPDxr;GGGABADr;GGGABADxr	0.2902343858032029	0.290234385803206	1.0000000000000107	optimal	Non-essential
EHJ94727_1	FRD2;FRD3	0.2902343858032029	0.290234385803206	1.0000000000000107	optimal	Non-essential
EHJ91086_1	GLNS	0.2902343858032029	0.29023438580320615	1.0000000000000113	optimal	Non-essential
EHJ91367_1	DNTPPA;NTPP1;NTPP2;NTPP4	0.2902343858032029	0.29023438580320615	1.0000000000000113	optimal	Non-essential
EHJ91417_1	FEENTERtonex;FEOXAMtonex	0.2902343858032029	0.29023438580320615	1.0000000000000113	optimal	Non-essential
EHJ91672_1	DMSOR1pp;DMSOR2pp	0.2902343858032029	0.29023438580320615	1.0000000000000113	optimal	Non-essential
EHJ91910_1	GUAPRT;HXPRT;XPPT	0.2902343858032029	0.29023438580320615	1.0000000000000113	optimal	Non-essential
EHJ92256_1	PTRCabc;PTRCabcpp;SULabcpp	0.2902343858032029	0.29023438580320615	1.0000000000000113	optimal	Non-essential
EHJ92752_1	ALAR	0.2902343858032029	0.29023438580320615	1.0000000000000113	optimal	Non-essential
EHJ92785_1	SO4t2	0.2902343858032029	0.29023438580320615	1.0000000000000113	optimal	Non-essential
EHJ92922_1	DHDPS	0.2902343858032029	0.29023438580320615	1.0000000000000113	optimal	Non-essential
EHJ92936_1	MLTGY1pp;MLTGY2pp;MLTGY3pp;MLTGY4pp	0.2902343858032029	0.29023438580320615	1.0000000000000113	optimal	Non-essential
EHJ92947_1	AMMQLT8;AMMQT8_2	0.2902343858032029	0.29023438580320615	1.0000000000000113	optimal	Non-essential
EHJ92973_1	MDDCP1pp;MDDCP2pp;MDDCP3pp;MDDCP4pp;MDDCP5pp;MDDEP1pp;MDDEP2pp;MDDEP3pp;MDDEP4pp	0.2902343858032029	0.29023438580320615	1.0000000000000113	optimal	Non-essential
EHJ93047_1	ACONT;ACONTa;ACONTb	0.2902343858032029	0.29023438580320615	1.0000000000000113	optimal	Non-essential
EHJ93262_1	ALKP	0.2902343858032029	0.29023438580320615	1.0000000000000113	optimal	Non-essential
EHJ93269_1	APRAUR;DHPPDA2	0.2902343858032029	0.29023438580320615	1.0000000000000113	optimal	Non-essential
EHJ93353_1	CRO4t3	0.2902343858032029	0.29023438580320615	1.0000000000000113	optimal	Non-essential
EHJ93631_1	HSTPT;PHETA1;TYRTA	0.2902343858032029	0.29023438580320615	1.0000000000000113	optimal	Non-essential
EHJ93856_1	ALR2;BTS	0.2902343858032029	0.29023438580320615	1.0000000000000113	optimal	Non-essential
EHJ93965_1	3OADPCOAT;ACACCT;BUTCT;HXCT	0.2902343858032029	0.29023438580320615	1.0000000000000113	optimal	Non-essential
EHJ94227_1	THRD_L	0.2902343858032029	0.29023438580320615	1.0000000000000113	optimal	Non-essential
EHJ94400_1	IND3ACtpp	0.2902343858032029	0.29023438580320615	1.0000000000000113	optimal	Non-essential
EHJ94485_1	UREA;UREA_1	0.2902343858032029	0.29023438580320615	1.0000000000000113	optimal	Non-essential
EHJ94526_1	CRNDH	0.2902343858032029	0.29023438580320615	1.0000000000000113	optimal	Non-essential
EHJ94539_1	CHOLt4ipp;GLYBti4pp	0.2902343858032029	0.29023438580320615	1.0000000000000113	optimal	Non-essential
EHJ94732_1	3AIBT2;APATr	0.2902343858032029	0.29023438580320615	1.0000000000000113	optimal	Non-essential
EHJ91202_1	DGUNC;GUACYC	0.2902343858032029	0.2902343858032062	1.0000000000000115	optimal	Non-essential
EHJ91446_1	ANPRT;ANS;ANS2;ANSN	0.2902343858032029	0.2902343858032062	1.0000000000000115	optimal	Non-essential
EHJ91460_1	DALAabcpp;ILEabcpp;LEUabcpp;VALabcpp	0.2902343858032029	0.2902343858032062	1.0000000000000115	optimal	Non-essential
EHJ91760_1	PRAMPC;PRATPP	0.2902343858032029	0.2902343858032062	1.0000000000000115	optimal	Non-essential
EHJ91945_1	ASPTA;CYSTA;PHETA1;TYRTA	0.2902343858032029	0.2902343858032062	1.0000000000000115	optimal	Non-essential
EHJ92241_1	ASR	0.2902343858032029	0.2902343858032062	1.0000000000000115	optimal	Non-essential
EHJ92340_1	NADH10;NADH5;NADH9	0.2902343858032029	0.2902343858032062	1.0000000000000115	optimal	Non-essential
EHJ92415_1	FCLT	0.2902343858032029	0.2902343858032062	1.0000000000000115	optimal	Non-essential
EHJ93001_1	FE3abcpp	0.2902343858032029	0.2902343858032062	1.0000000000000115	optimal	Non-essential
EHJ93013_1	CAT	0.2902343858032029	0.2902343858032062	1.0000000000000115	optimal	Non-essential
EHJ94033_1	MDDCP1pp;MDDCP2pp;MDDCP3pp;MDDCP4pp;MDDCP5pp;MDDEP1pp;MDDEP2pp;MDDEP3pp;MDDEP4pp	0.2902343858032029	0.2902343858032062	1.0000000000000115	optimal	Non-essential
EHJ94120_1	DGUNC	0.2902343858032029	0.2902343858032062	1.0000000000000115	optimal	Non-essential
EHJ94767_1	CD2t5;CD2t6;ZN2t5;ZN2t6	0.2902343858032029	0.2902343858032062	1.0000000000000115	optimal	Non-essential
EHJ94891_1	ARBabcpp	0.2902343858032029	0.2902343858032062	1.0000000000000115	optimal	Non-essential
EHJ91089_1	NH4t;NH4tpp_1	0.2902343858032029	0.29023438580320626	1.0000000000000118	optimal	Non-essential
EHJ91186_1	METabc;PROabc	0.2902343858032029	0.29023438580320626	1.0000000000000118	optimal	Non-essential
EHJ91294_1	G3PD1ir;G3PD2	0.2902343858032029	0.29023438580320626	1.0000000000000118	optimal	Non-essential
EHJ91454_1	MCCC	0.2902343858032029	0.29023438580320626	1.0000000000000118	optimal	Non-essential
EHJ91706_1	DHORTS;GHMT2r	0.2902343858032029	0.29023438580320626	1.0000000000000118	optimal	Non-essential
EHJ91874_1	HXAND;XAND	0.2902343858032029	0.29023438580320626	1.0000000000000118	optimal	Non-essential
EHJ92306_1	OCBT	0.2902343858032029	0.2902343858032063	1.0000000000000118	optimal	Non-essential
EHJ92318_1	MCITD	0.2902343858032029	0.29023438580320626	1.0000000000000118	optimal	Non-essential
EHJ93034_1	ACHBS;ACLS;ACLSb	0.2902343858032029	0.29023438580320626	1.0000000000000118	optimal	Non-essential
EHJ93397_1	GLCRD;GLCRD_1	0.2902343858032029	0.29023438580320626	1.0000000000000118	optimal	Non-essential
EHJ93632_1	ILETA;ILETA2;LEUTA	0.2902343858032029	0.2902343858032063	1.0000000000000118	optimal	Non-essential
EHJ93890_1	NTP3	0.2902343858032029	0.29023438580320626	1.0000000000000118	optimal	Non-essential
EHJ93902_1	CBPS;GLUNpp	0.2902343858032029	0.29023438580320626	1.0000000000000118	optimal	Non-essential
EHJ91166_1	PGMT	0.2902343858032029	0.2902343858032064	1.000000000000012	optimal	Non-essential
EHJ91189_1	L_LACD2;L_LACD3	0.2902343858032029	0.2902343858032064	1.000000000000012	optimal	Non-essential
EHJ91210_1	MNNH	0.2902343858032029	0.2902343858032064	1.000000000000012	optimal	Non-essential
EHJ91272_1	NADHXD;NADHXE;NADPHXD;NADPHXE	0.2902343858032029	0.2902343858032064	1.000000000000012	optimal	Non-essential
EHJ91404_1	SPODM	0.2902343858032029	0.2902343858032064	1.000000000000012	optimal	Non-essential
EHJ91457_1	ILEabcpp;LEUabcpp;VALabcpp	0.2902343858032029	0.2902343858032064	1.000000000000012	optimal	Non-essential
EHJ91750_1	HCO3E	0.2902343858032029	0.2902343858032064	1.000000000000012	optimal	Non-essential
EHJ92036_1	ALAALAabcpp;CGLYabcpp;PROGLYabcpp	0.2902343858032029	0.2902343858032064	1.000000000000012	optimal	Non-essential
EHJ92038_1	ALAALAabcpp;ALAGLUabcpp;ALAHISabcpp;ALALEUabcpp;ALATHRabcpp;ALATRPabcpp;CARNabcpp;CGLYabcpp;GLYGLNabcpp;GLYGLUabcpp;GLYGLYabcpp;GLYMETabcpp;GLYPHEabcpp;GLYSERabcpp;HISGLYabcpp;HISHISabcpp;LEULEUabcpp;PROGLYabcpp;RMNabc;XYLabc	0.2902343858032029	0.2902343858032064	1.000000000000012	optimal	Non-essential
EHJ92114_1	PGM	0.2902343858032029	0.2902343858032064	1.000000000000012	optimal	Non-essential
EHJ92232_1	AADa;AADb;ACS;APAT_1;FACOAL100t2pp;FACOAL120t2pp;FACOAL140t2pp;FACOAL141t2pp;FACOAL160t2pp;FACOAL161t2pp;FACOAL180t2pp;FACOAL181d11tpp;FACOAL181d6t2pp;FACOAL181t2pp;FACOAL182t2pp;FACOAL60t2pp;FACOAL80t2pp;PACPT_1	0.2902343858032029	0.2902343858032064	1.000000000000012	optimal	Non-essential
EHJ92238_1	FMNRx2	0.2902343858032029	0.2902343858032064	1.000000000000012	optimal	Non-essential
EHJ92461_1	ARGabcpp;HISabcpp;LYSabcpp;ORNabcpp	0.2902343858032029	0.2902343858032064	1.000000000000012	optimal	Non-essential
EHJ92665_1	HMR_9610;MALt4;MFUMt8	0.2902343858032029	0.2902343858032064	1.000000000000012	optimal	Non-essential
EHJ92709_1	GLCDpp	0.2902343858032029	0.2902343858032064	1.000000000000012	optimal	Non-essential
EHJ92723_1	PDE1	0.2902343858032029	0.2902343858032064	1.000000000000012	optimal	Non-essential
EHJ92726_1	ALCD19;ALCD2ir;ALCD2x;FALDH2;LALDO	0.2902343858032029	0.2902343858032064	1.000000000000012	optimal	Non-essential
EHJ92893_1	CU2abcpp;CUabcpp;Cuabc;Cut1	0.2902343858032029	0.2902343858032064	1.000000000000012	optimal	Non-essential
EHJ92955_1	PPBNGS	0.2902343858032029	0.2902343858032064	1.000000000000012	optimal	Non-essential
EHJ93027_1	GMPS;GMPS2	0.2902343858032029	0.2902343858032064	1.000000000000012	optimal	Non-essential
EHJ93151_1	NI2uabcpp	0.2902343858032029	0.2902343858032064	1.000000000000012	optimal	Non-essential
EHJ93299_1	TMN	0.2902343858032029	0.2902343858032064	1.000000000000012	optimal	Non-essential
EHJ93768_1	ACCOAC	0.2902343858032029	0.2902343858032064	1.000000000000012	optimal	Non-essential
EHJ94350_1	r2136	0.2902343858032029	0.2902343858032064	1.000000000000012	optimal	Non-essential
EHJ94440_1	GUACYC	0.2902343858032029	0.2902343858032064	1.000000000000012	optimal	Non-essential
EHJ94469_1	MSO3abcpp	0.2902343858032029	0.2902343858032064	1.000000000000012	optimal	Non-essential
EHJ94487_1	UREA	0.2902343858032029	0.2902343858032064	1.000000000000012	optimal	Non-essential
EHJ94542_1	ACODA	0.2902343858032029	0.2902343858032064	1.000000000000012	optimal	Non-essential
EHJ94897_1	RIBabcpp;XYLabc	0.2902343858032029	0.2902343858032064	1.000000000000012	optimal	Non-essential
EHJ91249_1	Kt3pp	0.2902343858032029	0.29023438580320643	1.0000000000000122	optimal	Non-essential
EHJ91387_1	ACPPAT120;ACPPAT141;ACPPAT161	0.2902343858032029	0.29023438580320643	1.0000000000000122	optimal	Non-essential
EHJ91416_1	FE3DCITtonex;FEENTERtonex;FEOXAMtonex;PHEMEtonex;SHEMEtonex	0.2902343858032029	0.29023438580320643	1.0000000000000122	optimal	Non-essential
EHJ91503_1	AMPTASECG	0.2902343858032029	0.29023438580320643	1.0000000000000122	optimal	Non-essential
EHJ91510_1	LYSt3pp;LYSt3r	0.2902343858032029	0.29023438580320643	1.0000000000000122	optimal	Non-essential
EHJ91722_1	DNMPPA;DNTPPA;NMNAT;NNATr	0.2902343858032029	0.29023438580320643	1.0000000000000122	optimal	Non-essential
EHJ91815_1	GLYOX	0.2902343858032029	0.29023438580320643	1.0000000000000122	optimal	Non-essential
EHJ91977_1	XYLe	0.2902343858032029	0.29023438580320643	1.0000000000000122	optimal	Non-essential
EHJ92132_1	DDPGALA	0.2902343858032029	0.29023438580320643	1.0000000000000122	optimal	Non-essential
EHJ92165_1	FEROc;FEROpp	0.2902343858032029	0.29023438580320643	1.0000000000000122	optimal	Non-essential
EHJ92409_1	Kt3r;NAt3_1;NAt3_2	0.2902343858032029	0.29023438580320643	1.0000000000000122	optimal	Non-essential
EHJ92622_1	SADH	0.2902343858032029	0.29023438580320643	1.0000000000000122	optimal	Non-essential
EHJ92650_1	NADH10;NADH9;NAt3_2	0.2902343858032029	0.29023438580320643	1.0000000000000122	optimal	Non-essential
EHJ92686_1	ARGabcpp;GLNabcpp;LYSabcpp	0.2902343858032029	0.29023438580320643	1.0000000000000122	optimal	Non-essential
EHJ92713_1	GLYBabc;PROabc	0.2902343858032029	0.29023438580320643	1.0000000000000122	optimal	Non-essential
EHJ92807_1	LYSt3pp	0.2902343858032029	0.29023438580320643	1.0000000000000122	optimal	Non-essential
EHJ92861_1	MOBDabcpp	0.2902343858032029	0.29023438580320643	1.0000000000000122	optimal	Non-essential
EHJ92862_1	MOBDabcpp	0.2902343858032029	0.29023438580320643	1.0000000000000122	optimal	Non-essential
EHJ92863_1	PYK;PYK2;PYK3;PYK4;PYK6	0.2902343858032029	0.29023438580320643	1.0000000000000122	optimal	Non-essential
EHJ93042_1	NADS1;NADS2	0.2902343858032029	0.29023438580320643	1.0000000000000122	optimal	Non-essential
EHJ93150_1	NI2uabcpp	0.2902343858032029	0.29023438580320643	1.0000000000000122	optimal	Non-essential
EHJ93152_1	NI2uabcpp	0.2902343858032029	0.29023438580320643	1.0000000000000122	optimal	Non-essential
EHJ93319_1	DRPA	0.2902343858032029	0.29023438580320643	1.0000000000000122	optimal	Non-essential
EHJ93340_1	MCTP1Bpp	0.2902343858032029	0.29023438580320643	1.0000000000000122	optimal	Non-essential
EHJ93367_1	ALR2;DKGLCNR3	0.2902343858032029	0.29023438580320643	1.0000000000000122	optimal	Non-essential
EHJ93372_1	NTRIR2x	0.2902343858032029	0.29023438580320643	1.0000000000000122	optimal	Non-essential
EHJ93707_1	DNMPPA;DNTPPA	0.2902343858032029	0.29023438580320643	1.0000000000000122	optimal	Non-essential
EHJ93844_1	AACOAR_syn;ACTD_1;FASC141ACP;HACD9;KAS17;KAS7;RHACOAR100;RHACOAR140;RHACOAR60;RHACOAR80;SAOR	0.2902343858032029	0.29023438580320643	1.0000000000000122	optimal	Non-essential
EHJ93970_1	NAt3_1	0.2902343858032029	0.29023438580320643	1.0000000000000122	optimal	Non-essential
EHJ94411_1	THZPSN	0.2902343858032029	0.29023438580320643	1.0000000000000122	optimal	Non-essential
EHJ94618_1	ALPHNH;UREASE	0.2902343858032029	0.29023438580320643	1.0000000000000122	optimal	Non-essential
EHJ94772_1	DURAD;DURAD2	0.2902343858032029	0.29023438580320643	1.0000000000000122	optimal	Non-essential
EHJ94877_1	DHAD1;DHAD2	0.2902343858032029	0.29023438580320643	1.0000000000000122	optimal	Non-essential
EHJ94896_1	RIBabcpp;XYLabc;XYLabcpp	0.2902343858032029	0.29023438580320643	1.0000000000000122	optimal	Non-essential
EHJ92267_1	ASR;ASR2	0.2902343858032029	0.2902343858032065	1.0000000000000124	optimal	Non-essential
EHJ92612_1	NADH5;NADPHQR2	0.2902343858032029	0.2902343858032065	1.0000000000000124	optimal	Non-essential
EHJ91197_1	IZPN	0.2902343858032029	0.29023438580320654	1.0000000000000127	optimal	Non-essential
EHJ91881_1	CYTBD2pp	0.2902343858032029	0.29023438580320654	1.0000000000000127	optimal	Non-essential
EHJ92325_1	ADCS;GLUN	0.2902343858032029	0.29023438580320654	1.0000000000000127	optimal	Non-essential
EHJ93220_1	DNMPPA;DNTPPA;NADDP	0.2902343858032029	0.29023438580320654	1.0000000000000127	optimal	Non-essential
EHJ94611_1	NADTRHD;THD2pp	0.2902343858032029	0.29023438580320654	1.0000000000000127	optimal	Non-essential
EHJ91766_1	METS	0.2902343858032029	0.2902343858032066	1.0000000000000129	optimal	Non-essential
EHJ92371_1	PHB_SYN_HB	0.2902343858032029	0.2902343858032066	1.0000000000000129	optimal	Non-essential
EHJ94110_1	KAS13;KAS2;KAS8	0.2902343858032029	0.2902343858032066	1.0000000000000129	optimal	Non-essential
EHJ91127_1	DHAD1;DHAD2	0.2902343858032029	0.29023438580320665	1.000000000000013	optimal	Non-essential
EHJ91129_1	ADPRDP	0.2902343858032029	0.29023438580320665	1.000000000000013	optimal	Non-essential
EHJ91130_1	NTD11;NTD12;NTD7;NTD8;NTD9;PSP_L	0.2902343858032029	0.29023438580320665	1.000000000000013	optimal	Non-essential
EHJ91291_1	MLTGY1pp;MLTGY2pp;MLTGY3pp;MLTGY4pp	0.2902343858032029	0.29023438580320665	1.000000000000013	optimal	Non-essential
EHJ91388_1	MCOATA	0.2902343858032029	0.29023438580320665	1.000000000000013	optimal	Non-essential
EHJ91595_1	GTPCI	0.2902343858032029	0.2902343858032067	1.000000000000013	optimal	Non-essential
EHJ91602_1	ACCOAC	0.2902343858032029	0.2902343858032067	1.000000000000013	optimal	Non-essential
EHJ91652_1	AGDC;ALLTN;DHPM1;DHPM2	0.2902343858032029	0.29023438580320665	1.000000000000013	optimal	Non-essential
EHJ92113_1	ADOCBIK	0.2902343858032029	0.29023438580320665	1.000000000000013	optimal	Non-essential
EHJ92172_1	AP4AH	0.2902343858032029	0.29023438580320665	1.000000000000013	optimal	Non-essential
EHJ92231_1	HACD10i;HACD11i;HACD19i;HACD20i;HACD21i;HACD22i;HACD23i;HACD24i;HACD25i;HACD26i;HACD27i;HACD28i;HACD29i;HACD30i;HACD31i;HACD32i;HACD33i;HVCD	0.2902343858032029	0.29023438580320665	1.000000000000013	optimal	Non-essential
EHJ92265_1	CD2t4pp;COBALTt4pp;NI2t4pp;ZN2t4pp	0.2902343858032029	0.29023438580320665	1.000000000000013	optimal	Non-essential
EHJ92440_1	THRA;THRA2	0.2902343858032029	0.2902343858032067	1.000000000000013	optimal	Non-essential
EHJ92462_1	ARGabcpp;HISabcpp;LYSabcpp;ORNabcpp	0.2902343858032029	0.29023438580320665	1.000000000000013	optimal	Non-essential
EHJ93032_1	HSTPT;PHETA1;TYRTA;TYRTAi	0.2902343858032029	0.29023438580320665	1.000000000000013	optimal	Non-essential
EHJ93135_1	ICDHyr	0.2902343858032029	0.2902343858032067	1.000000000000013	optimal	Non-essential
EHJ93144_1	ICL	0.2902343858032029	0.2902343858032067	1.000000000000013	optimal	Non-essential
EHJ93204_1	FEENTERtex;INDOLEt2pp	0.2902343858032029	0.2902343858032067	1.000000000000013	optimal	Non-essential
EHJ93314_1	CYTBO3_4pp	0.2902343858032029	0.2902343858032067	1.000000000000013	optimal	Non-essential
EHJ93323_1	CYTD;DCYTD	0.2902343858032029	0.2902343858032067	1.000000000000013	optimal	Non-essential
EHJ93329_1	GG15DAPAH;GGDAPAH;GGGABAH	0.2902343858032029	0.29023438580320665	1.000000000000013	optimal	Non-essential
EHJ93410_1	ARGt3pp;LYSt3pp;LYSt3r	0.2902343858032029	0.2902343858032067	1.000000000000013	optimal	Non-essential
EHJ93523_1	GMPS;GMPS2	0.2902343858032029	0.2902343858032067	1.000000000000013	optimal	Non-essential
EHJ93721_1	SPODMpp	0.2902343858032029	0.2902343858032067	1.000000000000013	optimal	Non-essential
EHJ93787_1	SDPTA	0.2902343858032029	0.2902343858032067	1.000000000000013	optimal	Non-essential
EHJ93883_1	ASP1DC	0.2902343858032029	0.29023438580320665	1.000000000000013	optimal	Non-essential
EHJ93884_1	ACACT1r;ACACT3r;ACACT5r;GLYBACT1r	0.2902343858032029	0.29023438580320665	1.000000000000013	optimal	Non-essential
EHJ93920_1	ZNabc	0.2902343858032029	0.2902343858032067	1.000000000000013	optimal	Non-essential
EHJ93948_1	GLU5K	0.2902343858032029	0.29023438580320665	1.000000000000013	optimal	Non-essential
EHJ94182_1	CDGUNPD	0.2902343858032029	0.2902343858032067	1.000000000000013	optimal	Non-essential
EHJ94295_1	FE2t;MGt5	0.2902343858032029	0.29023438580320665	1.000000000000013	optimal	Non-essential
EHJ94342_1	CHRPL	0.2902343858032029	0.29023438580320665	1.000000000000013	optimal	Non-essential
EHJ94566_1	ACS	0.2902343858032029	0.29023438580320665	1.000000000000013	optimal	Non-essential
EHJ94931_1	METDabc;METSabc;METabc;PROabc	0.2902343858032029	0.2902343858032067	1.000000000000013	optimal	Non-essential
EHJ94072_1	NTP3	0.2902343858032029	0.29023438580320676	1.0000000000000133	optimal	Non-essential
EHJ91122_1	PGPP120;PGPP120pp;PGPP140;PGPP140pp;PGPP141;PGPP141pp;PGPP160;PGPP160pp;PGPP161;PGPP161pp;PGPP180;PGPP180pp;PGPP181;PGPP181pp	0.2902343858032029	0.2902343858032068	1.0000000000000135	optimal	Non-essential
EHJ91182_1	HSTPT;HSTPTr;LASP2OA;PHETA1;TYRTA	0.2902343858032029	0.2902343858032068	1.0000000000000135	optimal	Non-essential
EHJ91549_1	ACKr;PPAKr;TRE6PP	0.2902343858032029	0.2902343858032068	1.0000000000000135	optimal	Non-essential
EHJ91877_1	GUAD	0.2902343858032029	0.2902343858032068	1.0000000000000135	optimal	Non-essential
EHJ91883_1	CYSabc2pp;GTHRDabc2pp	0.2902343858032029	0.2902343858032068	1.0000000000000135	optimal	Non-essential
EHJ91886_1	CAt6pp	0.2902343858032029	0.2902343858032068	1.0000000000000135	optimal	Non-essential
EHJ91906_1	GPDDA1_1;GPDDA2_1;GPDDA3_1;GPDDA4_1;GPDDA5	0.2902343858032029	0.2902343858032068	1.0000000000000135	optimal	Non-essential
EHJ92031_1	UAMAS;UM3PL;UM4PL	0.2902343858032029	0.2902343858032068	1.0000000000000135	optimal	Non-essential
EHJ92230_1	ACOAD12f;ACOAD13f;ACOAD14f;ACOAD15f;ACOAD16f;ACOAD17f;ACOAD18f;ACOAD19f;ACOAD7f;ACOAD8f	0.2902343858032029	0.2902343858032068	1.0000000000000135	optimal	Non-essential
EHJ92370_1	NADHPO	0.2902343858032029	0.2902343858032068	1.0000000000000135	optimal	Non-essential
EHJ92483_1	ACSERHS;AHSERL4;CYSS;CYSS_2;SLCYSS	0.2902343858032029	0.2902343858032068	1.0000000000000135	optimal	Non-essential
EHJ92509_1	TRPS2;TRPS3	0.2902343858032029	0.2902343858032068	1.0000000000000135	optimal	Non-essential
EHJ92719_1	IMPD	0.2902343858032029	0.2902343858032068	1.0000000000000135	optimal	Non-essential
EHJ92874_1	5HPUDICDC_c	0.2902343858032029	0.2902343858032068	1.0000000000000135	optimal	Non-essential
EHJ92939_1	ME2	0.2902343858032029	0.2902343858032068	1.0000000000000135	optimal	Non-essential
EHJ92972_1	DAGK120;DAGK140;DAGK141;DAGK160;DAGK161;DAGK180;DAGK181	0.2902343858032029	0.2902343858032068	1.0000000000000135	optimal	Non-essential
EHJ93008_1	HSK	0.2902343858032029	0.2902343858032068	1.0000000000000135	optimal	Non-essential
EHJ93009_1	ARGDC;ARGDCpp	0.2902343858032029	0.2902343858032068	1.0000000000000135	optimal	Non-essential
EHJ93049_1	TSULP	0.2902343858032029	0.2902343858032068	1.0000000000000135	optimal	Non-essential
EHJ93099_1	GLYOX3	0.2902343858032029	0.2902343858032068	1.0000000000000135	optimal	Non-essential
EHJ93249_1	ACOAD2f;ACOAD3f;ACOAD4f;ACOAD5f;ACOAD6f	0.2902343858032029	0.2902343858032068	1.0000000000000135	optimal	Non-essential
EHJ93344_1	NARK;NO3t	0.2902343858032029	0.2902343858032068	1.0000000000000135	optimal	Non-essential
EHJ93398_1	GALCTD;GALCTD_1	0.2902343858032029	0.2902343858032068	1.0000000000000135	optimal	Non-essential
EHJ93416_1	FEOXAMtonex	0.2902343858032029	0.2902343858032068	1.0000000000000135	optimal	Non-essential
EHJ93554_1	PHEMEabcpp	0.2902343858032029	0.2902343858032068	1.0000000000000135	optimal	Non-essential
EHJ93593_1	CDGUNPD	0.2902343858032029	0.2902343858032068	1.0000000000000135	optimal	Non-essential
EHJ93967_1	ACODA;SDPDS	0.2902343858032029	0.2902343858032068	1.0000000000000135	optimal	Non-essential
EHJ94271_1	GLNabcpp	0.2902343858032029	0.2902343858032068	1.0000000000000135	optimal	Non-essential
EHJ94642_1	DKDID	0.2902343858032029	0.2902343858032068	1.0000000000000135	optimal	Non-essential
EHJ94689_1	DAAD	0.2902343858032029	0.2902343858032068	1.0000000000000135	optimal	Non-essential
EHJ91286_1	AMPTASEAH;AMPTASEAL;AMPTASEAT;AMPTASEATRP;AMPTASECG;AMPTASEGGLN;AMPTASEGGLU;AMPTASEGM;AMPTASEGS;AMPTASEHG;AMPTASEHH;AMPTASEPG;GLYGLYCNc;GLYPHEHYc;LALGP;LEULEULAPc	0.2902343858032029	0.2902343858032069	1.0000000000000138	optimal	Non-essential
EHJ91409_1	DNTPPA;NTPP1;NTPP2;NTPP4	0.2902343858032029	0.2902343858032069	1.0000000000000138	optimal	Non-essential
EHJ91451_1	HMGL	0.2902343858032029	0.2902343858032069	1.0000000000000138	optimal	Non-essential
EHJ91453_1	MGCH	0.2902343858032029	0.2902343858032069	1.0000000000000138	optimal	Non-essential
EHJ91455_1	MBCOAi	0.2902343858032029	0.2902343858032069	1.0000000000000138	optimal	Non-essential
EHJ91526_1	MLTGY1pp;MLTGY2pp;MLTGY3pp;MLTGY4pp	0.2902343858032029	0.2902343858032069	1.0000000000000138	optimal	Non-essential
EHJ91753_1	DABAAT2	0.2902343858032029	0.2902343858032069	1.0000000000000138	optimal	Non-essential
EHJ91802_1	Kt3pp;NH4t3pp	0.2902343858032029	0.2902343858032069	1.0000000000000138	optimal	Non-essential
EHJ91956_1	ACCOAC	0.2902343858032029	0.2902343858032069	1.0000000000000138	optimal	Non-essential
EHJ92116_1	ADOCBIK	0.2902343858032029	0.2902343858032069	1.0000000000000138	optimal	Non-essential
EHJ92125_1	GLYC3Pabcpp	0.2902343858032029	0.2902343858032069	1.0000000000000138	optimal	Non-essential
EHJ92240_1	NADH10;NADH5;NADH9	0.2902343858032029	0.2902343858032069	1.0000000000000138	optimal	Non-essential
EHJ92343_1	MOBDabcpp;SELtpp;SLNTtpp;SULabcpp;TSULabcpp	0.2902343858032029	0.2902343858032069	1.0000000000000138	optimal	Non-essential
EHJ92366_1	PTRCabcpp	0.2902343858032029	0.2902343858032069	1.0000000000000138	optimal	Non-essential
EHJ92620_1	OCBT;OCBT2i;OCBT_2	0.2902343858032029	0.2902343858032069	1.0000000000000138	optimal	Non-essential
EHJ92708_1	MALt3r	0.2902343858032029	0.2902343858032069	1.0000000000000138	optimal	Non-essential
EHJ92805_1	GLYCLTDx;GLYCLTDy;HPYRRx;HPYRRy	0.2902343858032029	0.2902343858032069	1.0000000000000138	optimal	Non-essential
EHJ92867_1	URIC	0.2902343858032029	0.2902343858032069	1.0000000000000138	optimal	Non-essential
EHJ93303_1	MALt4	0.2902343858032029	0.2902343858032069	1.0000000000000138	optimal	Non-essential
EHJ93392_1	GALCTD	0.2902343858032029	0.2902343858032069	1.0000000000000138	optimal	Non-essential
EHJ93458_1	GLCDpp	0.2902343858032029	0.2902343858032069	1.0000000000000138	optimal	Non-essential
EHJ93561_1	OAADC;OAADCS	0.2902343858032029	0.2902343858032069	1.0000000000000138	optimal	Non-essential
EHJ93651_1	G2PP;MI1PP	0.2902343858032029	0.2902343858032069	1.0000000000000138	optimal	Non-essential
EHJ93727_1	NI2uabcpp	0.2902343858032029	0.2902343858032069	1.0000000000000138	optimal	Non-essential
EHJ93766_1	GTPDPDP;PPA;PPA2	0.2902343858032029	0.2902343858032069	1.0000000000000138	optimal	Non-essential
EHJ94118_1	RNDR1;RNDR2;RNDR3;RNDR4	0.2902343858032029	0.2902343858032069	1.0000000000000138	optimal	Non-essential
EHJ94201_1	FBA;FBA2;FBA3	0.2902343858032029	0.2902343858032069	1.0000000000000138	optimal	Non-essential
EHJ94218_1	PGM	0.2902343858032029	0.2902343858032069	1.0000000000000138	optimal	Non-essential
EHJ94288_1	MG2uabcpp;MGt5	0.2902343858032029	0.2902343858032069	1.0000000000000138	optimal	Non-essential
EHJ94343_1	HBZOPT	0.2902343858032029	0.2902343858032069	1.0000000000000138	optimal	Non-essential
EHJ94352_1	PIuabcpp;PPIuabcpp	0.2902343858032029	0.2902343858032069	1.0000000000000138	optimal	Non-essential
EHJ94369_1	HMBS	0.2902343858032029	0.2902343858032069	1.0000000000000138	optimal	Non-essential
EHJ94424_1	NH4t;NH4tpp_1	0.2902343858032029	0.2902343858032069	1.0000000000000138	optimal	Non-essential
EHJ94639_1	XYLabcpp	0.2902343858032029	0.2902343858032069	1.0000000000000138	optimal	Non-essential
EHJ94703_1	PTRCTA;PTRCTA2	0.2902343858032029	0.2902343858032069	1.0000000000000138	optimal	Non-essential
EHJ94705_1	NAt3_1	0.2902343858032029	0.2902343858032069	1.0000000000000138	optimal	Non-essential
EHJ94710_1	ARGt2r;ARGt5r;LYSt5r	0.2902343858032029	0.2902343858032069	1.0000000000000138	optimal	Non-essential
EHJ94749_1	VPAMTr	0.2902343858032029	0.2902343858032069	1.0000000000000138	optimal	Non-essential
EHJ94818_1	GLYOX	0.2902343858032029	0.2902343858032069	1.0000000000000138	optimal	Non-essential
EHJ94820_1	FE3abcpp	0.2902343858032029	0.2902343858032069	1.0000000000000138	optimal	Non-essential
EHJ94842_1	ACHBS;ACLS;THRD_L	0.2902343858032029	0.2902343858032069	1.0000000000000138	optimal	Non-essential
EHJ92565_1	DALAabcpp;ILEabcpp;LEUabcpp;VALabcpp	0.2902343858032029	0.29023438580320693	1.000000000000014	optimal	Non-essential
EHJ91224_1	PDE1	0.2902343858032029	0.290234385803207	1.0000000000000142	optimal	Non-essential
EHJ91241_1	G6PI;G6PI3;PGI	0.2902343858032029	0.290234385803207	1.0000000000000142	optimal	Non-essential
EHJ91349_1	MCTP1App;MCTP2App	0.2902343858032029	0.290234385803207	1.0000000000000142	optimal	Non-essential
EHJ91378_1	ACP1_FMN	0.2902343858032029	0.290234385803207	1.0000000000000142	optimal	Non-essential
EHJ91407_1	RNDR1;RNDR1b;RNDR2;RNDR2b;RNDR3;RNDR3b;RNDR4;RNDR4b	0.2902343858032029	0.290234385803207	1.0000000000000142	optimal	Non-essential
EHJ91439_1	GDPDPK;GTPDPK	0.2902343858032029	0.290234385803207	1.0000000000000142	optimal	Non-essential
EHJ91458_1	DALAabcpp;ILEabcpp;LEUabcpp;VALabcpp	0.2902343858032029	0.290234385803207	1.0000000000000142	optimal	Non-essential
EHJ91551_1	PHB_SYN_HB	0.2902343858032029	0.290234385803207	1.0000000000000142	optimal	Non-essential
EHJ91674_1	DMSOR1pp;DMSOR2pp	0.2902343858032029	0.290234385803207	1.0000000000000142	optimal	Non-essential
EHJ91678_1	NO3R1pp;NO3R2pp	0.2902343858032029	0.290234385803207	1.0000000000000142	optimal	Non-essential
EHJ91679_1	NO3R1pp;NO3R2pp	0.2902343858032029	0.290234385803207	1.0000000000000142	optimal	Non-essential
EHJ91681_1	NO3R1pp;NO3R2pp	0.2902343858032029	0.290234385803207	1.0000000000000142	optimal	Non-essential
EHJ91734_1	FE3DCITtonex;FEENTERtonex;FEOXAMtonex	0.2902343858032029	0.290234385803207	1.0000000000000142	optimal	Non-essential
EHJ91944_1	PHETHPTOX3	0.2902343858032029	0.290234385803207	1.0000000000000142	optimal	Non-essential
EHJ91958_1	TRPS1;TRPS2	0.2902343858032029	0.290234385803207	1.0000000000000142	optimal	Non-essential
EHJ92320_1	ACONT;MICITDr	0.2902343858032029	0.290234385803207	1.0000000000000142	optimal	Non-essential
EHJ92321_1	MCITS	0.2902343858032029	0.290234385803207	1.0000000000000142	optimal	Non-essential
EHJ92327_1	ADSELR;APSR;METSOXR1;METSOXR2;PAPSR;RNDR1;RNDR2;RNDR3;RNDR4;THIORDXi;TRDR	0.2902343858032029	0.290234385803207	1.0000000000000142	optimal	Non-essential
EHJ92344_1	MOBDabcpp;SELtpp;SLNTtpp;SULabcpp;TSULabcpp	0.2902343858032029	0.290234385803207	1.0000000000000142	optimal	Non-essential
EHJ92356_1	PLIPA1E120pp;PLIPA1E140pp;PLIPA1E141pp;PLIPA1E160pp;PLIPA1E161pp;PLIPA1E180pp;PLIPA1E181pp;PLIPA1G120pp;PLIPA1G140pp;PLIPA1G141pp;PLIPA1G160pp;PLIPA1G161pp;PLIPA1G180pp;PLIPA1G181pp;PLIPA2A120pp;PLIPA2A141pp;PLIPA2A161pp;PLIPA2E120pp;PLIPA2E141pp;PLIPA2E161pp;PLIPA2G161pp	0.2902343858032029	0.290234385803207	1.0000000000000142	optimal	Non-essential
EHJ92567_1	HPYRRx;HPYRRy;PGCD	0.2902343858032029	0.290234385803207	1.0000000000000142	optimal	Non-essential
EHJ92624_1	AST	0.2902343858032029	0.290234385803207	1.0000000000000142	optimal	Non-essential
EHJ92659_1	METSOXR1;METSR_S1;METSR_S2	0.2902343858032029	0.290234385803207	1.0000000000000142	optimal	Non-essential
EHJ92914_1	PDH;PDHa	0.2902343858032029	0.290234385803207	1.0000000000000142	optimal	Non-essential
EHJ93035_1	ACHBS;ACLS;ACLSb	0.2902343858032029	0.290234385803207	1.0000000000000142	optimal	Non-essential
EHJ93153_1	NI2uabcpp	0.2902343858032029	0.290234385803207	1.0000000000000142	optimal	Non-essential
EHJ93171_1	F6PP;G6PP	0.2902343858032029	0.290234385803207	1.0000000000000142	optimal	Non-essential
EHJ93186_1	SUCDi	0.2902343858032029	0.290234385803207	1.0000000000000142	optimal	Non-essential
EHJ93187_1	SUCDi	0.2902343858032029	0.290234385803207	1.0000000000000142	optimal	Non-essential
EHJ93196_1	CAT;CATpp	0.2902343858032029	0.290234385803207	1.0000000000000142	optimal	Non-essential
EHJ93203_1	INDOLEt2pp	0.2902343858032029	0.290234385803207	1.0000000000000142	optimal	Non-essential
EHJ93782_1	UMPK	0.2902343858032029	0.290234385803207	1.0000000000000142	optimal	Non-essential
EHJ93808_1	METDabc;METDabcpp;METSabc;METabc;METabcpp	0.2902343858032029	0.290234385803207	1.0000000000000142	optimal	Non-essential
EHJ93895_1	PGAMT	0.2902343858032029	0.290234385803207	1.0000000000000142	optimal	Non-essential
EHJ94045_1	MDDCP1pp;MDDCP2pp;MDDCP3pp;MDDCP4pp;MDDCP5pp	0.2902343858032029	0.290234385803207	1.0000000000000142	optimal	Non-essential
EHJ94089_1	HISabcpp;LEUabcpp;PROabcpp	0.2902343858032029	0.290234385803207	1.0000000000000142	optimal	Non-essential
EHJ94226_1	FTHFCL	0.2902343858032029	0.290234385803207	1.0000000000000142	optimal	Non-essential
EHJ94255_1	ACtex;CO2tex;H2Otex;MEOHtex;NH4tex;NO2tex;NO3tex	0.2902343858032029	0.290234385803207	1.0000000000000142	optimal	Non-essential
EHJ94311_1	NTP5	0.2902343858032029	0.290234385803207	1.0000000000000142	optimal	Non-essential
EHJ94349_1	SO4t2pp	0.2902343858032029	0.290234385803207	1.0000000000000142	optimal	Non-essential
EHJ94365_1	UPP3MT	0.2902343858032029	0.290234385803207	1.0000000000000142	optimal	Non-essential
EHJ94557_1	CYTBDpp	0.2902343858032029	0.290234385803207	1.0000000000000142	optimal	Non-essential
EHJ94665_1	CD2t5;CD2t6;ZN2t5;ZN2t6	0.2902343858032029	0.290234385803207	1.0000000000000142	optimal	Non-essential
EHJ94669_1	ACOTA	0.2902343858032029	0.290234385803207	1.0000000000000142	optimal	Non-essential
EHJ94759_1	CSND;MCSNAH	0.2902343858032029	0.290234385803207	1.0000000000000142	optimal	Non-essential
EHJ94783_1	FDH	0.2902343858032029	0.290234385803207	1.0000000000000142	optimal	Non-essential
EHJ94898_1	RIBabcpp	0.2902343858032029	0.290234385803207	1.0000000000000142	optimal	Non-essential
EHJ91144_1	ILEabcpp;LEUabcpp;VALabcpp	0.2902343858032029	0.29023438580320704	1.0000000000000144	optimal	Non-essential
EHJ91246_1	Kt3pp;Kt3r;NAt3_1	0.2902343858032029	0.29023438580320704	1.0000000000000144	optimal	Non-essential
EHJ91295_1	PMDPHT	0.2902343858032029	0.29023438580320704	1.0000000000000144	optimal	Non-essential
EHJ91357_1	ALAALAr	0.2902343858032029	0.29023438580320704	1.0000000000000144	optimal	Non-essential
EHJ91379_1	UAPGR	0.2902343858032029	0.29023438580320704	1.0000000000000144	optimal	Non-essential
EHJ91393_1	MLTGY1pp;MLTGY2pp;MLTGY3pp;MLTGY4pp	0.2902343858032029	0.29023438580320704	1.0000000000000144	optimal	Non-essential
EHJ91445_1	ADCS;ANPRT;ANS;ANS2;ANSN	0.2902343858032029	0.29023438580320704	1.0000000000000144	optimal	Non-essential
EHJ91466_1	DPR	0.2902343858032029	0.29023438580320704	1.0000000000000144	optimal	Non-essential
EHJ91633_1	CYTK1;CYTK2;UMPK	0.2902343858032029	0.29023438580320704	1.0000000000000144	optimal	Non-essential
EHJ91693_1	FOMETRi;GLYCL;THFAT	0.2902343858032029	0.29023438580320704	1.0000000000000144	optimal	Non-essential
EHJ91719_1	FUM	0.2902343858032029	0.29023438580320704	1.0000000000000144	optimal	Non-essential
EHJ91724_1	APH120;APH141;APH161	0.2902343858032029	0.29023438580320704	1.0000000000000144	optimal	Non-essential
EHJ91816_1	MLTGY1pp;MLTGY2pp;MLTGY3pp;MLTGY4pp	0.2902343858032029	0.29023438580320704	1.0000000000000144	optimal	Non-essential
EHJ91951_1	AHSERL2;SHSL2	0.2902343858032029	0.29023438580320704	1.0000000000000144	optimal	Non-essential
EHJ92326_1	PAPSR;PAPSR2	0.2902343858032029	0.29023438580320704	1.0000000000000144	optimal	Non-essential
EHJ92508_1	TRPS2;TRPS3	0.2902343858032029	0.29023438580320704	1.0000000000000144	optimal	Non-essential
EHJ92661_1	PGPP120;PGPP120pp;PGPP140;PGPP140pp;PGPP141;PGPP141pp;PGPP160;PGPP160pp;PGPP161;PGPP161pp;PGPP180;PGPP180pp;PGPP181;PGPP181pp	0.2902343858032029	0.29023438580320704	1.0000000000000144	optimal	Non-essential
EHJ92725_1	SFGTHi	0.2902343858032029	0.29023438580320704	1.0000000000000144	optimal	Non-essential
EHJ92770_1	IPPS	0.2902343858032029	0.29023438580320704	1.0000000000000144	optimal	Non-essential
EHJ92858_1	ACSERtpp;CYStpp	0.2902343858032029	0.29023438580320704	1.0000000000000144	optimal	Non-essential
EHJ92905_1	ADNCYC	0.2902343858032029	0.29023438580320704	1.0000000000000144	optimal	Non-essential
EHJ92966_1	DGUNC	0.2902343858032029	0.29023438580320704	1.0000000000000144	optimal	Non-essential
EHJ92994_1	AMPTASECG;AMPTASEPG;LALGP;NBAHH_ir	0.2902343858032029	0.29023438580320704	1.0000000000000144	optimal	Non-essential
EHJ93125_1	GLUR	0.2902343858032029	0.29023438580320704	1.0000000000000144	optimal	Non-essential
EHJ93371_1	NO3R2	0.2902343858032029	0.29023438580320704	1.0000000000000144	optimal	Non-essential
EHJ93624_1	CBPAH	0.2902343858032029	0.29023438580320704	1.0000000000000144	optimal	Non-essential
EHJ93670_1	CPPPGO	0.2902343858032029	0.29023438580320704	1.0000000000000144	optimal	Non-essential
EHJ93709_1	PDE1	0.2902343858032029	0.29023438580320704	1.0000000000000144	optimal	Non-essential
EHJ93865_1	ALAR	0.2902343858032029	0.29023438580320704	1.0000000000000144	optimal	Non-essential
EHJ93888_1	YUMPS	0.2902343858032029	0.29023438580320704	1.0000000000000144	optimal	Non-essential
EHJ94030_1	MNabc	0.2902343858032029	0.29023438580320704	1.0000000000000144	optimal	Non-essential
EHJ94111_1	AGPAT120;AGPAT141;AGPAT161	0.2902343858032029	0.29023438580320704	1.0000000000000144	optimal	Non-essential
EHJ94368_1	UPP3S	0.2902343858032029	0.29023438580320704	1.0000000000000144	optimal	Non-essential
EHJ94410_1	THZPSN	0.2902343858032029	0.29023438580320704	1.0000000000000144	optimal	Non-essential
EHJ94479_1	UREAabcpp	0.2902343858032029	0.29023438580320704	1.0000000000000144	optimal	Non-essential
EHJ94643_1	2INSD	0.2902343858032029	0.29023438580320704	1.0000000000000144	optimal	Non-essential
EHJ94706_1	IMPD	0.2902343858032029	0.29023438580320704	1.0000000000000144	optimal	Non-essential
EHJ94850_1	GLYC3Pabc	0.2902343858032029	0.29023438580320704	1.0000000000000144	optimal	Non-essential
EHJ92024_1	NMNAT;NNATr	0.2902343858032029	0.29023438580320715	1.0000000000000147	optimal	Non-essential
EHJ92717_1	CHOLt4ipp;GLYBti4pp	0.2902343858032029	0.29023438580320715	1.0000000000000147	optimal	Non-essential
EHJ93247_1	HACD1;HACD1_1;HACD2;HACD3;HACD4;HACD5;HACD6;HACD7;HACD8;HBCO_nadp;HVCD	0.2902343858032029	0.29023438580320715	1.0000000000000147	optimal	Non-essential
EHJ93409_1	4HTHRA;ALATA_D2;ALATA_L2;THRA;THRA2	0.2902343858032029	0.29023438580320715	1.0000000000000147	optimal	Non-essential
EHJ93469_1	ACSERtpp;CYStpp	0.2902343858032029	0.29023438580320715	1.0000000000000147	optimal	Non-essential
EHJ93994_1	GLNS	0.2902343858032029	0.29023438580320715	1.0000000000000147	optimal	Non-essential
EHJ94273_1	ASPabcpp;GLNabcpp;GLUabcpp;GTHRDt2_1;LYSabcpp;METabc;PROabc	0.2902343858032029	0.29023438580320715	1.0000000000000147	optimal	Non-essential
EHJ94530_1	HMGL	0.2902343858032029	0.29023438580320715	1.0000000000000147	optimal	Non-essential
EHJ91670_1	RNTR1;RNTR2;RNTR3;RNTR4	0.2902343858032029	0.2902343858032072	1.0000000000000149	optimal	Non-essential
EHJ93726_1	GTHRDabcpp;NI2uabcpp	0.2902343858032029	0.2902343858032072	1.0000000000000149	optimal	Non-essential
EHJ93975_1	NACODA	0.2902343858032029	0.2902343858032072	1.0000000000000149	optimal	Non-essential
EHJ94889_1	ARBabcpp	0.2902343858032029	0.2902343858032072	1.0000000000000149	optimal	Non-essential
EHJ91104_1	GLYOX	0.2902343858032029	0.29023438580320726	1.000000000000015	optimal	Non-essential
EHJ91251_1	Kt3pp	0.2902343858032029	0.29023438580320726	1.000000000000015	optimal	Non-essential
EHJ91542_1	BEF;CHOLD	0.2902343858032029	0.29023438580320726	1.000000000000015	optimal	Non-essential
EHJ91817_1	3PEPTabcpp;4PEPTabcpp	0.2902343858032029	0.29023438580320726	1.000000000000015	optimal	Non-essential
EHJ91916_1	FTHFD	0.2902343858032029	0.29023438580320726	1.000000000000015	optimal	Non-essential
EHJ91928_1	METDabcpp;METabcpp	0.2902343858032029	0.29023438580320726	1.000000000000015	optimal	Non-essential
EHJ91957_1	TRPS1;TRPS3	0.2902343858032029	0.29023438580320726	1.000000000000015	optimal	Non-essential
EHJ92285_1	PIabc	0.2902343858032029	0.29023438580320726	1.000000000000015	optimal	Non-essential
EHJ92322_1	MCITL2	0.2902343858032029	0.29023438580320726	1.000000000000015	optimal	Non-essential
EHJ92410_1	NAt3_1;NAt3_2	0.2902343858032029	0.29023438580320726	1.000000000000015	optimal	Non-essential
EHJ92411_1	Kt3r;NAt3_1	0.2902343858032029	0.29023438580320726	1.000000000000015	optimal	Non-essential
EHJ92506_1	NADS1	0.2902343858032029	0.29023438580320726	1.000000000000015	optimal	Non-essential
EHJ92571_1	ALCD2ir	0.2902343858032029	0.29023438580320726	1.000000000000015	optimal	Non-essential
EHJ92787_1	ICDHx;ICDHyr;OMCDC	0.2902343858032029	0.29023438580320726	1.000000000000015	optimal	Non-essential
EHJ93004_1	CYTBDpp	0.2902343858032029	0.29023438580320726	1.000000000000015	optimal	Non-essential
EHJ93536_1	ACGS	0.2902343858032029	0.29023438580320726	1.000000000000015	optimal	Non-essential
EHJ93555_1	PHEMEabcpp	0.2902343858032029	0.29023438580320726	1.000000000000015	optimal	Non-essential
EHJ93725_1	3PEPTabcpp;4PEPTabcpp;ALAALAabcpp;CGLYabcpp;NI2abcpp;NI2uabcpp;PROGLYabcpp	0.2902343858032029	0.29023438580320726	1.000000000000015	optimal	Non-essential
EHJ94370_1	CDGUNPD;PDE4	0.2902343858032029	0.29023438580320726	1.000000000000015	optimal	Non-essential
EHJ94587_1	NTP3	0.2902343858032029	0.29023438580320726	1.000000000000015	optimal	Non-essential
EHJ94711_1	SSALx;SSALy	0.2902343858032029	0.29023438580320726	1.000000000000015	optimal	Non-essential
EHJ94778_1	CDGUNPD;PDE4	0.2902343858032029	0.29023438580320726	1.000000000000015	optimal	Non-essential
EHJ94810_1	MCD	0.2902343858032029	0.29023438580320726	1.000000000000015	optimal	Non-essential
EHJ94890_1	ARBabcpp	0.2902343858032029	0.29023438580320726	1.000000000000015	optimal	Non-essential
EHJ91117_1	APRAUR;DHPPDA2	0.2902343858032029	0.2902343858032073	1.0000000000000153	optimal	Non-essential
EHJ91222_1	ADPRDP	0.2902343858032029	0.2902343858032073	1.0000000000000153	optimal	Non-essential
EHJ91835_1	CHLabc;CHLabcpp;GLYBabcpp	0.2902343858032029	0.2902343858032073	1.0000000000000153	optimal	Non-essential
EHJ92799_1	ASPSALy;SSALy	0.2902343858032029	0.2902343858032073	1.0000000000000153	optimal	Non-essential
EHJ92815_1	ASNN;ASNNpp	0.2902343858032029	0.2902343858032073	1.0000000000000153	optimal	Non-essential
EHJ93462_1	ALR2;ATHRDHr;BTS	0.2902343858032029	0.2902343858032073	1.0000000000000153	optimal	Non-essential
EHJ94511_1	ARGabcpp;HISabcpp;LYSabcpp;ORNabcpp	0.2902343858032029	0.2902343858032073	1.0000000000000153	optimal	Non-essential
EHJ94791_1	FDH;FDH4pp;FDH4pp_1;FDH5pp;FDH5pp_1	0.2902343858032029	0.2902343858032073	1.0000000000000153	optimal	Non-essential
EHJ91118_1	DB4PS;GTPCII;GTPCII2	0.2902343858032029	0.2902343858032074	1.0000000000000155	optimal	Non-essential
EHJ91228_1	GTHRDt2_1;PROabcpp	0.2902343858032029	0.2902343858032074	1.0000000000000155	optimal	Non-essential
EHJ91441_1	PPC	0.2902343858032029	0.2902343858032074	1.0000000000000155	optimal	Non-essential
EHJ91449_1	AMMQT8_2	0.2902343858032029	0.2902343858032074	1.0000000000000155	optimal	Non-essential
EHJ91479_1	CDGUNPD	0.2902343858032029	0.2902343858032074	1.0000000000000155	optimal	Non-essential
EHJ91550_1	PTAr	0.2902343858032029	0.2902343858032074	1.0000000000000155	optimal	Non-essential
EHJ91820_1	3PEPTabcpp;4PEPTabcpp	0.2902343858032029	0.2902343858032074	1.0000000000000155	optimal	Non-essential
EHJ91921_1	URAt2pp;XANt2pp	0.2902343858032029	0.2902343858032074	1.0000000000000155	optimal	Non-essential
EHJ91996_1	NADTRHD;THD2pp	0.2902343858032029	0.2902343858032074	1.0000000000000155	optimal	Non-essential
EHJ92526_1	FMNRy	0.2902343858032029	0.2902343858032074	1.0000000000000155	optimal	Non-essential
EHJ92681_1	DHDPS	0.2902343858032029	0.2902343858032074	1.0000000000000155	optimal	Non-essential
EHJ92930_1	YUMPS	0.2902343858032029	0.2902343858032074	1.0000000000000155	optimal	Non-essential
EHJ93033_1	PSSA120;PSSA141;PSSA161	0.2902343858032029	0.2902343858032074	1.0000000000000155	optimal	Non-essential
EHJ93037_1	ADA	0.2902343858032029	0.2902343858032074	1.0000000000000155	optimal	Non-essential
EHJ93396_1	5DH4DGLCD	0.2902343858032029	0.2902343858032074	1.0000000000000155	optimal	Non-essential
EHJ93690_1	FACOAL160;FACOAL181;FACOAL80	0.2902343858032029	0.2902343858032074	1.0000000000000155	optimal	Non-essential
EHJ93694_1	ETHAAL	0.2902343858032029	0.2902343858032074	1.0000000000000155	optimal	Non-essential
EHJ93978_1	GLYC3Pabcpp	0.2902343858032029	0.2902343858032074	1.0000000000000155	optimal	Non-essential
EHJ94090_1	HISabcpp;LEUabcpp;PROabcpp	0.2902343858032029	0.2902343858032074	1.0000000000000155	optimal	Non-essential
EHJ94363_1	DHQTi	0.2902343858032029	0.2902343858032074	1.0000000000000155	optimal	Non-essential
EHJ94448_1	GTPCII2	0.2902343858032029	0.2902343858032074	1.0000000000000155	optimal	Non-essential
EHJ94544_1	FE3DCITtonex	0.2902343858032029	0.2902343858032074	1.0000000000000155	optimal	Non-essential
EHJ94610_1	NADTRHD;THD2pp	0.2902343858032029	0.2902343858032074	1.0000000000000155	optimal	Non-essential
EHJ94852_1	GLYC3Pabc	0.2902343858032029	0.2902343858032074	1.0000000000000155	optimal	Non-essential
EHJ91079_1	PDHcr	0.2902343858032029	0.2902343858032075	1.0000000000000158	optimal	Non-essential
EHJ91212_1	PGLCNDH	0.2902343858032029	0.2902343858032075	1.0000000000000158	optimal	Non-essential
EHJ91258_1	ALPHNH;UREASE	0.2902343858032029	0.2902343858032075	1.0000000000000158	optimal	Non-essential
EHJ91354_1	MPTG;MPTG2	0.2902343858032029	0.2902343858032075	1.0000000000000158	optimal	Non-essential
EHJ91358_1	ALAALAr	0.2902343858032029	0.2902343858032075	1.0000000000000158	optimal	Non-essential
EHJ91402_1	SUCD4	0.2902343858032029	0.2902343858032075	1.0000000000000158	optimal	Non-essential
EHJ91408_1	RNDR1;RNDR1b;RNDR2;RNDR2b;RNDR3;RNDR3b;RNDR4;RNDR4b	0.2902343858032029	0.2902343858032075	1.0000000000000158	optimal	Non-essential
EHJ91464_1	HIBDkt	0.2902343858032029	0.2902343858032075	1.0000000000000158	optimal	Non-essential
EHJ91811_1	DNADDP;NADDP	0.2902343858032029	0.2902343858032075	1.0000000000000158	optimal	Non-essential
EHJ91931_1	METSOXR1;METSOXR2	0.2902343858032029	0.2902343858032075	1.0000000000000158	optimal	Non-essential
EHJ91933_1	FUM	0.2902343858032029	0.2902343858032075	1.0000000000000158	optimal	Non-essential
EHJ92117_1	THRPDC	0.2902343858032029	0.2902343858032075	1.0000000000000158	optimal	Non-essential
EHJ92239_1	ASO3t4pp;ASO4t4pp	0.2902343858032029	0.2902343858032075	1.0000000000000158	optimal	Non-essential
EHJ92294_1	ACSPHAC121d6;ACSPHAC141d5;ACSPHACT40;ACSPHACT60;FACOAL100t2pp;FACOAL120t2pp;FACOAL140;FACOAL140t2pp;FACOAL141;FACOAL141t2pp;FACOAL160;FACOAL160t2pp;FACOAL161;FACOAL161t2pp;FACOAL180;FACOAL180t2pp;FACOAL181;FACOAL1812;FACOAL181d11tpp;FACOAL181d6t2pp;FACOAL181t2pp;FACOAL1821;FACOAL182t2pp;FACOAL50i;FACOAL60i;FACOAL60t2pp;FACOAL80;FACOAL80t2pp;FACOAL90i;FACOAL_70_c;HMR_0188	0.2902343858032029	0.29023438580320743	1.0000000000000158	optimal	Non-essential
EHJ92332_1	GLYCTO1;GLYCTO3	0.2902343858032029	0.2902343858032075	1.0000000000000158	optimal	Non-essential
EHJ92345_1	MOBDabcpp;SELtpp;SLNTtpp;SULabc;SULabcpp;TSULabcpp	0.2902343858032029	0.2902343858032075	1.0000000000000158	optimal	Non-essential
EHJ92467_1	AIRC1;AIRC2	0.2902343858032029	0.2902343858032075	1.0000000000000158	optimal	Non-essential
EHJ92957_1	HCYSMT;HCYSMT2;METS	0.2902343858032029	0.2902343858032075	1.0000000000000158	optimal	Non-essential
EHJ92976_1	FAS100;FAS120;FAS140;FAS160;FAS161;FAS180;FAS181;FAS80_L	0.2902343858032029	0.2902343858032075	1.0000000000000158	optimal	Non-essential
EHJ92981_1	ACACt2pp;BUTt2rpp;HEXt2rpp	0.2902343858032029	0.2902343858032075	1.0000000000000158	optimal	Non-essential
EHJ93044_1	GLYO1	0.2902343858032029	0.2902343858032075	1.0000000000000158	optimal	Non-essential
EHJ93111_1	METSOXR1;METSOXR2	0.2902343858032029	0.2902343858032075	1.0000000000000158	optimal	Non-essential
EHJ93183_1	AKGDH;AKGDa;GLCOASYNT	0.2902343858032029	0.29023438580320743	1.0000000000000158	optimal	Non-essential
EHJ93212_1	ACTD;ACTDa	0.2902343858032029	0.2902343858032075	1.0000000000000158	optimal	Non-essential
EHJ93302_1	ALCD2y	0.2902343858032029	0.2902343858032075	1.0000000000000158	optimal	Non-essential
EHJ93310_1	HEMEOS	0.2902343858032029	0.2902343858032075	1.0000000000000158	optimal	Non-essential
EHJ93331_1	GG15DAPAH;GGDAPAH;GGGABAH	0.2902343858032029	0.2902343858032075	1.0000000000000158	optimal	Non-essential
EHJ93374_1	NTRIR2x	0.2902343858032029	0.2902343858032075	1.0000000000000158	optimal	Non-essential
EHJ93547_1	NADDP	0.2902343858032029	0.2902343858032075	1.0000000000000158	optimal	Non-essential
EHJ93558_1	HEMEti;PHEMEabcpp	0.2902343858032029	0.2902343858032075	1.0000000000000158	optimal	Non-essential
EHJ93576_1	GLUSy	0.2902343858032029	0.2902343858032075	1.0000000000000158	optimal	Non-essential
EHJ93626_1	ALAALAabcpp;ALAGLUabcpp;ALAHISabcpp;ALALEUabcpp;ALATHRabcpp;ALATRPabcpp;CARNabcpp;CGLYabcpp;GLYGLNabcpp;GLYGLUabcpp;GLYGLYabcpp;GLYMETabcpp;GLYPHEabcpp;GLYSERabcpp;HISGLYabcpp;HISHISabcpp;LEULEUabcpp;PROGLYabcpp	0.2902343858032029	0.2902343858032075	1.0000000000000158	optimal	Non-essential
EHJ93966_1	ACACCT;BUTCT;HXCT;OCOAT1	0.2902343858032029	0.2902343858032075	1.0000000000000158	optimal	Non-essential
EHJ93976_1	GLYC3Pabcpp	0.2902343858032029	0.2902343858032075	1.0000000000000158	optimal	Non-essential
EHJ94096_1	METSOXR1;METSOXR2;PAPSR;RNDR1;RNDR2;RNDR3;RNDR4;THIORDXi;TRDR	0.2902343858032029	0.2902343858032075	1.0000000000000158	optimal	Non-essential
EHJ94386_1	HMPK1;PMPK	0.2902343858032029	0.2902343858032075	1.0000000000000158	optimal	Non-essential
EHJ94632_1	PALDP	0.2902343858032029	0.2902343858032075	1.0000000000000158	optimal	Non-essential
EHJ94647_1	CYSDDS;CYSDS	0.2902343858032029	0.2902343858032075	1.0000000000000158	optimal	Non-essential
EHJ94654_1	PHEME2abcpp;SHEME2abcpp	0.2902343858032029	0.2902343858032075	1.0000000000000158	optimal	Non-essential
EHJ94683_1	ALCD19;ALDD20x;ALDD2x;GLYALDDr	0.2902343858032029	0.2902343858032075	1.0000000000000158	optimal	Non-essential
EHJ94722_1	SHCHCS3	0.2902343858032029	0.2902343858032075	1.0000000000000158	optimal	Non-essential
EHJ94746_1	FBA	0.2902343858032029	0.2902343858032075	1.0000000000000158	optimal	Non-essential
EHJ94809_1	FACOAL140;FACOAL160;FACOAL161;FACOAL181	0.2902343858032029	0.2902343858032075	1.0000000000000158	optimal	Non-essential
EHJ94851_1	GLYC3Pabc	0.2902343858032029	0.2902343858032075	1.0000000000000158	optimal	Non-essential
EHJ91389_1	RHACOAR101;RHACOAR120;RHACOAR121d5;RHACOAR121d6;RHACOAR141d5;RHACOAR141d7;RHACOAR142;RHACOAR70;RHACOAR90;RHACOARP100;RHACOARP40;RHACOARP50;RHACOARP60;RHACOARP70;RHACOARP80;RHACOARP90;RHACOART60	0.2902343858032029	0.29023438580320754	1.000000000000016	optimal	Non-essential
EHJ91632_1	PPND	0.2902343858032029	0.29023438580320754	1.000000000000016	optimal	Non-essential
EHJ91751_1	GTHOr	0.2902343858032029	0.29023438580320754	1.000000000000016	optimal	Non-essential
EHJ92124_1	DXYLK;XYLK	0.2902343858032029	0.29023438580320754	1.000000000000016	optimal	Non-essential
EHJ92283_1	PIabc	0.2902343858032029	0.29023438580320754	1.000000000000016	optimal	Non-essential
EHJ93968_1	3OXCOAT;ACACT1r;DHPACCOAHIT;MACCOAT	0.2902343858032029	0.29023438580320754	1.000000000000016	optimal	Non-essential
EHJ94185_1	GLYt4	0.2902343858032029	0.29023438580320754	1.000000000000016	optimal	Non-essential
EHJ94217_1	CYANST	0.2902343858032029	0.29023438580320754	1.000000000000016	optimal	Non-essential
EHJ94443_1	ARGabcpp;ASPabcpp;GLUabcpp;HISabcpp;ILEabcpp;LEUabcpp;METabcpp;PROabcpp;VALabcpp	0.2902343858032029	0.29023438580320754	1.000000000000016	optimal	Non-essential
EHJ94474_1	ACONCtupp;CITtupp;ICITtupp	0.2902343858032029	0.29023438580320754	1.000000000000016	optimal	Non-essential
EHJ94558_1	CYTBDpp	0.2902343858032029	0.29023438580320754	1.000000000000016	optimal	Non-essential
EHJ94726_1	FRD2;FRD3	0.2902343858032029	0.29023438580320754	1.000000000000016	optimal	Non-essential
EHJ94382_1	GLUt2rpp;GLUt4pp	0.2902343858032029	0.2902343858032076	1.0000000000000162	optimal	Non-essential
EHJ91088_1	GMPS;GMPS2	0.2902343858032029	0.29023438580320765	1.0000000000000164	optimal	Non-essential
EHJ91152_1	INDOLEt2pp	0.2902343858032029	0.29023438580320765	1.0000000000000164	optimal	Non-essential
EHJ91209_1	MANAO	0.2902343858032029	0.29023438580320765	1.0000000000000164	optimal	Non-essential
EHJ91400_1	SUCD4	0.2902343858032029	0.29023438580320765	1.0000000000000164	optimal	Non-essential
EHJ91513_1	ADK1;CPK1;CYTK1;CYTK2;CYTK2_1;DADK;NDPK1;NDPK3;NDPK5;NDPK6;UMPK	0.2902343858032029	0.29023438580320765	1.0000000000000164	optimal	Non-essential
EHJ91733_1	FE3DCITtonex;FEENTERtonex;FEOXAMtonex;PHEMEtonex;SHEMEtonex	0.2902343858032029	0.29023438580320765	1.0000000000000164	optimal	Non-essential
EHJ91793_1	PHB_SYN_HB	0.2902343858032029	0.29023438580320765	1.0000000000000164	optimal	Non-essential
EHJ91924_1	GUAPRT;HXPRT;XPPT	0.2902343858032029	0.29023438580320765	1.0000000000000164	optimal	Non-essential
EHJ92142_1	MALT	0.2902343858032029	0.29023438580320765	1.0000000000000164	optimal	Non-essential
EHJ92287_1	Kt3pp;NAt3pp	0.2902343858032029	0.29023438580320765	1.0000000000000164	optimal	Non-essential
EHJ92378_1	SHCHCS3	0.2902343858032029	0.29023438580320765	1.0000000000000164	optimal	Non-essential
EHJ92460_1	SGDS	0.2902343858032029	0.29023438580320765	1.0000000000000164	optimal	Non-essential
EHJ92518_1	GPDDA1_1;GPDDA2_1;GPDDA3_1;GPDDA4_1;GPDDA5	0.2902343858032029	0.29023438580320765	1.0000000000000164	optimal	Non-essential
EHJ92617_1	PUNP1	0.2902343858032029	0.29023438580320765	1.0000000000000164	optimal	Non-essential
EHJ92680_1	4HPROE	0.2902343858032029	0.29023438580320765	1.0000000000000164	optimal	Non-essential
EHJ92781_1	RHCCE	0.2902343858032029	0.29023438580320765	1.0000000000000164	optimal	Non-essential
EHJ92819_1	NTPP6	0.2902343858032029	0.29023438580320765	1.0000000000000164	optimal	Non-essential
EHJ92856_1	GALURt2rpp;GLCURt2rpp	0.2902343858032029	0.29023438580320765	1.0000000000000164	optimal	Non-essential
EHJ92909_1	CLPNS120pp;CLPNS140pp;CLPNS141pp;CLPNS160pp;CLPNS161pp;CLPNS180pp;CLPNS181pp	0.2902343858032029	0.29023438580320765	1.0000000000000164	optimal	Non-essential
EHJ92923_1	THIORDXi	0.2902343858032029	0.29023438580320765	1.0000000000000164	optimal	Non-essential
EHJ93005_1	CYTBD2pp;CYTBDpp	0.2902343858032029	0.29023438580320765	1.0000000000000164	optimal	Non-essential
EHJ93106_1	METDabc	0.2902343858032029	0.29023438580320765	1.0000000000000164	optimal	Non-essential
EHJ93156_1	MDDEP1pp;MDDEP2pp;MDDEP3pp;MDDEP4pp	0.2902343858032029	0.29023438580320765	1.0000000000000164	optimal	Non-essential
EHJ93395_1	GALURt2rpp;GLCURt2rpp	0.2902343858032029	0.29023438580320765	1.0000000000000164	optimal	Non-essential
EHJ93524_1	IMPD	0.2902343858032029	0.29023438580320765	1.0000000000000164	optimal	Non-essential
EHJ93577_1	GLUSy	0.2902343858032029	0.29023438580320765	1.0000000000000164	optimal	Non-essential
EHJ93657_1	NDPK1;NDPK2;NDPK3;NDPK4;NDPK5;NDPK6;NDPK7;NDPK8;NDPK9	0.2902343858032029	0.29023438580320765	1.0000000000000164	optimal	Non-essential
EHJ93747_1	SULabc;TSULabc	0.2902343858032029	0.29023438580320765	1.0000000000000164	optimal	Non-essential
EHJ93779_1	DASYN120;DASYN140;DASYN141;DASYN160;DASYN161;DASYN180;DASYN181	0.2902343858032029	0.29023438580320765	1.0000000000000164	optimal	Non-essential
EHJ93817_1	AP4AS	0.2902343858032029	0.29023438580320765	1.0000000000000164	optimal	Non-essential
EHJ93835_1	2AACLPGT161;2AACLPPEAT161	0.2902343858032029	0.29023438580320765	1.0000000000000164	optimal	Non-essential
EHJ93866_1	P5CR	0.2902343858032029	0.29023438580320765	1.0000000000000164	optimal	Non-essential
EHJ93927_1	CDGUNPD	0.2902343858032029	0.29023438580320765	1.0000000000000164	optimal	Non-essential
EHJ94179_1	LDH_L;L_LACD2;L_LACD3	0.2902343858032029	0.29023438580320765	1.0000000000000164	optimal	Non-essential
EHJ94239_1	MAN6PI	0.2902343858032029	0.29023438580320765	1.0000000000000164	optimal	Non-essential
EHJ94287_1	ATPS4rpp	0.2902343858032029	0.29023438580320765	1.0000000000000164	optimal	Non-essential
EHJ94332_1	GDPDPK;GDPTPDP;PPGPPDP	0.2902343858032029	0.29023438580320765	1.0000000000000164	optimal	Non-essential
EHJ94447_1	UPPDC1	0.2902343858032029	0.29023438580320765	1.0000000000000164	optimal	Non-essential
EHJ94513_1	LYSabcpp;ORNabcpp	0.2902343858032029	0.29023438580320765	1.0000000000000164	optimal	Non-essential
EHJ94592_1	NADH5	0.2902343858032029	0.29023438580320765	1.0000000000000164	optimal	Non-essential
EHJ94629_1	SULabc	0.2902343858032029	0.29023438580320765	1.0000000000000164	optimal	Non-essential
EHJ94635_1	D5KGK;DKDID	0.2902343858032029	0.29023438580320765	1.0000000000000164	optimal	Non-essential
EHJ94680_1	HACD1;HACD1i;HACD2i;HACD3i;HACD4i;HACD5i;HACD6i;HACD7i;HACD8i;HACD9	0.2902343858032029	0.29023438580320765	1.0000000000000164	optimal	Non-essential
EHJ94735_1	ADPRDP	0.2902343858032029	0.29023438580320765	1.0000000000000164	optimal	Non-essential
EHJ94786_1	FNRR3	0.2902343858032029	0.29023438580320765	1.0000000000000164	optimal	Non-essential
EHJ94888_1	GALM1;GALM2;GalMr	0.2902343858032029	0.29023438580320765	1.0000000000000164	optimal	Non-essential
EHJ94932_1	BPNT	0.2902343858032029	0.29023438580320765	1.0000000000000164	optimal	Non-essential
EHJ91245_1	PSP_L	0.2902343858032029	0.2902343858032077	1.0000000000000167	optimal	Non-essential
EHJ91452_1	MCCC	0.2902343858032029	0.2902343858032077	1.0000000000000167	optimal	Non-essential
EHJ91604_1	IDPh_1;PPA	0.2902343858032029	0.2902343858032077	1.0000000000000167	optimal	Non-essential
EHJ91611_1	CDGUNPD	0.2902343858032029	0.2902343858032077	1.0000000000000167	optimal	Non-essential
EHJ91859_1	ACtex;CO2tex;H2Otex;MEOHtex;NH4tex;NO2tex;NO3tex	0.2902343858032029	0.2902343858032077	1.0000000000000167	optimal	Non-essential
EHJ91908_1	PPS	0.2902343858032029	0.2902343858032077	1.0000000000000167	optimal	Non-essential
EHJ91911_1	AGM3PH;AGM4PH;AGMH	0.2902343858032029	0.2902343858032077	1.0000000000000167	optimal	Non-essential
EHJ92019_1	MLTGY1pp;MLTGY2pp;MLTGY3pp;MLTGY4pp	0.2902343858032029	0.2902343858032077	1.0000000000000167	optimal	Non-essential
EHJ92152_1	G6PI;G6PI3;PGI;PGI1c	0.2902343858032029	0.2902343858032077	1.0000000000000167	optimal	Non-essential
EHJ92220_1	ACACT1r;ACACT3r;ACACT5r	0.2902343858032029	0.2902343858032077	1.0000000000000167	optimal	Non-essential
EHJ92396_1	COabc	0.2902343858032029	0.2902343858032077	1.0000000000000167	optimal	Non-essential
EHJ92626_1	ACOTA;SDPTA;SOTA	0.2902343858032029	0.2902343858032077	1.0000000000000167	optimal	Non-essential
EHJ92788_1	CD2abcpp;CU2abcpp;NI2abcpp;ZN2abcpp	0.2902343858032029	0.2902343858032077	1.0000000000000167	optimal	Non-essential
EHJ92860_1	MOBDabcpp;SULabc;TSULabc	0.2902343858032029	0.2902343858032077	1.0000000000000167	optimal	Non-essential
EHJ92869_1	ALLTNt2r;URAt2	0.2902343858032029	0.2902343858032077	1.0000000000000167	optimal	Non-essential
EHJ92883_1	GLYCTO1;LDH_D2	0.2902343858032029	0.2902343858032077	1.0000000000000167	optimal	Non-essential
EHJ92913_1	PDH;PDHbr	0.2902343858032029	0.2902343858032077	1.0000000000000167	optimal	Non-essential
EHJ92935_1	PRFGS	0.2902343858032029	0.2902343858032077	1.0000000000000167	optimal	Non-essential
EHJ93000_1	FE3abcpp;PTRCabc;PTRCabcpp	0.2902343858032029	0.2902343858032077	1.0000000000000167	optimal	Non-essential
EHJ93002_1	CYSabc2pp;CYTBD2pp;GTHRDabc2pp	0.2902343858032029	0.2902343858032077	1.0000000000000167	optimal	Non-essential
EHJ93036_1	DHQTi	0.2902343858032029	0.2902343858032077	1.0000000000000167	optimal	Non-essential
EHJ93046_1	TRDR	0.2902343858032029	0.2902343858032077	1.0000000000000167	optimal	Non-essential
EHJ93506_1	RHCCE	0.2902343858032029	0.2902343858032077	1.0000000000000167	optimal	Non-essential
EHJ93681_1	BTS4	0.2902343858032029	0.2902343858032077	1.0000000000000167	optimal	Non-essential
EHJ93738_1	AMPTASEAH;AMPTASEAL;AMPTASEAT;AMPTASEATRP;AMPTASECG;AMPTASEGGLN;AMPTASEGGLU;AMPTASEGM;AMPTASEGS;AMPTASEHG;AMPTASEHH;AMPTASEPG;GLYGLYCNc;GLYPHEHYc;LALGP;LEULEULAPc	0.2902343858032029	0.2902343858032077	1.0000000000000167	optimal	Non-essential
EHJ93739_1	ILETA;LEUTA;VALTA	0.2902343858032029	0.2902343858032077	1.0000000000000167	optimal	Non-essential
EHJ94199_1	E4PD	0.2902343858032029	0.2902343858032077	1.0000000000000167	optimal	Non-essential
EHJ94256_1	CPPPGO2	0.2902343858032029	0.2902343858032077	1.0000000000000167	optimal	Non-essential
EHJ94297_1	AHMMPS_1	0.2902343858032029	0.2902343858032077	1.0000000000000167	optimal	Non-essential
EHJ94402_1	HPYRRx	0.2902343858032029	0.2902343858032077	1.0000000000000167	optimal	Non-essential
EHJ94442_1	ARGabcpp;ASPabcpp;GLUabcpp;HISabcpp;ILEabcpp;LEUabcpp;METabcpp;PROabcpp;VALabcpp	0.2902343858032029	0.2902343858032077	1.0000000000000167	optimal	Non-essential
EHJ94456_1	PGCD	0.2902343858032029	0.2902343858032077	1.0000000000000167	optimal	Non-essential
EHJ94515_1	ARUH;ASPTA	0.2902343858032029	0.2902343858032077	1.0000000000000167	optimal	Non-essential
EHJ94631_1	AEPTA	0.2902343858032029	0.2902343858032077	1.0000000000000167	optimal	Non-essential
EHJ94678_1	DABAAT2	0.2902343858032029	0.2902343858032077	1.0000000000000167	optimal	Non-essential
EHJ94725_1	FRD2;FRD3	0.2902343858032029	0.2902343858032077	1.0000000000000167	optimal	Non-essential
EHJ94763_1	ASPabcpp;GLUabcpp	0.2902343858032029	0.2902343858032077	1.0000000000000167	optimal	Non-essential
EHJ94930_1	GTHRDt2_1;METDabc;METSabc;METabc	0.2902343858032029	0.2902343858032077	1.0000000000000167	optimal	Non-essential
EHJ91250_1	Kt3pp	0.2902343858032029	0.29023438580320776	1.0000000000000169	optimal	Non-essential
EHJ91268_1	CYANST	0.2902343858032029	0.29023438580320776	1.0000000000000169	optimal	Non-essential
EHJ91406_1	RNDR1;RNDR2;RNDR3;RNDR4	0.2902343858032029	0.29023438580320776	1.0000000000000169	optimal	Non-essential
EHJ91440_1	NTPP1;NTPP2;NTPP4;NTPP6;NTPP7;NTPP8	0.2902343858032029	0.29023438580320776	1.0000000000000169	optimal	Non-essential
EHJ91543_1	BETALDHx;BETALDHy	0.2902343858032029	0.29023438580320776	1.0000000000000169	optimal	Non-essential
EHJ91546_1	CD2t4pp;COBALTt4pp;FE2t4pp;NI2t4pp;ZN2t4pp	0.2902343858032029	0.29023438580320776	1.0000000000000169	optimal	Non-essential
EHJ91698_1	OCOAT1	0.2902343858032029	0.29023438580320776	1.0000000000000169	optimal	Non-essential
EHJ91748_1	METSOXR1;METSOXR2	0.2902343858032029	0.29023438580320776	1.0000000000000169	optimal	Non-essential
EHJ91825_1	SULabc;TSULabc	0.2902343858032029	0.29023438580320776	1.0000000000000169	optimal	Non-essential
EHJ92237_1	ASR	0.2902343858032029	0.29023438580320776	1.0000000000000169	optimal	Non-essential
EHJ92309_1	PGSA120;PGSA140;PGSA141;PGSA160;PGSA161;PGSA180;PGSA181	0.2902343858032029	0.29023438580320776	1.0000000000000169	optimal	Non-essential
EHJ92342_1	MOBDabcpp;SELtpp;SLNTtpp;SULabcpp;TSULabcpp	0.2902343858032029	0.29023438580320776	1.0000000000000169	optimal	Non-essential
EHJ92476_1	NAPRT	0.2902343858032029	0.29023438580320776	1.0000000000000169	optimal	Non-essential
EHJ92555_1	COALCDH	0.2902343858032029	0.29023438580320776	1.0000000000000169	optimal	Non-essential
EHJ92724_1	MPTG;MPTG2	0.2902343858032029	0.29023438580320776	1.0000000000000169	optimal	Non-essential
EHJ92844_1	AALDH;ALCD19;ALCD2x	0.2902343858032029	0.29023438580320776	1.0000000000000169	optimal	Non-essential
EHJ93154_1	NI2uabcpp	0.2902343858032029	0.29023438580320776	1.0000000000000169	optimal	Non-essential
EHJ93311_1	CYTBO3_4pp	0.2902343858032029	0.29023438580320776	1.0000000000000169	optimal	Non-essential
EHJ93313_1	CYTBO3_4pp	0.2902343858032029	0.29023438580320776	1.0000000000000169	optimal	Non-essential
EHJ93346_1	ATHRDHr;DSERDHr	0.2902343858032029	0.29023438580320776	1.0000000000000169	optimal	Non-essential
EHJ93412_1	FEOXAMtonex	0.2902343858032029	0.29023438580320776	1.0000000000000169	optimal	Non-essential
EHJ93440_1	G2PP;MI1PP	0.2902343858032029	0.29023438580320776	1.0000000000000169	optimal	Non-essential
EHJ93477_1	GLUR	0.2902343858032029	0.29023438580320776	1.0000000000000169	optimal	Non-essential
EHJ93562_1	OAADC;OAADCS	0.2902343858032029	0.29023438580320776	1.0000000000000169	optimal	Non-essential
EHJ93717_1	THZPSN	0.2902343858032029	0.29023438580320776	1.0000000000000169	optimal	Non-essential
EHJ93984_1	NTD1;NTD10;NTD2;NTD3;NTD4;NTD5;NTD6;NTD7;NTD8;NTD9	0.2902343858032029	0.29023438580320776	1.0000000000000169	optimal	Non-essential
EHJ94272_1	GLNabcpp	0.2902343858032029	0.29023438580320776	1.0000000000000169	optimal	Non-essential
EHJ94293_1	NAt3_2	0.2902343858032029	0.29023438580320776	1.0000000000000169	optimal	Non-essential
EHJ94383_1	GLUt2rpp;GLUt4pp	0.2902343858032029	0.29023438580320776	1.0000000000000169	optimal	Non-essential
EHJ94565_1	CTECOAI6;CTECOAI7;CTECOAI8;ECOAH1;ECOAH2;ECOAH3;ECOAH4;ECOAH5;ECOAH6;ECOAH7;ECOAH8;VECOAH	0.2902343858032029	0.29023438580320776	1.0000000000000169	optimal	Non-essential
EHJ94636_1	INS2D	0.2902343858032029	0.29023438580320776	1.0000000000000169	optimal	Non-essential
EHJ94728_1	DHNCOAS;NPHS	0.2902343858032029	0.29023438580320776	1.0000000000000169	optimal	Non-essential
EHJ94773_1	DHPM1;DHPM2	0.2902343858032029	0.29023438580320776	1.0000000000000169	optimal	Non-essential
EHJ94894_1	HEX1	0.2902343858032029	0.29023438580320776	1.0000000000000169	optimal	Non-essential
EHJ92106_1	UDPG4E	0.2902343858032029	0.2902343858032078	1.000000000000017	optimal	Non-essential
EHJ92328_1	AI2tpp	0.2902343858032029	0.2902343858032078	1.000000000000017	optimal	Non-essential
EHJ92367_1	PTRCabc;PTRCabcpp	0.2902343858032029	0.2902343858032078	1.000000000000017	optimal	Non-essential
EHJ92441_1	24DECOAR	0.2902343858032029	0.2902343858032078	1.000000000000017	optimal	Non-essential
EHJ94103_1	ACTD	0.2902343858032029	0.2902343858032078	1.000000000000017	optimal	Non-essential
EHJ94290_1	NAt3_2	0.2902343858032029	0.2902343858032078	1.000000000000017	optimal	Non-essential
EHJ91080_1	CYANST	0.2902343858032029	0.29023438580320793	1.0000000000000173	optimal	Non-essential
EHJ91119_1	RBFSa;RBFSb	0.2902343858032029	0.29023438580320793	1.0000000000000173	optimal	Non-essential
EHJ91165_1	ACtex;CO2tex;GLCtex;GLNtex;GLUtex;H2O2tex;H2Otex;MANtex;MEOHtex;NH4tex;NO2tex;NO3tex;O2tex	0.2902343858032029	0.2902343858032079	1.0000000000000173	optimal	Non-essential
EHJ91196_1	URCN	0.2902343858032029	0.2902343858032079	1.0000000000000173	optimal	Non-essential
EHJ91390_1	MCOATA	0.2902343858032029	0.29023438580320793	1.0000000000000173	optimal	Non-essential
EHJ91596_1	OXPTNDH;SSALx;SSALy;SSCOARy	0.2902343858032029	0.2902343858032079	1.0000000000000173	optimal	Non-essential
EHJ91700_1	GRXR;PAPSR2;RNDR1b;RNDR2b;RNDR3b;RNDR4b	0.2902343858032029	0.29023438580320793	1.0000000000000173	optimal	Non-essential
EHJ92110_1	PHEME2abcpp;SHEME2abcpp	0.2902343858032029	0.2902343858032079	1.0000000000000173	optimal	Non-essential
EHJ92121_1	HEX1	0.2902343858032029	0.2902343858032079	1.0000000000000173	optimal	Non-essential
EHJ92164_1	FEROc;FEROpp	0.2902343858032029	0.29023438580320793	1.0000000000000173	optimal	Non-essential
EHJ92181_1	P5CD;PHCD;PROD2;PROD3;PUTA3;PY5CDHE	0.2902343858032029	0.2902343858032079	1.0000000000000173	optimal	Non-essential
EHJ92218_1	MSO3abcpp;ZNabc	0.2902343858032029	0.29023438580320793	1.0000000000000173	optimal	Non-essential
EHJ92365_1	PTRCabcpp	0.2902343858032029	0.29023438580320793	1.0000000000000173	optimal	Non-essential
EHJ92537_1	GLUTRR	0.2902343858032029	0.2902343858032079	1.0000000000000173	optimal	Non-essential
EHJ92578_1	MMSAD3;MMTSAO;PPNDH2	0.2902343858032029	0.2902343858032079	1.0000000000000173	optimal	Non-essential
EHJ92625_1	AST	0.2902343858032029	0.2902343858032079	1.0000000000000173	optimal	Non-essential
EHJ92656_1	CHOLD	0.2902343858032029	0.2902343858032079	1.0000000000000173	optimal	Non-essential
EHJ92882_1	GLYCTO1;GLYCTO2;GLYCTO3;GLYCTO4;LDH_D2;UAPGR	0.2902343858032029	0.29023438580320793	1.0000000000000173	optimal	Non-essential
EHJ92968_1	GLYBt2r	0.2902343858032029	0.29023438580320793	1.0000000000000173	optimal	Non-essential
EHJ93123_1	GLUDxi	0.2902343858032029	0.29023438580320793	1.0000000000000173	optimal	Non-essential
EHJ93505_1	PRAMPC;PRATPP	0.2902343858032029	0.29023438580320793	1.0000000000000173	optimal	Non-essential
EHJ93743_1	TAUDO	0.2902343858032029	0.29023438580320793	1.0000000000000173	optimal	Non-essential
EHJ93772_1	ACACT8r;VCACT	0.2902343858032029	0.2902343858032079	1.0000000000000173	optimal	Non-essential
EHJ94266_1	HMPK1;PMPK	0.2902343858032029	0.2902343858032079	1.0000000000000173	optimal	Non-essential
EHJ94283_1	ATPS4rpp	0.2902343858032029	0.2902343858032079	1.0000000000000173	optimal	Non-essential
EHJ94568_1	3OXCOAT;ACACT1r	0.2902343858032029	0.2902343858032079	1.0000000000000173	optimal	Non-essential
EHJ94829_1	23DK5MPPISO;ENOPH;MDRPD	0.2902343858032029	0.29023438580320793	1.0000000000000173	optimal	Non-essential
EHJ94836_1	GLYC3Pabc	0.2902343858032029	0.29023438580320793	1.0000000000000173	optimal	Non-essential
EHJ91836_1	CHLabcpp;GLYBabcpp	0.2902343858032029	0.290234385803208	1.0000000000000175	optimal	Non-essential
EHJ92573_1	MGt5	0.2902343858032029	0.290234385803208	1.0000000000000175	optimal	Non-essential
EHJ92700_1	GTHRDabc2pp	0.2902343858032029	0.290234385803208	1.0000000000000175	optimal	Non-essential
EHJ92884_1	GLYCTO1;GLYCTO2;GLYCTO3;GLYCTO4;LDH_D2	0.2902343858032029	0.290234385803208	1.0000000000000175	optimal	Non-essential
EHJ93911_1	NTP1	0.2902343858032029	0.29023438580320804	1.0000000000000178	optimal	Non-essential
EHJ94659_1	PHEMEtonex;SHEMEtonex	0.2902343858032029	0.29023438580320804	1.0000000000000178	optimal	Non-essential
EHJ92146_1	AGPOP;PYK	0.2902343858032029	0.29023438580320815	1.0000000000000182	optimal	Non-essential
EHJ94223_1	AMPEP1;AMPEP10;AMPEP11;AMPEP13;AMPEP14;AMPEP15;AMPEP18;AMPEP5;AMPEP8;AMPTASECG	0.2902343858032029	0.29023438580320815	1.0000000000000182	optimal	Non-essential
EHJ91710_1	NH4tpp_1	0.2902343858032029	0.2902343858032082	1.0000000000000184	optimal	Non-essential
EHJ93182_1	AKGDH;AKGDb;GLCOASYNT;OXOADLR	0.2902343858032029	0.2902343858032082	1.0000000000000184	optimal	Non-essential
EHJ91356_1	UAMAS	0.2902343858032029	0.2902343858032083	1.0000000000000187	optimal	Non-essential
EHJ92456_1	MALDDH	0.2902343858032029	0.2902343858032083	1.0000000000000187	optimal	Non-essential
EHJ92794_1	RHCCE	0.2902343858032029	0.2902343858032083	1.0000000000000187	optimal	Non-essential
EHJ93022_1	GLUNpp;IG3PS	0.2902343858032029	0.2902343858032083	1.0000000000000187	optimal	Non-essential
EHJ93223_1	MCTP1Bpp	0.2902343858032029	0.2902343858032083	1.0000000000000187	optimal	Non-essential
EHJ93922_1	CAt6pp	0.2902343858032029	0.2902343858032083	1.0000000000000187	optimal	Non-essential
EHJ93986_1	PGPP160	0.2902343858032029	0.2902343858032083	1.0000000000000187	optimal	Non-essential
EHJ94194_1	NADDPp_1	0.2902343858032029	0.2902343858032083	1.0000000000000187	optimal	Non-essential
EHJ94640_1	RIBabcpp	0.2902343858032029	0.2902343858032083	1.0000000000000187	optimal	Non-essential
EHJ94827_1	MTRI;MTRK	0.2902343858032029	0.2902343858032083	1.0000000000000187	optimal	Non-essential
EHJ92053_1	LYSt3r	0.2902343858032029	0.2902343858032084	1.0000000000000189	optimal	Non-essential
EHJ92414_1	Kt3r;NAt3_1;NAt3_2	0.2902343858032029	0.2902343858032084	1.0000000000000189	optimal	Non-essential
EHJ92492_1	PGMT	0.2902343858032029	0.2902343858032084	1.0000000000000189	optimal	Non-essential
EHJ92735_1	DHNPA_1	0.2902343858032029	0.2902343858032084	1.0000000000000189	optimal	Non-essential
EHJ92842_1	CHLt2;CHLt2pp	0.2902343858032029	0.2902343858032084	1.0000000000000189	optimal	Non-essential
EHJ92868_1	ALLTNt2r;URAt2	0.2902343858032029	0.2902343858032084	1.0000000000000189	optimal	Non-essential
EHJ93763_1	OPHBDC	0.2902343858032029	0.2902343858032084	1.0000000000000189	optimal	Non-essential
EHJ94617_1	PNTOt4pp	0.2902343858032029	0.2902343858032084	1.0000000000000189	optimal	Non-essential
EHJ91303_1	DNADDP;NTPP3;NTPP5;NTPP7;NTPP8	0.2902343858032029	0.29023438580320843	1.000000000000019	optimal	Non-essential
EHJ91403_1	SUCD4	0.2902343858032029	0.29023438580320843	1.000000000000019	optimal	Non-essential
EHJ91533_1	GLYK;GLYK1	0.2902343858032029	0.29023438580320843	1.000000000000019	optimal	Non-essential
EHJ91680_1	NO3R1pp;NO3R2pp	0.2902343858032029	0.29023438580320843	1.000000000000019	optimal	Non-essential
EHJ91926_1	ADEt2rpp	0.2902343858032029	0.29023438580320843	1.000000000000019	optimal	Non-essential
EHJ91927_1	RBFSa;RBFSb	0.2902343858032029	0.29023438580320843	1.000000000000019	optimal	Non-essential
EHJ92145_1	GAPD	0.2902343858032029	0.29023438580320843	1.000000000000019	optimal	Non-essential
EHJ92212_1	ACACT10;ACACT11;ACACT12;ACACT13;ACACT1r;ACACT2r;ACACT4r;ACACT6r;ACACT7r;ACACT8;ACACT9;KAT1;KAT10;KAT11;KAT12;KAT13;KAT14;KAT15;KAT16;KAT17;KAT18;KAT19;KAT20;KAT21;KAT22;KAT23;KAT24;KAT25;KAT26;KAT27;KAT28;KAT29;KAT30;KAT31;KAT32;KAT33;MACCOAT	0.2902343858032029	0.29023438580320843	1.000000000000019	optimal	Non-essential
EHJ92219_1	ACSPHAC121d6;ACSPHAC141d5	0.2902343858032029	0.29023438580320843	1.000000000000019	optimal	Non-essential
EHJ92412_1	Kt3r;NAt3_1	0.2902343858032029	0.29023438580320843	1.000000000000019	optimal	Non-essential
EHJ92434_1	NADDP	0.2902343858032029	0.29023438580320843	1.000000000000019	optimal	Non-essential
EHJ92736_1	HPPK	0.2902343858032029	0.29023438580320843	1.000000000000019	optimal	Non-essential
EHJ92738_1	AP4AH	0.2902343858032029	0.29023438580320843	1.000000000000019	optimal	Non-essential
EHJ92749_1	ADMDC	0.2902343858032029	0.29023438580320843	1.000000000000019	optimal	Non-essential
EHJ92796_1	F1PP;F6PP;G1PP;G6PP;GNP;PGMT;R5PP;RU5PP	0.2902343858032029	0.29023438580320843	1.000000000000019	optimal	Non-essential
EHJ92896_1	CPPPGO2	0.2902343858032029	0.29023438580320843	1.000000000000019	optimal	Non-essential
EHJ92982_1	FACOAE140;FACOAE160;FACOAE161	0.2902343858032029	0.29023438580320843	1.000000000000019	optimal	Non-essential
EHJ92992_1	GLYCK	0.2902343858032029	0.29023438580320843	1.000000000000019	optimal	Non-essential
EHJ93006_1	CYTBD2pp;CYTBDpp	0.2902343858032029	0.29023438580320843	1.000000000000019	optimal	Non-essential
EHJ93074_1	UAG4Ei;UDPG4E	0.2902343858032029	0.29023438580320843	1.000000000000019	optimal	Non-essential
EHJ93184_1	SUCDi	0.2902343858032029	0.29023438580320843	1.000000000000019	optimal	Non-essential
EHJ93254_1	PROabc;SULabc;TSULabc	0.2902343858032029	0.29023438580320843	1.000000000000019	optimal	Non-essential
EHJ93324_1	IMPD	0.2902343858032029	0.29023438580320843	1.000000000000019	optimal	Non-essential
EHJ93586_1	MCTP1App;MCTP1Bpp;MCTP2App;MPTG;MPTG2	0.2902343858032029	0.29023438580320843	1.000000000000019	optimal	Non-essential
EHJ94029_1	MNabc	0.2902343858032029	0.29023438580320843	1.000000000000019	optimal	Non-essential
EHJ94038_1	HETZK	0.2902343858032029	0.29023438580320843	1.000000000000019	optimal	Non-essential
EHJ94073_1	NTP3	0.2902343858032029	0.29023438580320843	1.000000000000019	optimal	Non-essential
EHJ94351_1	PIabc;PIuabcpp;PPIuabcpp	0.2902343858032029	0.29023438580320843	1.000000000000019	optimal	Non-essential
EHJ94354_1	PIuabcpp;PPIuabcpp	0.2902343858032029	0.29023438580320843	1.000000000000019	optimal	Non-essential
EHJ94644_1	MMSAD1;MMSAD3;MMTSAO;PPNDH2	0.2902343858032029	0.29023438580320843	1.000000000000019	optimal	Non-essential
EHJ94646_1	MG2tpp	0.2902343858032029	0.29023438580320843	1.000000000000019	optimal	Non-essential
EHJ94724_1	FRD2;FRD3	0.2902343858032029	0.29023438580320843	1.000000000000019	optimal	Non-essential
EHJ93322_1	DURIPP;PUNP1;PUNP2;PUNP3;PUNP4;PUNP5;PUNP6;PUNP7	0.2902343858032029	0.2902343858032085	1.0000000000000193	optimal	Non-essential
EHJ91156_1	DNMPPA;DNTPPA	0.2902343858032029	0.29023438580320854	1.0000000000000195	optimal	Non-essential
EHJ91697_1	OCOAT1	0.2902343858032029	0.29023438580320854	1.0000000000000195	optimal	Non-essential
EHJ91818_1	3PEPTabcpp;4PEPTabcpp	0.2902343858032029	0.29023438580320854	1.0000000000000195	optimal	Non-essential
EHJ91861_1	HEMEOS	0.2902343858032029	0.29023438580320854	1.0000000000000195	optimal	Non-essential
EHJ92334_1	ANPRT	0.2902343858032029	0.29023438580320854	1.0000000000000195	optimal	Non-essential
EHJ92413_1	Kt3r;NAt3_1;NAt3_2	0.2902343858032029	0.29023438580320854	1.0000000000000195	optimal	Non-essential
EHJ93802_1	DUTPDP;NDP8	0.2902343858032029	0.29023438580320854	1.0000000000000195	optimal	Non-essential
EHJ94484_1	UREA;UREA_1	0.2902343858032029	0.29023438580320854	1.0000000000000195	optimal	Non-essential
EHJ91169_1	IND3ACtpp	0.2902343858032029	0.2902343858032086	1.0000000000000198	optimal	Non-essential
EHJ91374_1	PA120abcpp;PA160abcpp;PA161abcpp;PA180abcpp;PA181abcpp;PE120abcpp;PE140abcpp;PE141abcpp;PE160abcpp;PE161abcpp;PE180abcpp;PE181abcpp;PG120abcpp;PG140abcpp;PG141abcpp;PG160abcpp;PG161abcpp;PG180abcpp;PG181abcpp;PGP120abcpp;PGP140abcpp;PGP141abcpp;PGP160abcpp;PGP161abcpp;PGP180abcpp;PGP181abcpp	0.2902343858032029	0.2902343858032086	1.0000000000000198	optimal	Non-essential
EHJ91807_1	ACS2	0.2902343858032029	0.2902343858032086	1.0000000000000198	optimal	Non-essential
EHJ92137_1	G6PBDH;G6PDH2r	0.2902343858032029	0.2902343858032086	1.0000000000000198	optimal	Non-essential
EHJ92956_1	PPK;PPK2;PPK50_B;PPK50r	0.2902343858032029	0.2902343858032086	1.0000000000000198	optimal	Non-essential
EHJ93312_1	CYTBO3_4pp	0.2902343858032029	0.2902343858032086	1.0000000000000198	optimal	Non-essential
EHJ94364_1	PPPGO	0.2902343858032029	0.2902343858032086	1.0000000000000198	optimal	Non-essential
EHJ94858_1	PTRCabc;PTRCabcpp	0.2902343858032029	0.2902343858032086	1.0000000000000198	optimal	Non-essential
EHJ91247_1	Kt3pp	0.2902343858032029	0.2902343858032087	1.00000000000002	optimal	Non-essential
EHJ91423_1	DDPA	0.2902343858032029	0.29023438580320865	1.00000000000002	optimal	Non-essential
EHJ91531_1	SO4t4pp_1	0.2902343858032029	0.2902343858032087	1.00000000000002	optimal	Non-essential
EHJ91742_1	GALUi	0.2902343858032029	0.2902343858032087	1.00000000000002	optimal	Non-essential
EHJ92984_1	ACSERtpp;CYStpp	0.2902343858032029	0.2902343858032087	1.00000000000002	optimal	Non-essential
EHJ94134_1	PDE1	0.2902343858032029	0.2902343858032087	1.00000000000002	optimal	Non-essential
EHJ94427_1	FE3DCITR3	0.2902343858032029	0.2902343858032087	1.00000000000002	optimal	Non-essential
EHJ94489_1	UREA;UREA_1	0.2902343858032029	0.29023438580320865	1.00000000000002	optimal	Non-essential
EHJ94567_1	HACD1i;HACD2i;HACD3i;HACD4i;HACD5i;HACD6i;HACD7i;HACD8i	0.2902343858032029	0.2902343858032087	1.00000000000002	optimal	Non-essential
EHJ91399_1	DNMPPA	0.2902343858032029	0.29023438580320876	1.0000000000000202	optimal	Non-essential
EHJ91463_1	HMGL_2	0.2902343858032029	0.29023438580320876	1.0000000000000202	optimal	Non-essential
EHJ91614_1	CDGUNPD	0.2902343858032029	0.29023438580320876	1.0000000000000202	optimal	Non-essential
EHJ91634_1	DMPPS;IPDPS	0.2902343858032029	0.29023438580320876	1.0000000000000202	optimal	Non-essential
EHJ91702_1	BDH	0.2902343858032029	0.29023438580320876	1.0000000000000202	optimal	Non-essential
EHJ91720_1	CLPNS120pp;CLPNS140pp;CLPNS141pp;CLPNS160pp;CLPNS161pp;CLPNS180pp;CLPNS181pp	0.2902343858032029	0.29023438580320876	1.0000000000000202	optimal	Non-essential
EHJ91767_1	FADt;FMNt	0.2902343858032029	0.29023438580320876	1.0000000000000202	optimal	Non-essential
EHJ91790_1	CA2abcpp	0.2902343858032029	0.29023438580320876	1.0000000000000202	optimal	Non-essential
EHJ91880_1	ADD;DADA	0.2902343858032029	0.29023438580320876	1.0000000000000202	optimal	Non-essential
EHJ91939_1	DCTPD;DCTPD2	0.2902343858032029	0.29023438580320876	1.0000000000000202	optimal	Non-essential
EHJ92009_1	ECOAH12	0.2902343858032029	0.29023438580320876	1.0000000000000202	optimal	Non-essential
EHJ92037_1	3PEPTabcpp;4PEPTabcpp;ALAALAabcpp;ALAGLUabcpp;ALAHISabcpp;ALALEUabcpp;ALATHRabcpp;ALATRPabcpp;CARNabcpp;CGLYabcpp;DIPEPabc1;DIPEPabc10;DIPEPabc12;DIPEPabc13;DIPEPabc14;DIPEPabc15;DIPEPabc3;DIPEPabc8;GLYGLNabcpp;GLYGLUabcpp;GLYGLYabcpp;GLYMETabcpp;GLYPHEabcpp;GLYSERabcpp;HISGLYabcpp;HISHISabcpp;LEULEUabcpp;PROGLYabcpp;RMNabc;XYLabc	0.2902343858032029	0.29023438580320876	1.0000000000000202	optimal	Non-essential
EHJ92108_1	ACSERtpp;CYStpp	0.2902343858032029	0.29023438580320876	1.0000000000000202	optimal	Non-essential
EHJ92130_1	GALCTND	0.2902343858032029	0.29023438580320876	1.0000000000000202	optimal	Non-essential
EHJ92213_1	23CTI1;23CTI2;23CTI3;3HPTNCOAR;ECOAH1;ECOAH12;ECOAH14;ECOAH15;ECOAH16;ECOAH17;ECOAH18;ECOAH19;ECOAH2;ECOAH20;ECOAH21;ECOAH22;ECOAH23;ECOAH24;ECOAH25;ECOAH26;ECOAH27;ECOAH28;ECOAH29;ECOAH3;ECOAH30;ECOAH31;ECOAH32;ECOAH33;ECOAH34;ECOAH35;ECOAH36;ECOAH37;ECOAH38;ECOAH4;ECOAH5;ECOAH6;ECOAH7;ECOAH8;ECOAH9ir;HACD10i;HACD11i;HACD12i;HACD13i;HACD14i;HACD15i;HACD16i;HACD17i;HACD18i;HACD19i;HACD20i;HACD21i;HACD22i;HACD23i;HACD24i;HACD25i;HACD26i;HACD27i;HACD28i;HACD29i;HACD30i;HACD31i;HACD32i;HACD33i;HADPCOADH3;HBCE;HVCD;VECOAH	0.2902343858032029	0.29023438580320876	1.0000000000000202	optimal	Non-essential
EHJ92282_1	PIabc;PIuabcpp	0.2902343858032029	0.29023438580320876	1.0000000000000202	optimal	Non-essential
EHJ92284_1	PIabc	0.2902343858032029	0.29023438580320876	1.0000000000000202	optimal	Non-essential
EHJ92335_1	ADCS;ANS;ANS2	0.2902343858032029	0.29023438580320876	1.0000000000000202	optimal	Non-essential
EHJ92337_1	H2tpp	0.2902343858032029	0.29023438580320876	1.0000000000000202	optimal	Non-essential
EHJ92446_1	ALAt4;ALAt4pp	0.2902343858032029	0.29023438580320876	1.0000000000000202	optimal	Non-essential
EHJ92602_1	GUACYC	0.2902343858032029	0.29023438580320876	1.0000000000000202	optimal	Non-essential
EHJ92743_1	PDX5PS	0.2902343858032029	0.29023438580320876	1.0000000000000202	optimal	Non-essential
EHJ92809_1	PPND	0.2902343858032029	0.29023438580320876	1.0000000000000202	optimal	Non-essential
EHJ92937_1	ADA;CSND;MCSNAH	0.2902343858032029	0.29023438580320876	1.0000000000000202	optimal	Non-essential
EHJ93048_1	ME1;ME2	0.2902343858032029	0.29023438580320876	1.0000000000000202	optimal	Non-essential
EHJ93214_1	MALTHXabcpp	0.2902343858032029	0.29023438580320876	1.0000000000000202	optimal	Non-essential
EHJ93308_1	ACKr;PPAKr	0.2902343858032029	0.29023438580320876	1.0000000000000202	optimal	Non-essential
EHJ93373_1	NTRIR2x	0.2902343858032029	0.29023438580320876	1.0000000000000202	optimal	Non-essential
EHJ93380_1	5DKGR	0.2902343858032029	0.29023438580320876	1.0000000000000202	optimal	Non-essential
EHJ93627_1	ALAALAabcpp;ALAGLUabcpp;ALAHISabcpp;ALALEUabcpp;ALATHRabcpp;ALATRPabcpp;CARNabcpp;CGLYabcpp;GLYGLNabcpp;GLYGLUabcpp;GLYGLYabcpp;GLYMETabcpp;GLYPHEabcpp;GLYSERabcpp;GTHRDabcpp;HISGLYabcpp;HISHISabcpp;LEULEUabcpp;PROGLYabcpp	0.2902343858032029	0.29023438580320876	1.0000000000000202	optimal	Non-essential
EHJ93628_1	ALAALAabcpp;ALAGLUabcpp;ALAHISabcpp;ALALEUabcpp;ALATHRabcpp;ALATRPabcpp;CARNabcpp;CGLYabcpp;DIPEPabc1;DIPEPabc10;DIPEPabc12;DIPEPabc13;DIPEPabc14;DIPEPabc15;DIPEPabc3;DIPEPabc8;GLYGLNabcpp;GLYGLUabcpp;GLYGLYabcpp;GLYMETabcpp;GLYPHEabcpp;GLYSERabcpp;HISGLYabcpp;HISHISabcpp;LEULEUabcpp;PROGLYabcpp	0.2902343858032029	0.29023438580320876	1.0000000000000202	optimal	Non-essential
EHJ93695_1	ETHAAL	0.2902343858032029	0.29023438580320876	1.0000000000000202	optimal	Non-essential
EHJ93847_1	ADSELR;APSR;METSOXR1;METSOXR2;PAPSR;RNDR1;RNDR2;RNDR3;RNDR4;THIORDXi;TRDR	0.2902343858032029	0.29023438580320876	1.0000000000000202	optimal	Non-essential
EHJ93901_1	CBPS	0.2902343858032029	0.29023438580320876	1.0000000000000202	optimal	Non-essential
EHJ94036_1	LGTHL	0.2902343858032029	0.29023438580320876	1.0000000000000202	optimal	Non-essential
EHJ94321_1	ALCD2y	0.2902343858032029	0.29023438580320876	1.0000000000000202	optimal	Non-essential
EHJ94830_1	MDRPD	0.2902343858032029	0.29023438580320876	1.0000000000000202	optimal	Non-essential
EHJ94855_1	PTRCabcpp	0.2902343858032029	0.29023438580320876	1.0000000000000202	optimal	Non-essential
EHJ94886_1	DHAD1;DHAD2	0.2902343858032029	0.29023438580320876	1.0000000000000202	optimal	Non-essential
EHJ94941_1	DMPPS;IPDPS	0.2902343858032029	0.29023438580320876	1.0000000000000202	optimal	Non-essential
EHJ94257_1	NTPP10;NTPP11;NTPP9	0.2902343858032029	0.2902343858032088	1.0000000000000204	optimal	Non-essential
EHJ91114_1	ADSELR;APSR;METSOXR1;METSOXR2;PAPSR;RNDR1;RNDR2;RNDR3;RNDR4;THIORDXi;TRDR	0.2902343858032029	0.29023438580320887	1.0000000000000207	optimal	Non-essential
EHJ91556_1	ATPS4rpp	0.2902343858032029	0.29023438580320887	1.0000000000000207	optimal	Non-essential
EHJ91692_1	ALAt4	0.2902343858032029	0.29023438580320887	1.0000000000000207	optimal	Non-essential
EHJ91725_1	GLYCLTDx;HPYRRx	0.2902343858032029	0.29023438580320887	1.0000000000000207	optimal	Non-essential
EHJ91821_1	YUMPS	0.2902343858032029	0.29023438580320887	1.0000000000000207	optimal	Non-essential
EHJ91837_1	CHLabcpp;GLYBabcpp	0.2902343858032029	0.29023438580320887	1.0000000000000207	optimal	Non-essential
EHJ91875_1	HXAND;XAND	0.2902343858032029	0.29023438580320887	1.0000000000000207	optimal	Non-essential
EHJ91929_1	METDabc;METDabcpp;METabc;METabcpp	0.2902343858032029	0.29023438580320887	1.0000000000000207	optimal	Non-essential
EHJ92135_1	DDPGA;EDA;OAADC	0.2902343858032029	0.29023438580320887	1.0000000000000207	optimal	Non-essential
EHJ92147_1	MGSA	0.2902343858032029	0.29023438580320887	1.0000000000000207	optimal	Non-essential
EHJ92200_1	SELCYSLY3	0.2902343858032029	0.29023438580320887	1.0000000000000207	optimal	Non-essential
EHJ92281_1	E4PD;GAPD	0.2902343858032029	0.29023438580320887	1.0000000000000207	optimal	Non-essential
EHJ92305_1	GRXR;PAPSR2;RNDR1b;RNDR2b;RNDR3b;RNDR4b	0.2902343858032029	0.29023438580320887	1.0000000000000207	optimal	Non-essential
EHJ92368_1	PTRCabcpp	0.2902343858032029	0.29023438580320887	1.0000000000000207	optimal	Non-essential
EHJ92688_1	ASPabcpp;GLUabcpp	0.2902343858032029	0.29023438580320887	1.0000000000000207	optimal	Non-essential
EHJ92728_1	SERD_L	0.2902343858032029	0.29023438580320887	1.0000000000000207	optimal	Non-essential
EHJ92757_1	3NTD4pp;3NTD7pp;NTD1;NTD10;NTD11;NTD12;NTD2;NTD3;NTD4;NTD5;NTD6;NTD7;NTD8;NTD9;PPA	0.2902343858032029	0.29023438580320887	1.0000000000000207	optimal	Non-essential
EHJ92803_1	ECTOH	0.2902343858032029	0.29023438580320887	1.0000000000000207	optimal	Non-essential
EHJ92950_1	PRATPP	0.2902343858032029	0.29023438580320887	1.0000000000000207	optimal	Non-essential
EHJ93210_1	XYLK	0.2902343858032029	0.29023438580320887	1.0000000000000207	optimal	Non-essential
EHJ93246_1	CTECOAI6;CTECOAI7;CTECOAI8;ECOAH1;ECOAH12;ECOAH2;ECOAH3;ECOAH4;ECOAH5;ECOAH6;ECOAH7;ECOAH8;NPHS;VECOAH	0.2902343858032029	0.29023438580320887	1.0000000000000207	optimal	Non-essential
EHJ93280_1	MN2tipp	0.2902343858032029	0.29023438580320887	1.0000000000000207	optimal	Non-essential
EHJ93294_1	ALR2	0.2902343858032029	0.29023438580320887	1.0000000000000207	optimal	Non-essential
EHJ93535_1	ACGS	0.2902343858032029	0.29023438580320887	1.0000000000000207	optimal	Non-essential
EHJ93537_1	PIabc;PIt2r	0.2902343858032029	0.29023438580320887	1.0000000000000207	optimal	Non-essential
EHJ93594_1	DGUNC;GUACYC	0.2902343858032029	0.29023438580320887	1.0000000000000207	optimal	Non-essential
EHJ93759_1	DDPA	0.2902343858032029	0.29023438580320887	1.0000000000000207	optimal	Non-essential
EHJ93790_1	SDPDS	0.2902343858032029	0.29023438580320887	1.0000000000000207	optimal	Non-essential
EHJ93803_1	PGAMT;PGMT;PMANM;PPM	0.2902343858032029	0.29023438580320887	1.0000000000000207	optimal	Non-essential
EHJ93874_1	GLUTRS	0.2902343858032029	0.29023438580320887	1.0000000000000207	optimal	Non-essential
EHJ93990_1	PHEME2abcpp;SHEME2abcpp	0.2902343858032029	0.29023438580320887	1.0000000000000207	optimal	Non-essential
EHJ94088_1	HISabcpp;LEUabcpp;PROabcpp	0.2902343858032029	0.29023438580320887	1.0000000000000207	optimal	Non-essential
EHJ94265_1	G1SAT	0.2902343858032029	0.29023438580320887	1.0000000000000207	optimal	Non-essential
EHJ94267_1	PPPGO	0.2902343858032029	0.29023438580320887	1.0000000000000207	optimal	Non-essential
EHJ94282_1	ATPS4rpp	0.2902343858032029	0.29023438580320887	1.0000000000000207	optimal	Non-essential
EHJ94292_1	NAt3_2	0.2902343858032029	0.29023438580320887	1.0000000000000207	optimal	Non-essential
EHJ94406_1	ACONCt4pp;CITt4pp_1;ICITt4pp	0.2902343858032029	0.29023438580320887	1.0000000000000207	optimal	Non-essential
EHJ94476_1	ACONCt4pp;ACONCtupp;CITt4pp_1;CITtupp;ICITt4pp;ICITtupp	0.2902343858032029	0.29023438580320887	1.0000000000000207	optimal	Non-essential
EHJ94478_1	UREAabcpp	0.2902343858032029	0.29023438580320887	1.0000000000000207	optimal	Non-essential
EHJ94512_1	ARGabcpp;HISabcpp;LYSabcpp;ORNabcpp	0.2902343858032029	0.29023438580320887	1.0000000000000207	optimal	Non-essential
EHJ94589_1	AHSERL2;SHSL2r	0.2902343858032029	0.29023438580320887	1.0000000000000207	optimal	Non-essential
EHJ94603_1	ALCDpp;GLYCOLDHpp;PEAOpp	0.2902343858032029	0.29023438580320887	1.0000000000000207	optimal	Non-essential
EHJ94619_1	ALPHNH	0.2902343858032029	0.29023438580320887	1.0000000000000207	optimal	Non-essential
EHJ94819_1	PTRCabc;PTRCabcpp	0.2902343858032029	0.29023438580320887	1.0000000000000207	optimal	Non-essential
EHJ94844_1	ALDD2x	0.2902343858032029	0.29023438580320887	1.0000000000000207	optimal	Non-essential
EHJ94922_1	UDPG4E	0.2902343858032029	0.29023438580320887	1.0000000000000207	optimal	Non-essential
EHJ94549_1	GLUDy	0.2902343858032029	0.2902343858032089	1.0000000000000209	optimal	Non-essential
EHJ91163_1	DHFR;FOLR2	0.2902343858032029	0.290234385803209	1.000000000000021	optimal	Non-essential
EHJ91269_1	NTP1;NTP10;NTP3;NTP5	0.2902343858032029	0.290234385803209	1.000000000000021	optimal	Non-essential
EHJ91677_1	CPPPGO2	0.2902343858032029	0.290234385803209	1.000000000000021	optimal	Non-essential
EHJ91690_1	GLYCL	0.2902343858032029	0.290234385803209	1.000000000000021	optimal	Non-essential
EHJ91907_1	GTHRDHpp	0.2902343858032029	0.290234385803209	1.000000000000021	optimal	Non-essential
EHJ92495_1	ALAALAabcpp;Cobalt2abcppI;MSO3abcpp;NI2uabcpp	0.2902343858032029	0.290234385803209	1.000000000000021	optimal	Non-essential
EHJ92519_1	DHDPS	0.2902343858032029	0.290234385803209	1.000000000000021	optimal	Non-essential
EHJ92999_1	FE3abcpp	0.2902343858032029	0.290234385803209	1.000000000000021	optimal	Non-essential
EHJ93202_1	INDOLEt2pp	0.2902343858032029	0.290234385803209	1.000000000000021	optimal	Non-essential
EHJ93261_1	MAN1PT;MAN1PT2;MAN6PI	0.2902343858032029	0.290234385803209	1.000000000000021	optimal	Non-essential
EHJ93290_1	SERD_L;THRD_L	0.2902343858032029	0.290234385803209	1.000000000000021	optimal	Non-essential
EHJ93712_1	ADNCYC	0.2902343858032029	0.290234385803209	1.000000000000021	optimal	Non-essential
EHJ94086_1	NTP3	0.2902343858032029	0.290234385803209	1.000000000000021	optimal	Non-essential
EHJ94488_1	UREA	0.2902343858032029	0.290234385803209	1.000000000000021	optimal	Non-essential
EHJ94612_1	PA120abcpp;PA160abcpp;PA161abcpp;PA180abcpp;PA181abcpp;PE120abcpp;PE140abcpp;PE141abcpp;PE160abcpp;PE161abcpp;PE180abcpp;PE181abcpp;PG120abcpp;PG140abcpp;PG141abcpp;PG160abcpp;PG161abcpp;PG180abcpp;PG181abcpp;PGP120abcpp;PGP140abcpp;PGP141abcpp;PGP160abcpp;PGP161abcpp;PGP180abcpp;PGP181abcpp	0.2902343858032029	0.290234385803209	1.000000000000021	optimal	Non-essential
EHJ91248_1	Kt3pp	0.2902343858032029	0.29023438580320915	1.0000000000000215	optimal	Non-essential
EHJ91274_1	AGM3PApp;AGM4PApp	0.2902343858032029	0.29023438580320915	1.0000000000000215	optimal	Non-essential
EHJ91517_1	AGM3Pt2pp;AGM4Pt2pp;AGMt2pp	0.2902343858032029	0.29023438580320915	1.0000000000000215	optimal	Non-essential
EHJ92879_1	D_LACt2	0.2902343858032029	0.29023438580320915	1.0000000000000215	optimal	Non-essential
EHJ92912_1	ADK1;ADK3;ADK4;ADNK1;CPK1;CYTK2_1;DADK;NDPK1;NDPK2;NDPK3;NDPK4;NDPK5;NDPK6;NDPK7;NDPK8	0.2902343858032029	0.29023438580320915	1.0000000000000215	optimal	Non-essential
EHJ93750_1	AKGDH;GLYCL;PDH;PDHcr	0.2902343858032029	0.29023438580320915	1.0000000000000215	optimal	Non-essential
EHJ93969_1	3OXCOAT;ACACT1r;ACACT2r;ACACT4r;ACACT6r;ACACT7r;MACCOAT	0.2902343858032029	0.29023438580320915	1.0000000000000215	optimal	Non-essential
EHJ94470_1	MSO3abcpp	0.2902343858032029	0.29023438580320915	1.0000000000000215	optimal	Non-essential
EHJ94674_1	ARGabcpp;GLNabcpp;LYSabcpp	0.2902343858032029	0.29023438580320915	1.0000000000000215	optimal	Non-essential
EHJ94762_1	ASPabcpp;GLUabcpp	0.2902343858032029	0.29023438580320915	1.0000000000000215	optimal	Non-essential
EHJ92025_1	G5SD	0.2902343858032029	0.2902343858032092	1.0000000000000218	optimal	Non-essential
EHJ92052_1	GLUN	0.2902343858032029	0.29023438580320926	1.000000000000022	optimal	Non-essential
EHJ91529_1	GPDDA5	0.2902343858032029	0.29023438580320937	1.0000000000000224	optimal	Non-essential
EHJ91673_1	DMSOR1pp;DMSOR2pp	0.2902343858032029	0.29023438580320937	1.0000000000000224	optimal	Non-essential
EHJ92250_1	ACACT1r;MACCOAT	0.2902343858032029	0.29023438580320937	1.0000000000000224	optimal	Non-essential
EHJ92463_1	ARGabcpp;LYSabcpp;ORNabcpp	0.2902343858032029	0.29023438580320937	1.0000000000000224	optimal	Non-essential
EHJ93320_1	DURIPP;TMDPP	0.2902343858032029	0.29023438580320937	1.0000000000000224	optimal	Non-essential
EHJ93386_1	MALt3r	0.2902343858032029	0.29023438580320937	1.0000000000000224	optimal	Non-essential
EHJ94464_1	DHNPA_1;HPPK	0.2902343858032029	0.29023438580320937	1.0000000000000224	optimal	Non-essential
EHJ94475_1	ACONCt4pp;CITt4pp_1;ICITt4pp	0.2902343858032029	0.29023438580320937	1.0000000000000224	optimal	Non-essential
EHJ94657_1	PHEME2abcpp;SHEME2abcpp	0.2902343858032029	0.29023438580320937	1.0000000000000224	optimal	Non-essential
EHJ94682_1	DHFR	0.2902343858032029	0.29023438580320937	1.0000000000000224	optimal	Non-essential
EHJ91437_1	ACSERL;AHSERL4;CYSS;SLCYSS	0.2902343858032029	0.2902343858032094	1.0000000000000226	optimal	Non-essential
EHJ92764_1	COALDDH	0.2902343858032029	0.2902343858032094	1.0000000000000226	optimal	Non-essential
EHJ92915_1	AGM3PA;AGM4PA;AM3PA;AM4PA	0.2902343858032029	0.2902343858032094	1.0000000000000226	optimal	Non-essential
EHJ93038_1	PSUDS	0.2902343858032029	0.2902343858032094	1.0000000000000226	optimal	Non-essential
EHJ93702_1	AMMQLT8	0.2902343858032029	0.2902343858032094	1.0000000000000226	optimal	Non-essential
EHJ93862_1	ANHMK	0.2902343858032029	0.2902343858032094	1.0000000000000226	optimal	Non-essential
EHJ93977_1	GLYC3Pabcpp	0.2902343858032029	0.2902343858032094	1.0000000000000226	optimal	Non-essential
EHJ94510_1	ALDD19xr;ALDD2x	0.2902343858032029	0.2902343858032094	1.0000000000000226	optimal	Non-essential
EHJ94597_1	ALCD1;ALCD2x;ALCD4	0.2902343858032029	0.2902343858032094	1.0000000000000226	optimal	Non-essential
EHJ94668_1	ATHRDHr	0.2902343858032029	0.2902343858032094	1.0000000000000226	optimal	Non-essential
EHJ92472_1	DHAD1;DHAD2	0.2902343858032029	0.29023438580320954	1.0000000000000229	optimal	Non-essential
EHJ92623_1	SGSAD	0.2902343858032029	0.2902343858032096	1.000000000000023	optimal	Non-essential
EHJ92715_1	GLYBabc;PROabc	0.2902343858032029	0.29023438580320965	1.0000000000000233	optimal	Non-essential
EHJ91145_1	ILEabcpp;LEUabcpp;VALabcpp	0.2902343858032029	0.2902343858032097	1.0000000000000235	optimal	Non-essential
EHJ93556_1	PHEMEabcpp	0.2902343858032029	0.29023438580321	1.0000000000000244	optimal	Non-essential
EHJ92866_1	ALLTN	0.2902343858032029	0.29023438580321004	1.0000000000000246	optimal	Non-essential
EHJ91211_1	GNP	0.2902343858032029	0.2902343858032104	1.000000000000026	optimal	Non-essential
EHJ92136_1	PGL	0.2902343858032029	0.29023438580321087	1.0000000000000275	optimal	Non-essential
EHJ93819_1	LNLCtexi;VACCtex	0.2902343858032029	0.29023438580321087	1.0000000000000275	optimal	Non-essential
EHJ94583_1	TRDR	0.2902343858032029	0.29023438580321087	1.0000000000000275	optimal	Non-essential
EHJ91904_1	ACONT;ACONTa;ACONTb;MICITDr	0.2902343858032029	0.29023438580321265	1.0000000000000338	optimal	Non-essential
EHJ93629_1	GTHRDabcpp;GTHRDt2_1	0.2902343858032029	0.29023438580330346	1.0000000000003466	optimal	Non-essential
