query_id	subject_id	identity	qcov	scov	evalue	bitscore	best_hit	reciprocal_best_hit	confidence
MBB3329165.1							YES	NO	NO_RELIABLE_ORTHOLOG
MBB3329166.1							YES	NO	NO_RELIABLE_ORTHOLOG
MBB3329167.1	EHJ91509.1	33.5	57.7	31.6	3.62e-16	75.9	YES	NO	NO_RELIABLE_ORTHOLOG
MBB3329168.1							YES	NO	NO_RELIABLE_ORTHOLOG
MBB3329169.1							YES	NO	NO_RELIABLE_ORTHOLOG
MBB3329170.1							YES	NO	NO_RELIABLE_ORTHOLOG
MBB3329171.1	EHJ93348.1	52.3	94.4	93.3	5.9199999999999995e-53	162.0	YES	YES	POSSIBLE_ORTHOLOG
MBB3329172.1	EHJ94497.1	81.5	99.7	95.1	2.54e-192	530.0	YES	YES	PROBABLE_ORTHOLOG
MBB3329173.1	EHJ94493.1	79.2	85.6	93.9	4.389999999999999e-81	234.0	YES	YES	HIGH_CONFIDENCE_FUNCTIONAL_ORTHOLOG
MBB3329174.1	EHJ94492.1	88.5	100.0	99.8	2.49e-242	663.0	YES	YES	HIGH_CONFIDENCE_FUNCTIONAL_ORTHOLOG
MBB3329175.1	EHJ91871.1	55.3	72.3	61.0	2.48e-14	58.2	YES	YES	NO_RELIABLE_ORTHOLOG
MBB3329176.1							YES	NO	NO_RELIABLE_ORTHOLOG
MBB3329177.1	EHJ91443.1	76.5	63.1	65.5	3.57e-119	345.0	YES	YES	NO_RELIABLE_ORTHOLOG
MBB3329178.1							YES	NO	NO_RELIABLE_ORTHOLOG
MBB3329179.1	EHJ93973.1	60.4	94.1	94.9	8.56e-61	182.0	YES	YES	PROBABLE_ORTHOLOG
MBB3329180.1	EHJ91790.1	47.4	92.0	99.1	5.4899999999999996e-254	729.0	YES	NO	NO_RELIABLE_ORTHOLOG
MBB3329181.1	EHJ91872.1	58.3	99.5	99.5	3.29e-313	875.0	YES	YES	POSSIBLE_ORTHOLOG
MBB3329182.1	EHJ92281.1	76.9	98.8	98.0	6.78e-191	526.0	YES	YES	HIGH_CONFIDENCE_FUNCTIONAL_ORTHOLOG
MBB3329183.1	EHJ92280.1	69.0	99.8	97.6	5.410000000000001e-184	514.0	YES	YES	PROBABLE_ORTHOLOG
MBB3329184.1	EHJ91873.1	64.9	83.2	94.0	3.68e-88	256.0	YES	YES	PROBABLE_ORTHOLOG
MBB3329185.1	EHJ91874.1	63.7	99.8	98.6	4.6500000000000003e-213	595.0	YES	YES	HIGH_CONFIDENCE_FUNCTIONAL_ORTHOLOG
MBB3329186.1	EHJ91875.1	80.0	94.7	99.8	0.0	1276.0	YES	YES	PROBABLE_ORTHOLOG
MBB3329187.1	EHJ91876.1	61.2	97.3	96.9	2.1500000000000001e-116	333.0	YES	YES	PROBABLE_ORTHOLOG
MBB3329188.1	EHJ91877.1	71.0	99.3	99.5	3.9799999999999995e-228	629.0	YES	YES	HIGH_CONFIDENCE_FUNCTIONAL_ORTHOLOG
MBB3329189.1	EHJ91926.1	43.6	91.4	95.6	2.15e-101	306.0	YES	NO	NO_RELIABLE_ORTHOLOG
MBB3329190.1							YES	NO	NO_RELIABLE_ORTHOLOG
MBB3329191.1	EHJ93488.1	32.2	90.6	88.8	2.2399999999999998e-23	89.7	YES	YES	NO_RELIABLE_ORTHOLOG
MBB3329192.1	EHJ93487.1	57.0	97.5	97.0	2.8e-125	359.0	YES	YES	POSSIBLE_ORTHOLOG
MBB3329193.1	EHJ91879.1	80.6	95.7	99.1	4.23e-195	535.0	YES	YES	PROBABLE_ORTHOLOG
MBB3329194.1	EHJ91880.1	69.5	99.1	99.4	8.83e-168	467.0	YES	YES	HIGH_CONFIDENCE_FUNCTIONAL_ORTHOLOG
MBB3329195.1							YES	NO	NO_RELIABLE_ORTHOLOG
MBB3329196.1	EHJ91882.1	49.8	55.3	94.7	4.2400000000000003e-85	265.0	YES	YES	NO_RELIABLE_ORTHOLOG
MBB3329197.1	EHJ91883.1	62.5	97.1	97.7	1.5000000000000001e-208	588.0	YES	YES	PROBABLE_ORTHOLOG
MBB3329198.1	EHJ91884.1	79.9	100.0	100.0	5.61e-207	566.0	YES	YES	HIGH_CONFIDENCE_FUNCTIONAL_ORTHOLOG
MBB3329199.1	EHJ91885.1	81.1	94.1	99.3	1.0100000000000001e-266	728.0	YES	YES	HIGH_CONFIDENCE_FUNCTIONAL_ORTHOLOG
MBB3329200.1	EHJ91886.1	65.8	98.5	99.1	1.61e-137	390.0	YES	YES	PROBABLE_ORTHOLOG
MBB3329201.1	EHJ91887.1	80.3	92.3	95.6	1.01e-245	675.0	YES	YES	HIGH_CONFIDENCE_FUNCTIONAL_ORTHOLOG
MBB3329202.1	EHJ91888.1	74.5	94.1	99.8	5.2199999999999995e-288	789.0	YES	YES	PROBABLE_ORTHOLOG
MBB3329203.1	EHJ91889.1	51.3	39.0	87.6	1.52e-21	81.6	YES	YES	NO_RELIABLE_ORTHOLOG
MBB3329204.1							YES	NO	NO_RELIABLE_ORTHOLOG
MBB3329205.1	EHJ91890.1	82.8	87.6	93.1	1.5199999999999998e-228	629.0	YES	YES	HIGH_CONFIDENCE_FUNCTIONAL_ORTHOLOG
MBB3329206.1							YES	NO	NO_RELIABLE_ORTHOLOG
MBB3329207.1	EHJ91892.1	61.8	95.6	96.4	3.2900000000000004e-154	439.0	YES	YES	HIGH_CONFIDENCE_FUNCTIONAL_ORTHOLOG
MBB3329208.1	EHJ91628.1	56.3	98.6	87.1	1.66e-51	158.0	YES	YES	POSSIBLE_ORTHOLOG
MBB3329209.1	EHJ91627.1	78.7	97.7	97.4	6.980000000000001e-163	452.0	YES	YES	HIGH_CONFIDENCE_FUNCTIONAL_ORTHOLOG
MBB3329210.1	EHJ91626.1	75.4	97.2	96.2	1.85e-204	565.0	YES	YES	HIGH_CONFIDENCE_FUNCTIONAL_ORTHOLOG
MBB3329211.1	EHJ94295.1	58.8	96.2	95.5	4.61e-152	432.0	YES	NO	POSSIBLE_ORTHOLOG
MBB3329212.1	EHJ92383.1	77.1	89.4	100.0	7.94e-120	337.0	YES	YES	PROBABLE_ORTHOLOG
MBB3329213.1	EHJ92384.1	53.2	98.9	99.8	3.19e-222	629.0	YES	YES	POSSIBLE_ORTHOLOG
MBB3329214.1	EHJ92385.1	55.6	94.6	97.2	2.47e-34	111.0	YES	YES	POSSIBLE_ORTHOLOG
MBB3329215.1	EHJ92386.1	38.7	15.2	9.8	4e-10	60.1	YES	NO	NO_RELIABLE_ORTHOLOG
MBB3329216.1							YES	NO	NO_RELIABLE_ORTHOLOG
MBB3329217.1							YES	NO	NO_RELIABLE_ORTHOLOG
MBB3329218.1							YES	NO	NO_RELIABLE_ORTHOLOG
MBB3329219.1	EHJ92387.1	48.3	94.7	96.2	4.5e-59	181.0	YES	YES	POSSIBLE_ORTHOLOG
MBB3329220.1	EHJ92388.1	78.6	100.0	100.0	1.72e-259	711.0	YES	YES	HIGH_CONFIDENCE_FUNCTIONAL_ORTHOLOG
MBB3329221.1	EHJ92389.1	77.6	97.2	97.1	0.0	1037.0	YES	YES	PROBABLE_ORTHOLOG
MBB3329222.1	EHJ92390.1	66.5	72.3	90.3	5.440000000000001e-223	628.0	YES	YES	PROBABLE_ORTHOLOG
MBB3329223.1	EHJ91625.1	84.9	100.0	100.0	8.98e-48	144.0	YES	YES	PROBABLE_ORTHOLOG
MBB3329224.1							YES	NO	NO_RELIABLE_ORTHOLOG
MBB3329225.1							YES	NO	NO_RELIABLE_ORTHOLOG
MBB3329226.1	EHJ92877.1	53.8	97.6	90.9	1.7599999999999998e-74	221.0	YES	YES	POSSIBLE_ORTHOLOG
MBB3329227.1							YES	NO	NO_RELIABLE_ORTHOLOG
MBB3329228.1	EHJ91624.1	87.4	100.0	100.0	0.0	1211.0	YES	YES	VERY_HIGH_CONFIDENCE
MBB3329229.1	EHJ91622.1	67.4	50.6	68.2	1.81e-44	145.0	YES	YES	NO_RELIABLE_ORTHOLOG
MBB3329230.1	EHJ91617.1	84.8	100.0	99.5	2.81e-135	375.0	YES	YES	VERY_HIGH_CONFIDENCE
MBB3329231.1	EHJ91619.1	45.6	71.2	73.1	6.11e-39	130.0	YES	YES	POSSIBLE_ORTHOLOG
MBB3329232.1	EHJ91616.1	71.6	97.5	98.0	2.7599999999999997e-189	523.0	YES	YES	HIGH_CONFIDENCE_FUNCTIONAL_ORTHOLOG
MBB3329233.1							YES	NO	NO_RELIABLE_ORTHOLOG
MBB3329234.1	EHJ92246.1	31.5	94.3	48.0	2.98e-31	120.0	YES	YES	NO_RELIABLE_ORTHOLOG
MBB3329235.1							YES	NO	NO_RELIABLE_ORTHOLOG
MBB3329236.1	EHJ93723.1	28.3	87.8	84.0	1.5999999999999998e-30	121.0	YES	YES	NO_RELIABLE_ORTHOLOG
MBB3329237.1							YES	NO	NO_RELIABLE_ORTHOLOG
MBB3329238.1	EHJ93928.1	46.4	99.6	98.7	5.15e-61	187.0	YES	YES	POSSIBLE_ORTHOLOG
MBB3329239.1	EHJ91614.1	85.1	98.4	97.6	4.2399999999999996e-67	195.0	YES	YES	PROBABLE_ORTHOLOG
MBB3329240.1	EHJ91613.1	71.6	99.0	99.4	0.0	976.0	YES	YES	HIGH_CONFIDENCE_FUNCTIONAL_ORTHOLOG
MBB3329241.1	EHJ91612.1	56.7	92.3	87.0	1.93e-19	70.9	YES	YES	POSSIBLE_ORTHOLOG
MBB3329242.1	EHJ91611.1	77.5	99.8	99.0	0.0	1336.0	YES	YES	HIGH_CONFIDENCE_FUNCTIONAL_ORTHOLOG
MBB3329243.1	EHJ91610.1	61.7	97.9	97.9	9.48e-155	437.0	YES	YES	PROBABLE_ORTHOLOG
MBB3329244.1	EHJ91609.1	68.0	99.0	89.3	3.92e-43	133.0	YES	YES	HIGH_CONFIDENCE_FUNCTIONAL_ORTHOLOG
MBB3329245.1	EHJ91608.1	93.6	100.0	100.0	4.31e-289	780.0	YES	YES	VERY_HIGH_CONFIDENCE
MBB3329246.1	EHJ91607.1	87.2	98.6	90.5	4.1599999999999997e-140	389.0	YES	YES	VERY_HIGH_CONFIDENCE
MBB3329247.1	EHJ92305.1	91.3	93.7	89.7	1.79e-70	203.0	YES	YES	HIGH_CONFIDENCE_FUNCTIONAL_ORTHOLOG
MBB3329248.1	EHJ92306.1	86.5	99.3	99.3	7.69e-196	536.0	YES	YES	VERY_HIGH_CONFIDENCE
MBB3329249.1	EHJ94914.1	63.5	95.0	85.0	1.63e-40	127.0	YES	YES	PROBABLE_ORTHOLOG
MBB3329250.1	EHJ92307.1	68.8	100.0	99.5	3.14e-104	296.0	YES	YES	PROBABLE_ORTHOLOG
MBB3329251.1	EHJ92308.1	78.1	100.0	100.0	0.0	930.0	YES	YES	HIGH_CONFIDENCE_FUNCTIONAL_ORTHOLOG
MBB3329252.1	EHJ92309.1	81.3	100.0	100.0	6.62e-99	280.0	YES	YES	VERY_HIGH_CONFIDENCE
MBB3329253.1							YES	NO	NO_RELIABLE_ORTHOLOG
MBB3329254.1	EHJ92310.1	64.9	98.3	97.4	1.73e-222	622.0	YES	YES	HIGH_CONFIDENCE_FUNCTIONAL_ORTHOLOG
MBB3329255.1	EHJ92311.1	57.9	28.6	46.9	2.66e-13	58.2	YES	YES	NO_RELIABLE_ORTHOLOG
MBB3329256.1	EHJ92312.1	68.4	97.9	97.9	4.860000000000001e-47	142.0	YES	YES	HIGH_CONFIDENCE_FUNCTIONAL_ORTHOLOG
MBB3329257.1	EHJ92313.1	88.8	100.0	100.0	6.91e-61	177.0	YES	YES	HIGH_CONFIDENCE_FUNCTIONAL_ORTHOLOG
MBB3329258.1	EHJ92314.1	75.0	99.0	99.0	1.45e-43	134.0	YES	YES	PROBABLE_ORTHOLOG
MBB3329259.1	EHJ92315.1	55.7	100.0	100.0	8.12e-139	399.0	YES	YES	POSSIBLE_ORTHOLOG
MBB3329260.1	EHJ92316.1	77.8	99.6	98.7	3.0000000000000004e-124	348.0	YES	YES	HIGH_CONFIDENCE_FUNCTIONAL_ORTHOLOG
MBB3329261.1	EHJ92317.1	68.2	91.4	97.7	1.22e-30	100.0	YES	YES	HIGH_CONFIDENCE_FUNCTIONAL_ORTHOLOG
MBB3329262.1	EHJ91589.1	73.5	100.0	100.0	3.0300000000000003e-125	353.0	YES	YES	HIGH_CONFIDENCE_FUNCTIONAL_ORTHOLOG
MBB3329263.1	EHJ91588.1	58.6	91.0	97.9	7.02e-52	160.0	YES	YES	POSSIBLE_ORTHOLOG
MBB3329264.1	EHJ91587.1	94.8	100.0	100.0	1.64e-63	184.0	YES	YES	HIGH_CONFIDENCE_FUNCTIONAL_ORTHOLOG
MBB3329265.1	EHJ91586.1	90.7	100.0	100.0	0.0	923.0	YES	YES	VERY_HIGH_CONFIDENCE
MBB3329266.1	EHJ91584.1	76.5	98.8	100.0	2.9599999999999997e-128	360.0	YES	YES	HIGH_CONFIDENCE_FUNCTIONAL_ORTHOLOG
MBB3329267.1	EHJ91583.1	79.6	99.8	99.8	3.1099999999999996e-225	622.0	YES	YES	HIGH_CONFIDENCE_FUNCTIONAL_ORTHOLOG
MBB3329268.1							YES	NO	NO_RELIABLE_ORTHOLOG
MBB3329269.1	EHJ93632.1	81.7	99.4	100.0	2.5599999999999997e-197	541.0	YES	YES	VERY_HIGH_CONFIDENCE
MBB3329270.1	EHJ93633.1	79.9	88.8	98.6	9.31e-204	563.0	YES	YES	PROBABLE_ORTHOLOG
MBB3329271.1	EHJ93638.1	73.9	98.1	98.1	5.87e-162	451.0	YES	YES	HIGH_CONFIDENCE_FUNCTIONAL_ORTHOLOG
MBB3329272.1	EHJ93639.1	88.1	100.0	100.0	1.6000000000000002e-73	211.0	YES	YES	PROBABLE_ORTHOLOG
MBB3329273.1	EHJ93634.1	68.4	65.4	100.0	1.32e-109	316.0	YES	YES	NO_RELIABLE_ORTHOLOG
MBB3329274.1	EHJ93635.1	89.2	99.8	100.0	3.59e-256	698.0	YES	YES	HIGH_CONFIDENCE_FUNCTIONAL_ORTHOLOG
MBB3329275.1	EHJ93636.1	78.3	99.4	99.4	4.6e-94	268.0	YES	YES	HIGH_CONFIDENCE_FUNCTIONAL_ORTHOLOG
MBB3329276.1	EHJ93637.1	75.8	97.2	97.2	8.06e-193	532.0	YES	YES	PROBABLE_ORTHOLOG
MBB3329277.1	EHJ93640.1	65.1	98.8	100.0	5.1899999999999996e-114	325.0	YES	YES	PROBABLE_ORTHOLOG
MBB3329278.1	EHJ94873.1	80.3	100.0	100.0	9.86e-227	624.0	YES	YES	HIGH_CONFIDENCE_FUNCTIONAL_ORTHOLOG
MBB3329279.1	EHJ94872.1	68.3	92.8	88.8	4.37e-77	225.0	YES	YES	HIGH_CONFIDENCE_FUNCTIONAL_ORTHOLOG
MBB3329280.1	EHJ94871.1	85.2	100.0	99.4	2.8999999999999997e-205	561.0	YES	YES	PROBABLE_ORTHOLOG
MBB3329281.1	EHJ94668.1	60.0	97.3	98.8	3.92e-103	297.0	YES	YES	HIGH_CONFIDENCE_FUNCTIONAL_ORTHOLOG
MBB3329282.1	EHJ94870.1	78.8	99.3	99.3	7.91e-167	462.0	YES	YES	PROBABLE_ORTHOLOG
MBB3329283.1	EHJ94869.1	83.8	100.0	100.0	1.1500000000000002e-247	675.0	YES	YES	PROBABLE_ORTHOLOG
MBB3329284.1	EHJ94868.1	77.2	99.7	97.4	2.3400000000000003e-164	456.0	YES	YES	HIGH_CONFIDENCE_FUNCTIONAL_ORTHOLOG
MBB3329285.1	EHJ93625.1	72.0	92.2	88.8	4.0800000000000004e-103	295.0	YES	YES	PROBABLE_ORTHOLOG
MBB3329286.1	EHJ93626.1	84.2	100.0	100.0	0.0	952.0	YES	YES	PROBABLE_ORTHOLOG
MBB3329287.1	EHJ93627.1	87.0	97.2	99.4	1.9900000000000003e-192	528.0	YES	YES	PROBABLE_ORTHOLOG
MBB3329288.1	EHJ93628.1	90.3	99.6	100.0	8.439999999999999e-172	473.0	YES	YES	PROBABLE_ORTHOLOG
MBB3329289.1	EHJ93629.1	79.7	97.6	96.9	9.9e-297	811.0	YES	YES	HIGH_CONFIDENCE_FUNCTIONAL_ORTHOLOG
MBB3329290.1	EHJ93630.1	75.2	98.9	100.0	3.86e-244	671.0	YES	YES	PROBABLE_ORTHOLOG
MBB3329291.1	EHJ93469.1	26.0	85.8	92.9	2.17e-16	74.7	YES	YES	NO_RELIABLE_ORTHOLOG
MBB3329292.1							YES	NO	NO_RELIABLE_ORTHOLOG
MBB3329293.1	EHJ93631.1	73.8	98.4	98.6	4.98e-195	539.0	YES	YES	HIGH_CONFIDENCE_FUNCTIONAL_ORTHOLOG
MBB3329294.1							YES	NO	NO_RELIABLE_ORTHOLOG
MBB3329295.1							YES	NO	NO_RELIABLE_ORTHOLOG
MBB3329296.1							YES	NO	NO_RELIABLE_ORTHOLOG
MBB3329297.1							YES	NO	NO_RELIABLE_ORTHOLOG
MBB3329298.1	EHJ92483.1	38.6	64.3	99.3	4.280000000000001e-59	194.0	YES	YES	NO_RELIABLE_ORTHOLOG
MBB3329299.1							YES	NO	NO_RELIABLE_ORTHOLOG
MBB3329300.1							YES	NO	NO_RELIABLE_ORTHOLOG
MBB3329301.1							YES	NO	NO_RELIABLE_ORTHOLOG
MBB3329302.1	EHJ92044.1	41.7	13.6	9.9	3.11e-07	49.3	YES	NO	NO_RELIABLE_ORTHOLOG
MBB3329303.1							YES	NO	NO_RELIABLE_ORTHOLOG
MBB3329304.1	EHJ91230.1	72.2	98.0	98.6	1.42e-149	418.0	YES	YES	HIGH_CONFIDENCE_FUNCTIONAL_ORTHOLOG
MBB3329305.1	EHJ91229.1	78.2	100.0	100.0	1.2300000000000001e-117	332.0	YES	YES	PROBABLE_ORTHOLOG
MBB3329306.1	EHJ91228.1	70.4	89.3	98.2	3.49e-111	316.0	YES	YES	PROBABLE_ORTHOLOG
MBB3329307.1	EHJ91227.1	77.6	93.4	94.4	1.75e-142	398.0	YES	YES	PROBABLE_ORTHOLOG
MBB3329308.1							YES	NO	NO_RELIABLE_ORTHOLOG
MBB3329309.1							YES	NO	NO_RELIABLE_ORTHOLOG
MBB3329310.1	EHJ93275.1	54.9	96.1	98.1	1.47e-111	324.0	YES	YES	POSSIBLE_ORTHOLOG
MBB3329311.1	EHJ93276.1	65.8	100.0	100.0	5.6000000000000005e-133	377.0	YES	YES	HIGH_CONFIDENCE_FUNCTIONAL_ORTHOLOG
MBB3329312.1	EHJ91455.1	89.7	99.7	99.7	9.900000000000001e-259	702.0	YES	YES	VERY_HIGH_CONFIDENCE
MBB3329313.1	EHJ91454.1	93.6	100.0	100.0	0.0	1002.0	YES	YES	PROBABLE_ORTHOLOG
MBB3329314.1	EHJ91453.1	81.1	88.5	92.7	9.69e-145	404.0	YES	YES	FUNCTION_CONFLICT
MBB3329315.1	EHJ91452.1	83.6	99.0	97.5	0.0	1099.0	YES	YES	HIGH_CONFIDENCE_FUNCTIONAL_ORTHOLOG
MBB3329316.1	EHJ91451.1	75.7	98.7	98.3	5.450000000000001e-156	434.0	YES	YES	HIGH_CONFIDENCE_FUNCTIONAL_ORTHOLOG
MBB3329317.1							YES	NO	NO_RELIABLE_ORTHOLOG
MBB3329318.1	EHJ91070.1	60.6	45.2	12.1	1.23e-07	43.5	YES	NO	NO_RELIABLE_ORTHOLOG
MBB3329319.1							YES	NO	NO_RELIABLE_ORTHOLOG
MBB3329320.1							YES	NO	NO_RELIABLE_ORTHOLOG
MBB3329321.1							YES	NO	NO_RELIABLE_ORTHOLOG
MBB3329322.1							YES	NO	NO_RELIABLE_ORTHOLOG
MBB3329323.1	EHJ93238.1	61.3	96.1	96.2	9.38e-96	276.0	YES	YES	HIGH_CONFIDENCE_FUNCTIONAL_ORTHOLOG
MBB3329324.1	EHJ92984.1	78.4	96.5	96.5	1.52e-111	314.0	YES	YES	PROBABLE_ORTHOLOG
MBB3329325.1	EHJ92487.1	37.9	90.3	84.5	4.68e-84	264.0	YES	YES	NO_RELIABLE_ORTHOLOG
MBB3329326.1	EHJ92056.1	30.5	71.3	74.3	2.22e-08	45.4	YES	YES	NO_RELIABLE_ORTHOLOG
MBB3329327.1							YES	NO	NO_RELIABLE_ORTHOLOG
MBB3329328.1	EHJ91831.1	25.1	100.0	98.8	1.53e-22	95.5	YES	NO	NO_RELIABLE_ORTHOLOG
MBB3329329.1	EHJ91832.1	36.8	48.0	98.8	7.009999999999999e-54	184.0	YES	NO	FUNCTION_CONFLICT
MBB3329330.1	EHJ92906.1	37.2	93.7	86.3	2.18e-101	317.0	YES	NO	NO_RELIABLE_ORTHOLOG
MBB3329331.1	EHJ92819.1	84.8	99.5	100.0	0.0	1253.0	YES	YES	PROBABLE_ORTHOLOG
MBB3329332.1	EHJ92405.1	48.3	13.3	13.7	2.21e-11	62.0	YES	NO	NO_RELIABLE_ORTHOLOG
MBB3329333.1							YES	NO	NO_RELIABLE_ORTHOLOG
MBB3329334.1							YES	NO	NO_RELIABLE_ORTHOLOG
MBB3329335.1	EHJ93692.1	50.6	94.5	93.4	2.55e-50	156.0	YES	YES	POSSIBLE_ORTHOLOG
MBB3329336.1	EHJ93511.1	26.2	95.5	97.0	6.02e-13	64.3	YES	NO	NO_RELIABLE_ORTHOLOG
MBB3329337.1							YES	NO	NO_RELIABLE_ORTHOLOG
MBB3329338.1	EHJ92517.1	62.2	87.8	99.0	3.98e-67	202.0	YES	YES	PROBABLE_ORTHOLOG
MBB3329339.1							YES	NO	NO_RELIABLE_ORTHOLOG
MBB3329340.1							YES	NO	NO_RELIABLE_ORTHOLOG
MBB3329341.1	EHJ94466.1	76.4	95.1	96.0	4.38e-282	772.0	YES	YES	PROBABLE_ORTHOLOG
MBB3329342.1	EHJ93577.1	36.1	50.5	17.8	7.21e-34	133.0	YES	NO	NO_RELIABLE_ORTHOLOG
MBB3329343.1	EHJ92606.1	37.0	90.9	88.9	2.0800000000000002e-66	209.0	YES	YES	NO_RELIABLE_ORTHOLOG
MBB3329344.1	EHJ92607.1	31.8	87.8	88.5	6.47e-39	139.0	YES	YES	NO_RELIABLE_ORTHOLOG
MBB3329345.1	EHJ93382.1	28.5	98.3	95.5	1.48e-31	116.0	YES	YES	NO_RELIABLE_ORTHOLOG
MBB3329346.1							YES	NO	NO_RELIABLE_ORTHOLOG
MBB3329347.1	EHJ93983.1	70.4	98.3	94.3	3.89e-61	180.0	YES	YES	PROBABLE_ORTHOLOG
MBB3329348.1	EHJ93982.1	73.7	86.8	92.9	2.51e-63	186.0	YES	YES	PROBABLE_ORTHOLOG
MBB3329349.1	EHJ93981.1	63.3	53.4	95.5	4.71e-68	205.0	YES	YES	NO_RELIABLE_ORTHOLOG
MBB3329350.1	EHJ93980.1	62.2	97.6	98.5	2.49e-162	459.0	YES	YES	HIGH_CONFIDENCE_FUNCTIONAL_ORTHOLOG
MBB3329351.1	EHJ92049.1	57.9	74.3	94.7	1.0899999999999998e-42	134.0	YES	YES	POSSIBLE_ORTHOLOG
MBB3329352.1	EHJ91490.1	41.0	72.0	76.3	8.070000000000001e-43	143.0	YES	YES	POSSIBLE_ORTHOLOG
MBB3329353.1	EHJ91491.1	32.9	79.4	84.1	7.67e-28	101.0	YES	YES	NO_RELIABLE_ORTHOLOG
MBB3329354.1	EHJ92824.1	42.2	95.3	94.4	1.8899999999999998e-46	148.0	YES	YES	POSSIBLE_ORTHOLOG
MBB3329355.1	EHJ93478.1	63.4	95.3	91.7	7.730000000000001e-252	701.0	YES	YES	PROBABLE_ORTHOLOG
MBB3329356.1	EHJ94909.1	51.9	91.3	95.9	4.87e-61	186.0	YES	YES	POSSIBLE_ORTHOLOG
MBB3329357.1	EHJ91578.1	32.9	80.9	71.7	2.46e-25	100.0	YES	NO	NO_RELIABLE_ORTHOLOG
MBB3329358.1	EHJ91578.1	31.8	69.5	84.2	2.73e-24	99.0	YES	NO	NO_RELIABLE_ORTHOLOG
MBB3329359.1	EHJ91577.1	42.0	77.4	78.5	1.48e-49	161.0	YES	YES	POSSIBLE_ORTHOLOG
MBB3329360.1	EHJ91576.1	33.7	83.3	88.6	4.859999999999999e-42	145.0	YES	YES	NO_RELIABLE_ORTHOLOG
MBB3329361.1	EHJ93228.1	77.9	100.0	100.0	1.94e-183	506.0	YES	YES	PROBABLE_ORTHOLOG
MBB3329362.1	EHJ93229.1	48.7	91.9	88.0	3.2e-50	156.0	YES	YES	POSSIBLE_ORTHOLOG
MBB3329363.1	EHJ93233.1	86.9	100.0	100.0	9.03e-237	649.0	YES	YES	HIGH_CONFIDENCE_FUNCTIONAL_ORTHOLOG
MBB3329364.1	EHJ93234.1	71.3	83.3	97.2	8.57e-85	246.0	YES	YES	HIGH_CONFIDENCE_FUNCTIONAL_ORTHOLOG
MBB3329365.1	EHJ93235.1	83.9	98.3	98.6	3.14e-217	594.0	YES	YES	PROBABLE_ORTHOLOG
MBB3329366.1	EHJ94903.1	51.9	92.3	90.8	2.37e-103	305.0	YES	YES	POSSIBLE_ORTHOLOG
MBB3329367.1	EHJ94902.1	61.2	97.1	92.4	1.69e-149	425.0	YES	YES	PROBABLE_ORTHOLOG
MBB3329368.1							YES	NO	NO_RELIABLE_ORTHOLOG
MBB3329369.1							YES	NO	NO_RELIABLE_ORTHOLOG
MBB3329370.1	EHJ93990.1	55.6	67.8	89.0	3.08e-94	281.0	YES	YES	NO_RELIABLE_ORTHOLOG
MBB3329371.1							YES	NO	NO_RELIABLE_ORTHOLOG
MBB3329372.1	EHJ92032.1	76.6	95.5	100.0	9.96e-72	207.0	YES	YES	HIGH_CONFIDENCE_FUNCTIONAL_ORTHOLOG
MBB3329373.1							YES	NO	NO_RELIABLE_ORTHOLOG
MBB3329374.1							YES	NO	NO_RELIABLE_ORTHOLOG
MBB3329375.1	EHJ93346.1	34.2	70.8	79.4	2.42e-22	89.0	YES	NO	NO_RELIABLE_ORTHOLOG
MBB3329376.1	EHJ92884.1	81.5	99.3	100.0	1.14e-257	701.0	YES	YES	VERY_HIGH_CONFIDENCE
MBB3329377.1	EHJ92883.1	62.2	97.0	98.6	3.41e-155	438.0	YES	YES	PROBABLE_ORTHOLOG
MBB3329378.1	EHJ92882.1	83.8	96.0	96.4	2.24e-295	804.0	YES	YES	HIGH_CONFIDENCE_FUNCTIONAL_ORTHOLOG
MBB3329379.1	EHJ92879.1	78.9	99.5	100.0	6.49e-316	861.0	YES	YES	HIGH_CONFIDENCE_FUNCTIONAL_ORTHOLOG
MBB3329380.1	EHJ92878.1	57.1	96.2	97.4	2.02e-97	281.0	YES	YES	POSSIBLE_ORTHOLOG
MBB3329381.1	EHJ92875.1	52.6	95.8	95.8	8.67e-37	118.0	YES	YES	PARALOG_AMBIGUOUS
MBB3329382.1							YES	NO	NO_RELIABLE_ORTHOLOG
MBB3329383.1	EHJ91921.1	30.4	82.5	90.2	1.05e-39	144.0	YES	NO	NO_RELIABLE_ORTHOLOG
MBB3329384.1	EHJ92874.1	65.2	93.7	90.1	1.4500000000000002e-70	208.0	YES	YES	HIGH_CONFIDENCE_FUNCTIONAL_ORTHOLOG
MBB3329385.1	EHJ92873.1	82.1	100.0	100.0	4.08e-71	205.0	YES	YES	VERY_HIGH_CONFIDENCE
MBB3329386.1	EHJ92872.1	77.0	100.0	100.0	2.23e-228	626.0	YES	YES	PROBABLE_ORTHOLOG
MBB3329387.1	EHJ92871.1	76.6	100.0	100.0	1.47e-130	365.0	YES	YES	PROBABLE_ORTHOLOG
MBB3329388.1	EHJ92868.1	91.2	91.1	100.0	1.25e-280	761.0	YES	YES	PROBABLE_ORTHOLOG
MBB3329389.1	EHJ92867.1	76.7	93.1	97.5	3.2900000000000003e-122	344.0	YES	YES	HIGH_CONFIDENCE_FUNCTIONAL_ORTHOLOG
MBB3329390.1	EHJ92866.1	86.9	100.0	100.0	3.8100000000000004e-215	585.0	YES	YES	PROBABLE_ORTHOLOG
MBB3329391.1	EHJ92865.1	85.2	100.0	100.0	3.85e-186	509.0	YES	YES	HIGH_CONFIDENCE_FUNCTIONAL_ORTHOLOG
MBB3329392.1	EHJ92864.1	83.9	100.0	99.4	2.9000000000000003e-99	280.0	YES	YES	FUNCTION_CONFLICT
MBB3329393.1	EHJ93035.1	30.0	91.0	92.9	2.25e-79	258.0	YES	NO	FUNCTION_CONFLICT
MBB3329394.1							YES	NO	NO_RELIABLE_ORTHOLOG
MBB3329395.1	EHJ91464.1	32.8	95.6	97.0	3.7e-34	123.0	YES	NO	FUNCTION_CONFLICT
MBB3329396.1							YES	NO	NO_RELIABLE_ORTHOLOG
MBB3329397.1	EHJ92146.1	85.6	96.8	94.5	4.72e-283	773.0	YES	NO	PARALOG_AMBIGUOUS
MBB3329398.1							YES	NO	NO_RELIABLE_ORTHOLOG
MBB3329399.1	EHJ92871.1	33.0	89.3	90.2	3.7999999999999996e-30	109.0	YES	NO	NO_RELIABLE_ORTHOLOG
MBB3329400.1	EHJ92862.1	63.7	91.3	95.4	9.48e-101	292.0	YES	YES	PROBABLE_ORTHOLOG
MBB3329401.1	EHJ92861.1	81.9	99.5	99.5	2.09e-133	371.0	YES	YES	HIGH_CONFIDENCE_FUNCTIONAL_ORTHOLOG
MBB3329402.1	EHJ92860.1	72.3	94.8	95.7	1.01e-176	493.0	YES	YES	PROBABLE_ORTHOLOG
MBB3329403.1	EHJ92859.1	51.4	90.0	98.3	1.49e-48	153.0	YES	YES	POSSIBLE_ORTHOLOG
MBB3329404.1	EHJ92857.1	84.5	100.0	100.0	4.08e-206	564.0	YES	YES	PROBABLE_ORTHOLOG
MBB3329405.1	EHJ92856.1	77.4	100.0	100.0	3.93e-89	254.0	YES	YES	HIGH_CONFIDENCE_FUNCTIONAL_ORTHOLOG
MBB3329406.1	EHJ92855.1	90.8	99.8	100.0	2.06e-267	728.0	YES	YES	HIGH_CONFIDENCE_FUNCTIONAL_ORTHOLOG
MBB3329407.1	EHJ91973.1	60.0	95.5	92.6	3.72e-63	189.0	YES	YES	PROBABLE_ORTHOLOG
MBB3329408.1							YES	NO	NO_RELIABLE_ORTHOLOG
MBB3329409.1	EHJ92854.1	75.3	100.0	100.0	3.6200000000000004e-181	500.0	YES	YES	HIGH_CONFIDENCE_FUNCTIONAL_ORTHOLOG
MBB3329410.1	EHJ92853.1	81.3	92.7	99.0	0.0	1271.0	YES	YES	PROBABLE_ORTHOLOG
MBB3329411.1	EHJ92852.1	80.4	68.3	100.0	1.0299999999999999e-55	166.0	YES	YES	NO_RELIABLE_ORTHOLOG
MBB3329412.1	EHJ92851.1	83.6	97.8	98.9	5.549999999999999e-159	440.0	YES	YES	PROBABLE_ORTHOLOG
MBB3329413.1							YES	NO	NO_RELIABLE_ORTHOLOG
MBB3329414.1	EHJ92850.1	53.4	86.4	82.0	1.36e-51	160.0	YES	YES	POSSIBLE_ORTHOLOG
MBB3329415.1	EHJ92849.1	49.7	99.0	97.5	2.7e-199	578.0	YES	YES	POSSIBLE_ORTHOLOG
MBB3329416.1	EHJ92848.1	71.7	94.4	96.9	8.72e-189	525.0	YES	YES	HIGH_CONFIDENCE_FUNCTIONAL_ORTHOLOG
MBB3329417.1	EHJ92847.1	67.5	93.6	89.4	1.8200000000000003e-185	523.0	YES	YES	PROBABLE_ORTHOLOG
MBB3329418.1	EHJ94594.1	47.2	94.6	95.1	1.02e-59	184.0	YES	YES	POSSIBLE_ORTHOLOG
MBB3329419.1	EHJ92845.1	89.5	100.0	100.0	0.0	936.0	YES	YES	HIGH_CONFIDENCE_FUNCTIONAL_ORTHOLOG
MBB3329420.1	EHJ92756.1	32.7	48.8	45.2	5.38e-06	42.4	YES	NO	FUNCTION_CONFLICT
MBB3329421.1	EHJ92947.1	43.4	25.7	42.2	7e-15	70.9	YES	NO	NO_RELIABLE_ORTHOLOG
MBB3329422.1							YES	NO	NO_RELIABLE_ORTHOLOG
MBB3329423.1	EHJ91424.1	27.4	79.2	77.9	7.72e-14	64.3	YES	NO	NO_RELIABLE_ORTHOLOG
MBB3329424.1	EHJ92947.1	34.8	41.7	44.2	2.85e-11	58.9	YES	NO	FUNCTION_CONFLICT
MBB3329425.1							YES	NO	NO_RELIABLE_ORTHOLOG
MBB3329426.1	EHJ92842.1	86.1	99.3	99.4	0.0	1134.0	YES	YES	PROBABLE_ORTHOLOG
MBB3329427.1	EHJ94356.1	31.1	81.5	87.1	2.8500000000000004e-43	152.0	YES	NO	NO_RELIABLE_ORTHOLOG
MBB3329428.1	EHJ92997.1	37.2	78.8	92.8	8.43e-31	107.0	YES	NO	NO_RELIABLE_ORTHOLOG
MBB3329429.1	EHJ94883.1	37.2	96.8	97.9	2.37e-86	267.0	YES	YES	NO_RELIABLE_ORTHOLOG
MBB3329430.1							YES	NO	NO_RELIABLE_ORTHOLOG
MBB3329431.1	EHJ92829.1	76.0	95.4	97.0	9.949999999999999e-120	337.0	YES	YES	PROBABLE_ORTHOLOG
MBB3329432.1	EHJ92828.1	62.9	96.4	97.4	4.86e-191	537.0	YES	YES	HIGH_CONFIDENCE_FUNCTIONAL_ORTHOLOG
MBB3329433.1	EHJ92827.1	73.3	98.2	98.7	0.0	1401.0	YES	YES	PROBABLE_ORTHOLOG
MBB3329434.1	EHJ92826.1	51.7	92.1	97.8	7.98e-116	342.0	YES	YES	POSSIBLE_ORTHOLOG
MBB3329435.1	EHJ92807.1	70.1	100.0	99.4	4.1599999999999996e-134	380.0	YES	YES	PROBABLE_ORTHOLOG
MBB3329436.1	EHJ92806.1	46.9	80.5	89.7	3.31e-57	178.0	YES	YES	POSSIBLE_ORTHOLOG
MBB3329437.1							YES	NO	NO_RELIABLE_ORTHOLOG
MBB3329438.1							YES	NO	NO_RELIABLE_ORTHOLOG
MBB3329439.1	EHJ92805.1	62.7	100.0	100.0	1.22e-141	399.0	YES	YES	HIGH_CONFIDENCE_FUNCTIONAL_ORTHOLOG
MBB3329440.1	EHJ92803.1	93.7	100.0	98.8	2.07e-296	798.0	YES	YES	HIGH_CONFIDENCE_FUNCTIONAL_ORTHOLOG
MBB3329441.1	EHJ92802.1	82.0	98.8	97.1	1.37e-199	548.0	YES	YES	PROBABLE_ORTHOLOG
MBB3329442.1	EHJ92801.1	82.6	98.1	98.1	9.36e-92	260.0	YES	YES	HIGH_CONFIDENCE_FUNCTIONAL_ORTHOLOG
MBB3329443.1	EHJ91368.1	27.4	61.9	67.7	2.99e-14	68.6	YES	NO	NO_RELIABLE_ORTHOLOG
MBB3329444.1							YES	NO	NO_RELIABLE_ORTHOLOG
MBB3329445.1							YES	NO	NO_RELIABLE_ORTHOLOG
MBB3329446.1							YES	NO	NO_RELIABLE_ORTHOLOG
MBB3329447.1	EHJ92799.1	88.3	99.2	99.4	0.0	880.0	YES	YES	PROBABLE_ORTHOLOG
MBB3329448.1	EHJ92798.1	80.5	50.7	88.7	2.47e-132	380.0	YES	YES	NO_RELIABLE_ORTHOLOG
MBB3329449.1							YES	NO	NO_RELIABLE_ORTHOLOG
MBB3329450.1	EHJ92796.1	70.8	99.6	99.1	2.64e-115	325.0	YES	YES	HIGH_CONFIDENCE_FUNCTIONAL_ORTHOLOG
MBB3329451.1							YES	NO	NO_RELIABLE_ORTHOLOG
MBB3329452.1							YES	NO	NO_RELIABLE_ORTHOLOG
MBB3329453.1							YES	NO	NO_RELIABLE_ORTHOLOG
MBB3329454.1							YES	NO	NO_RELIABLE_ORTHOLOG
MBB3329455.1							YES	NO	NO_RELIABLE_ORTHOLOG
MBB3329456.1							YES	NO	NO_RELIABLE_ORTHOLOG
MBB3329457.1							YES	NO	NO_RELIABLE_ORTHOLOG
MBB3329458.1							YES	NO	NO_RELIABLE_ORTHOLOG
MBB3329459.1							YES	NO	NO_RELIABLE_ORTHOLOG
MBB3329460.1							YES	NO	NO_RELIABLE_ORTHOLOG
MBB3329461.1							YES	NO	NO_RELIABLE_ORTHOLOG
MBB3329462.1							YES	NO	NO_RELIABLE_ORTHOLOG
MBB3329463.1							YES	NO	NO_RELIABLE_ORTHOLOG
MBB3329464.1							YES	NO	NO_RELIABLE_ORTHOLOG
MBB3329465.1							YES	NO	NO_RELIABLE_ORTHOLOG
MBB3329466.1							YES	NO	NO_RELIABLE_ORTHOLOG
MBB3329467.1	EHJ92791.1	66.1	84.9	92.1	1.0299999999999999e-84	246.0	YES	YES	HIGH_CONFIDENCE_FUNCTIONAL_ORTHOLOG
MBB3329468.1							YES	NO	NO_RELIABLE_ORTHOLOG
MBB3329469.1							YES	NO	NO_RELIABLE_ORTHOLOG
MBB3329470.1							YES	NO	NO_RELIABLE_ORTHOLOG
MBB3329471.1	EHJ93749.1	56.3	89.2	93.1	1.4e-73	218.0	YES	YES	POSSIBLE_ORTHOLOG
MBB3329472.1	EHJ93748.1	60.8	93.2	100.0	2.84e-83	244.0	YES	YES	PROBABLE_ORTHOLOG
MBB3329473.1	EHJ93747.1	70.4	93.8	89.1	2.42e-91	264.0	YES	YES	PROBABLE_ORTHOLOG
MBB3329474.1	EHJ93746.1	64.1	99.6	99.5	3.3399999999999995e-241	672.0	YES	YES	PROBABLE_ORTHOLOG
MBB3329475.1	EHJ93745.1	77.3	96.3	93.9	1.27e-229	630.0	YES	YES	PROBABLE_ORTHOLOG
MBB3329476.1	EHJ93744.1	61.9	95.0	97.1	8.100000000000001e-144	408.0	YES	YES	PROBABLE_ORTHOLOG
MBB3329477.1							YES	NO	NO_RELIABLE_ORTHOLOG
MBB3329478.1	EHJ92058.1	61.3	92.2	93.2	8.159999999999999e-191	538.0	YES	YES	PROBABLE_ORTHOLOG
MBB3329479.1	EHJ92057.1	90.7	92.2	97.6	8.87e-145	403.0	YES	YES	PROBABLE_ORTHOLOG
MBB3329480.1	EHJ92785.1	87.2	100.0	97.6	3.97e-293	797.0	YES	NO	POSSIBLE_ORTHOLOG
MBB3329481.1	EHJ92784.1	73.0	100.0	100.0	1.2700000000000001e-144	404.0	YES	NO	POSSIBLE_ORTHOLOG
MBB3329482.1	EHJ92771.1	64.6	100.0	100.0	1.23e-45	140.0	YES	NO	POSSIBLE_ORTHOLOG
MBB3329483.1	EHJ92784.1	75.4	100.0	100.0	5.16e-151	421.0	YES	YES	PROBABLE_ORTHOLOG
MBB3329484.1	EHJ92141.1	29.9	71.6	74.6	3.98e-23	93.2	YES	NO	NO_RELIABLE_ORTHOLOG
MBB3329485.1	EHJ92127.1	31.4	48.2	80.8	4.29e-24	99.4	YES	NO	NO_RELIABLE_ORTHOLOG
MBB3329486.1							YES	NO	NO_RELIABLE_ORTHOLOG
MBB3329487.1	EHJ92144.1	74.2	98.6	98.9	7.41e-181	501.0	YES	YES	PROBABLE_ORTHOLOG
MBB3329488.1	EHJ92143.1	80.2	100.0	100.0	1.26e-209	576.0	YES	YES	PROBABLE_ORTHOLOG
MBB3329489.1	EHJ92142.1	81.1	100.0	98.7	0.0	947.0	YES	YES	HIGH_CONFIDENCE_FUNCTIONAL_ORTHOLOG
MBB3329490.1	EHJ92141.1	87.5	100.0	100.0	3.0500000000000003e-173	476.0	YES	YES	PROBABLE_ORTHOLOG
MBB3329491.1	EHJ92140.1	83.7	99.4	99.4	1.23e-193	532.0	YES	YES	PROBABLE_ORTHOLOG
MBB3329492.1	EHJ92139.1	78.6	100.0	100.0	8.339999999999999e-243	665.0	YES	YES	PROBABLE_ORTHOLOG
MBB3329493.1	EHJ92138.1	73.7	99.8	99.0	1.88e-256	705.0	YES	YES	PROBABLE_ORTHOLOG
MBB3329494.1	EHJ92905.1	36.1	6.8	27.7	3.38e-07	48.9	YES	NO	NO_RELIABLE_ORTHOLOG
MBB3329495.1	EHJ92142.1	60.4	90.1	91.4	3.31e-228	638.0	YES	NO	POSSIBLE_ORTHOLOG
MBB3329496.1	EHJ93214.1	52.4	96.8	92.7	1.56e-118	345.0	YES	NO	POSSIBLE_ORTHOLOG
MBB3329497.1	EHJ92772.1	68.6	98.2	97.5	2.6999999999999998e-188	524.0	YES	YES	PROBABLE_ORTHOLOG
MBB3329498.1	EHJ92768.1	85.5	95.1	98.3	4.5700000000000003e-70	202.0	YES	YES	PROBABLE_ORTHOLOG
MBB3329499.1	EHJ91371.1	38.0	24.5	88.3	1.19e-19	85.9	YES	NO	NO_RELIABLE_ORTHOLOG
MBB3329500.1							YES	NO	NO_RELIABLE_ORTHOLOG
MBB3329501.1	EHJ92767.1	83.0	97.9	97.9	9.45e-165	456.0	YES	YES	PROBABLE_ORTHOLOG
MBB3329502.1	EHJ92137.1	82.2	97.2	96.4	8.640000000000001e-302	820.0	YES	YES	VERY_HIGH_CONFIDENCE
MBB3329503.1	EHJ92136.1	74.8	98.2	98.6	1.47e-112	318.0	YES	YES	HIGH_CONFIDENCE_FUNCTIONAL_ORTHOLOG
MBB3329504.1	EHJ92135.1	83.2	100.0	100.0	1.9599999999999998e-137	381.0	YES	YES	VERY_HIGH_CONFIDENCE
MBB3329505.1	EHJ92152.1	88.5	95.1	95.7	0.0	954.0	YES	YES	VERY_HIGH_CONFIDENCE
MBB3329506.1	EHJ92151.1	82.1	99.3	99.7	2.7799999999999997e-292	803.0	YES	YES	VERY_HIGH_CONFIDENCE
MBB3329507.1	EHJ92150.1	60.2	99.4	99.4	2.31e-126	361.0	YES	YES	HIGH_CONFIDENCE_FUNCTIONAL_ORTHOLOG
MBB3329508.1	EHJ92149.1	70.4	100.0	100.0	0.0	1238.0	YES	YES	HIGH_CONFIDENCE_FUNCTIONAL_ORTHOLOG
MBB3329509.1	EHJ92148.1	65.2	97.6	100.0	3.23e-141	399.0	YES	YES	PROBABLE_ORTHOLOG
MBB3329510.1	EHJ94645.1	32.6	65.6	60.6	7.230000000000001e-22	92.0	YES	NO	NO_RELIABLE_ORTHOLOG
MBB3329511.1	EHJ92128.1	88.2	100.0	100.0	1.2999999999999999e-174	480.0	YES	YES	PROBABLE_ORTHOLOG
MBB3329512.1	EHJ92127.1	87.2	100.0	100.0	9.71e-192	525.0	YES	YES	PROBABLE_ORTHOLOG
MBB3329513.1	EHJ92126.1	83.7	98.9	99.8	6.55e-288	781.0	YES	YES	PROBABLE_ORTHOLOG
MBB3329514.1	EHJ92125.1	81.9	100.0	100.0	2.76e-216	592.0	YES	YES	PROBABLE_ORTHOLOG
MBB3329515.1	EHJ92124.1	66.9	98.2	99.6	1.33e-235	652.0	YES	YES	HIGH_CONFIDENCE_FUNCTIONAL_ORTHOLOG
MBB3329516.1							YES	NO	NO_RELIABLE_ORTHOLOG
MBB3329517.1	EHJ92123.1	75.7	99.7	99.4	1.02e-173	481.0	YES	YES	PROBABLE_ORTHOLOG
MBB3329518.1	EHJ92122.1	62.8	99.0	99.3	2.23e-123	351.0	YES	YES	PROBABLE_ORTHOLOG
MBB3329519.1	EHJ93159.1	69.6	97.6	99.3	6.7e-151	421.0	YES	YES	HIGH_CONFIDENCE_FUNCTIONAL_ORTHOLOG
MBB3329520.1	EHJ92121.1	73.7	99.1	99.4	1.5899999999999998e-170	473.0	YES	YES	HIGH_CONFIDENCE_FUNCTIONAL_ORTHOLOG
MBB3329521.1	EHJ92120.1	83.1	100.0	100.0	0.0	1054.0	YES	YES	VERY_HIGH_CONFIDENCE
MBB3329522.1	EHJ92764.1	56.5	99.4	99.6	5.26e-178	503.0	YES	YES	POSSIBLE_ORTHOLOG
MBB3329523.1	EHJ92763.1	63.7	97.1	97.4	6.27e-174	486.0	YES	YES	PROBABLE_ORTHOLOG
MBB3329524.1	EHJ92761.1	72.8	82.1	81.4	1.6000000000000001e-43	135.0	YES	YES	HIGH_CONFIDENCE_FUNCTIONAL_ORTHOLOG
MBB3329525.1	EHJ92760.1	65.7	92.0	97.0	4.01e-99	286.0	YES	YES	HIGH_CONFIDENCE_FUNCTIONAL_ORTHOLOG
MBB3329526.1	EHJ92759.1	82.5	94.5	95.1	8.45e-88	251.0	YES	YES	VERY_HIGH_CONFIDENCE
MBB3329527.1	EHJ92758.1	61.1	95.2	98.8	1.75e-147	417.0	YES	YES	HIGH_CONFIDENCE_FUNCTIONAL_ORTHOLOG
MBB3329528.1	EHJ92757.1	83.7	98.8	98.8	6.97e-154	425.0	YES	YES	VERY_HIGH_CONFIDENCE
MBB3329529.1	EHJ92756.1	71.9	99.5	99.5	1.98e-100	286.0	YES	YES	HIGH_CONFIDENCE_FUNCTIONAL_ORTHOLOG
MBB3329530.1	EHJ92755.1	68.2	90.7	99.0	5.93e-144	405.0	YES	YES	PROBABLE_ORTHOLOG
MBB3329531.1	EHJ92754.1	57.2	99.5	98.0	6.88e-116	338.0	YES	YES	POSSIBLE_ORTHOLOG
MBB3329532.1	EHJ92753.1	81.3	100.0	99.7	3.85e-184	508.0	YES	YES	HIGH_CONFIDENCE_FUNCTIONAL_ORTHOLOG
MBB3329533.1	EHJ93204.1	59.3	94.3	96.8	2.09e-170	485.0	YES	YES	POSSIBLE_ORTHOLOG
MBB3329534.1	EHJ92752.1	72.9	99.5	99.5	4.6099999999999996e-188	521.0	YES	YES	HIGH_CONFIDENCE_FUNCTIONAL_ORTHOLOG
MBB3329535.1	EHJ92751.1	73.6	91.8	100.0	1.86e-162	450.0	YES	YES	HIGH_CONFIDENCE_FUNCTIONAL_ORTHOLOG
MBB3329536.1							YES	NO	NO_RELIABLE_ORTHOLOG
MBB3329537.1	EHJ92396.1	91.9	100.0	100.0	0.0	1004.0	YES	YES	VERY_HIGH_CONFIDENCE
MBB3329538.1	EHJ92395.1	75.5	72.1	61.3	1.97e-16	63.5	YES	YES	NO_RELIABLE_ORTHOLOG
MBB3329539.1	EHJ92394.1	82.7	92.4	95.7	4.03e-76	219.0	YES	YES	PROBABLE_ORTHOLOG
MBB3329540.1	EHJ92393.1	74.4	100.0	100.0	1.33e-227	627.0	YES	YES	HIGH_CONFIDENCE_FUNCTIONAL_ORTHOLOG
MBB3329541.1	EHJ92477.1	37.5	62.6	66.0	4.32e-09	46.6	YES	YES	NO_RELIABLE_ORTHOLOG
MBB3329542.1							YES	NO	NO_RELIABLE_ORTHOLOG
MBB3329543.1	EHJ92391.1	83.5	83.2	97.3	4.13e-149	415.0	YES	YES	PROBABLE_ORTHOLOG
MBB3329544.1							YES	NO	NO_RELIABLE_ORTHOLOG
MBB3329545.1	EHJ92382.1	70.7	88.0	84.4	8.369999999999999e-94	270.0	YES	YES	PROBABLE_ORTHOLOG
MBB3329546.1	EHJ92381.1	79.1	92.4	93.2	4.39e-124	348.0	YES	YES	PROBABLE_ORTHOLOG
MBB3329547.1	EHJ92380.1	70.4	98.8	99.2	0.0	1136.0	YES	YES	PROBABLE_ORTHOLOG
MBB3329548.1							YES	NO	NO_RELIABLE_ORTHOLOG
MBB3329549.1							YES	NO	NO_RELIABLE_ORTHOLOG
MBB3329550.1	EHJ93086.1	86.9	100.0	100.0	5.88e-274	743.0	YES	YES	VERY_HIGH_CONFIDENCE
MBB3329551.1	EHJ92389.1	28.0	89.2	74.2	1.01e-54	194.0	YES	NO	NO_RELIABLE_ORTHOLOG
MBB3329552.1	EHJ91496.1	34.2	81.7	98.7	9.379999999999999e-62	202.0	YES	YES	NO_RELIABLE_ORTHOLOG
MBB3329553.1							YES	NO	NO_RELIABLE_ORTHOLOG
MBB3329554.1							YES	NO	NO_RELIABLE_ORTHOLOG
MBB3329555.1	EHJ93063.1	32.8	94.9	93.2	8.25e-65	213.0	YES	NO	NO_RELIABLE_ORTHOLOG
MBB3329556.1	EHJ91102.1	79.0	98.4	100.0	6.77e-34	107.0	YES	YES	PROBABLE_ORTHOLOG
MBB3329557.1	EHJ91104.1	51.6	92.7	98.3	3.47e-102	298.0	YES	NO	POSSIBLE_ORTHOLOG
MBB3329558.1	EHJ91104.1	83.9	97.6	99.3	1.2800000000000001e-184	506.0	YES	YES	PROBABLE_ORTHOLOG
MBB3329559.1	EHJ91077.1	50.7	95.8	95.8	1.56e-46	145.0	YES	YES	POSSIBLE_ORTHOLOG
MBB3329560.1	EHJ91078.1	68.2	96.1	95.4	1.0200000000000001e-259	721.0	YES	YES	PROBABLE_ORTHOLOG
MBB3329561.1	EHJ91105.1	65.4	99.4	98.1	5.4399999999999996e-67	197.0	YES	YES	HIGH_CONFIDENCE_FUNCTIONAL_ORTHOLOG
MBB3329562.1	EHJ91106.1	72.1	95.8	97.8	2.79e-71	207.0	YES	YES	HIGH_CONFIDENCE_FUNCTIONAL_ORTHOLOG
MBB3329563.1	EHJ91107.1	82.9	96.1	89.9	1.04e-125	353.0	YES	YES	HIGH_CONFIDENCE_FUNCTIONAL_ORTHOLOG
MBB3329564.1	EHJ91108.1	71.5	99.8	100.0	1.19e-217	602.0	YES	YES	HIGH_CONFIDENCE_FUNCTIONAL_ORTHOLOG
MBB3329565.1	EHJ91109.1	74.3	90.1	91.4	1.8699999999999999e-106	303.0	YES	YES	PROBABLE_ORTHOLOG
MBB3329566.1	EHJ91110.1	76.6	84.2	86.2	3.8e-176	489.0	YES	YES	PROBABLE_ORTHOLOG
MBB3329567.1							YES	NO	NO_RELIABLE_ORTHOLOG
MBB3329568.1							YES	NO	NO_RELIABLE_ORTHOLOG
MBB3329569.1							YES	NO	NO_RELIABLE_ORTHOLOG
MBB3329570.1							YES	NO	NO_RELIABLE_ORTHOLOG
MBB3329571.1							YES	NO	NO_RELIABLE_ORTHOLOG
MBB3329572.1							YES	NO	NO_RELIABLE_ORTHOLOG
MBB3329573.1	EHJ93091.1	79.6	97.5	97.8	4.78e-227	623.0	YES	YES	PROBABLE_ORTHOLOG
MBB3329574.1							YES	NO	NO_RELIABLE_ORTHOLOG
MBB3329575.1	EHJ94613.1	71.2	98.2	98.2	4.899999999999999e-168	468.0	YES	YES	PROBABLE_ORTHOLOG
MBB3329576.1	EHJ93275.1	22.8	99.3	91.0	1.33e-12	63.9	YES	NO	NO_RELIABLE_ORTHOLOG
MBB3329577.1	EHJ92414.1	32.5	52.4	36.3	4.86e-28	115.0	YES	NO	NO_RELIABLE_ORTHOLOG
MBB3329578.1							YES	NO	NO_RELIABLE_ORTHOLOG
MBB3329579.1							YES	NO	NO_RELIABLE_ORTHOLOG
MBB3329580.1							YES	NO	NO_RELIABLE_ORTHOLOG
MBB3329581.1	EHJ93601.1	54.6	98.7	97.2	1.07e-128	372.0	YES	YES	POSSIBLE_ORTHOLOG
MBB3329582.1	EHJ94027.1	55.9	97.8	99.1	9.93e-74	220.0	YES	YES	POSSIBLE_ORTHOLOG
MBB3329583.1	EHJ94028.1	68.1	95.9	95.9	1.44e-18	67.4	YES	YES	PROBABLE_ORTHOLOG
MBB3329584.1	EHJ94029.1	77.5	91.0	89.9	3.85e-122	344.0	YES	YES	PROBABLE_ORTHOLOG
MBB3329585.1	EHJ94030.1	80.0	98.0	98.0	2.0100000000000002e-156	435.0	YES	YES	PROBABLE_ORTHOLOG
MBB3329586.1	EHJ94031.1	71.1	91.7	86.7	4.28e-142	405.0	YES	YES	PROBABLE_ORTHOLOG
MBB3329587.1	EHJ91459.1	61.3	97.1	97.1	1.02e-183	513.0	YES	NO	POSSIBLE_ORTHOLOG
MBB3329588.1	EHJ91450.1	30.5	97.1	91.7	1.2e-65	219.0	YES	NO	NO_RELIABLE_ORTHOLOG
MBB3329589.1	EHJ91455.1	37.9	98.2	96.4	4.59e-87	266.0	YES	NO	NO_RELIABLE_ORTHOLOG
MBB3329590.1	EHJ92220.1	79.4	99.7	99.7	8.36e-217	596.0	YES	YES	HIGH_CONFIDENCE_FUNCTIONAL_ORTHOLOG
MBB3329591.1	EHJ92219.1	79.2	99.8	97.2	0.0	902.0	YES	YES	PROBABLE_ORTHOLOG
MBB3329592.1	EHJ91085.1	21.9	90.1	94.4	1.15e-10	58.5	YES	YES	NO_RELIABLE_ORTHOLOG
MBB3329593.1	EHJ91201.1	77.1	96.0	98.6	3.98e-116	327.0	YES	YES	PROBABLE_ORTHOLOG
MBB3329594.1	EHJ93750.1	30.1	61.7	19.9	1.12e-08	51.6	YES	NO	NO_RELIABLE_ORTHOLOG
MBB3329595.1	EHJ91200.1	72.4	99.6	99.6	0.0	1090.0	YES	YES	PROBABLE_ORTHOLOG
MBB3329596.1	EHJ91199.1	65.1	92.4	99.7	2.11e-187	522.0	YES	YES	PROBABLE_ORTHOLOG
MBB3329597.1							YES	NO	NO_RELIABLE_ORTHOLOG
MBB3329598.1							YES	NO	NO_RELIABLE_ORTHOLOG
MBB3329599.1							YES	NO	NO_RELIABLE_ORTHOLOG
MBB3329600.1							YES	NO	NO_RELIABLE_ORTHOLOG
MBB3329601.1							YES	NO	NO_RELIABLE_ORTHOLOG
MBB3329602.1							YES	NO	NO_RELIABLE_ORTHOLOG
MBB3329603.1							YES	NO	NO_RELIABLE_ORTHOLOG
MBB3329604.1	EHJ94036.1	74.6	100.0	99.4	2.99e-102	288.0	YES	YES	HIGH_CONFIDENCE_FUNCTIONAL_ORTHOLOG
MBB3329605.1	EHJ94037.1	71.9	100.0	100.0	4.7499999999999996e-55	164.0	YES	YES	PROBABLE_ORTHOLOG
MBB3329606.1	EHJ93935.1	64.4	97.0	94.7	1.1199999999999999e-67	200.0	YES	YES	PROBABLE_ORTHOLOG
MBB3329607.1	EHJ93943.1	58.2	95.2	95.6	5.650000000000001e-163	465.0	YES	YES	POSSIBLE_ORTHOLOG
MBB3329608.1	EHJ93944.1	79.2	96.9	96.4	2.16e-122	343.0	YES	YES	HIGH_CONFIDENCE_FUNCTIONAL_ORTHOLOG
MBB3329609.1	EHJ93945.1	55.3	85.8	82.0	1.86e-34	112.0	YES	YES	POSSIBLE_ORTHOLOG
MBB3329610.1	EHJ93946.1	47.4	99.4	98.7	4.95e-44	139.0	YES	YES	POSSIBLE_ORTHOLOG
MBB3329611.1							YES	NO	NO_RELIABLE_ORTHOLOG
MBB3329612.1	EHJ91450.1	26.4	53.2	48.2	9.81e-09	54.3	YES	NO	NO_RELIABLE_ORTHOLOG
MBB3329613.1							YES	NO	NO_RELIABLE_ORTHOLOG
MBB3329614.1	EHJ91389.1	33.5	61.1	71.3	2.99e-15	70.5	YES	NO	NO_RELIABLE_ORTHOLOG
MBB3329615.1	EHJ91221.1	41.1	74.0	100.0	1.07e-36	124.0	YES	NO	NO_RELIABLE_ORTHOLOG
MBB3329616.1	EHJ94303.1	80.3	98.7	98.7	4.96e-127	355.0	YES	YES	PROBABLE_ORTHOLOG
MBB3329617.1	EHJ94302.1	66.6	98.0	96.2	4.3999999999999995e-197	552.0	YES	YES	HIGH_CONFIDENCE_FUNCTIONAL_ORTHOLOG
MBB3329618.1	EHJ93430.1	34.6	99.4	86.8	4.55e-20	80.1	YES	YES	NO_RELIABLE_ORTHOLOG
MBB3329619.1							YES	NO	NO_RELIABLE_ORTHOLOG
MBB3329620.1							YES	NO	NO_RELIABLE_ORTHOLOG
MBB3329621.1	EHJ92843.1	69.1	98.1	97.9	5.77e-263	728.0	YES	YES	PROBABLE_ORTHOLOG
MBB3329622.1	EHJ94038.1	55.8	94.9	96.7	1.5299999999999999e-83	248.0	YES	YES	POSSIBLE_ORTHOLOG
MBB3329623.1	EHJ94039.1	67.7	98.0	95.7	3.81e-87	253.0	YES	YES	HIGH_CONFIDENCE_FUNCTIONAL_ORTHOLOG
MBB3329624.1	EHJ94044.1	83.6	96.6	100.0	1.64e-171	473.0	YES	YES	PROBABLE_ORTHOLOG
MBB3329625.1	EHJ94045.1	53.9	96.0	99.3	1.29e-143	415.0	YES	YES	POSSIBLE_ORTHOLOG
MBB3329626.1	EHJ94707.1	27.5	88.7	93.5	2.44e-09	53.1	YES	YES	NO_RELIABLE_ORTHOLOG
MBB3329627.1	EHJ92038.1	50.7	96.9	95.8	2.61e-118	343.0	YES	YES	POSSIBLE_ORTHOLOG
MBB3329628.1	EHJ92037.1	48.3	86.7	95.0	1.85e-106	313.0	YES	YES	POSSIBLE_ORTHOLOG
MBB3329629.1	EHJ92036.1	46.9	95.6	96.5	1.2e-96	285.0	YES	YES	POSSIBLE_ORTHOLOG
MBB3329630.1	EHJ92035.1	42.5	99.1	99.1	7.59e-88	264.0	YES	YES	POSSIBLE_ORTHOLOG
MBB3329631.1	EHJ92034.1	37.9	99.0	97.7	2.4e-101	312.0	YES	YES	NO_RELIABLE_ORTHOLOG
MBB3329632.1	EHJ91685.1	78.1	100.0	100.0	7.799999999999999e-189	520.0	YES	YES	HIGH_CONFIDENCE_FUNCTIONAL_ORTHOLOG
MBB3329633.1							YES	NO	NO_RELIABLE_ORTHOLOG
MBB3329634.1							YES	NO	NO_RELIABLE_ORTHOLOG
MBB3329635.1	EHJ91684.1	69.2	96.6	99.5	7.859999999999999e-190	529.0	YES	YES	HIGH_CONFIDENCE_FUNCTIONAL_ORTHOLOG
MBB3329636.1	EHJ91683.1	73.3	90.0	93.8	6.320000000000001e-97	276.0	YES	YES	HIGH_CONFIDENCE_FUNCTIONAL_ORTHOLOG
MBB3329637.1	EHJ91682.1	72.9	100.0	100.0	6.96e-141	394.0	YES	YES	HIGH_CONFIDENCE_FUNCTIONAL_ORTHOLOG
MBB3329638.1	EHJ91681.1	88.0	87.3	100.0	3.3100000000000005e-129	360.0	YES	YES	PROBABLE_ORTHOLOG
MBB3329639.1	EHJ91680.1	79.5	90.3	94.0	1.82e-129	363.0	YES	YES	PROBABLE_ORTHOLOG
MBB3329640.1	EHJ91679.1	90.1	99.8	99.8	0.0	1007.0	YES	YES	FUNCTION_CONFLICT
MBB3329641.1	EHJ91678.1	88.6	100.0	100.0	0.0	2383.0	YES	YES	VERY_HIGH_CONFIDENCE
MBB3329642.1	EHJ91660.1	32.1	45.7	83.8	1.74e-17	77.8	YES	YES	NO_RELIABLE_ORTHOLOG
MBB3329643.1	EHJ91659.1	65.8	95.7	97.5	1.2999999999999999e-267	745.0	YES	YES	HIGH_CONFIDENCE_FUNCTIONAL_ORTHOLOG
MBB3329644.1	EHJ91658.1	80.2	98.2	97.7	2.64e-122	343.0	YES	YES	PROBABLE_ORTHOLOG
MBB3329645.1	EHJ91657.1	87.0	100.0	100.0	0.0	943.0	YES	YES	PROBABLE_ORTHOLOG
MBB3329646.1	EHJ91656.1	71.5	100.0	96.2	4.57e-74	215.0	YES	YES	PROBABLE_ORTHOLOG
MBB3329647.1	EHJ91655.1	80.6	98.2	98.6	9.129999999999999e-287	782.0	YES	YES	PROBABLE_ORTHOLOG
MBB3329648.1	EHJ93258.1	33.1	90.7	86.8	2.03e-11	54.7	YES	NO	NO_RELIABLE_ORTHOLOG
MBB3329649.1							YES	NO	NO_RELIABLE_ORTHOLOG
MBB3329650.1	EHJ91866.1	30.2	83.1	75.7	2.1599999999999998e-24	93.6	YES	NO	NO_RELIABLE_ORTHOLOG
MBB3329651.1							YES	NO	NO_RELIABLE_ORTHOLOG
MBB3329652.1							YES	NO	NO_RELIABLE_ORTHOLOG
MBB3329653.1							YES	NO	NO_RELIABLE_ORTHOLOG
MBB3329654.1							YES	NO	NO_RELIABLE_ORTHOLOG
MBB3329655.1							YES	NO	NO_RELIABLE_ORTHOLOG
MBB3329656.1							YES	NO	NO_RELIABLE_ORTHOLOG
MBB3329657.1							YES	NO	NO_RELIABLE_ORTHOLOG
MBB3329658.1	EHJ91662.1	68.5	96.9	99.2	4.99e-62	183.0	YES	YES	PROBABLE_ORTHOLOG
MBB3329659.1	EHJ91666.1	65.3	100.0	94.3	4.63e-184	514.0	YES	YES	PROBABLE_ORTHOLOG
MBB3329660.1							YES	NO	NO_RELIABLE_ORTHOLOG
MBB3329661.1	EHJ91942.1	54.2	81.7	80.2	1.02e-83	250.0	YES	NO	POSSIBLE_ORTHOLOG
MBB3329662.1	EHJ94606.1	27.2	88.5	83.0	1.4500000000000002e-21	92.4	YES	NO	NO_RELIABLE_ORTHOLOG
MBB3329663.1							YES	NO	NO_RELIABLE_ORTHOLOG
MBB3329664.1	EHJ94648.1	37.2	48.8	46.0	1.93e-06	42.4	YES	NO	NO_RELIABLE_ORTHOLOG
MBB3329665.1							YES	NO	NO_RELIABLE_ORTHOLOG
MBB3329666.1							YES	NO	NO_RELIABLE_ORTHOLOG
MBB3329667.1							YES	NO	NO_RELIABLE_ORTHOLOG
MBB3329668.1							YES	NO	NO_RELIABLE_ORTHOLOG
MBB3329669.1							YES	NO	NO_RELIABLE_ORTHOLOG
MBB3329670.1							YES	NO	NO_RELIABLE_ORTHOLOG
MBB3329671.1	EHJ91665.1	75.2	66.3	83.2	2.4999999999999998e-139	396.0	YES	YES	NO_RELIABLE_ORTHOLOG
MBB3329672.1	EHJ92827.1	30.7	98.0	97.8	4.5e-148	465.0	YES	NO	NO_RELIABLE_ORTHOLOG
MBB3329673.1	EHJ92361.1	26.5	46.2	51.9	1.77e-07	49.7	YES	NO	NO_RELIABLE_ORTHOLOG
MBB3329674.1	EHJ93805.1	28.0	78.5	79.7	5.72e-16	70.1	YES	NO	NO_RELIABLE_ORTHOLOG
MBB3329675.1							YES	NO	NO_RELIABLE_ORTHOLOG
MBB3329676.1	EHJ91676.1	87.9	100.0	100.0	5.89e-224	609.0	YES	YES	VERY_HIGH_CONFIDENCE
MBB3329677.1	EHJ91675.1	79.7	98.4	95.6	5.73e-184	506.0	YES	YES	HIGH_CONFIDENCE_FUNCTIONAL_ORTHOLOG
MBB3329678.1	EHJ91668.1	63.5	68.2	98.8	2.28e-77	228.0	YES	YES	NO_RELIABLE_ORTHOLOG
MBB3329679.1	EHJ93479.1	28.1	25.6	29.0	2e-06	45.8	YES	NO	NO_RELIABLE_ORTHOLOG
MBB3329680.1							YES	NO	NO_RELIABLE_ORTHOLOG
MBB3329681.1	EHJ94117.1	79.4	100.0	98.5	8.92e-144	400.0	YES	YES	HIGH_CONFIDENCE_FUNCTIONAL_ORTHOLOG
MBB3329682.1	EHJ94118.1	87.8	100.0	97.1	0.0	1274.0	YES	YES	VERY_HIGH_CONFIDENCE
MBB3329683.1	EHJ91663.1	76.7	91.5	83.8	1.05e-78	228.0	YES	YES	HIGH_CONFIDENCE_FUNCTIONAL_ORTHOLOG
MBB3329684.1	EHJ91677.1	86.1	100.0	100.0	1.8299999999999999e-295	801.0	YES	YES	VERY_HIGH_CONFIDENCE
MBB3329685.1							YES	NO	NO_RELIABLE_ORTHOLOG
MBB3329686.1	EHJ94653.1	43.0	57.7	59.8	9.42e-17	68.6	YES	NO	NO_RELIABLE_ORTHOLOG
MBB3329687.1	EHJ91667.1	70.8	82.8	96.3	3.4799999999999997e-61	182.0	YES	YES	PROBABLE_ORTHOLOG
MBB3329688.1	EHJ94305.1	62.8	75.7	31.1	2.49e-31	107.0	YES	NO	NO_RELIABLE_ORTHOLOG
MBB3329689.1							YES	NO	NO_RELIABLE_ORTHOLOG
MBB3329690.1							YES	NO	NO_RELIABLE_ORTHOLOG
MBB3329691.1	EHJ93254.1	34.1	64.3	23.1	6.91e-29	114.0	YES	NO	NO_RELIABLE_ORTHOLOG
MBB3329692.1							YES	NO	NO_RELIABLE_ORTHOLOG
MBB3329693.1							YES	NO	NO_RELIABLE_ORTHOLOG
MBB3329694.1							YES	NO	NO_RELIABLE_ORTHOLOG
MBB3329695.1							YES	NO	NO_RELIABLE_ORTHOLOG
MBB3329696.1	EHJ94379.1	31.3	72.0	37.3	2.42e-08	46.6	YES	NO	NO_RELIABLE_ORTHOLOG
MBB3329697.1	EHJ94119.1	54.2	90.8	83.6	5.509999999999999e-60	182.0	YES	YES	POSSIBLE_ORTHOLOG
MBB3329698.1							YES	NO	NO_RELIABLE_ORTHOLOG
MBB3329699.1							YES	NO	NO_RELIABLE_ORTHOLOG
MBB3329700.1							YES	NO	NO_RELIABLE_ORTHOLOG
MBB3329701.1							YES	NO	NO_RELIABLE_ORTHOLOG
MBB3329702.1							YES	NO	NO_RELIABLE_ORTHOLOG
MBB3329703.1	EHJ93551.1	38.2	79.0	84.0	1.92e-24	89.7	YES	NO	NO_RELIABLE_ORTHOLOG
MBB3329704.1	EHJ93552.1	39.5	84.0	86.9	2.1500000000000003e-37	124.0	YES	NO	NO_RELIABLE_ORTHOLOG
MBB3329705.1	EHJ93553.1	52.3	96.7	96.3	2.0399999999999997e-236	668.0	YES	NO	POSSIBLE_ORTHOLOG
MBB3329706.1	EHJ91841.1	69.4	82.1	95.8	1.2400000000000001e-75	221.0	YES	NO	POSSIBLE_ORTHOLOG
MBB3329707.1	EHJ94439.1	66.1	97.9	92.0	6.82e-83	241.0	YES	YES	PROBABLE_ORTHOLOG
MBB3329708.1	EHJ94035.1	58.0	98.3	97.5	3.79e-39	124.0	YES	YES	POSSIBLE_ORTHOLOG
MBB3329709.1	EHJ93593.1	72.9	96.3	93.5	9.51e-136	381.0	YES	YES	HIGH_CONFIDENCE_FUNCTIONAL_ORTHOLOG
MBB3329710.1	EHJ94121.1	55.0	100.0	97.8	6.33e-71	213.0	YES	YES	POSSIBLE_ORTHOLOG
MBB3329711.1	EHJ94122.1	92.2	94.5	93.8	1.8800000000000002e-163	451.0	YES	YES	HIGH_CONFIDENCE_FUNCTIONAL_ORTHOLOG
MBB3329712.1							YES	NO	NO_RELIABLE_ORTHOLOG
MBB3329713.1	EHJ94123.1	78.4	99.6	99.1	8.85e-122	342.0	YES	YES	HIGH_CONFIDENCE_FUNCTIONAL_ORTHOLOG
MBB3329714.1	EHJ94124.1	44.2	85.0	81.8	4.4699999999999995e-24	87.8	YES	YES	POSSIBLE_ORTHOLOG
MBB3329715.1	EHJ94125.1	46.8	73.2	67.0	6.34e-36	120.0	YES	YES	NO_RELIABLE_ORTHOLOG
MBB3329716.1	EHJ94126.1	50.0	97.9	99.9	4.49e-186	542.0	YES	YES	POSSIBLE_ORTHOLOG
MBB3329717.1	EHJ94127.1	81.4	100.0	100.0	0.0	1084.0	YES	YES	HIGH_CONFIDENCE_FUNCTIONAL_ORTHOLOG
MBB3329718.1	EHJ94128.1	76.7	98.2	97.4	2.28e-198	549.0	YES	YES	HIGH_CONFIDENCE_FUNCTIONAL_ORTHOLOG
MBB3329719.1	EHJ94129.1	70.1	100.0	100.0	1.35e-105	301.0	YES	YES	HIGH_CONFIDENCE_FUNCTIONAL_ORTHOLOG
MBB3329720.1	EHJ94130.1	92.2	100.0	100.0	1.26e-82	235.0	YES	YES	PROBABLE_ORTHOLOG
MBB3329721.1	EHJ94131.1	65.4	93.4	93.0	5.38e-127	381.0	YES	YES	HIGH_CONFIDENCE_FUNCTIONAL_ORTHOLOG
MBB3329722.1	EHJ94132.1	86.7	100.0	100.0	1.45e-219	600.0	YES	YES	VERY_HIGH_CONFIDENCE
MBB3329723.1	EHJ94133.1	76.8	100.0	99.3	2.59e-165	457.0	YES	YES	HIGH_CONFIDENCE_FUNCTIONAL_ORTHOLOG
MBB3329724.1	EHJ94134.1	54.1	100.0	100.0	4.79e-230	656.0	YES	YES	POSSIBLE_ORTHOLOG
MBB3329725.1	EHJ94135.1	57.9	73.8	76.1	5.31e-66	214.0	YES	YES	POSSIBLE_ORTHOLOG
MBB3329726.1	EHJ93107.1	44.7	91.4	92.6	6.82e-72	236.0	YES	YES	POSSIBLE_ORTHOLOG
MBB3329727.1	EHJ94136.1	90.9	99.4	98.8	3.1e-98	277.0	YES	YES	HIGH_CONFIDENCE_FUNCTIONAL_ORTHOLOG
MBB3329728.1	EHJ94137.1	74.4	97.1	97.3	8.7e-321	885.0	YES	YES	HIGH_CONFIDENCE_FUNCTIONAL_ORTHOLOG
MBB3329729.1	EHJ94138.1	74.3	90.4	92.1	1.31e-154	432.0	YES	YES	PROBABLE_ORTHOLOG
MBB3329730.1	EHJ94139.1	82.0	97.9	98.3	9.96e-170	468.0	YES	YES	PROBABLE_ORTHOLOG
MBB3329731.1	EHJ94140.1	81.0	92.6	96.7	7.37e-104	293.0	YES	YES	HIGH_CONFIDENCE_FUNCTIONAL_ORTHOLOG
MBB3329732.1	EHJ94141.1	66.0	89.0	89.0	2.3e-39	124.0	YES	YES	HIGH_CONFIDENCE_FUNCTIONAL_ORTHOLOG
MBB3329733.1	EHJ94142.1	74.7	85.6	85.6	3.01e-41	128.0	YES	YES	HIGH_CONFIDENCE_FUNCTIONAL_ORTHOLOG
MBB3329734.1	EHJ94143.1	38.7	72.3	96.8	9.69e-48	162.0	YES	YES	NO_RELIABLE_ORTHOLOG
MBB3329735.1	EHJ94144.1	48.8	88.3	89.0	1.02e-28	99.4	YES	YES	POSSIBLE_ORTHOLOG
MBB3329736.1	EHJ94145.1	77.8	97.1	97.8	6.57e-69	201.0	YES	YES	HIGH_CONFIDENCE_FUNCTIONAL_ORTHOLOG
MBB3329737.1	EHJ94147.1	51.4	99.8	99.8	3.22e-186	532.0	YES	YES	POSSIBLE_ORTHOLOG
MBB3329738.1	EHJ92564.1	39.5	31.7	22.5	3.0899999999999997e-24	103.0	YES	NO	NO_RELIABLE_ORTHOLOG
MBB3329739.1	EHJ94370.1	56.7	52.2	60.5	1.9899999999999998e-216	641.0	YES	NO	NO_RELIABLE_ORTHOLOG
MBB3329740.1	EHJ93931.1	63.9	98.6	96.0	3.8600000000000003e-29	95.9	YES	YES	HIGH_CONFIDENCE_FUNCTIONAL_ORTHOLOG
MBB3329741.1	EHJ94778.1	39.8	48.9	36.6	2.32e-66	231.0	YES	NO	NO_RELIABLE_ORTHOLOG
MBB3329742.1							YES	NO	NO_RELIABLE_ORTHOLOG
MBB3329743.1	EHJ94491.1	57.6	94.8	92.7	3.4799999999999996e-138	411.0	YES	YES	POSSIBLE_ORTHOLOG
MBB3329744.1	EHJ93258.1	40.1	96.5	95.3	2.3700000000000003e-21	80.5	YES	NO	NO_RELIABLE_ORTHOLOG
MBB3329745.1							YES	NO	NO_RELIABLE_ORTHOLOG
MBB3329746.1							YES	NO	NO_RELIABLE_ORTHOLOG
MBB3329747.1							YES	NO	NO_RELIABLE_ORTHOLOG
MBB3329748.1							YES	NO	NO_RELIABLE_ORTHOLOG
MBB3329749.1	EHJ93601.1	23.7	40.5	59.0	1.35e-10	60.1	YES	NO	NO_RELIABLE_ORTHOLOG
MBB3329750.1							YES	NO	NO_RELIABLE_ORTHOLOG
MBB3329751.1							YES	NO	NO_RELIABLE_ORTHOLOG
MBB3329752.1							YES	NO	NO_RELIABLE_ORTHOLOG
MBB3329753.1	EHJ91340.1	30.8	79.9	74.0	9.21e-09	50.4	YES	NO	NO_RELIABLE_ORTHOLOG
MBB3329754.1	EHJ92287.1	36.5	89.4	90.7	7.32e-59	194.0	YES	NO	NO_RELIABLE_ORTHOLOG
MBB3329755.1							YES	NO	NO_RELIABLE_ORTHOLOG
MBB3329756.1	EHJ92769.1	40.7	95.5	93.2	5.6e-36	119.0	YES	YES	POSSIBLE_ORTHOLOG
MBB3329757.1	EHJ93498.1	29.2	55.3	83.8	3.36e-11	60.1	YES	YES	NO_RELIABLE_ORTHOLOG
MBB3329758.1							YES	NO	NO_RELIABLE_ORTHOLOG
MBB3329759.1							YES	NO	NO_RELIABLE_ORTHOLOG
MBB3329760.1							YES	NO	NO_RELIABLE_ORTHOLOG
MBB3329761.1							YES	NO	NO_RELIABLE_ORTHOLOG
MBB3329762.1	EHJ94846.1	22.7	80.9	86.5	1.39e-07	49.3	YES	NO	NO_RELIABLE_ORTHOLOG
MBB3329763.1							YES	NO	NO_RELIABLE_ORTHOLOG
MBB3329764.1	EHJ94460.1	32.4	61.5	52.7	3.89e-09	52.4	YES	NO	NO_RELIABLE_ORTHOLOG
MBB3329765.1	EHJ94210.1	84.8	99.4	100.0	2.04e-211	578.0	YES	YES	VERY_HIGH_CONFIDENCE
MBB3329766.1	EHJ92524.1	61.0	98.1	98.1	1.65e-84	246.0	YES	YES	PROBABLE_ORTHOLOG
MBB3329767.1	EHJ94211.1	71.2	99.3	96.7	7.86e-75	217.0	YES	YES	HIGH_CONFIDENCE_FUNCTIONAL_ORTHOLOG
MBB3329768.1	EHJ94212.1	77.5	95.8	98.4	2.55e-108	305.0	YES	YES	PROBABLE_ORTHOLOG
MBB3329769.1							YES	NO	NO_RELIABLE_ORTHOLOG
MBB3329770.1	EHJ94213.1	81.1	98.8	100.0	6.08e-200	547.0	YES	YES	VERY_HIGH_CONFIDENCE
MBB3329771.1	EHJ94214.1	70.2	88.9	90.4	1.5900000000000001e-105	301.0	YES	YES	PROBABLE_ORTHOLOG
MBB3329772.1	EHJ94215.1	68.9	98.8	93.0	4.88e-112	319.0	YES	YES	HIGH_CONFIDENCE_FUNCTIONAL_ORTHOLOG
MBB3329773.1	EHJ94216.1	74.1	95.4	97.6	1.74e-86	248.0	YES	YES	HIGH_CONFIDENCE_FUNCTIONAL_ORTHOLOG
MBB3329774.1	EHJ94217.1	77.1	100.0	97.9	6.48e-75	216.0	YES	YES	PROBABLE_ORTHOLOG
MBB3329775.1	EHJ94218.1	75.0	97.9	99.8	1.16e-285	781.0	YES	YES	HIGH_CONFIDENCE_FUNCTIONAL_ORTHOLOG
MBB3329776.1	EHJ94219.1	55.9	97.4	97.9	6.930000000000001e-97	290.0	YES	YES	POSSIBLE_ORTHOLOG
MBB3329777.1	EHJ94220.1	73.0	96.1	97.3	1.19e-206	574.0	YES	YES	PROBABLE_ORTHOLOG
MBB3329778.1	EHJ94221.1	59.9	91.8	92.5	2.1299999999999998e-147	423.0	YES	YES	POSSIBLE_ORTHOLOG
MBB3329779.1	EHJ94222.1	69.4	96.3	96.6	2.82e-189	528.0	YES	YES	PROBABLE_ORTHOLOG
MBB3329780.1	EHJ94223.1	70.7	96.4	99.3	1.63e-215	597.0	YES	YES	HIGH_CONFIDENCE_FUNCTIONAL_ORTHOLOG
MBB3329781.1	EHJ94224.1	70.5	98.4	99.0	1.54e-95	273.0	YES	YES	HIGH_CONFIDENCE_FUNCTIONAL_ORTHOLOG
MBB3329782.1	EHJ94225.1	67.7	97.0	92.3	2.82e-41	128.0	YES	YES	HIGH_CONFIDENCE_FUNCTIONAL_ORTHOLOG
MBB3329783.1	EHJ94226.1	60.4	90.4	96.6	2.78e-84	246.0	YES	YES	HIGH_CONFIDENCE_FUNCTIONAL_ORTHOLOG
MBB3329784.1							YES	NO	NO_RELIABLE_ORTHOLOG
MBB3329785.1	EHJ94227.1	90.1	100.0	100.0	0.0	903.0	YES	YES	VERY_HIGH_CONFIDENCE
MBB3329786.1	EHJ94231.1	85.1	98.7	98.7	1.2799999999999999e-128	359.0	YES	YES	VERY_HIGH_CONFIDENCE
MBB3329787.1	EHJ94232.1	58.0	99.1	98.6	3.48e-153	437.0	YES	YES	POSSIBLE_ORTHOLOG
MBB3329788.1	EHJ94233.1	81.5	99.8	99.8	1.7200000000000002e-273	746.0	YES	YES	VERY_HIGH_CONFIDENCE
MBB3329789.1	EHJ94234.1	73.3	96.2	96.4	1.42e-200	553.0	YES	YES	PROBABLE_ORTHOLOG
MBB3329790.1	EHJ94235.1	59.5	86.9	99.0	1.05e-84	248.0	YES	YES	POSSIBLE_ORTHOLOG
MBB3329791.1	EHJ93270.1	27.1	88.5	46.6	9.24e-12	63.2	YES	NO	NO_RELIABLE_ORTHOLOG
MBB3329792.1							YES	NO	NO_RELIABLE_ORTHOLOG
MBB3329793.1	EHJ94236.1	30.2	93.8	95.3	1.9700000000000002e-29	108.0	YES	YES	NO_RELIABLE_ORTHOLOG
MBB3329794.1	EHJ94240.1	66.6	93.4	99.1	4.61e-261	721.0	YES	YES	PROBABLE_ORTHOLOG
MBB3329795.1	EHJ94241.1	69.5	96.8	97.4	8.899999999999999e-172	478.0	YES	YES	HIGH_CONFIDENCE_FUNCTIONAL_ORTHOLOG
MBB3329796.1	EHJ94242.1	80.5	100.0	100.0	2.02e-197	541.0	YES	YES	VERY_HIGH_CONFIDENCE
MBB3329797.1	EHJ94243.1	89.9	99.1	96.6	4.95e-219	596.0	YES	YES	VERY_HIGH_CONFIDENCE
MBB3329798.1	EHJ94244.1	77.0	100.0	100.0	0.0	1011.0	YES	YES	HIGH_CONFIDENCE_FUNCTIONAL_ORTHOLOG
MBB3329799.1	EHJ94246.1	66.5	96.3	92.7	2.26e-87	252.0	YES	YES	HIGH_CONFIDENCE_FUNCTIONAL_ORTHOLOG
MBB3329800.1	EHJ94247.1	87.5	100.0	100.0	0.0	1412.0	YES	YES	VERY_HIGH_CONFIDENCE
MBB3329801.1	EHJ94248.1	65.6	97.3	98.9	5.2799999999999996e-170	476.0	YES	YES	HIGH_CONFIDENCE_FUNCTIONAL_ORTHOLOG
MBB3329802.1	EHJ94249.1	85.6	100.0	100.0	1.1400000000000002e-223	611.0	YES	YES	HIGH_CONFIDENCE_FUNCTIONAL_ORTHOLOG
MBB3329803.1	EHJ94250.1	92.2	100.0	100.0	7.63e-318	860.0	YES	YES	HIGH_CONFIDENCE_FUNCTIONAL_ORTHOLOG
MBB3329804.1							YES	NO	NO_RELIABLE_ORTHOLOG
MBB3329805.1	EHJ94251.1	64.4	31.0	95.7	3.82e-14	59.7	YES	YES	NO_RELIABLE_ORTHOLOG
MBB3329806.1	EHJ94252.1	77.8	100.0	98.8	1.94e-319	870.0	YES	YES	HIGH_CONFIDENCE_FUNCTIONAL_ORTHOLOG
MBB3329807.1	EHJ94253.1	85.2	99.1	99.1	3.5400000000000003e-272	741.0	YES	YES	VERY_HIGH_CONFIDENCE
MBB3329808.1	EHJ94254.1	63.5	100.0	100.0	5.58e-135	380.0	YES	YES	HIGH_CONFIDENCE_FUNCTIONAL_ORTHOLOG
MBB3329809.1	EHJ94255.1	75.1	96.4	96.9	4.67e-94	271.0	YES	YES	PROBABLE_ORTHOLOG
MBB3329810.1	EHJ94256.1	67.8	91.5	97.8	2.54e-175	489.0	YES	YES	HIGH_CONFIDENCE_FUNCTIONAL_ORTHOLOG
MBB3329811.1	EHJ94257.1	78.5	95.0	94.6	3.0300000000000003e-109	308.0	YES	YES	HIGH_CONFIDENCE_FUNCTIONAL_ORTHOLOG
MBB3329812.1	EHJ94258.1	60.5	67.6	89.5	3.1000000000000003e-66	200.0	YES	YES	NO_RELIABLE_ORTHOLOG
MBB3329813.1							YES	NO	NO_RELIABLE_ORTHOLOG
MBB3329814.1	EHJ94265.1	86.7	91.1	100.0	1.85e-251	685.0	YES	YES	VERY_HIGH_CONFIDENCE
MBB3329815.1	EHJ94266.1	64.3	90.4	95.5	3.1100000000000004e-110	317.0	YES	YES	HIGH_CONFIDENCE_FUNCTIONAL_ORTHOLOG
MBB3329816.1	EHJ94267.1	75.5	100.0	100.0	6.55e-78	224.0	YES	YES	HIGH_CONFIDENCE_FUNCTIONAL_ORTHOLOG
MBB3329817.1	EHJ94268.1	74.3	100.0	97.0	3.33e-304	834.0	YES	YES	PROBABLE_ORTHOLOG
MBB3329818.1	EHJ94269.1	84.3	100.0	100.0	1.8200000000000002e-213	583.0	YES	YES	VERY_HIGH_CONFIDENCE
MBB3329819.1	EHJ94270.1	85.5	100.0	100.0	1.0000000000000001e-71	206.0	YES	YES	HIGH_CONFIDENCE_FUNCTIONAL_ORTHOLOG
MBB3329820.1	EHJ94271.1	84.8	88.2	89.5	5.06e-146	406.0	YES	YES	PROBABLE_ORTHOLOG
MBB3329821.1	EHJ94272.1	90.1	100.0	100.0	5.18e-139	385.0	YES	YES	HIGH_CONFIDENCE_FUNCTIONAL_ORTHOLOG
MBB3329822.1	EHJ94273.1	83.9	97.6	97.3	1.5899999999999999e-149	414.0	YES	YES	PROBABLE_ORTHOLOG
MBB3329823.1	EHJ94275.1	87.1	98.7	98.7	0.0	1084.0	YES	YES	HIGH_CONFIDENCE_FUNCTIONAL_ORTHOLOG
MBB3329824.1	EHJ94276.1	69.2	92.2	91.8	7.86e-92	265.0	YES	YES	HIGH_CONFIDENCE_FUNCTIONAL_ORTHOLOG
MBB3329825.1	EHJ94277.1	78.1	100.0	100.0	5.71e-136	380.0	YES	YES	PROBABLE_ORTHOLOG
MBB3329826.1	EHJ94278.1	76.9	100.0	100.0	3.45e-155	433.0	YES	YES	HIGH_CONFIDENCE_FUNCTIONAL_ORTHOLOG
MBB3329827.1	EHJ94279.1	57.8	81.7	67.9	1.3e-28	97.8	YES	YES	NO_RELIABLE_ORTHOLOG
MBB3329828.1	EHJ94280.1	90.5	100.0	99.3	1.19e-184	505.0	YES	YES	HIGH_CONFIDENCE_FUNCTIONAL_ORTHOLOG
MBB3329829.1	EHJ94281.1	97.3	100.0	100.0	4.71e-44	133.0	YES	YES	HIGH_CONFIDENCE_FUNCTIONAL_ORTHOLOG
MBB3329830.1	EHJ94282.1	88.6	100.0	84.6	2.9299999999999997e-28	98.6	YES	YES	PROBABLE_ORTHOLOG
MBB3329831.1	EHJ94283.1	68.5	100.0	100.0	3.22e-81	235.0	YES	YES	HIGH_CONFIDENCE_FUNCTIONAL_ORTHOLOG
MBB3329832.1	EHJ94284.1	93.0	100.0	100.0	0.0	932.0	YES	YES	VERY_HIGH_CONFIDENCE
MBB3329833.1	EHJ94285.1	86.4	100.0	100.0	2.9e-178	490.0	YES	YES	HIGH_CONFIDENCE_FUNCTIONAL_ORTHOLOG
MBB3329834.1	EHJ94286.1	96.1	100.0	99.8	8.23e-316	852.0	YES	YES	VERY_HIGH_CONFIDENCE
MBB3329835.1	EHJ94287.1	86.6	100.0	100.0	1.34e-81	233.0	YES	YES	HIGH_CONFIDENCE_FUNCTIONAL_ORTHOLOG
MBB3329836.1	EHJ94288.1	81.7	100.0	99.6	3.7600000000000004e-198	554.0	YES	YES	HIGH_CONFIDENCE_FUNCTIONAL_ORTHOLOG
MBB3329837.1	EHJ94296.1	71.6	99.6	99.2	4.63e-133	374.0	YES	YES	HIGH_CONFIDENCE_FUNCTIONAL_ORTHOLOG
MBB3329838.1	EHJ94297.1	64.7	98.0	85.2	1.75e-160	452.0	YES	YES	HIGH_CONFIDENCE_FUNCTIONAL_ORTHOLOG
MBB3329839.1	EHJ94298.1	75.1	99.6	99.3	7.710000000000001e-248	680.0	YES	YES	HIGH_CONFIDENCE_FUNCTIONAL_ORTHOLOG
MBB3329840.1	EHJ94299.1	74.4	100.0	100.0	2.96e-320	876.0	YES	YES	HIGH_CONFIDENCE_FUNCTIONAL_ORTHOLOG
MBB3329841.1	EHJ94361.1	68.0	96.9	98.6	5e-138	388.0	YES	YES	PROBABLE_ORTHOLOG
MBB3329842.1	EHJ94360.1	77.0	92.4	100.0	6.03e-223	615.0	YES	YES	PROBABLE_ORTHOLOG
MBB3329843.1	EHJ94359.1	70.4	100.0	100.0	9.15e-29	94.7	YES	YES	PROBABLE_ORTHOLOG
MBB3329844.1	EHJ94358.1	93.6	99.3	99.6	6.57e-184	504.0	YES	YES	PROBABLE_ORTHOLOG
MBB3329845.1	EHJ94357.1	85.1	100.0	100.0	0.0	1238.0	YES	YES	VERY_HIGH_CONFIDENCE
MBB3329846.1	EHJ94356.1	83.8	98.6	96.2	8.640000000000001e-226	617.0	YES	YES	HIGH_CONFIDENCE_FUNCTIONAL_ORTHOLOG
MBB3329847.1	EHJ94355.1	78.5	96.3	94.2	3.09e-66	194.0	YES	YES	HIGH_CONFIDENCE_FUNCTIONAL_ORTHOLOG
MBB3329848.1	EHJ94354.1	62.4	85.3	90.7	4.24e-113	327.0	YES	YES	PROBABLE_ORTHOLOG
MBB3329849.1	EHJ94353.1	57.6	98.0	98.6	1.9e-133	384.0	YES	YES	POSSIBLE_ORTHOLOG
MBB3329850.1	EHJ94352.1	64.8	98.4	97.3	1.53e-216	603.0	YES	YES	HIGH_CONFIDENCE_FUNCTIONAL_ORTHOLOG
MBB3329851.1	EHJ94351.1	80.2	93.4	98.4	4.68e-144	401.0	YES	YES	PROBABLE_ORTHOLOG
MBB3329852.1	EHJ94350.1	77.1	99.2	99.6	5.52e-127	356.0	YES	YES	HIGH_CONFIDENCE_FUNCTIONAL_ORTHOLOG
MBB3329853.1	EHJ94349.1	73.2	94.0	95.1	2.5300000000000002e-117	332.0	YES	YES	HIGH_CONFIDENCE_FUNCTIONAL_ORTHOLOG
MBB3329854.1	EHJ94345.1	74.5	97.3	99.8	2.01e-227	626.0	YES	YES	HIGH_CONFIDENCE_FUNCTIONAL_ORTHOLOG
MBB3329855.1	EHJ94344.1	92.5	99.6	99.6	1.1e-152	420.0	YES	YES	HIGH_CONFIDENCE_FUNCTIONAL_ORTHOLOG
MBB3329856.1	EHJ94343.1	83.3	94.6	99.3	1.83e-170	470.0	YES	YES	VERY_HIGH_CONFIDENCE
MBB3329857.1	EHJ94342.1	64.6	92.9	86.0	5.5300000000000004e-73	216.0	YES	YES	HIGH_CONFIDENCE_FUNCTIONAL_ORTHOLOG
MBB3329858.1	EHJ94341.1	64.9	99.5	97.0	8.870000000000001e-160	451.0	YES	YES	PROBABLE_ORTHOLOG
MBB3329859.1	EHJ94340.1	88.8	97.8	98.9	6.74e-51	152.0	YES	YES	HIGH_CONFIDENCE_FUNCTIONAL_ORTHOLOG
MBB3329860.1	EHJ94339.1	79.7	100.0	100.0	3.19e-64	187.0	YES	YES	HIGH_CONFIDENCE_FUNCTIONAL_ORTHOLOG
MBB3329861.1	EHJ94336.1	82.5	99.0	99.6	0.0	1101.0	YES	YES	VERY_HIGH_CONFIDENCE
MBB3329862.1	EHJ94335.1	82.7	98.0	97.1	2.6899999999999998e-176	486.0	YES	YES	PROBABLE_ORTHOLOG
MBB3329863.1	EHJ94334.1	64.2	98.6	98.3	7.720000000000001e-133	375.0	YES	YES	PROBABLE_ORTHOLOG
MBB3329864.1							YES	NO	NO_RELIABLE_ORTHOLOG
MBB3329865.1							YES	NO	NO_RELIABLE_ORTHOLOG
MBB3329866.1	EHJ94333.1	87.6	100.0	100.0	2.73e-77	221.0	YES	YES	PROBABLE_ORTHOLOG
MBB3329867.1	EHJ94332.1	85.0	100.0	100.0	0.0	1201.0	YES	YES	VERY_HIGH_CONFIDENCE
MBB3329868.1	EHJ94331.1	91.8	84.9	85.9	4.72e-42	129.0	YES	YES	HIGH_CONFIDENCE_FUNCTIONAL_ORTHOLOG
MBB3329869.1	EHJ94330.1	84.7	99.5	96.7	6.91e-120	335.0	YES	YES	VERY_HIGH_CONFIDENCE
MBB3329870.1							YES	NO	NO_RELIABLE_ORTHOLOG
MBB3329871.1							YES	NO	NO_RELIABLE_ORTHOLOG
MBB3329872.1							YES	NO	NO_RELIABLE_ORTHOLOG
MBB3329873.1	EHJ94317.1	22.0	68.3	90.8	1.17e-12	67.8	YES	NO	NO_RELIABLE_ORTHOLOG
MBB3329874.1	EHJ94312.1	70.6	99.7	97.9	4.5999999999999996e-126	358.0	YES	YES	PROBABLE_ORTHOLOG
MBB3329875.1	EHJ94311.1	82.7	96.7	95.2	1.6299999999999998e-140	391.0	YES	YES	VERY_HIGH_CONFIDENCE
MBB3329876.1	EHJ94310.1	86.7	100.0	100.0	1.0300000000000001e-179	491.0	YES	YES	PROBABLE_ORTHOLOG
MBB3329877.1	EHJ94309.1	74.1	93.2	97.3	1.9800000000000002e-109	311.0	YES	YES	HIGH_CONFIDENCE_FUNCTIONAL_ORTHOLOG
MBB3329878.1							YES	NO	NO_RELIABLE_ORTHOLOG
MBB3329879.1	EHJ94308.1	50.6	95.7	98.7	3.8199999999999995e-55	168.0	YES	YES	POSSIBLE_ORTHOLOG
MBB3329880.1	EHJ94307.1	87.7	99.6	99.3	0.0	1189.0	YES	YES	VERY_HIGH_CONFIDENCE
MBB3329881.1	EHJ94305.1	69.4	57.0	61.0	2.99e-65	201.0	YES	YES	NO_RELIABLE_ORTHOLOG
MBB3329882.1							YES	NO	NO_RELIABLE_ORTHOLOG
MBB3329883.1							YES	NO	NO_RELIABLE_ORTHOLOG
MBB3329884.1	EHJ91297.1	30.0	97.1	94.9	1.29e-35	134.0	YES	NO	NO_RELIABLE_ORTHOLOG
MBB3329885.1	EHJ91297.1	29.3	95.5	96.3	1.18e-33	129.0	YES	NO	NO_RELIABLE_ORTHOLOG
MBB3329886.1	EHJ92069.1	40.5	98.1	98.1	6.34e-31	106.0	YES	YES	POSSIBLE_ORTHOLOG
MBB3329887.1	EHJ94731.1	38.9	95.0	94.3	1.55e-82	256.0	YES	YES	NO_RELIABLE_ORTHOLOG
MBB3329888.1	EHJ92812.1	42.9	96.7	96.7	4.5100000000000005e-110	327.0	YES	YES	POSSIBLE_ORTHOLOG
MBB3329889.1	EHJ92856.1	27.0	65.3	72.3	1.36e-08	48.5	YES	NO	NO_RELIABLE_ORTHOLOG
MBB3329890.1	EHJ94497.1	36.0	88.0	85.9	1.9600000000000002e-59	191.0	YES	NO	NO_RELIABLE_ORTHOLOG
MBB3329891.1	EHJ91893.1	27.8	95.4	89.4	3.85e-11	60.1	YES	NO	NO_RELIABLE_ORTHOLOG
MBB3329892.1	EHJ94180.1	29.9	70.8	67.7	6.4e-22	88.2	YES	NO	NO_RELIABLE_ORTHOLOG
MBB3329893.1	EHJ94440.1	47.1	95.6	59.3	1.7199999999999998e-82	254.0	YES	YES	NO_RELIABLE_ORTHOLOG
MBB3329894.1	EHJ92571.1	82.4	94.4	97.1	5.2e-227	622.0	YES	YES	PROBABLE_ORTHOLOG
MBB3329895.1	EHJ92570.1	81.3	95.7	98.0	4.07e-207	568.0	YES	YES	HIGH_CONFIDENCE_FUNCTIONAL_ORTHOLOG
MBB3329896.1	EHJ91661.1	59.7	100.0	100.0	9.479999999999999e-52	157.0	YES	YES	POSSIBLE_ORTHOLOG
MBB3329897.1	EHJ92369.1	93.0	100.0	100.0	2.33e-131	363.0	YES	YES	VERY_HIGH_CONFIDENCE
MBB3329898.1	EHJ92370.1	82.4	100.0	100.0	3.85e-319	865.0	YES	YES	HIGH_CONFIDENCE_FUNCTIONAL_ORTHOLOG
MBB3329899.1	EHJ94370.1	30.7	74.7	45.1	2.3e-46	171.0	YES	NO	NO_RELIABLE_ORTHOLOG
MBB3329900.1	EHJ94177.1	53.7	100.0	100.0	1.9e-47	147.0	YES	YES	POSSIBLE_ORTHOLOG
MBB3329901.1	EHJ94176.1	58.4	93.7	100.0	8.860000000000001e-27	91.3	YES	YES	POSSIBLE_ORTHOLOG
MBB3329902.1	EHJ94175.1	59.9	88.1	87.0	1.51e-81	241.0	YES	YES	POSSIBLE_ORTHOLOG
MBB3329903.1	EHJ94173.1	72.4	100.0	100.0	2.11e-68	200.0	YES	YES	HIGH_CONFIDENCE_FUNCTIONAL_ORTHOLOG
MBB3329904.1	EHJ94172.1	76.5	100.0	100.0	3.53e-67	196.0	YES	YES	HIGH_CONFIDENCE_FUNCTIONAL_ORTHOLOG
MBB3329905.1	EHJ94171.1	59.5	98.3	99.1	3.72e-86	252.0	YES	YES	POSSIBLE_ORTHOLOG
MBB3329906.1	EHJ94170.1	45.5	99.8	100.0	2.07e-136	399.0	YES	YES	POSSIBLE_ORTHOLOG
MBB3329907.1	EHJ94169.1	71.9	98.8	100.0	2.29e-121	343.0	YES	YES	HIGH_CONFIDENCE_FUNCTIONAL_ORTHOLOG
MBB3329908.1	EHJ94168.1	86.5	100.0	100.0	7.23e-162	446.0	YES	YES	HIGH_CONFIDENCE_FUNCTIONAL_ORTHOLOG
MBB3329909.1	EHJ94167.1	77.8	93.5	92.6	2.4999999999999997e-115	326.0	YES	YES	HIGH_CONFIDENCE_FUNCTIONAL_ORTHOLOG
MBB3329910.1	EHJ94166.1	80.5	97.1	97.1	2.4399999999999998e-204	563.0	YES	YES	HIGH_CONFIDENCE_FUNCTIONAL_ORTHOLOG
MBB3329911.1	EHJ94165.1	57.2	97.9	98.2	2.23e-129	372.0	YES	YES	POSSIBLE_ORTHOLOG
MBB3329912.1	EHJ94164.1	59.3	99.8	99.8	6.07e-251	699.0	YES	YES	POSSIBLE_ORTHOLOG
MBB3329913.1	EHJ94163.1	48.9	99.7	100.0	2.3800000000000002e-116	338.0	YES	YES	POSSIBLE_ORTHOLOG
MBB3329914.1	EHJ94162.1	78.6	98.5	99.6	3.9599999999999997e-138	386.0	YES	YES	HIGH_CONFIDENCE_FUNCTIONAL_ORTHOLOG
MBB3329915.1	EHJ94161.1	77.3	98.9	98.9	2.97e-42	130.0	YES	YES	HIGH_CONFIDENCE_FUNCTIONAL_ORTHOLOG
MBB3329916.1	EHJ94160.1	83.9	88.9	84.2	1.7700000000000002e-129	364.0	YES	YES	HIGH_CONFIDENCE_FUNCTIONAL_ORTHOLOG
MBB3329917.1	EHJ94159.1	56.5	81.6	83.2	2.5400000000000002e-37	122.0	YES	YES	POSSIBLE_ORTHOLOG
MBB3329918.1	EHJ94158.1	63.1	100.0	100.0	4.55e-60	182.0	YES	YES	HIGH_CONFIDENCE_FUNCTIONAL_ORTHOLOG
MBB3329919.1	EHJ94157.1	78.0	99.4	99.7	1.9e-197	543.0	YES	YES	HIGH_CONFIDENCE_FUNCTIONAL_ORTHOLOG
MBB3329920.1	EHJ94156.1	57.2	100.0	100.0	1.02e-51	159.0	YES	YES	POSSIBLE_ORTHOLOG
MBB3329921.1	EHJ94155.1	51.6	42.9	37.2	1.53e-39	144.0	YES	YES	NO_RELIABLE_ORTHOLOG
MBB3329922.1	EHJ94154.1	62.4	92.8	94.0	3.31e-49	152.0	YES	YES	HIGH_CONFIDENCE_FUNCTIONAL_ORTHOLOG
MBB3329923.1	EHJ94153.1	78.5	98.7	99.1	1.9e-245	674.0	YES	YES	HIGH_CONFIDENCE_FUNCTIONAL_ORTHOLOG
MBB3329924.1	EHJ94152.1	64.0	53.5	54.1	1.53e-58	184.0	YES	YES	NO_RELIABLE_ORTHOLOG
MBB3329925.1	EHJ94151.1	82.9	99.7	98.8	3.1299999999999997e-189	521.0	YES	YES	HIGH_CONFIDENCE_FUNCTIONAL_ORTHOLOG
MBB3329926.1	EHJ94150.1	69.6	96.2	93.9	1.81e-264	733.0	YES	YES	HIGH_CONFIDENCE_FUNCTIONAL_ORTHOLOG
MBB3329927.1	EHJ94149.1	70.4	89.0	100.0	3.34e-39	123.0	YES	YES	PROBABLE_ORTHOLOG
MBB3329928.1	EHJ94148.1	54.9	100.0	100.0	3.1199999999999997e-38	122.0	YES	YES	POSSIBLE_ORTHOLOG
MBB3329929.1	EHJ93934.1	55.7	87.3	88.2	1.56e-189	547.0	YES	YES	POSSIBLE_ORTHOLOG
MBB3329930.1	EHJ92530.1	41.6	99.1	99.8	9.54e-61	207.0	YES	YES	POSSIBLE_ORTHOLOG
MBB3329931.1	EHJ94370.1	49.8	89.2	70.4	4.69e-220	639.0	YES	NO	NO_RELIABLE_ORTHOLOG
MBB3329932.1	EHJ91542.1	83.6	98.4	99.6	0.0	972.0	YES	YES	VERY_HIGH_CONFIDENCE
MBB3329933.1	EHJ91543.1	84.0	100.0	100.0	2.72e-302	820.0	YES	YES	VERY_HIGH_CONFIDENCE
MBB3329934.1	EHJ91544.1	80.3	96.9	93.5	1.23e-99	283.0	YES	YES	HIGH_CONFIDENCE_FUNCTIONAL_ORTHOLOG
MBB3329935.1	EHJ91545.1	76.9	98.8	99.7	4.42e-175	484.0	YES	YES	PROBABLE_ORTHOLOG
MBB3329936.1	EHJ92547.1	72.5	99.6	99.6	0.0	947.0	YES	YES	PROBABLE_ORTHOLOG
MBB3329937.1	EHJ92546.1	73.3	98.8	98.2	3.5e-237	651.0	YES	YES	HIGH_CONFIDENCE_FUNCTIONAL_ORTHOLOG
MBB3329938.1	EHJ92544.1	91.2	100.0	100.0	5.6100000000000006e-245	665.0	YES	YES	HIGH_CONFIDENCE_FUNCTIONAL_ORTHOLOG
MBB3329939.1	EHJ92543.1	73.2	99.5	99.5	2.54e-107	303.0	YES	YES	HIGH_CONFIDENCE_FUNCTIONAL_ORTHOLOG
MBB3329940.1	EHJ92542.1	81.3	97.2	97.7	5.24e-121	339.0	YES	YES	HIGH_CONFIDENCE_FUNCTIONAL_ORTHOLOG
MBB3329941.1	EHJ92541.1	94.5	98.7	100.0	5.160000000000001e-208	567.0	YES	YES	VERY_HIGH_CONFIDENCE
MBB3329942.1	EHJ92540.1	63.9	98.6	97.9	5.480000000000001e-125	355.0	YES	YES	HIGH_CONFIDENCE_FUNCTIONAL_ORTHOLOG
MBB3329943.1	EHJ92539.1	61.9	82.0	94.9	1.45e-79	232.0	YES	YES	PROBABLE_ORTHOLOG
MBB3329944.1	EHJ92538.1	56.8	96.4	99.1	2.27e-206	585.0	YES	YES	POSSIBLE_ORTHOLOG
MBB3329945.1	EHJ92537.1	83.3	99.1	95.7	8.2e-246	672.0	YES	YES	VERY_HIGH_CONFIDENCE
MBB3329946.1	EHJ92536.1	83.3	99.2	99.4	3.7200000000000005e-213	584.0	YES	YES	HIGH_CONFIDENCE_FUNCTIONAL_ORTHOLOG
MBB3329947.1	EHJ92535.1	69.4	95.8	98.6	4.5400000000000004e-129	365.0	YES	YES	HIGH_CONFIDENCE_FUNCTIONAL_ORTHOLOG
MBB3329948.1	EHJ92534.1	89.2	100.0	100.0	3.96e-106	297.0	YES	YES	HIGH_CONFIDENCE_FUNCTIONAL_ORTHOLOG
MBB3329949.1	EHJ92533.1	76.4	97.6	98.0	2.8399999999999996e-134	375.0	YES	YES	HIGH_CONFIDENCE_FUNCTIONAL_ORTHOLOG
MBB3329950.1	EHJ94777.1	59.4	90.9	97.7	1.46e-120	345.0	YES	YES	POSSIBLE_ORTHOLOG
MBB3329951.1	EHJ94700.1	45.5	97.9	97.0	1.2000000000000002e-123	362.0	YES	NO	NO_RELIABLE_ORTHOLOG
MBB3329952.1	EHJ94701.1	34.2	97.3	95.7	2.31e-75	240.0	YES	NO	NO_RELIABLE_ORTHOLOG
MBB3329953.1	EHJ92368.1	76.7	98.6	98.4	1.5199999999999999e-207	570.0	YES	YES	HIGH_CONFIDENCE_FUNCTIONAL_ORTHOLOG
MBB3329954.1	EHJ92367.1	77.4	91.1	99.7	6.4e-210	577.0	YES	YES	HIGH_CONFIDENCE_FUNCTIONAL_ORTHOLOG
MBB3329955.1	EHJ92366.1	82.2	94.7	94.7	3.7300000000000006e-167	463.0	YES	YES	PROBABLE_ORTHOLOG
MBB3329956.1	EHJ92365.1	87.7	93.9	98.9	1.49e-155	431.0	YES	YES	PROBABLE_ORTHOLOG
MBB3329957.1	EHJ94700.1	74.5	98.4	98.4	2.14e-239	656.0	YES	YES	PROBABLE_ORTHOLOG
MBB3329958.1							YES	NO	NO_RELIABLE_ORTHOLOG
MBB3329959.1	EHJ94700.1	43.7	98.1	97.0	1.26e-112	334.0	YES	NO	NO_RELIABLE_ORTHOLOG
MBB3329960.1	EHJ94701.1	66.1	98.5	98.0	1e-214	596.0	YES	YES	HIGH_CONFIDENCE_FUNCTIONAL_ORTHOLOG
MBB3329961.1	EHJ94702.1	64.6	87.6	97.9	9.62e-102	293.0	YES	YES	HIGH_CONFIDENCE_FUNCTIONAL_ORTHOLOG
MBB3329962.1	EHJ94703.1	79.0	95.8	97.2	4.3999999999999995e-268	732.0	YES	YES	PROBABLE_ORTHOLOG
MBB3329963.1	EHJ94704.1	75.2	98.4	98.4	7.94e-276	754.0	YES	YES	PROBABLE_ORTHOLOG
MBB3329964.1							YES	NO	NO_RELIABLE_ORTHOLOG
MBB3329965.1	EHJ93989.1	69.8	94.6	93.0	6.95e-20	71.2	YES	YES	PROBABLE_ORTHOLOG
MBB3329966.1	EHJ94706.1	69.9	100.0	100.0	6.5e-95	270.0	YES	YES	PROBABLE_ORTHOLOG
MBB3329967.1	EHJ91296.1	90.1	99.8	99.8	0.0	868.0	YES	YES	VERY_HIGH_CONFIDENCE
MBB3329968.1	EHJ91297.1	82.9	99.6	99.6	2.8200000000000002e-291	792.0	YES	YES	VERY_HIGH_CONFIDENCE
MBB3329969.1	EHJ91298.1	76.8	100.0	89.6	2.05e-47	144.0	YES	YES	PROBABLE_ORTHOLOG
MBB3329970.1	EHJ91300.1	96.2	100.0	100.0	8.23e-238	645.0	YES	YES	HIGH_CONFIDENCE_FUNCTIONAL_ORTHOLOG
MBB3329971.1	EHJ91301.1	75.9	99.7	93.2	1.15e-154	431.0	YES	YES	HIGH_CONFIDENCE_FUNCTIONAL_ORTHOLOG
MBB3329972.1	EHJ91302.1	79.9	90.9	92.0	2.41e-85	244.0	YES	YES	HIGH_CONFIDENCE_FUNCTIONAL_ORTHOLOG
MBB3329973.1	EHJ91303.1	69.5	85.3	98.9	4.890000000000001e-75	221.0	YES	YES	HIGH_CONFIDENCE_FUNCTIONAL_ORTHOLOG
MBB3329974.1	EHJ91304.1	89.7	100.0	100.0	1.12e-316	857.0	YES	YES	HIGH_CONFIDENCE_FUNCTIONAL_ORTHOLOG
MBB3329975.1	EHJ91305.1	46.1	99.8	99.8	0.0	1030.0	YES	YES	POSSIBLE_ORTHOLOG
MBB3329976.1	EHJ91306.1	86.1	96.7	100.0	8.04e-293	795.0	YES	YES	PROBABLE_ORTHOLOG
MBB3329977.1	EHJ91307.1	71.4	82.1	100.0	6.56e-72	211.0	YES	YES	PROBABLE_ORTHOLOG
MBB3329978.1	EHJ91308.1	77.5	99.8	99.8	1.6899999999999997e-244	671.0	YES	YES	PROBABLE_ORTHOLOG
MBB3329979.1	EHJ91309.1	87.2	52.8	95.9	2.3299999999999996e-23	81.3	YES	YES	NO_RELIABLE_ORTHOLOG
MBB3329980.1	EHJ91310.1	75.3	94.2	93.5	9.07e-155	432.0	YES	YES	PROBABLE_ORTHOLOG
MBB3329981.1	EHJ91311.1	82.5	100.0	95.7	2.7000000000000003e-86	246.0	YES	YES	PROBABLE_ORTHOLOG
MBB3329982.1	EHJ91312.1	92.2	100.0	100.0	6.5e-61	178.0	YES	YES	HIGH_CONFIDENCE_FUNCTIONAL_ORTHOLOG
MBB3329983.1	EHJ91314.1	83.0	100.0	96.8	2.68e-138	385.0	YES	YES	HIGH_CONFIDENCE_FUNCTIONAL_ORTHOLOG
MBB3329984.1	EHJ91315.1	64.0	97.6	94.1	8.25e-63	188.0	YES	YES	HIGH_CONFIDENCE_FUNCTIONAL_ORTHOLOG
MBB3329985.1	EHJ91316.1	50.5	93.9	97.4	9.530000000000001e-64	192.0	YES	YES	POSSIBLE_ORTHOLOG
MBB3329986.1	EHJ91317.1	74.7	94.1	96.7	2.43e-99	281.0	YES	YES	HIGH_CONFIDENCE_FUNCTIONAL_ORTHOLOG
MBB3329987.1	EHJ91318.1	82.8	96.7	97.6	2.1200000000000002e-184	509.0	YES	YES	VERY_HIGH_CONFIDENCE
MBB3329988.1	EHJ91886.1	43.7	91.5	90.5	2.02e-65	206.0	YES	NO	NO_RELIABLE_ORTHOLOG
MBB3329989.1	EHJ91320.1	83.3	97.8	96.7	1.48e-162	449.0	YES	YES	PROBABLE_ORTHOLOG
MBB3329990.1	EHJ91321.1	91.8	93.8	100.0	7.17e-156	430.0	YES	YES	HIGH_CONFIDENCE_FUNCTIONAL_ORTHOLOG
MBB3329991.1	EHJ91322.1	81.8	100.0	100.0	5.02e-85	243.0	YES	YES	PROBABLE_ORTHOLOG
MBB3329992.1	EHJ91323.1	72.9	93.1	95.8	5.969999999999999e-104	296.0	YES	YES	PROBABLE_ORTHOLOG
MBB3329993.1	EHJ91324.1	39.5	77.5	75.9	1.38e-10	51.2	YES	YES	NO_RELIABLE_ORTHOLOG
MBB3329994.1	EHJ91325.1	80.2	96.4	97.6	1.13e-48	145.0	YES	YES	PROBABLE_ORTHOLOG
MBB3329995.1	EHJ91326.1	88.3	100.0	100.0	4.97e-270	733.0	YES	YES	VERY_HIGH_CONFIDENCE
MBB3329996.1	EHJ91327.1	89.9	95.9	95.9	1.53e-128	358.0	YES	YES	VERY_HIGH_CONFIDENCE
MBB3329997.1	EHJ91328.1	82.3	97.9	97.3	1.28e-250	686.0	YES	YES	VERY_HIGH_CONFIDENCE
MBB3329998.1	EHJ91329.1	75.3	97.4	96.2	1.12e-205	570.0	YES	YES	PROBABLE_ORTHOLOG
MBB3329999.1	EHJ91330.1	71.5	100.0	100.0	2.86e-137	383.0	YES	YES	PROBABLE_ORTHOLOG
MBB3330000.1	EHJ91331.1	33.1	98.6	99.3	2.15e-22	84.0	YES	YES	NO_RELIABLE_ORTHOLOG
MBB3330001.1	EHJ91332.1	81.3	97.7	99.0	1.2199999999999998e-225	618.0	YES	YES	HIGH_CONFIDENCE_FUNCTIONAL_ORTHOLOG
MBB3330002.1	EHJ91334.1	94.4	100.0	100.0	6.750000000000001e-100	280.0	YES	YES	HIGH_CONFIDENCE_FUNCTIONAL_ORTHOLOG
MBB3330003.1	EHJ91335.1	83.9	86.8	100.0	4.1e-64	187.0	YES	YES	PROBABLE_ORTHOLOG
MBB3330004.1	EHJ91337.1	81.5	100.0	81.6	2.97e-89	254.0	YES	YES	PROBABLE_ORTHOLOG
MBB3330005.1	EHJ91338.1	88.8	100.0	100.0	6.84e-272	738.0	YES	YES	HIGH_CONFIDENCE_FUNCTIONAL_ORTHOLOG
MBB3330006.1	EHJ91339.1	80.2	89.0	100.0	1.5e-138	385.0	YES	YES	PROBABLE_ORTHOLOG
MBB3330007.1	EHJ91340.1	88.4	99.5	99.5	2.07e-133	370.0	YES	YES	PROBABLE_ORTHOLOG
MBB3330008.1	EHJ91341.1	85.1	63.9	59.8	1.86e-61	184.0	YES	YES	NO_RELIABLE_ORTHOLOG
MBB3330009.1	EHJ91342.1	59.7	82.8	88.3	3.54e-63	190.0	YES	YES	POSSIBLE_ORTHOLOG
MBB3330010.1	EHJ91343.1	95.9	99.5	100.0	2.22e-136	376.0	YES	YES	VERY_HIGH_CONFIDENCE
MBB3330011.1	EHJ91344.1	67.8	94.3	93.5	2.13e-55	166.0	YES	YES	PROBABLE_ORTHOLOG
MBB3330012.1	EHJ91345.1	50.1	95.7	99.8	1.64e-164	474.0	YES	YES	POSSIBLE_ORTHOLOG
MBB3330013.1	EHJ91346.1	67.8	96.0	98.9	2.8e-118	337.0	YES	YES	HIGH_CONFIDENCE_FUNCTIONAL_ORTHOLOG
MBB3330014.1	EHJ91347.1	77.4	95.9	95.9	3.4599999999999997e-168	467.0	YES	YES	HIGH_CONFIDENCE_FUNCTIONAL_ORTHOLOG
MBB3330015.1	EHJ91348.1	61.5	100.0	80.2	6.9e-32	104.0	YES	YES	HIGH_CONFIDENCE_FUNCTIONAL_ORTHOLOG
MBB3330016.1	EHJ91349.1	74.3	94.9	99.3	3.2200000000000004e-291	798.0	YES	YES	HIGH_CONFIDENCE_FUNCTIONAL_ORTHOLOG
MBB3330017.1	EHJ91350.1	62.0	98.6	99.4	3.8600000000000004e-195	550.0	YES	YES	HIGH_CONFIDENCE_FUNCTIONAL_ORTHOLOG
MBB3330018.1	EHJ91351.1	65.1	97.8	99.1	5.770000000000001e-194	543.0	YES	YES	HIGH_CONFIDENCE_FUNCTIONAL_ORTHOLOG
MBB3330019.1	EHJ91352.1	88.1	100.0	100.0	1.04e-227	621.0	YES	YES	VERY_HIGH_CONFIDENCE
MBB3330020.1	EHJ91353.1	67.2	98.3	97.6	4.2900000000000003e-212	590.0	YES	YES	HIGH_CONFIDENCE_FUNCTIONAL_ORTHOLOG
MBB3330021.1	EHJ91354.1	59.7	92.1	96.6	2.3099999999999998e-135	390.0	YES	YES	POSSIBLE_ORTHOLOG
MBB3330022.1	EHJ91355.1	67.9	92.0	97.4	6.27e-148	418.0	YES	YES	HIGH_CONFIDENCE_FUNCTIONAL_ORTHOLOG
MBB3330023.1	EHJ91356.1	81.4	97.2	98.2	1.55e-288	786.0	YES	YES	VERY_HIGH_CONFIDENCE
MBB3330024.1	EHJ91357.1	78.7	95.8	94.6	1.84e-164	457.0	YES	YES	HIGH_CONFIDENCE_FUNCTIONAL_ORTHOLOG
MBB3330025.1	EHJ91358.1	71.9	95.9	97.5	2.42e-122	344.0	YES	YES	HIGH_CONFIDENCE_FUNCTIONAL_ORTHOLOG
MBB3330026.1	EHJ91359.1	88.6	100.0	100.0	1.26e-270	735.0	YES	YES	HIGH_CONFIDENCE_FUNCTIONAL_ORTHOLOG
MBB3330027.1	EHJ91360.1	90.1	100.0	100.0	1.11e-233	639.0	YES	YES	HIGH_CONFIDENCE_FUNCTIONAL_ORTHOLOG
MBB3330028.1	EHJ91361.1	84.8	100.0	100.0	2.42e-186	511.0	YES	YES	VERY_HIGH_CONFIDENCE
MBB3330029.1	EHJ91362.1	64.0	97.1	88.9	1.43e-57	173.0	YES	YES	HIGH_CONFIDENCE_FUNCTIONAL_ORTHOLOG
MBB3330030.1	EHJ91363.1	52.8	82.9	90.0	3.22e-28	97.1	YES	YES	POSSIBLE_ORTHOLOG
MBB3330031.1	EHJ91364.1	85.0	100.0	100.0	0.0	1495.0	YES	YES	VERY_HIGH_CONFIDENCE
MBB3330032.1	EHJ91365.1	76.1	96.1	100.0	1.04e-206	571.0	YES	YES	HIGH_CONFIDENCE_FUNCTIONAL_ORTHOLOG
MBB3330033.1	EHJ91367.1	84.0	100.0	100.0	4.73e-196	537.0	YES	YES	VERY_HIGH_CONFIDENCE
MBB3330034.1	EHJ91368.1	80.7	98.7	95.5	1.78e-182	502.0	YES	YES	PROBABLE_ORTHOLOG
MBB3330035.1	EHJ91369.1	71.5	97.7	93.7	1.2699999999999999e-188	522.0	YES	YES	PROBABLE_ORTHOLOG
MBB3330036.1							YES	NO	NO_RELIABLE_ORTHOLOG
MBB3330037.1	EHJ94625.1	31.0	53.9	45.4	4.3799999999999995e-40	155.0	YES	NO	NO_RELIABLE_ORTHOLOG
MBB3330038.1	EHJ91370.1	86.0	100.0	100.0	2.0300000000000002e-247	675.0	YES	YES	PROBABLE_ORTHOLOG
MBB3330039.1	EHJ91371.1	79.7	87.7	92.5	1e-120	341.0	YES	YES	PROBABLE_ORTHOLOG
MBB3330040.1	EHJ91372.1	71.3	87.7	90.2	2.0599999999999999e-81	236.0	YES	YES	HIGH_CONFIDENCE_FUNCTIONAL_ORTHOLOG
MBB3330041.1	EHJ91373.1	59.2	89.8	90.6	2.8899999999999998e-282	792.0	YES	YES	POSSIBLE_ORTHOLOG
MBB3330042.1	EHJ91414.1	39.6	64.8	34.4	7.78e-15	69.7	YES	NO	NO_RELIABLE_ORTHOLOG
MBB3330043.1	EHJ91416.1	32.1	68.8	91.3	4.8e-07	42.7	YES	NO	NO_RELIABLE_ORTHOLOG
MBB3330044.1	EHJ91374.1	75.3	98.1	99.5	2.72e-312	853.0	YES	YES	PROBABLE_ORTHOLOG
MBB3330045.1	EHJ91375.1	64.2	94.2	96.8	3.0099999999999998e-146	413.0	YES	YES	HIGH_CONFIDENCE_FUNCTIONAL_ORTHOLOG
MBB3330046.1	EHJ91376.1	78.5	94.2	84.4	9.56e-36	112.0	YES	YES	HIGH_CONFIDENCE_FUNCTIONAL_ORTHOLOG
MBB3330047.1	EHJ91377.1	75.5	95.0	95.0	2.4e-131	369.0	YES	YES	HIGH_CONFIDENCE_FUNCTIONAL_ORTHOLOG
MBB3330048.1	EHJ91378.1	65.6	97.5	100.0	1.64e-75	219.0	YES	YES	HIGH_CONFIDENCE_FUNCTIONAL_ORTHOLOG
MBB3330049.1	EHJ91379.1	64.5	95.9	97.1	9.47e-145	409.0	YES	YES	HIGH_CONFIDENCE_FUNCTIONAL_ORTHOLOG
MBB3330050.1	EHJ91380.1	84.5	55.3	53.4	0.0	976.0	YES	YES	NO_RELIABLE_ORTHOLOG
MBB3330051.1	EHJ91381.1	76.9	99.0	98.4	3.44e-174	482.0	YES	YES	HIGH_CONFIDENCE_FUNCTIONAL_ORTHOLOG
MBB3330052.1	EHJ91382.1	71.0	95.5	100.0	5.91e-104	296.0	YES	YES	PROBABLE_ORTHOLOG
MBB3330053.1	EHJ91383.1	65.6	97.2	88.9	1.44e-151	429.0	YES	YES	PROBABLE_ORTHOLOG
MBB3330054.1	EHJ91384.1	70.8	98.0	100.0	1.21e-93	268.0	YES	YES	HIGH_CONFIDENCE_FUNCTIONAL_ORTHOLOG
MBB3330055.1	EHJ91385.1	66.0	99.3	89.8	1.1700000000000001e-64	192.0	YES	YES	HIGH_CONFIDENCE_FUNCTIONAL_ORTHOLOG
MBB3330056.1	EHJ91386.1	94.5	98.2	98.2	5.24e-35	109.0	YES	YES	HIGH_CONFIDENCE_FUNCTIONAL_ORTHOLOG
MBB3330057.1	EHJ91387.1	63.5	92.2	98.3	3.31e-137	392.0	YES	YES	HIGH_CONFIDENCE_FUNCTIONAL_ORTHOLOG
MBB3330058.1	EHJ91388.1	83.4	91.6	98.0	8.06e-171	473.0	YES	YES	VERY_HIGH_CONFIDENCE
MBB3330059.1	EHJ91389.1	84.6	100.0	100.0	1.8e-144	401.0	YES	YES	VERY_HIGH_CONFIDENCE
MBB3330060.1	EHJ91390.1	98.7	100.0	91.7	9.79e-46	138.0	YES	YES	HIGH_CONFIDENCE_FUNCTIONAL_ORTHOLOG
MBB3330061.1	EHJ91391.1	85.7	98.3	99.8	1.99e-259	705.0	YES	YES	VERY_HIGH_CONFIDENCE
MBB3330062.1	EHJ91392.1	58.0	93.8	94.8	1.12e-98	287.0	YES	YES	POSSIBLE_ORTHOLOG
MBB3330063.1	EHJ91393.1	80.3	93.7	88.5	2.08e-187	518.0	YES	YES	HIGH_CONFIDENCE_FUNCTIONAL_ORTHOLOG
MBB3330064.1	EHJ91394.1	69.1	100.0	99.5	3.7499999999999997e-91	263.0	YES	YES	HIGH_CONFIDENCE_FUNCTIONAL_ORTHOLOG
MBB3330065.1	EHJ91395.1	75.5	95.3	98.2	3.4400000000000003e-179	496.0	YES	YES	HIGH_CONFIDENCE_FUNCTIONAL_ORTHOLOG
MBB3330066.1	EHJ91396.1	74.8	100.0	100.0	6.910000000000001e-58	171.0	YES	YES	HIGH_CONFIDENCE_FUNCTIONAL_ORTHOLOG
MBB3330067.1	EHJ91397.1	73.3	100.0	100.0	3.5099999999999997e-146	408.0	YES	YES	PROBABLE_ORTHOLOG
MBB3330068.1	EHJ91398.1	53.0	94.7	93.8	3.6399999999999997e-60	183.0	YES	YES	POSSIBLE_ORTHOLOG
MBB3330069.1	EHJ91399.1	71.2	99.7	99.2	0.0	993.0	YES	YES	HIGH_CONFIDENCE_FUNCTIONAL_ORTHOLOG
MBB3330070.1							YES	NO	NO_RELIABLE_ORTHOLOG
MBB3330071.1	EHJ91400.1	86.6	100.0	100.0	0.0	1020.0	YES	YES	VERY_HIGH_CONFIDENCE
MBB3330072.1	EHJ91402.1	89.2	100.0	100.0	7.189999999999999e-152	420.0	YES	YES	HIGH_CONFIDENCE_FUNCTIONAL_ORTHOLOG
MBB3330073.1	EHJ91403.1	85.9	100.0	97.2	6.78e-178	491.0	YES	YES	HIGH_CONFIDENCE_FUNCTIONAL_ORTHOLOG
MBB3330074.1	EHJ91404.1	83.1	99.0	93.5	4.0200000000000004e-129	359.0	YES	YES	VERY_HIGH_CONFIDENCE
MBB3330075.1	EHJ91413.1	53.2	77.3	75.6	8.42e-65	200.0	YES	YES	POSSIBLE_ORTHOLOG
MBB3330076.1	EHJ91414.1	59.2	93.4	95.5	4.33e-136	396.0	YES	YES	POSSIBLE_ORTHOLOG
MBB3330077.1	EHJ91415.1	74.6	99.4	98.3	1.7000000000000002e-88	254.0	YES	YES	PROBABLE_ORTHOLOG
MBB3330078.1	EHJ91416.1	80.7	84.4	99.1	9.069999999999999e-61	179.0	YES	YES	PROBABLE_ORTHOLOG
MBB3330079.1	EHJ91417.1	59.1	35.3	34.4	4.660000000000001e-27	102.0	YES	YES	NO_RELIABLE_ORTHOLOG
MBB3330080.1	EHJ94597.1	28.6	92.5	92.5	1.9600000000000002e-26	106.0	YES	YES	NO_RELIABLE_ORTHOLOG
MBB3330081.1	EHJ91419.1	75.3	100.0	98.5	2.92e-157	436.0	YES	YES	PROBABLE_ORTHOLOG
MBB3330082.1	EHJ91420.1	77.5	87.7	83.5	7.68e-33	105.0	YES	YES	PROBABLE_ORTHOLOG
MBB3330083.1	EHJ91421.1	89.2	100.0	100.0	1.9e-274	744.0	YES	YES	VERY_HIGH_CONFIDENCE
MBB3330084.1	EHJ91422.1	77.4	99.2	99.7	0.0	1090.0	YES	YES	HIGH_CONFIDENCE_FUNCTIONAL_ORTHOLOG
MBB3330085.1	EHJ91423.1	88.5	98.9	78.2	9.439999999999999e-228	625.0	YES	YES	PROBABLE_ORTHOLOG
MBB3330086.1	EHJ91424.1	90.8	97.0	98.0	1.22e-128	357.0	YES	YES	HIGH_CONFIDENCE_FUNCTIONAL_ORTHOLOG
MBB3330087.1	EHJ91425.1	45.4	100.0	100.0	1.56e-51	164.0	YES	YES	POSSIBLE_ORTHOLOG
MBB3330088.1	EHJ91426.1	43.8	84.3	85.3	5.6800000000000005e-75	231.0	YES	YES	POSSIBLE_ORTHOLOG
MBB3330089.1	EHJ91428.1	72.6	99.4	99.8	2.54e-234	647.0	YES	YES	HIGH_CONFIDENCE_FUNCTIONAL_ORTHOLOG
MBB3330090.1	EHJ91429.1	92.4	100.0	100.0	0.0	1095.0	YES	YES	HIGH_CONFIDENCE_FUNCTIONAL_ORTHOLOG
MBB3330091.1	EHJ91430.1	77.8	99.6	99.6	9.659999999999999e-159	439.0	YES	YES	HIGH_CONFIDENCE_FUNCTIONAL_ORTHOLOG
MBB3330092.1	EHJ91431.1	84.0	93.6	96.9	5.85e-128	358.0	YES	YES	VERY_HIGH_CONFIDENCE
MBB3330093.1	EHJ91432.1	87.3	100.0	100.0	7.93e-190	520.0	YES	YES	HIGH_CONFIDENCE_FUNCTIONAL_ORTHOLOG
MBB3330094.1	EHJ91433.1	71.1	97.9	97.0	9.48e-108	307.0	YES	YES	HIGH_CONFIDENCE_FUNCTIONAL_ORTHOLOG
MBB3330095.1	EHJ92699.1	50.0	78.7	91.1	2.9999999999999995e-54	169.0	YES	YES	POSSIBLE_ORTHOLOG
MBB3330096.1	EHJ92776.1	63.3	97.8	99.4	2.12e-130	371.0	YES	YES	PROBABLE_ORTHOLOG
MBB3330097.1	EHJ92700.1	85.7	94.8	98.0	0.0	946.0	YES	YES	PROBABLE_ORTHOLOG
MBB3330098.1	EHJ92705.1	73.5	97.9	99.2	0.0	1064.0	YES	YES	PROBABLE_ORTHOLOG
MBB3330099.1	EHJ92707.1	65.1	98.0	96.8	1.3e-138	391.0	YES	YES	PROBABLE_ORTHOLOG
MBB3330100.1	EHJ92708.1	78.7	100.0	100.0	2.7900000000000003e-156	434.0	YES	YES	HIGH_CONFIDENCE_FUNCTIONAL_ORTHOLOG
MBB3330101.1	EHJ92709.1	62.9	96.4	95.2	6.52e-167	469.0	YES	YES	PROBABLE_ORTHOLOG
MBB3330102.1	EHJ92710.1	72.4	98.0	99.4	1.22e-235	652.0	YES	YES	HIGH_CONFIDENCE_FUNCTIONAL_ORTHOLOG
MBB3330103.1	EHJ92711.1	71.6	99.1	99.8	1.72e-226	627.0	YES	YES	PROBABLE_ORTHOLOG
MBB3330104.1							YES	NO	NO_RELIABLE_ORTHOLOG
MBB3330105.1							YES	NO	NO_RELIABLE_ORTHOLOG
MBB3330106.1	EHJ92713.1	81.2	95.9	99.8	3.93e-231	634.0	YES	YES	VERY_HIGH_CONFIDENCE
MBB3330107.1	EHJ92714.1	86.6	98.9	100.0	2.22e-167	461.0	YES	YES	PROBABLE_ORTHOLOG
MBB3330108.1	EHJ92715.1	80.6	99.0	99.3	5.07e-168	464.0	YES	YES	PROBABLE_ORTHOLOG
MBB3330109.1	EHJ92716.1	63.5	97.2	97.9	1.0899999999999999e-61	183.0	YES	YES	PROBABLE_ORTHOLOG
MBB3330110.1	EHJ92717.1	73.3	97.8	97.3	4.21e-290	795.0	YES	YES	PROBABLE_ORTHOLOG
MBB3330111.1	EHJ92718.1	65.9	94.2	93.8	9.77e-111	315.0	YES	YES	PROBABLE_ORTHOLOG
MBB3330112.1	EHJ92719.1	77.3	98.9	99.2	0.0	1011.0	YES	YES	PROBABLE_ORTHOLOG
MBB3330113.1	EHJ92720.1	79.5	98.4	83.4	1.89e-56	169.0	YES	YES	PROBABLE_ORTHOLOG
MBB3330114.1	EHJ92721.1	77.9	93.5	98.3	3.2300000000000004e-156	435.0	YES	YES	PROBABLE_ORTHOLOG
MBB3330115.1	EHJ92336.1	76.4	98.7	98.7	0.0	1503.0	YES	YES	PROBABLE_ORTHOLOG
MBB3330116.1	EHJ92337.1	78.8	99.7	97.8	0.0	914.0	YES	YES	HIGH_CONFIDENCE_FUNCTIONAL_ORTHOLOG
MBB3330117.1	EHJ94333.1	34.3	75.8	79.1	1.09e-12	57.8	YES	NO	NO_RELIABLE_ORTHOLOG
MBB3330118.1							YES	NO	NO_RELIABLE_ORTHOLOG
MBB3330119.1							YES	NO	NO_RELIABLE_ORTHOLOG
MBB3330120.1	EHJ94466.1	74.4	97.5	98.7	2.01e-276	758.0	YES	NO	POSSIBLE_ORTHOLOG
MBB3330121.1							YES	NO	NO_RELIABLE_ORTHOLOG
MBB3330122.1	EHJ94683.1	52.4	100.0	99.8	1.75e-169	483.0	YES	YES	POSSIBLE_ORTHOLOG
MBB3330123.1	EHJ91696.1	30.0	95.3	97.7	2.41e-38	134.0	YES	NO	NO_RELIABLE_ORTHOLOG
MBB3330124.1	EHJ92724.1	73.7	92.7	91.2	2.8400000000000003e-110	313.0	YES	YES	HIGH_CONFIDENCE_FUNCTIONAL_ORTHOLOG
MBB3330125.1	EHJ92725.1	84.0	98.6	98.9	3.87e-192	525.0	YES	YES	VERY_HIGH_CONFIDENCE
MBB3330126.1	EHJ92726.1	93.8	100.0	98.1	2.84e-261	707.0	YES	YES	VERY_HIGH_CONFIDENCE
MBB3330127.1	EHJ92727.1	74.7	93.0	98.3	1.17e-165	459.0	YES	YES	PROBABLE_ORTHOLOG
MBB3330128.1							YES	NO	NO_RELIABLE_ORTHOLOG
MBB3330129.1							YES	NO	NO_RELIABLE_ORTHOLOG
MBB3330130.1							YES	NO	NO_RELIABLE_ORTHOLOG
MBB3330131.1	EHJ93106.1	37.0	89.4	69.3	2.4699999999999997e-40	139.0	YES	NO	NO_RELIABLE_ORTHOLOG
MBB3330132.1							YES	NO	NO_RELIABLE_ORTHOLOG
MBB3330133.1							YES	NO	NO_RELIABLE_ORTHOLOG
MBB3330134.1							YES	NO	NO_RELIABLE_ORTHOLOG
MBB3330135.1							YES	NO	NO_RELIABLE_ORTHOLOG
MBB3330136.1							YES	NO	NO_RELIABLE_ORTHOLOG
MBB3330137.1	EHJ94603.1	38.2	85.8	83.9	1.0999999999999999e-104	327.0	YES	YES	NO_RELIABLE_ORTHOLOG
MBB3330138.1	EHJ94609.1	64.8	99.4	99.3	1.6999999999999998e-142	401.0	YES	YES	HIGH_CONFIDENCE_FUNCTIONAL_ORTHOLOG
MBB3330139.1	EHJ94608.1	73.8	96.5	94.7	3.9599999999999997e-138	386.0	YES	YES	HIGH_CONFIDENCE_FUNCTIONAL_ORTHOLOG
MBB3330140.1	EHJ94607.1	50.6	87.4	86.2	1.3999999999999999e-24	85.9	YES	YES	POSSIBLE_ORTHOLOG
MBB3330141.1	EHJ94606.1	70.4	94.5	90.3	2.11e-187	521.0	YES	YES	HIGH_CONFIDENCE_FUNCTIONAL_ORTHOLOG
MBB3330142.1	EHJ94595.1	26.8	88.2	93.8	9.82e-38	147.0	YES	YES	NO_RELIABLE_ORTHOLOG
MBB3330143.1							YES	NO	NO_RELIABLE_ORTHOLOG
MBB3330144.1	EHJ91461.1	86.1	96.9	100.0	3.3900000000000004e-198	543.0	YES	NO	POSSIBLE_ORTHOLOG
MBB3330145.1	EHJ91460.1	88.1	100.0	94.9	1.96e-178	491.0	YES	YES	PROBABLE_ORTHOLOG
MBB3330146.1	EHJ91459.1	80.6	100.0	100.0	3.22e-243	664.0	YES	YES	PROBABLE_ORTHOLOG
MBB3330147.1	EHJ91458.1	86.5	98.4	98.8	2.9200000000000002e-148	410.0	YES	YES	PROBABLE_ORTHOLOG
MBB3330148.1	EHJ91457.1	87.4	98.8	94.8	3.33e-159	439.0	YES	YES	PROBABLE_ORTHOLOG
MBB3330149.1	EHJ92729.1	62.8	87.6	95.5	5.49e-76	224.0	YES	YES	PROBABLE_ORTHOLOG
MBB3330150.1	EHJ92730.1	91.7	100.0	100.0	0.0	943.0	YES	YES	HIGH_CONFIDENCE_FUNCTIONAL_ORTHOLOG
MBB3330151.1							YES	NO	NO_RELIABLE_ORTHOLOG
MBB3330152.1	EHJ92731.1	69.2	99.7	99.4	3.52e-301	828.0	YES	YES	HIGH_CONFIDENCE_FUNCTIONAL_ORTHOLOG
MBB3330153.1	EHJ92732.1	97.2	100.0	100.0	6.919999999999999e-42	127.0	YES	YES	HIGH_CONFIDENCE_FUNCTIONAL_ORTHOLOG
MBB3330154.1	EHJ92733.1	85.0	100.0	98.6	1.6300000000000002e-208	571.0	YES	YES	VERY_HIGH_CONFIDENCE
MBB3330155.1	EHJ92734.1	70.9	93.3	95.8	7.25e-85	246.0	YES	YES	HIGH_CONFIDENCE_FUNCTIONAL_ORTHOLOG
MBB3330156.1	EHJ92735.1	71.1	100.0	96.0	4.12e-51	155.0	YES	YES	HIGH_CONFIDENCE_FUNCTIONAL_ORTHOLOG
MBB3330157.1	EHJ92736.1	64.3	100.0	94.0	2.4e-75	220.0	YES	YES	HIGH_CONFIDENCE_FUNCTIONAL_ORTHOLOG
MBB3330158.1	EHJ92737.1	61.2	95.0	99.7	4.26e-140	400.0	YES	YES	PROBABLE_ORTHOLOG
MBB3330159.1	EHJ94217.1	41.0	70.1	53.8	4.82e-13	58.2	YES	NO	NO_RELIABLE_ORTHOLOG
MBB3330160.1	EHJ92738.1	71.3	100.0	99.3	1.2e-138	388.0	YES	YES	HIGH_CONFIDENCE_FUNCTIONAL_ORTHOLOG
MBB3330161.1	EHJ92741.1	79.0	61.8	100.0	1.7299999999999999e-41	129.0	YES	YES	NO_RELIABLE_ORTHOLOG
MBB3330162.1	EHJ92742.1	78.8	99.3	95.8	5.54e-150	417.0	YES	YES	HIGH_CONFIDENCE_FUNCTIONAL_ORTHOLOG
MBB3330163.1	EHJ92743.1	69.0	97.1	94.7	2.93e-158	444.0	YES	YES	HIGH_CONFIDENCE_FUNCTIONAL_ORTHOLOG
MBB3330164.1	EHJ92744.1	62.4	79.8	51.3	1.77e-63	197.0	YES	YES	NO_RELIABLE_ORTHOLOG
MBB3330165.1	EHJ92745.1	65.0	96.2	95.8	0.0	1094.0	YES	YES	HIGH_CONFIDENCE_FUNCTIONAL_ORTHOLOG
MBB3330166.1	EHJ92746.1	62.9	90.2	99.4	2.6999999999999997e-138	392.0	YES	YES	HIGH_CONFIDENCE_FUNCTIONAL_ORTHOLOG
MBB3330167.1	EHJ92747.1	70.1	98.7	99.1	5.220000000000001e-109	309.0	YES	YES	PROBABLE_ORTHOLOG
MBB3330168.1	EHJ92748.1	77.8	71.2	98.0	6.94e-54	162.0	YES	YES	PROBABLE_ORTHOLOG
MBB3330169.1	EHJ92397.1	73.8	100.0	100.0	1.05e-108	308.0	YES	YES	HIGH_CONFIDENCE_FUNCTIONAL_ORTHOLOG
MBB3330170.1	EHJ92398.1	82.3	100.0	100.0	4.5e-73	209.0	YES	YES	PROBABLE_ORTHOLOG
MBB3330171.1	EHJ92399.1	90.0	100.0	99.0	5.65e-193	527.0	YES	YES	VERY_HIGH_CONFIDENCE
MBB3330172.1	EHJ92400.1	69.2	97.9	97.9	1.95e-69	203.0	YES	YES	PROBABLE_ORTHOLOG
MBB3330173.1	EHJ92401.1	80.6	99.1	99.8	4.66e-238	653.0	YES	YES	VERY_HIGH_CONFIDENCE
MBB3330174.1	EHJ92402.1	83.6	97.3	86.9	2.28e-83	239.0	YES	YES	HIGH_CONFIDENCE_FUNCTIONAL_ORTHOLOG
MBB3330175.1	EHJ92403.1	70.5	100.0	100.0	1.25e-116	330.0	YES	YES	HIGH_CONFIDENCE_FUNCTIONAL_ORTHOLOG
MBB3330176.1	EHJ92404.1	75.7	91.4	88.9	1.5e-88	254.0	YES	YES	PROBABLE_ORTHOLOG
MBB3330177.1	EHJ92405.1	72.0	87.7	87.0	5.1900000000000004e-194	541.0	YES	YES	HIGH_CONFIDENCE_FUNCTIONAL_ORTHOLOG
MBB3330178.1							YES	NO	NO_RELIABLE_ORTHOLOG
MBB3330179.1	EHJ92406.1	60.3	97.9	95.6	3.2899999999999996e-197	553.0	YES	YES	HIGH_CONFIDENCE_FUNCTIONAL_ORTHOLOG
MBB3330180.1	EHJ92408.1	82.7	99.3	99.3	1.27e-73	213.0	YES	YES	PROBABLE_ORTHOLOG
MBB3330181.1	EHJ92409.1	85.4	100.0	100.0	1.53e-44	135.0	YES	YES	PROBABLE_ORTHOLOG
MBB3330182.1	EHJ92410.1	86.0	100.0	100.0	4.19e-99	279.0	YES	YES	PROBABLE_ORTHOLOG
MBB3330183.1	EHJ92411.1	82.6	93.3	96.6	1.24e-288	788.0	YES	YES	PROBABLE_ORTHOLOG
MBB3330184.1	EHJ92412.1	93.0	100.0	100.0	2.2e-65	190.0	YES	YES	PROBABLE_ORTHOLOG
MBB3330185.1	EHJ92413.1	93.0	100.0	100.0	4.54e-94	265.0	YES	YES	PROBABLE_ORTHOLOG
MBB3330186.1	EHJ92414.1	76.0	96.9	96.9	0.0	1058.0	YES	YES	PROBABLE_ORTHOLOG
MBB3330187.1	EHJ91251.1	64.0	99.8	98.0	0.0	1069.0	YES	YES	PROBABLE_ORTHOLOG
MBB3330188.1	EHJ91250.1	73.6	93.8	96.4	2.89e-48	147.0	YES	YES	PROBABLE_ORTHOLOG
MBB3330189.1	EHJ91249.1	64.7	96.3	98.4	8.910000000000001e-212	593.0	YES	YES	PROBABLE_ORTHOLOG
MBB3330190.1	EHJ91248.1	59.1	96.4	96.4	5.780000000000001e-59	178.0	YES	YES	POSSIBLE_ORTHOLOG
MBB3330191.1	EHJ91247.1	76.4	100.0	100.0	1.53e-44	135.0	YES	YES	PROBABLE_ORTHOLOG
MBB3330192.1	EHJ91246.1	62.6	87.2	96.1	7.38e-48	147.0	YES	YES	PROBABLE_ORTHOLOG
MBB3330193.1	EHJ92415.1	78.3	95.9	97.8	1.8600000000000003e-213	585.0	YES	YES	HIGH_CONFIDENCE_FUNCTIONAL_ORTHOLOG
MBB3330194.1	EHJ92416.1	67.7	98.1	97.0	9.18e-281	770.0	YES	YES	PROBABLE_ORTHOLOG
MBB3330195.1	EHJ92417.1	68.3	95.5	94.0	6.3e-62	183.0	YES	YES	PROBABLE_ORTHOLOG
MBB3330196.1	EHJ92418.1	81.0	100.0	100.0	4.62e-60	176.0	YES	YES	PROBABLE_ORTHOLOG
MBB3330197.1	EHJ92419.1	83.6	62.9	100.0	1.36e-35	112.0	YES	YES	NO_RELIABLE_ORTHOLOG
MBB3330198.1	EHJ92420.1	91.6	98.5	98.5	2.1299999999999998e-306	828.0	YES	YES	VERY_HIGH_CONFIDENCE
MBB3330199.1	EHJ92422.1	86.5	100.0	100.0	2.2700000000000002e-85	243.0	YES	YES	HIGH_CONFIDENCE_FUNCTIONAL_ORTHOLOG
MBB3330200.1	EHJ92423.1	75.0	98.9	98.6	2.4099999999999997e-146	409.0	YES	YES	HIGH_CONFIDENCE_FUNCTIONAL_ORTHOLOG
MBB3330201.1	EHJ92424.1	93.3	100.0	100.0	8.74e-49	145.0	YES	YES	HIGH_CONFIDENCE_FUNCTIONAL_ORTHOLOG
MBB3330202.1	EHJ92425.1	95.5	90.2	88.0	1.48e-76	219.0	YES	YES	HIGH_CONFIDENCE_FUNCTIONAL_ORTHOLOG
MBB3330203.1	EHJ92426.1	77.7	83.3	98.6	2.5800000000000003e-117	332.0	YES	YES	PROBABLE_ORTHOLOG
MBB3330204.1	EHJ92427.1	84.4	94.9	91.5	0.0	1293.0	YES	YES	VERY_HIGH_CONFIDENCE
MBB3330205.1	EHJ92428.1	72.4	97.6	98.6	5.06e-155	431.0	YES	YES	PARALOG_AMBIGUOUS
MBB3330206.1	EHJ92429.1	94.5	100.0	91.0	1.25e-57	169.0	YES	YES	PARALOG_AMBIGUOUS
MBB3330207.1	EHJ92051.1	47.6	52.3	28.8	5.09e-19	78.2	YES	YES	NO_RELIABLE_ORTHOLOG
MBB3330208.1	EHJ92430.1	88.5	100.0	100.0	3.5799999999999998e-68	196.0	YES	YES	PARALOG_AMBIGUOUS
MBB3330209.1	EHJ92431.1	84.4	98.6	98.5	0.0	894.0	YES	YES	PARALOG_AMBIGUOUS
MBB3330210.1	EHJ92438.1	80.0	99.1	99.1	2.74e-241	661.0	YES	YES	PROBABLE_ORTHOLOG
MBB3330211.1	EHJ92439.1	92.7	100.0	100.0	0.0	1189.0	YES	YES	HIGH_CONFIDENCE_FUNCTIONAL_ORTHOLOG
MBB3330212.1	EHJ92441.1	76.2	99.6	99.0	0.0	1026.0	YES	YES	HIGH_CONFIDENCE_FUNCTIONAL_ORTHOLOG
MBB3330213.1	EHJ92886.1	48.1	94.8	92.9	6.7399999999999994e-68	206.0	YES	YES	POSSIBLE_ORTHOLOG
MBB3330214.1	EHJ92887.1	90.6	76.6	100.0	6.84e-254	692.0	YES	YES	PROBABLE_ORTHOLOG
MBB3330215.1	EHJ92888.1	89.6	100.0	100.0	2.03e-137	379.0	YES	YES	HIGH_CONFIDENCE_FUNCTIONAL_ORTHOLOG
MBB3330216.1	EHJ92889.1	62.7	98.7	98.6	1.6600000000000002e-26	89.4	YES	YES	PROBABLE_ORTHOLOG
MBB3330217.1	EHJ92890.1	82.5	100.0	100.0	2.72e-202	552.0	YES	YES	HIGH_CONFIDENCE_FUNCTIONAL_ORTHOLOG
MBB3330218.1	EHJ92891.1	78.4	99.6	99.8	5.33e-283	771.0	YES	YES	PROBABLE_ORTHOLOG
MBB3330219.1	EHJ92892.1	66.1	95.4	96.5	8.56e-77	224.0	YES	YES	PROBABLE_ORTHOLOG
MBB3330220.1	EHJ92893.1	78.5	96.7	97.9	0.0	1249.0	YES	YES	PROBABLE_ORTHOLOG
MBB3330221.1	EHJ92894.1	93.1	76.3	71.6	9.67e-34	107.0	YES	YES	PROBABLE_ORTHOLOG
MBB3330222.1	EHJ92895.1	81.8	97.0	97.8	1.08e-128	360.0	YES	YES	PROBABLE_ORTHOLOG
MBB3330223.1	EHJ92896.1	58.9	98.9	97.2	2.31e-183	517.0	YES	YES	POSSIBLE_ORTHOLOG
MBB3330224.1	EHJ92897.1	84.3	95.5	91.8	2.73e-139	388.0	YES	YES	HIGH_CONFIDENCE_FUNCTIONAL_ORTHOLOG
MBB3330225.1	EHJ92898.1	81.2	99.4	99.3	1.17e-179	495.0	YES	YES	VERY_HIGH_CONFIDENCE
MBB3330226.1	EHJ92899.1	39.2	94.2	88.2	1e-38	130.0	YES	YES	NO_RELIABLE_ORTHOLOG
MBB3330227.1	EHJ92900.1	78.3	100.0	100.0	0.0	932.0	YES	YES	PROBABLE_ORTHOLOG
MBB3330228.1	EHJ92901.1	88.4	100.0	100.0	5.440000000000001e-57	167.0	YES	YES	PROBABLE_ORTHOLOG
MBB3330229.1	EHJ92902.1	91.1	100.0	100.0	0.0	1057.0	YES	YES	HIGH_CONFIDENCE_FUNCTIONAL_ORTHOLOG
MBB3330230.1	EHJ92903.1	58.3	98.2	99.4	3.3e-70	207.0	YES	YES	POSSIBLE_ORTHOLOG
MBB3330231.1	EHJ92904.1	90.6	88.3	65.7	0.0	1534.0	YES	YES	NO_RELIABLE_ORTHOLOG
MBB3330232.1	EHJ92904.1	83.6	99.7	25.5	1.01e-184	542.0	YES	NO	NO_RELIABLE_ORTHOLOG
MBB3330233.1	EHJ92905.1	91.4	100.0	100.0	2.7799999999999997e-137	380.0	YES	YES	HIGH_CONFIDENCE_FUNCTIONAL_ORTHOLOG
MBB3330234.1	EHJ92906.1	86.6	100.0	100.0	0.0	1205.0	YES	YES	VERY_HIGH_CONFIDENCE
MBB3330235.1	EHJ92907.1	62.6	87.6	96.4	1.0700000000000001e-72	214.0	YES	YES	PROBABLE_ORTHOLOG
MBB3330236.1	EHJ92908.1	75.0	97.2	90.4	8.62e-107	303.0	YES	YES	HIGH_CONFIDENCE_FUNCTIONAL_ORTHOLOG
MBB3330237.1	EHJ92909.1	63.5	100.0	100.0	3.97e-171	479.0	YES	YES	PROBABLE_ORTHOLOG
MBB3330238.1							YES	NO	NO_RELIABLE_ORTHOLOG
MBB3330239.1	EHJ92910.1	73.9	92.1	92.4	1.8200000000000002e-116	330.0	YES	YES	HIGH_CONFIDENCE_FUNCTIONAL_ORTHOLOG
MBB3330240.1	EHJ92911.1	66.4	97.9	97.4	2.38e-98	283.0	YES	YES	HIGH_CONFIDENCE_FUNCTIONAL_ORTHOLOG
MBB3330241.1	EHJ92912.1	84.3	99.1	99.5	2.4600000000000003e-132	368.0	YES	YES	VERY_HIGH_CONFIDENCE
MBB3330242.1	EHJ92913.1	76.2	100.0	100.0	0.0	917.0	YES	YES	HIGH_CONFIDENCE_FUNCTIONAL_ORTHOLOG
MBB3330243.1	EHJ92914.1	88.6	99.9	99.9	0.0	1639.0	YES	YES	VERY_HIGH_CONFIDENCE
MBB3330244.1	EHJ92915.1	65.8	83.0	96.3	3.77e-70	207.0	YES	YES	PROBABLE_ORTHOLOG
MBB3330245.1	EHJ92916.1	77.5	83.4	93.3	8.739999999999999e-128	360.0	YES	YES	PROBABLE_ORTHOLOG
MBB3330246.1	EHJ92918.1	68.5	95.5	96.0	4.22e-78	227.0	YES	YES	HIGH_CONFIDENCE_FUNCTIONAL_ORTHOLOG
MBB3330247.1	EHJ92919.1	67.7	95.9	95.1	6.84e-112	318.0	YES	YES	PROBABLE_ORTHOLOG
MBB3330248.1	EHJ92920.1	81.8	99.6	99.2	1.77e-144	400.0	YES	YES	VERY_HIGH_CONFIDENCE
MBB3330249.1	EHJ94818.1	40.0	27.6	19.3	8.43e-07	46.2	YES	YES	NO_RELIABLE_ORTHOLOG
MBB3330250.1	EHJ92921.1	58.4	98.8	98.1	1.64e-123	354.0	YES	YES	POSSIBLE_ORTHOLOG
MBB3330251.1	EHJ92922.1	86.7	100.0	100.0	4.8500000000000005e-193	528.0	YES	YES	VERY_HIGH_CONFIDENCE
MBB3330252.1	EHJ92923.1	80.8	99.4	98.7	5.43e-93	263.0	YES	YES	VERY_HIGH_CONFIDENCE
MBB3330253.1	EHJ92924.1	77.9	100.0	99.5	1.05e-196	543.0	YES	YES	PROBABLE_ORTHOLOG
MBB3330254.1	EHJ92925.1	69.7	92.7	87.4	2.08e-33	107.0	YES	YES	PROBABLE_ORTHOLOG
MBB3330255.1	EHJ92926.1	51.7	93.2	94.1	7.3e-158	457.0	YES	YES	POSSIBLE_ORTHOLOG
MBB3330256.1	EHJ93678.1	93.1	100.0	44.2	1.47e-127	364.0	YES	YES	NO_RELIABLE_ORTHOLOG
MBB3330257.1							YES	NO	NO_RELIABLE_ORTHOLOG
MBB3330258.1							YES	NO	NO_RELIABLE_ORTHOLOG
MBB3330259.1	EHJ94317.1	24.2	36.0	49.5	1.56e-20	92.4	YES	NO	NO_RELIABLE_ORTHOLOG
MBB3330260.1							YES	NO	NO_RELIABLE_ORTHOLOG
MBB3330261.1							YES	NO	NO_RELIABLE_ORTHOLOG
MBB3330262.1							YES	NO	NO_RELIABLE_ORTHOLOG
MBB3330263.1	EHJ94413.1	67.1	100.0	98.6	7.61e-72	209.0	YES	YES	HIGH_CONFIDENCE_FUNCTIONAL_ORTHOLOG
MBB3330264.1							YES	NO	NO_RELIABLE_ORTHOLOG
MBB3330265.1							YES	NO	NO_RELIABLE_ORTHOLOG
MBB3330266.1							YES	NO	NO_RELIABLE_ORTHOLOG
MBB3330267.1	EHJ93821.1	40.8	88.9	87.8	4.39e-150	458.0	YES	NO	NO_RELIABLE_ORTHOLOG
MBB3330268.1							YES	NO	NO_RELIABLE_ORTHOLOG
MBB3330269.1							YES	NO	NO_RELIABLE_ORTHOLOG
MBB3330270.1							YES	NO	NO_RELIABLE_ORTHOLOG
MBB3330271.1	EHJ91161.1	75.4	99.2	98.5	9.640000000000001e-157	433.0	YES	NO	POSSIBLE_ORTHOLOG
MBB3330272.1							YES	NO	NO_RELIABLE_ORTHOLOG
MBB3330273.1							YES	NO	NO_RELIABLE_ORTHOLOG
MBB3330274.1	EHJ91720.1	55.5	76.4	94.4	4.25e-146	421.0	YES	NO	POSSIBLE_ORTHOLOG
MBB3330275.1	EHJ93223.1	65.9	84.9	95.2	5.22e-144	407.0	YES	YES	PROBABLE_ORTHOLOG
MBB3330276.1							YES	NO	NO_RELIABLE_ORTHOLOG
MBB3330277.1							YES	NO	NO_RELIABLE_ORTHOLOG
MBB3330278.1							YES	NO	NO_RELIABLE_ORTHOLOG
MBB3330279.1	EHJ94182.1	35.0	62.9	30.4	1.16e-22	92.0	YES	NO	NO_RELIABLE_ORTHOLOG
MBB3330280.1	EHJ94181.1	35.5	48.4	39.1	1.45e-28	116.0	YES	NO	NO_RELIABLE_ORTHOLOG
MBB3330281.1	EHJ93222.1	72.1	100.0	100.0	7.16e-118	332.0	YES	YES	PROBABLE_ORTHOLOG
MBB3330282.1	EHJ93221.1	69.3	100.0	86.3	1.5400000000000001e-97	281.0	YES	YES	PROBABLE_ORTHOLOG
MBB3330283.1	EHJ93220.1	84.3	100.0	100.0	1.34e-120	335.0	YES	YES	PROBABLE_ORTHOLOG
MBB3330284.1	EHJ93218.1	77.7	99.1	90.8	1.5e-173	481.0	YES	YES	HIGH_CONFIDENCE_FUNCTIONAL_ORTHOLOG
MBB3330285.1	EHJ93217.1	74.9	100.0	100.0	1.28e-249	683.0	YES	YES	PROBABLE_ORTHOLOG
MBB3330286.1	EHJ93216.1	87.7	99.3	99.0	6.879999999999999e-180	494.0	YES	YES	PROBABLE_ORTHOLOG
MBB3330287.1	EHJ93215.1	84.5	84.0	98.8	1.72e-153	426.0	YES	YES	PROBABLE_ORTHOLOG
MBB3330288.1	EHJ93214.1	81.6	98.2	97.7	5.39e-218	598.0	YES	YES	PROBABLE_ORTHOLOG
MBB3330289.1	EHJ93213.1	71.6	96.8	95.1	5.76e-97	279.0	YES	YES	PROBABLE_ORTHOLOG
MBB3330290.1	EHJ93212.1	74.0	100.0	100.0	4.22e-134	376.0	YES	YES	HIGH_CONFIDENCE_FUNCTIONAL_ORTHOLOG
MBB3330291.1							YES	NO	NO_RELIABLE_ORTHOLOG
MBB3330292.1	EHJ93211.1	76.2	99.4	99.4	5.65e-284	775.0	YES	YES	HIGH_CONFIDENCE_FUNCTIONAL_ORTHOLOG
MBB3330293.1	EHJ93210.1	71.4	99.4	99.2	8.61e-256	703.0	YES	YES	HIGH_CONFIDENCE_FUNCTIONAL_ORTHOLOG
MBB3330294.1	EHJ93209.1	74.4	100.0	100.0	1.1899999999999999e-165	460.0	YES	YES	HIGH_CONFIDENCE_FUNCTIONAL_ORTHOLOG
MBB3330295.1	EHJ93211.1	46.8	94.3	96.8	2.12e-150	436.0	YES	NO	NO_RELIABLE_ORTHOLOG
MBB3330296.1	EHJ93219.1	70.0	97.1	97.1	1.0999999999999999e-48	147.0	YES	YES	HIGH_CONFIDENCE_FUNCTIONAL_ORTHOLOG
MBB3330297.1	EHJ94753.1	54.1	77.8	79.2	4.0599999999999994e-42	136.0	YES	YES	POSSIBLE_ORTHOLOG
MBB3330298.1	EHJ93208.1	68.8	99.3	99.6	2.46e-140	393.0	YES	YES	PROBABLE_ORTHOLOG
MBB3330299.1	EHJ93207.1	88.4	100.0	100.0	4e-94	265.0	YES	YES	VERY_HIGH_CONFIDENCE
MBB3330300.1	EHJ94469.1	38.5	84.1	99.6	1.6299999999999999e-52	170.0	YES	NO	NO_RELIABLE_ORTHOLOG
MBB3330301.1	EHJ91262.1	28.1	64.3	66.9	2.42e-15	71.2	YES	YES	NO_RELIABLE_ORTHOLOG
MBB3330302.1							YES	NO	NO_RELIABLE_ORTHOLOG
MBB3330303.1	EHJ93205.1	77.5	96.7	95.2	0.0	925.0	YES	YES	PROBABLE_ORTHOLOG
MBB3330304.1	EHJ93199.1	66.7	96.7	94.8	5.51e-150	420.0	YES	YES	PROBABLE_ORTHOLOG
MBB3330305.1	EHJ93203.1	37.4	85.7	81.3	9.15e-63	206.0	YES	YES	NO_RELIABLE_ORTHOLOG
MBB3330306.1	EHJ93202.1	47.6	98.3	97.6	1.3e-315	899.0	YES	YES	POSSIBLE_ORTHOLOG
MBB3330307.1	EHJ93252.1	38.8	95.9	92.2	3.3300000000000003e-73	236.0	YES	YES	NO_RELIABLE_ORTHOLOG
MBB3330308.1	EHJ94459.1	28.9	94.8	90.3	4.59e-20	83.6	YES	NO	NO_RELIABLE_ORTHOLOG
MBB3330309.1	EHJ93198.1	61.7	96.2	99.0	7.33e-82	239.0	YES	YES	PROBABLE_ORTHOLOG
MBB3330310.1	EHJ93197.1	82.2	100.0	100.0	6.55e-211	577.0	YES	YES	PROBABLE_ORTHOLOG
MBB3330311.1	EHJ93195.1	83.9	97.6	92.2	9.16e-206	564.0	YES	YES	VERY_HIGH_CONFIDENCE
MBB3330312.1							YES	NO	NO_RELIABLE_ORTHOLOG
MBB3330313.1							YES	NO	NO_RELIABLE_ORTHOLOG
MBB3330314.1	EHJ93098.1	50.0	56.3	97.6	7.16e-10	46.2	YES	YES	NO_RELIABLE_ORTHOLOG
MBB3330315.1							YES	NO	NO_RELIABLE_ORTHOLOG
MBB3330316.1	EHJ93193.1	84.0	100.0	100.0	8.54e-158	436.0	YES	YES	HIGH_CONFIDENCE_FUNCTIONAL_ORTHOLOG
MBB3330317.1	EHJ91654.1	57.7	97.2	96.3	6.52e-36	115.0	YES	YES	POSSIBLE_ORTHOLOG
MBB3330318.1	EHJ93192.1	56.7	96.7	89.4	4.2e-61	185.0	YES	YES	POSSIBLE_ORTHOLOG
MBB3330319.1	EHJ93191.1	52.2	82.1	86.9	1.47e-51	161.0	YES	YES	POSSIBLE_ORTHOLOG
MBB3330320.1	EHJ94178.1	59.3	100.0	100.0	3.35e-102	294.0	YES	YES	POSSIBLE_ORTHOLOG
MBB3330321.1	EHJ93190.1	86.8	99.8	99.6	0.0	879.0	YES	YES	VERY_HIGH_CONFIDENCE
MBB3330322.1	EHJ91464.1	32.9	95.9	97.0	1.95e-40	139.0	YES	NO	NO_RELIABLE_ORTHOLOG
MBB3330323.1	EHJ93188.1	93.7	100.0	100.0	3.4e-306	825.0	YES	YES	HIGH_CONFIDENCE_FUNCTIONAL_ORTHOLOG
MBB3330324.1	EHJ93187.1	96.0	100.0	96.9	5.94e-80	228.0	YES	YES	HIGH_CONFIDENCE_FUNCTIONAL_ORTHOLOG
MBB3330325.1	EHJ93186.1	81.4	84.3	99.0	2.4699999999999996e-54	162.0	YES	YES	PROBABLE_ORTHOLOG
MBB3330326.1	EHJ93185.1	93.2	100.0	100.0	0.0	1101.0	YES	YES	VERY_HIGH_CONFIDENCE
MBB3330327.1	EHJ93184.1	93.1	92.3	100.0	8.82e-155	425.0	YES	YES	VERY_HIGH_CONFIDENCE
MBB3330328.1	EHJ93183.1	87.6	100.0	97.9	0.0	1713.0	YES	YES	VERY_HIGH_CONFIDENCE
MBB3330329.1	EHJ93182.1	79.6	100.0	100.0	4.33e-278	762.0	YES	YES	HIGH_CONFIDENCE_FUNCTIONAL_ORTHOLOG
MBB3330330.1	EHJ93181.1	91.0	100.0	97.8	0.0	870.0	YES	YES	VERY_HIGH_CONFIDENCE
MBB3330331.1	EHJ93180.1	94.3	100.0	100.0	5.78e-262	710.0	YES	YES	VERY_HIGH_CONFIDENCE
MBB3330332.1	EHJ93179.1	97.6	100.0	100.0	1.13e-205	559.0	YES	YES	VERY_HIGH_CONFIDENCE
MBB3330333.1	EHJ94120.1	42.8	62.3	24.6	1.39e-30	116.0	YES	NO	NO_RELIABLE_ORTHOLOG
MBB3330334.1							YES	NO	NO_RELIABLE_ORTHOLOG
MBB3330335.1							YES	NO	NO_RELIABLE_ORTHOLOG
MBB3330336.1							YES	NO	NO_RELIABLE_ORTHOLOG
MBB3330337.1	EHJ93172.1	81.6	98.3	100.0	0.0	1053.0	YES	YES	VERY_HIGH_CONFIDENCE
MBB3330338.1	EHJ94395.1	30.5	99.3	100.0	2.5e-10	52.4	YES	NO	NO_RELIABLE_ORTHOLOG
MBB3330339.1	EHJ93162.1	61.2	84.0	85.0	1.73e-113	330.0	YES	YES	PROBABLE_ORTHOLOG
MBB3330340.1	EHJ93161.1	74.1	100.0	100.0	5.5100000000000005e-248	681.0	YES	YES	HIGH_CONFIDENCE_FUNCTIONAL_ORTHOLOG
MBB3330341.1	EHJ93160.1	58.6	92.1	93.5	1.49e-19	70.9	YES	YES	POSSIBLE_ORTHOLOG
MBB3330342.1	EHJ91442.1	63.8	95.1	96.1	2.6e-75	221.0	YES	YES	PROBABLE_ORTHOLOG
MBB3330343.1	EHJ93158.1	77.5	100.0	100.0	8.23e-15	60.1	YES	YES	PROBABLE_ORTHOLOG
MBB3330344.1							YES	NO	NO_RELIABLE_ORTHOLOG
MBB3330345.1	EHJ93589.1	35.2	93.6	95.8	3.48e-54	176.0	YES	NO	NO_RELIABLE_ORTHOLOG
MBB3330346.1	EHJ93589.1	36.3	93.1	97.1	3.47e-48	160.0	YES	NO	NO_RELIABLE_ORTHOLOG
MBB3330347.1							YES	NO	NO_RELIABLE_ORTHOLOG
MBB3330348.1	EHJ92765.1	40.6	48.0	32.4	8.010000000000001e-43	159.0	YES	NO	NO_RELIABLE_ORTHOLOG
MBB3330349.1	EHJ91614.1	38.6	89.1	89.5	7.95e-26	91.3	YES	NO	NO_RELIABLE_ORTHOLOG
MBB3330350.1	EHJ91921.1	26.4	45.0	87.3	2.7e-12	66.2	YES	NO	NO_RELIABLE_ORTHOLOG
MBB3330351.1	EHJ93595.1	84.6	98.1	99.3	4.7e-265	721.0	YES	YES	PROBABLE_ORTHOLOG
MBB3330352.1	EHJ94711.1	73.8	97.7	97.3	2.21e-251	691.0	YES	YES	HIGH_CONFIDENCE_FUNCTIONAL_ORTHOLOG
MBB3330353.1	EHJ93157.1	60.4	100.0	100.0	0.0	991.0	YES	YES	HIGH_CONFIDENCE_FUNCTIONAL_ORTHOLOG
MBB3330354.1	EHJ93156.1	60.3	92.5	96.3	2.49e-81	237.0	YES	YES	PROBABLE_ORTHOLOG
MBB3330355.1	EHJ93155.1	70.9	98.8	99.5	6.99e-190	528.0	YES	YES	PROBABLE_ORTHOLOG
MBB3330356.1	EHJ92659.1	62.0	79.5	77.0	1.65e-74	221.0	YES	YES	HIGH_CONFIDENCE_FUNCTIONAL_ORTHOLOG
MBB3330357.1	EHJ93750.1	62.8	98.1	99.7	1.34e-319	884.0	YES	YES	PROBABLE_ORTHOLOG
MBB3330358.1							YES	NO	NO_RELIABLE_ORTHOLOG
MBB3330359.1	EHJ93148.1	86.9	100.0	100.0	1.29e-99	280.0	YES	YES	VERY_HIGH_CONFIDENCE
MBB3330360.1	EHJ93147.1	53.3	97.8	94.8	1.49e-26	90.9	YES	YES	POSSIBLE_ORTHOLOG
MBB3330361.1	EHJ93146.1	66.0	100.0	100.0	5.44e-62	185.0	YES	YES	PROBABLE_ORTHOLOG
MBB3330362.1	EHJ93144.1	89.0	99.2	99.1	0.0	958.0	YES	YES	HIGH_CONFIDENCE_FUNCTIONAL_ORTHOLOG
MBB3330363.1	EHJ93142.1	72.6	93.1	95.7	1.38e-63	188.0	YES	YES	PROBABLE_ORTHOLOG
MBB3330364.1	EHJ93141.1	71.8	97.2	95.7	1.05e-202	560.0	YES	YES	PROBABLE_ORTHOLOG
MBB3330365.1	EHJ93140.1	87.4	98.3	98.5	1.28e-293	796.0	YES	YES	VERY_HIGH_CONFIDENCE
MBB3330366.1	EHJ93139.1	82.2	100.0	100.0	6.52e-128	356.0	YES	YES	HIGH_CONFIDENCE_FUNCTIONAL_ORTHOLOG
MBB3330367.1	EHJ93138.1	84.9	98.7	94.1	2.84e-236	644.0	YES	YES	VERY_HIGH_CONFIDENCE
MBB3330368.1	EHJ93137.1	57.1	94.0	95.9	1.33e-56	171.0	YES	YES	POSSIBLE_ORTHOLOG
MBB3330369.1	EHJ93136.1	76.5	89.0	86.7	1.21e-103	295.0	YES	YES	HIGH_CONFIDENCE_FUNCTIONAL_ORTHOLOG
MBB3330370.1	EHJ93135.1	87.9	99.7	99.7	0.0	1318.0	YES	YES	VERY_HIGH_CONFIDENCE
MBB3330371.1	EHJ92787.1	33.7	85.2	84.4	4.11e-58	191.0	YES	NO	FUNCTION_CONFLICT
MBB3330372.1	EHJ93134.1	79.0	92.6	98.0	3.9500000000000004e-59	174.0	YES	YES	HIGH_CONFIDENCE_FUNCTIONAL_ORTHOLOG
MBB3330373.1	EHJ93133.1	91.4	100.0	100.0	0.0	1345.0	YES	YES	HIGH_CONFIDENCE_FUNCTIONAL_ORTHOLOG
MBB3330374.1	EHJ93132.1	95.8	100.0	100.0	1.18e-47	142.0	YES	YES	HIGH_CONFIDENCE_FUNCTIONAL_ORTHOLOG
MBB3330375.1	EHJ93131.1	72.7	94.3	99.6	2.6099999999999998e-126	354.0	YES	YES	HIGH_CONFIDENCE_FUNCTIONAL_ORTHOLOG
MBB3330376.1	EHJ93130.1	68.1	85.4	87.1	3.19e-107	307.0	YES	YES	HIGH_CONFIDENCE_FUNCTIONAL_ORTHOLOG
MBB3330377.1	EHJ93129.1	63.6	96.8	99.6	0.0	1111.0	YES	YES	HIGH_CONFIDENCE_FUNCTIONAL_ORTHOLOG
MBB3330378.1	EHJ93128.1	64.5	89.0	88.6	5.31e-81	237.0	YES	YES	HIGH_CONFIDENCE_FUNCTIONAL_ORTHOLOG
MBB3330379.1	EHJ93127.1	76.6	99.3	99.5	3.3599999999999996e-241	662.0	YES	YES	HIGH_CONFIDENCE_FUNCTIONAL_ORTHOLOG
MBB3330380.1	EHJ93126.1	73.9	96.7	97.2	4.15e-88	253.0	YES	YES	HIGH_CONFIDENCE_FUNCTIONAL_ORTHOLOG
MBB3330381.1	EHJ93125.1	57.1	98.5	98.6	2.17e-95	279.0	YES	YES	POSSIBLE_ORTHOLOG
MBB3330382.1	EHJ93124.1	71.4	99.7	100.0	9.19e-189	523.0	YES	YES	HIGH_CONFIDENCE_FUNCTIONAL_ORTHOLOG
MBB3330383.1	EHJ93123.1	75.3	99.9	99.9	0.0	2424.0	YES	YES	HIGH_CONFIDENCE_FUNCTIONAL_ORTHOLOG
MBB3330384.1	EHJ94646.1	43.4	98.2	97.1	5.26e-115	342.0	YES	YES	POSSIBLE_ORTHOLOG
MBB3330385.1	EHJ93122.1	71.6	98.2	96.3	3.0199999999999997e-168	469.0	YES	YES	HIGH_CONFIDENCE_FUNCTIONAL_ORTHOLOG
MBB3330386.1	EHJ93121.1	94.1	100.0	98.6	7.79e-49	145.0	YES	YES	HIGH_CONFIDENCE_FUNCTIONAL_ORTHOLOG
MBB3330387.1	EHJ93120.1	71.4	99.5	99.7	0.0	1044.0	YES	YES	HIGH_CONFIDENCE_FUNCTIONAL_ORTHOLOG
MBB3330388.1	EHJ93119.1	60.0	100.0	100.0	9.27e-41	128.0	YES	YES	HIGH_CONFIDENCE_FUNCTIONAL_ORTHOLOG
MBB3330389.1	EHJ93118.1	83.9	100.0	100.0	5.21e-56	165.0	YES	YES	HIGH_CONFIDENCE_FUNCTIONAL_ORTHOLOG
MBB3330390.1	EHJ93117.1	63.9	98.7	98.9	1.1e-166	468.0	YES	YES	HIGH_CONFIDENCE_FUNCTIONAL_ORTHOLOG
MBB3330391.1	EHJ93114.1	90.4	100.0	100.0	2.18e-190	521.0	YES	YES	VERY_HIGH_CONFIDENCE
MBB3330392.1	EHJ93113.1	90.4	99.8	92.5	1.6699999999999998e-284	770.0	YES	YES	VERY_HIGH_CONFIDENCE
MBB3330393.1	EHJ93112.1	84.9	92.5	96.1	3.69e-176	487.0	YES	YES	HIGH_CONFIDENCE_FUNCTIONAL_ORTHOLOG
MBB3330394.1	EHJ93111.1	77.1	98.5	99.2	1.15e-82	235.0	YES	YES	HIGH_CONFIDENCE_FUNCTIONAL_ORTHOLOG
MBB3330395.1	EHJ93106.1	85.3	96.3	94.3	5.53e-193	530.0	YES	YES	PROBABLE_ORTHOLOG
MBB3330396.1	EHJ93105.1	88.3	100.0	100.0	3.55e-156	431.0	YES	YES	HIGH_CONFIDENCE_FUNCTIONAL_ORTHOLOG
MBB3330397.1	EHJ93104.1	80.6	100.0	96.5	3.69e-166	459.0	YES	YES	VERY_HIGH_CONFIDENCE
MBB3330398.1	EHJ93103.1	83.8	99.5	96.4	1.44e-110	310.0	YES	YES	VERY_HIGH_CONFIDENCE
MBB3330399.1	EHJ93102.1	68.7	97.6	93.1	1.83e-81	235.0	YES	YES	HIGH_CONFIDENCE_FUNCTIONAL_ORTHOLOG
MBB3330400.1							YES	NO	NO_RELIABLE_ORTHOLOG
MBB3330401.1							YES	NO	NO_RELIABLE_ORTHOLOG
MBB3330402.1							YES	NO	NO_RELIABLE_ORTHOLOG
MBB3330403.1							YES	NO	NO_RELIABLE_ORTHOLOG
MBB3330404.1							YES	NO	NO_RELIABLE_ORTHOLOG
MBB3330405.1							YES	NO	NO_RELIABLE_ORTHOLOG
MBB3330406.1							YES	NO	NO_RELIABLE_ORTHOLOG
MBB3330407.1							YES	NO	NO_RELIABLE_ORTHOLOG
MBB3330408.1							YES	NO	NO_RELIABLE_ORTHOLOG
MBB3330409.1							YES	NO	NO_RELIABLE_ORTHOLOG
MBB3330410.1							YES	NO	NO_RELIABLE_ORTHOLOG
MBB3330411.1							YES	NO	NO_RELIABLE_ORTHOLOG
MBB3330412.1							YES	NO	NO_RELIABLE_ORTHOLOG
MBB3330413.1							YES	NO	NO_RELIABLE_ORTHOLOG
MBB3330414.1							YES	NO	NO_RELIABLE_ORTHOLOG
MBB3330415.1							YES	NO	NO_RELIABLE_ORTHOLOG
MBB3330416.1							YES	NO	NO_RELIABLE_ORTHOLOG
MBB3330417.1	EHJ94735.1	43.5	41.2	44.5	4.19e-09	49.7	YES	YES	NO_RELIABLE_ORTHOLOG
MBB3330418.1	EHJ91782.1	78.8	100.0	100.0	3.0399999999999997e-106	302.0	YES	YES	PROBABLE_ORTHOLOG
MBB3330419.1	EHJ91781.1	61.7	98.5	97.7	1.13e-56	169.0	YES	YES	PROBABLE_ORTHOLOG
MBB3330420.1	EHJ91780.1	53.9	90.6	95.0	1.0100000000000001e-35	116.0	YES	YES	POSSIBLE_ORTHOLOG
MBB3330421.1	EHJ91779.1	39.2	100.0	100.0	4.11e-17	67.0	YES	YES	NO_RELIABLE_ORTHOLOG
MBB3330422.1	EHJ91778.1	74.7	67.5	100.0	1.01e-36	117.0	YES	YES	NO_RELIABLE_ORTHOLOG
MBB3330423.1	EHJ92299.1	70.7	97.4	96.3	5.3599999999999997e-95	271.0	YES	YES	PROBABLE_ORTHOLOG
MBB3330424.1	EHJ94794.1	68.2	99.3	99.5	3.68e-186	519.0	YES	YES	PROBABLE_ORTHOLOG
MBB3330425.1	EHJ94793.1	83.8	100.0	98.3	2.2200000000000002e-107	301.0	YES	YES	HIGH_CONFIDENCE_FUNCTIONAL_ORTHOLOG
MBB3330426.1	EHJ94792.1	73.3	93.5	91.8	4.99e-50	151.0	YES	YES	PROBABLE_ORTHOLOG
MBB3330427.1	EHJ94791.1	71.5	96.6	92.9	6.99e-186	515.0	YES	YES	HIGH_CONFIDENCE_FUNCTIONAL_ORTHOLOG
MBB3330428.1	EHJ94790.1	90.7	100.0	100.0	2.05e-147	405.0	YES	YES	PROBABLE_ORTHOLOG
MBB3330429.1	EHJ94789.1	81.8	99.9	100.0	0.0	1659.0	YES	YES	HIGH_CONFIDENCE_FUNCTIONAL_ORTHOLOG
MBB3330430.1	EHJ94788.1	64.9	82.1	100.0	4.83e-18	67.0	YES	YES	PROBABLE_ORTHOLOG
MBB3330431.1	EHJ94787.1	58.8	97.6	100.0	7.16e-80	234.0	YES	YES	POSSIBLE_ORTHOLOG
MBB3330432.1	EHJ94786.1	61.1	100.0	100.0	1.1199999999999999e-249	694.0	YES	YES	PROBABLE_ORTHOLOG
MBB3330433.1	EHJ94785.1	50.9	54.2	56.0	2.4199999999999998e-23	89.0	YES	YES	NO_RELIABLE_ORTHOLOG
MBB3330434.1	EHJ94784.1	69.5	91.6	78.4	1.2400000000000001e-57	174.0	YES	YES	PROBABLE_ORTHOLOG
MBB3330435.1	EHJ94783.1	80.0	94.7	91.5	3.8e-151	421.0	YES	YES	HIGH_CONFIDENCE_FUNCTIONAL_ORTHOLOG
MBB3330436.1							YES	NO	NO_RELIABLE_ORTHOLOG
MBB3330437.1	EHJ91777.1	82.3	100.0	99.4	4.84e-202	552.0	YES	YES	PROBABLE_ORTHOLOG
MBB3330438.1	EHJ91776.1	81.6	100.0	100.0	0.0	1508.0	YES	YES	PROBABLE_ORTHOLOG
MBB3330439.1	EHJ91775.1	80.8	100.0	97.7	7.55e-133	369.0	YES	YES	VERY_HIGH_CONFIDENCE
MBB3330440.1							YES	NO	NO_RELIABLE_ORTHOLOG
MBB3330441.1	EHJ92672.1	36.5	67.8	67.9	1.99e-19	80.9	YES	YES	NO_RELIABLE_ORTHOLOG
MBB3330442.1	EHJ91774.1	52.3	97.8	96.5	9.07e-79	233.0	YES	YES	POSSIBLE_ORTHOLOG
MBB3330443.1							YES	NO	NO_RELIABLE_ORTHOLOG
MBB3330444.1	EHJ91773.1	60.5	95.6	99.2	1.9e-44	139.0	YES	YES	PROBABLE_ORTHOLOG
MBB3330445.1	EHJ91772.1	78.4	98.6	98.1	1.2799999999999999e-113	320.0	YES	YES	PROBABLE_ORTHOLOG
MBB3330446.1	EHJ92241.1	36.3	94.9	83.7	1.92e-17	69.7	YES	YES	NO_RELIABLE_ORTHOLOG
MBB3330447.1	EHJ91771.1	57.7	96.6	90.4	1.8899999999999997e-48	150.0	YES	YES	POSSIBLE_ORTHOLOG
MBB3330448.1	EHJ91770.1	76.6	100.0	100.0	3.1699999999999996e-104	295.0	YES	YES	PROBABLE_ORTHOLOG
MBB3330449.1	EHJ91769.1	57.4	85.8	82.9	3.76e-50	157.0	YES	YES	POSSIBLE_ORTHOLOG
MBB3330450.1	EHJ91768.1	79.1	100.0	100.0	0.0	900.0	YES	YES	HIGH_CONFIDENCE_FUNCTIONAL_ORTHOLOG
MBB3330451.1	EHJ91767.1	65.2	97.1	97.5	1.06e-191	536.0	YES	YES	HIGH_CONFIDENCE_FUNCTIONAL_ORTHOLOG
MBB3330452.1	EHJ91766.1	87.0	99.3	99.4	0.0	2136.0	YES	YES	VERY_HIGH_CONFIDENCE
MBB3330453.1	EHJ91765.1	91.7	98.0	92.8	1.32e-128	357.0	YES	YES	HIGH_CONFIDENCE_FUNCTIONAL_ORTHOLOG
MBB3330454.1	EHJ91764.1	58.9	41.1	39.5	2.2e-40	142.0	YES	YES	NO_RELIABLE_ORTHOLOG
MBB3330455.1	EHJ91763.1	63.9	91.2	93.0	7.260000000000001e-164	462.0	YES	YES	HIGH_CONFIDENCE_FUNCTIONAL_ORTHOLOG
MBB3330456.1	EHJ91762.1	74.4	94.3	96.4	6.38e-72	209.0	YES	YES	PROBABLE_ORTHOLOG
MBB3330457.1	EHJ92562.1	58.4	89.7	92.6	8.08e-47	144.0	YES	YES	POSSIBLE_ORTHOLOG
MBB3330458.1	EHJ92563.1	73.8	96.4	98.9	8.07e-107	301.0	YES	YES	HIGH_CONFIDENCE_FUNCTIONAL_ORTHOLOG
MBB3330459.1	EHJ91761.1	64.7	29.1	72.3	1.35e-11	52.4	YES	YES	NO_RELIABLE_ORTHOLOG
MBB3330460.1	EHJ91760.1	75.4	96.6	89.9	2.85e-76	221.0	YES	YES	HIGH_CONFIDENCE_FUNCTIONAL_ORTHOLOG
MBB3330461.1	EHJ91759.1	74.1	98.0	99.3	5.65e-75	217.0	YES	YES	HIGH_CONFIDENCE_FUNCTIONAL_ORTHOLOG
MBB3330462.1	EHJ91758.1	84.8	95.7	93.5	1.4e-193	532.0	YES	YES	HIGH_CONFIDENCE_FUNCTIONAL_ORTHOLOG
MBB3330463.1	EHJ91757.1	77.1	100.0	99.2	6.0599999999999996e-260	714.0	YES	YES	HIGH_CONFIDENCE_FUNCTIONAL_ORTHOLOG
MBB3330464.1	EHJ91756.1	64.9	91.8	92.8	1.17e-114	328.0	YES	YES	PROBABLE_ORTHOLOG
MBB3330465.1							YES	NO	NO_RELIABLE_ORTHOLOG
MBB3330466.1							YES	NO	NO_RELIABLE_ORTHOLOG
MBB3330467.1							YES	NO	NO_RELIABLE_ORTHOLOG
MBB3330468.1	EHJ91755.1	67.7	84.8	94.9	4.89e-85	246.0	YES	YES	HIGH_CONFIDENCE_FUNCTIONAL_ORTHOLOG
MBB3330469.1	EHJ91754.1	86.8	98.5	100.0	1.27e-87	248.0	YES	YES	VERY_HIGH_CONFIDENCE
MBB3330470.1	EHJ91753.1	80.8	100.0	99.8	1.21e-257	702.0	YES	YES	VERY_HIGH_CONFIDENCE
MBB3330471.1	EHJ91752.1	89.5	99.5	99.0	7.4e-128	354.0	YES	YES	VERY_HIGH_CONFIDENCE
MBB3330472.1	EHJ91751.1	73.2	98.3	98.7	8.07e-238	655.0	YES	YES	HIGH_CONFIDENCE_FUNCTIONAL_ORTHOLOG
MBB3330473.1	EHJ91750.1	73.0	98.1	98.1	1.28e-119	335.0	YES	YES	HIGH_CONFIDENCE_FUNCTIONAL_ORTHOLOG
MBB3330474.1	EHJ91749.1	59.5	77.8	72.0	1.02e-43	139.0	YES	YES	POSSIBLE_ORTHOLOG
MBB3330475.1	EHJ92040.1	55.6	99.1	99.5	1.5100000000000002e-161	459.0	YES	YES	POSSIBLE_ORTHOLOG
MBB3330476.1							YES	NO	NO_RELIABLE_ORTHOLOG
MBB3330477.1	EHJ91748.1	74.4	97.5	94.8	4.44e-116	326.0	YES	YES	HIGH_CONFIDENCE_FUNCTIONAL_ORTHOLOG
MBB3330478.1	EHJ91747.1	51.5	98.6	99.8	0.0	1288.0	YES	YES	POSSIBLE_ORTHOLOG
MBB3330479.1	EHJ91746.1	61.2	95.8	98.3	1.0299999999999999e-282	781.0	YES	YES	HIGH_CONFIDENCE_FUNCTIONAL_ORTHOLOG
MBB3330480.1	EHJ91744.1	36.7	55.1	61.0	5.86e-19	81.6	YES	YES	NO_RELIABLE_ORTHOLOG
MBB3330481.1	EHJ91404.1	42.4	99.5	92.1	1.31e-58	180.0	YES	NO	NO_RELIABLE_ORTHOLOG
MBB3330482.1	EHJ91743.1	70.8	99.3	99.3	1.51e-219	606.0	YES	YES	HIGH_CONFIDENCE_FUNCTIONAL_ORTHOLOG
MBB3330483.1	EHJ91742.1	72.6	91.8	98.6	2.2199999999999998e-147	413.0	YES	YES	HIGH_CONFIDENCE_FUNCTIONAL_ORTHOLOG
MBB3330484.1	EHJ91741.1	72.9	95.0	89.1	1.26e-124	350.0	YES	YES	HIGH_CONFIDENCE_FUNCTIONAL_ORTHOLOG
MBB3330485.1	EHJ91740.1	73.1	93.0	95.5	2.2399999999999998e-111	315.0	YES	YES	HIGH_CONFIDENCE_FUNCTIONAL_ORTHOLOG
MBB3330486.1							YES	NO	NO_RELIABLE_ORTHOLOG
MBB3330487.1	EHJ91739.1	83.3	98.8	99.2	1.4800000000000002e-160	442.0	YES	YES	PROBABLE_ORTHOLOG
MBB3330488.1	EHJ91738.1	70.9	96.3	98.3	1.01e-50	162.0	YES	YES	HIGH_CONFIDENCE_FUNCTIONAL_ORTHOLOG
MBB3330489.1	EHJ91737.1	65.0	96.7	91.2	2.48e-66	198.0	YES	YES	HIGH_CONFIDENCE_FUNCTIONAL_ORTHOLOG
MBB3330490.1	EHJ91736.1	79.9	100.0	100.0	1.27e-148	426.0	YES	YES	HIGH_CONFIDENCE_FUNCTIONAL_ORTHOLOG
MBB3330491.1	EHJ91735.1	70.4	25.1	28.8	3.3800000000000003e-35	129.0	YES	YES	NO_RELIABLE_ORTHOLOG
MBB3330492.1	EHJ91734.1	72.7	89.8	100.0	6.76e-65	191.0	YES	YES	HIGH_CONFIDENCE_FUNCTIONAL_ORTHOLOG
MBB3330493.1	EHJ91733.1	81.7	97.4	97.0	8.12e-128	357.0	YES	YES	HIGH_CONFIDENCE_FUNCTIONAL_ORTHOLOG
MBB3330494.1	EHJ91732.1	62.5	86.3	98.3	1.29e-46	144.0	YES	YES	PROBABLE_ORTHOLOG
MBB3330495.1	EHJ91731.1	84.3	100.0	100.0	1.71e-207	568.0	YES	YES	VERY_HIGH_CONFIDENCE
MBB3330496.1	EHJ91730.1	72.8	100.0	100.0	1.23e-99	284.0	YES	YES	HIGH_CONFIDENCE_FUNCTIONAL_ORTHOLOG
MBB3330497.1	EHJ91729.1	66.9	96.6	83.3	6.280000000000001e-72	213.0	YES	YES	HIGH_CONFIDENCE_FUNCTIONAL_ORTHOLOG
MBB3330498.1	EHJ92633.1	36.2	87.6	93.6	1.27e-34	121.0	YES	NO	NO_RELIABLE_ORTHOLOG
MBB3330499.1	EHJ91728.1	91.5	99.5	99.3	0.0	1084.0	YES	YES	VERY_HIGH_CONFIDENCE
MBB3330500.1	EHJ91727.1	72.7	87.5	77.8	3.02e-39	122.0	YES	YES	PROBABLE_ORTHOLOG
MBB3330501.1	EHJ91725.1	68.0	98.4	97.8	6.58e-144	405.0	YES	YES	HIGH_CONFIDENCE_FUNCTIONAL_ORTHOLOG
MBB3330502.1							YES	NO	NO_RELIABLE_ORTHOLOG
MBB3330503.1							YES	NO	NO_RELIABLE_ORTHOLOG
MBB3330504.1	EHJ91724.1	77.5	78.9	86.6	1.4e-39	123.0	YES	YES	HIGH_CONFIDENCE_FUNCTIONAL_ORTHOLOG
MBB3330505.1							YES	NO	NO_RELIABLE_ORTHOLOG
MBB3330506.1	EHJ91723.1	81.2	92.4	97.7	4.2e-157	438.0	YES	YES	PROBABLE_ORTHOLOG
MBB3330507.1	EHJ91722.1	88.4	97.5	96.2	8.03e-236	642.0	YES	YES	VERY_HIGH_CONFIDENCE
MBB3330508.1	EHJ91721.1	87.9	100.0	100.0	7.44e-198	541.0	YES	YES	PROBABLE_ORTHOLOG
MBB3330509.1	EHJ91720.1	75.8	83.2	99.7	4.81e-226	623.0	YES	YES	PROBABLE_ORTHOLOG
MBB3330510.1	EHJ91719.1	91.6	100.0	100.0	0.0	934.0	YES	YES	VERY_HIGH_CONFIDENCE
MBB3330511.1							YES	NO	NO_RELIABLE_ORTHOLOG
MBB3330512.1	EHJ91718.1	88.1	100.0	100.0	0.0	1159.0	YES	YES	HIGH_CONFIDENCE_FUNCTIONAL_ORTHOLOG
MBB3330513.1	EHJ91717.1	66.9	95.0	98.5	4.17e-67	196.0	YES	YES	PROBABLE_ORTHOLOG
MBB3330514.1	EHJ91716.1	72.3	100.0	100.0	1.55e-31	101.0	YES	YES	PROBABLE_ORTHOLOG
MBB3330515.1	EHJ91715.1	51.1	94.2	97.5	6.959999999999999e-101	297.0	YES	YES	POSSIBLE_ORTHOLOG
MBB3330516.1	EHJ91714.1	67.3	98.8	98.4	2.1500000000000003e-121	343.0	YES	YES	PROBABLE_ORTHOLOG
MBB3330517.1	EHJ91713.1	93.2	100.0	100.0	0.0	1004.0	YES	YES	HIGH_CONFIDENCE_FUNCTIONAL_ORTHOLOG
MBB3330518.1							YES	NO	NO_RELIABLE_ORTHOLOG
MBB3330519.1							YES	NO	NO_RELIABLE_ORTHOLOG
MBB3330520.1							YES	NO	NO_RELIABLE_ORTHOLOG
MBB3330521.1							YES	NO	NO_RELIABLE_ORTHOLOG
MBB3330522.1	EHJ91704.1	79.2	97.6	97.6	2.17e-231	635.0	YES	YES	HIGH_CONFIDENCE_FUNCTIONAL_ORTHOLOG
MBB3330523.1	EHJ91703.1	80.3	98.3	99.4	2.85e-99	281.0	YES	YES	PROBABLE_ORTHOLOG
MBB3330524.1	EHJ91702.1	82.8	99.6	99.6	9.71e-154	425.0	YES	YES	HIGH_CONFIDENCE_FUNCTIONAL_ORTHOLOG
MBB3330525.1	EHJ91701.1	39.2	97.3	95.7	4.04e-20	77.8	YES	YES	NO_RELIABLE_ORTHOLOG
MBB3330526.1	EHJ91647.1	62.6	95.7	97.1	8.67e-117	333.0	YES	YES	HIGH_CONFIDENCE_FUNCTIONAL_ORTHOLOG
MBB3330527.1	EHJ91700.1	62.4	93.4	97.7	6.86e-39	121.0	YES	YES	PROBABLE_ORTHOLOG
MBB3330528.1	EHJ91550.1	65.7	92.6	62.2	3.07e-129	374.0	YES	YES	NO_RELIABLE_ORTHOLOG
MBB3330529.1	EHJ91549.1	48.6	97.2	95.5	1.84e-113	334.0	YES	YES	POSSIBLE_ORTHOLOG
MBB3330530.1	EHJ91699.1	60.4	100.0	100.0	1.05e-119	339.0	YES	YES	HIGH_CONFIDENCE_FUNCTIONAL_ORTHOLOG
MBB3330531.1	EHJ91698.1	94.1	100.0	91.7	8.03e-153	421.0	YES	YES	PROBABLE_ORTHOLOG
MBB3330532.1	EHJ91697.1	88.3	98.2	95.7	1.52e-143	397.0	YES	YES	PROBABLE_ORTHOLOG
MBB3330533.1	EHJ91696.1	74.7	97.3	98.3	3.92e-151	422.0	YES	YES	PROBABLE_ORTHOLOG
MBB3330534.1	EHJ91695.1	67.1	98.6	97.3	1e-142	400.0	YES	YES	PROBABLE_ORTHOLOG
MBB3330535.1	EHJ91694.1	69.7	85.3	100.0	6.08e-122	347.0	YES	YES	PROBABLE_ORTHOLOG
MBB3330536.1	EHJ93985.1	59.1	100.0	100.0	1.35e-166	468.0	YES	YES	POSSIBLE_ORTHOLOG
MBB3330537.1	EHJ93986.1	63.8	100.0	100.0	2.2e-76	223.0	YES	YES	HIGH_CONFIDENCE_FUNCTIONAL_ORTHOLOG
MBB3330538.1							YES	NO	NO_RELIABLE_ORTHOLOG
MBB3330539.1	EHJ91693.1	75.4	100.0	100.0	1.03e-209	576.0	YES	YES	HIGH_CONFIDENCE_FUNCTIONAL_ORTHOLOG
MBB3330540.1	EHJ91692.1	90.0	99.8	99.6	3.69e-297	806.0	YES	YES	PROBABLE_ORTHOLOG
MBB3330541.1	EHJ91691.1	80.0	100.0	100.0	3.0600000000000003e-72	209.0	YES	YES	HIGH_CONFIDENCE_FUNCTIONAL_ORTHOLOG
MBB3330542.1	EHJ91690.1	83.5	99.9	99.9	0.0	1640.0	YES	YES	VERY_HIGH_CONFIDENCE
MBB3330543.1	EHJ91689.1	77.1	96.1	97.0	4.0100000000000005e-164	455.0	YES	YES	PROBABLE_ORTHOLOG
MBB3330544.1	EHJ91688.1	84.2	99.1	97.8	2.1599999999999998e-287	780.0	YES	YES	VERY_HIGH_CONFIDENCE
MBB3330545.1	EHJ91849.1	60.5	93.4	91.2	1.9499999999999998e-42	133.0	YES	YES	PROBABLE_ORTHOLOG
MBB3330546.1	EHJ91850.1	74.8	99.3	98.1	7.020000000000001e-80	230.0	YES	YES	PROBABLE_ORTHOLOG
MBB3330547.1	EHJ91851.1	86.6	97.1	95.7	5.97e-40	122.0	YES	YES	HIGH_CONFIDENCE_FUNCTIONAL_ORTHOLOG
MBB3330548.1	EHJ91852.1	93.9	98.0	99.0	4.66e-62	181.0	YES	YES	HIGH_CONFIDENCE_FUNCTIONAL_ORTHOLOG
MBB3330549.1	EHJ91853.1	75.1	99.9	99.9	0.0	1196.0	YES	YES	HIGH_CONFIDENCE_FUNCTIONAL_ORTHOLOG
MBB3330550.1	EHJ91854.1	90.3	100.0	100.0	8.389999999999999e-228	619.0	YES	YES	VERY_HIGH_CONFIDENCE
MBB3330551.1	EHJ91855.1	94.0	100.0	100.0	1.6600000000000002e-70	203.0	YES	YES	HIGH_CONFIDENCE_FUNCTIONAL_ORTHOLOG
MBB3330552.1	EHJ91856.1	92.2	100.0	100.0	7.72e-36	112.0	YES	YES	HIGH_CONFIDENCE_FUNCTIONAL_ORTHOLOG
MBB3330553.1	EHJ91857.1	89.6	100.0	100.0	3.96e-100	282.0	YES	YES	HIGH_CONFIDENCE_FUNCTIONAL_ORTHOLOG
MBB3330554.1	EHJ91858.1	76.7	99.7	98.4	0.0	1021.0	YES	YES	HIGH_CONFIDENCE_FUNCTIONAL_ORTHOLOG
MBB3330555.1	EHJ91859.1	45.6	98.6	98.6	1.47e-51	165.0	YES	YES	POSSIBLE_ORTHOLOG
MBB3330556.1	EHJ91860.1	55.5	100.0	100.0	9.24e-51	156.0	YES	YES	POSSIBLE_ORTHOLOG
MBB3330557.1	EHJ94932.1	45.4	92.0	93.5	1.34e-58	184.0	YES	YES	POSSIBLE_ORTHOLOG
MBB3330558.1	EHJ92665.1	44.1	98.1	88.7	1.4499999999999999e-131	389.0	YES	YES	POSSIBLE_ORTHOLOG
MBB3330559.1	EHJ91861.1	73.7	92.6	96.3	3.45e-157	438.0	YES	YES	HIGH_CONFIDENCE_FUNCTIONAL_ORTHOLOG
MBB3330560.1	EHJ91862.1	69.0	90.2	94.0	3.18e-154	435.0	YES	YES	PROBABLE_ORTHOLOG
MBB3330561.1	EHJ91863.1	51.2	90.1	96.4	2.16e-59	180.0	YES	YES	POSSIBLE_ORTHOLOG
MBB3330562.1	EHJ91864.1	62.3	55.1	90.2	2.41e-58	179.0	YES	YES	NO_RELIABLE_ORTHOLOG
MBB3330563.1	EHJ91865.1	62.3	95.3	96.8	7.55e-18	66.6	YES	YES	HIGH_CONFIDENCE_FUNCTIONAL_ORTHOLOG
MBB3330564.1	EHJ91866.1	74.1	93.0	99.6	2.41e-150	418.0	YES	YES	HIGH_CONFIDENCE_FUNCTIONAL_ORTHOLOG
MBB3330565.1	EHJ91867.1	70.9	86.4	81.5	2e-90	261.0	YES	YES	HIGH_CONFIDENCE_FUNCTIONAL_ORTHOLOG
MBB3330566.1	EHJ91868.1	89.7	100.0	100.0	0.0	978.0	YES	YES	VERY_HIGH_CONFIDENCE
MBB3330567.1	EHJ91869.1	83.7	90.6	99.7	3.7399999999999997e-221	604.0	YES	YES	VERY_HIGH_CONFIDENCE
MBB3330568.1	EHJ91870.1	52.6	100.0	100.0	1.35e-15	60.5	YES	YES	POSSIBLE_ORTHOLOG
MBB3330569.1	EHJ91792.1	33.7	85.5	75.4	4.72e-18	71.2	YES	YES	NO_RELIABLE_ORTHOLOG
MBB3330570.1	EHJ94198.1	41.1	93.4	97.5	2.2e-43	144.0	YES	NO	NO_RELIABLE_ORTHOLOG
MBB3330571.1	EHJ94197.1	35.5	92.4	94.0	5.24e-14	60.5	YES	NO	NO_RELIABLE_ORTHOLOG
MBB3330572.1	EHJ92842.1	42.6	90.6	72.4	5.269999999999999e-128	386.0	YES	NO	NO_RELIABLE_ORTHOLOG
MBB3330573.1	EHJ92008.1	38.9	84.6	90.9	1.1299999999999999e-41	137.0	YES	NO	NO_RELIABLE_ORTHOLOG
MBB3330574.1							YES	NO	NO_RELIABLE_ORTHOLOG
MBB3330575.1	EHJ94947.1	85.1	98.2	98.5	4.450000000000001e-210	575.0	YES	YES	VERY_HIGH_CONFIDENCE
MBB3330576.1	EHJ93049.1	77.9	96.5	92.0	5.56e-219	603.0	YES	YES	PROBABLE_ORTHOLOG
MBB3330577.1	EHJ93048.1	81.3	96.4	100.0	0.0	884.0	YES	YES	FUNCTION_CONFLICT
MBB3330578.1	EHJ93047.1	85.9	99.3	99.6	0.0	1569.0	YES	YES	VERY_HIGH_CONFIDENCE
MBB3330579.1	EHJ92364.1	49.3	100.0	100.0	2.88e-22	78.2	YES	YES	POSSIBLE_ORTHOLOG
MBB3330580.1	EHJ93046.1	85.6	98.7	98.4	5.1399999999999996e-197	540.0	YES	YES	VERY_HIGH_CONFIDENCE
MBB3330581.1	EHJ93793.1	51.2	100.0	100.0	5.04e-19	70.9	YES	YES	POSSIBLE_ORTHOLOG
MBB3330582.1	EHJ93792.1	57.1	99.4	99.4	1.4500000000000002e-56	172.0	YES	YES	POSSIBLE_ORTHOLOG
MBB3330583.1	EHJ93791.1	68.5	93.2	96.1	3.37e-63	186.0	YES	YES	PROBABLE_ORTHOLOG
MBB3330584.1	EHJ93790.1	82.8	96.9	99.0	4.1399999999999996e-238	649.0	YES	YES	VERY_HIGH_CONFIDENCE
MBB3330585.1	EHJ93789.1	89.4	100.0	100.0	7.85e-218	594.0	YES	YES	VERY_HIGH_CONFIDENCE
MBB3330586.1	EHJ93788.1	71.3	100.0	100.0	6.74e-55	164.0	YES	YES	PROBABLE_ORTHOLOG
MBB3330587.1	EHJ93787.1	81.1	99.5	99.7	5.83e-242	660.0	YES	YES	PROBABLE_ORTHOLOG
MBB3330588.1	EHJ93786.1	82.3	99.8	100.0	0.0	1504.0	YES	YES	VERY_HIGH_CONFIDENCE
MBB3330589.1	EHJ93785.1	83.9	99.2	99.2	1.3199999999999999e-170	468.0	YES	YES	VERY_HIGH_CONFIDENCE
MBB3330590.1	EHJ93784.1	89.4	100.0	97.6	2.96e-157	433.0	YES	YES	HIGH_CONFIDENCE_FUNCTIONAL_ORTHOLOG
MBB3330591.1	EHJ93783.1	89.6	99.7	99.7	7.06e-172	474.0	YES	YES	HIGH_CONFIDENCE_FUNCTIONAL_ORTHOLOG
MBB3330592.1	EHJ93782.1	93.2	91.2	92.2	6.92e-157	433.0	YES	YES	VERY_HIGH_CONFIDENCE
MBB3330593.1	EHJ93781.1	83.2	100.0	100.0	5.98e-108	303.0	YES	YES	HIGH_CONFIDENCE_FUNCTIONAL_ORTHOLOG
MBB3330594.1	EHJ93780.1	74.5	88.5	100.0	1.41e-120	340.0	YES	YES	PROBABLE_ORTHOLOG
MBB3330595.1	EHJ93779.1	74.8	100.0	96.4	1.31e-137	385.0	YES	YES	HIGH_CONFIDENCE_FUNCTIONAL_ORTHOLOG
MBB3330596.1	EHJ93778.1	78.5	95.8	98.0	2.38e-201	557.0	YES	YES	HIGH_CONFIDENCE_FUNCTIONAL_ORTHOLOG
MBB3330597.1	EHJ93777.1	77.9	100.0	100.0	1.02e-262	717.0	YES	YES	HIGH_CONFIDENCE_FUNCTIONAL_ORTHOLOG
MBB3330598.1	EHJ93776.1	78.9	99.1	100.0	0.0	1239.0	YES	YES	HIGH_CONFIDENCE_FUNCTIONAL_ORTHOLOG
MBB3330599.1	EHJ93775.1	49.4	92.5	97.5	1.37e-37	123.0	YES	YES	POSSIBLE_ORTHOLOG
MBB3330600.1	EHJ93774.1	69.8	95.9	95.9	2.14e-115	335.0	YES	YES	HIGH_CONFIDENCE_FUNCTIONAL_ORTHOLOG
MBB3330601.1	EHJ93773.1	91.2	100.0	100.0	5.92e-101	283.0	YES	YES	VERY_HIGH_CONFIDENCE
MBB3330602.1	EHJ93772.1	83.9	100.0	100.0	7.41e-120	339.0	YES	YES	VERY_HIGH_CONFIDENCE
MBB3330603.1	EHJ93771.1	77.3	93.8	99.2	1.05e-202	560.0	YES	YES	HIGH_CONFIDENCE_FUNCTIONAL_ORTHOLOG
MBB3330604.1	EHJ93770.1	80.9	95.7	92.6	5.1299999999999995e-108	306.0	YES	YES	VERY_HIGH_CONFIDENCE
MBB3330605.1	EHJ93769.1	85.8	100.0	100.0	0.0	2027.0	YES	YES	VERY_HIGH_CONFIDENCE
MBB3330606.1	EHJ93768.1	89.9	100.0	96.6	5.2e-209	570.0	YES	YES	VERY_HIGH_CONFIDENCE
MBB3330607.1	EHJ93767.1	53.3	95.6	94.0	9.040000000000001e-133	386.0	YES	YES	POSSIBLE_ORTHOLOG
MBB3330608.1	EHJ93766.1	74.0	95.5	95.4	3.9999999999999996e-250	691.0	YES	YES	HIGH_CONFIDENCE_FUNCTIONAL_ORTHOLOG
MBB3330609.1	EHJ93764.1	97.1	100.0	97.6	1.9500000000000001e-289	781.0	YES	YES	VERY_HIGH_CONFIDENCE
MBB3330610.1	EHJ93763.1	90.0	99.2	97.8	0.0	922.0	YES	YES	VERY_HIGH_CONFIDENCE
MBB3330611.1	EHJ93762.1	69.0	91.9	99.2	6.8e-116	329.0	YES	YES	PROBABLE_ORTHOLOG
MBB3330612.1	EHJ94463.1	33.7	99.6	95.2	3.88e-28	104.0	YES	YES	NO_RELIABLE_ORTHOLOG
MBB3330613.1	EHJ93761.1	81.0	100.0	100.0	9.52e-21	72.4	YES	YES	PROBABLE_ORTHOLOG
MBB3330614.1							YES	NO	NO_RELIABLE_ORTHOLOG
MBB3330615.1							YES	NO	NO_RELIABLE_ORTHOLOG
MBB3330616.1	EHJ93759.1	73.3	92.7	90.4	1.16e-173	484.0	YES	YES	HIGH_CONFIDENCE_FUNCTIONAL_ORTHOLOG
MBB3330617.1	EHJ93758.1	69.2	99.4	97.1	2.5099999999999997e-82	238.0	YES	YES	HIGH_CONFIDENCE_FUNCTIONAL_ORTHOLOG
MBB3330618.1							YES	NO	NO_RELIABLE_ORTHOLOG
MBB3330619.1							YES	NO	NO_RELIABLE_ORTHOLOG
MBB3330620.1							YES	NO	NO_RELIABLE_ORTHOLOG
MBB3330621.1							YES	NO	NO_RELIABLE_ORTHOLOG
MBB3330622.1							YES	NO	NO_RELIABLE_ORTHOLOG
MBB3330623.1							YES	NO	NO_RELIABLE_ORTHOLOG
MBB3330624.1							YES	NO	NO_RELIABLE_ORTHOLOG
MBB3330625.1	EHJ91642.1	34.3	85.8	83.9	1.0299999999999999e-55	186.0	YES	NO	NO_RELIABLE_ORTHOLOG
MBB3330626.1	EHJ91643.1	42.6	77.8	67.5	3.48e-96	300.0	YES	NO	NO_RELIABLE_ORTHOLOG
MBB3330627.1	EHJ93581.1	30.8	42.7	40.3	2.5599999999999998e-23	101.0	YES	NO	NO_RELIABLE_ORTHOLOG
MBB3330628.1							YES	NO	NO_RELIABLE_ORTHOLOG
MBB3330629.1							YES	NO	NO_RELIABLE_ORTHOLOG
MBB3330630.1	EHJ94661.1	65.1	100.0	100.0	0.0	959.0	YES	YES	HIGH_CONFIDENCE_FUNCTIONAL_ORTHOLOG
MBB3330631.1	EHJ92956.1	78.7	97.6	99.2	0.0	1140.0	YES	YES	HIGH_CONFIDENCE_FUNCTIONAL_ORTHOLOG
MBB3330632.1	EHJ92955.1	86.3	95.5	99.1	4.7499999999999996e-197	541.0	YES	YES	VERY_HIGH_CONFIDENCE
MBB3330633.1	EHJ92954.1	80.9	100.0	98.7	2.3600000000000001e-125	350.0	YES	YES	HIGH_CONFIDENCE_FUNCTIONAL_ORTHOLOG
MBB3330634.1	EHJ92953.1	87.5	96.1	94.3	1.97e-149	414.0	YES	YES	HIGH_CONFIDENCE_FUNCTIONAL_ORTHOLOG
MBB3330635.1	EHJ92952.1	73.3	57.0	52.8	9.97e-36	118.0	YES	YES	NO_RELIABLE_ORTHOLOG
MBB3330636.1	EHJ92951.1	76.5	90.6	88.0	2.3199999999999997e-34	110.0	YES	YES	HIGH_CONFIDENCE_FUNCTIONAL_ORTHOLOG
MBB3330637.1	EHJ92950.1	82.4	97.3	87.1	2.29e-61	180.0	YES	YES	HIGH_CONFIDENCE_FUNCTIONAL_ORTHOLOG
MBB3330638.1	EHJ92949.1	78.8	96.7	100.0	3.12e-298	814.0	YES	YES	PROBABLE_ORTHOLOG
MBB3330639.1	EHJ92948.1	71.6	90.0	87.2	1.72e-91	264.0	YES	YES	HIGH_CONFIDENCE_FUNCTIONAL_ORTHOLOG
MBB3330640.1	EHJ92947.1	87.6	98.0	99.6	1.37e-158	437.0	YES	YES	VERY_HIGH_CONFIDENCE
MBB3330641.1	EHJ92946.1	71.7	100.0	100.0	7.46e-65	190.0	YES	YES	HIGH_CONFIDENCE_FUNCTIONAL_ORTHOLOG
MBB3330642.1	EHJ92945.1	88.4	100.0	100.0	1.7900000000000002e-273	743.0	YES	YES	HIGH_CONFIDENCE_FUNCTIONAL_ORTHOLOG
MBB3330643.1	EHJ92944.1	91.9	100.0	97.2	3.13e-107	301.0	YES	YES	VERY_HIGH_CONFIDENCE
MBB3330644.1	EHJ92943.1	57.0	83.7	100.0	1.18e-62	192.0	YES	YES	POSSIBLE_ORTHOLOG
MBB3330645.1	EHJ92942.1	83.6	100.0	100.0	0.0	954.0	YES	YES	VERY_HIGH_CONFIDENCE
MBB3330646.1	EHJ92941.1	72.1	95.8	94.7	0.0	1004.0	YES	YES	HIGH_CONFIDENCE_FUNCTIONAL_ORTHOLOG
MBB3330647.1	EHJ92940.1	92.1	53.5	100.0	5.31e-23	79.3	YES	YES	NO_RELIABLE_ORTHOLOG
MBB3330648.1	EHJ92939.1	85.3	99.8	99.8	3.87e-266	723.0	YES	YES	VERY_HIGH_CONFIDENCE
MBB3330649.1	EHJ94471.1	62.8	93.6	94.4	3.9400000000000003e-100	289.0	YES	YES	PROBABLE_ORTHOLOG
MBB3330650.1	EHJ93586.1	76.6	98.9	99.9	0.0	1279.0	YES	YES	HIGH_CONFIDENCE_FUNCTIONAL_ORTHOLOG
MBB3330651.1	EHJ93585.1	69.4	98.3	99.2	1.9400000000000002e-169	473.0	YES	YES	HIGH_CONFIDENCE_FUNCTIONAL_ORTHOLOG
MBB3330652.1	EHJ93584.1	33.7	93.9	98.4	4.19e-26	96.3	YES	YES	NO_RELIABLE_ORTHOLOG
MBB3330653.1	EHJ93583.1	53.4	97.1	94.1	9.609999999999999e-76	224.0	YES	YES	POSSIBLE_ORTHOLOG
MBB3330654.1	EHJ93582.1	44.0	93.2	88.2	3.23e-35	119.0	YES	YES	POSSIBLE_ORTHOLOG
MBB3330655.1	EHJ93581.1	59.4	97.4	97.9	3.7500000000000005e-257	722.0	YES	YES	POSSIBLE_ORTHOLOG
MBB3330656.1	EHJ93580.1	79.1	98.3	92.2	3.89e-95	271.0	YES	YES	HIGH_CONFIDENCE_FUNCTIONAL_ORTHOLOG
MBB3330657.1	EHJ93579.1	73.0	99.7	99.7	1.2699999999999999e-188	523.0	YES	YES	HIGH_CONFIDENCE_FUNCTIONAL_ORTHOLOG
MBB3330658.1	EHJ93577.1	87.0	100.0	100.0	0.0	2581.0	YES	YES	VERY_HIGH_CONFIDENCE
MBB3330659.1	EHJ93576.1	87.5	100.0	100.0	0.0	866.0	YES	YES	VERY_HIGH_CONFIDENCE
MBB3330660.1	EHJ93575.1	91.2	98.9	100.0	0.0	1001.0	YES	YES	VERY_HIGH_CONFIDENCE
MBB3330661.1	EHJ93574.1	82.4	96.9	95.9	1.64e-168	465.0	YES	YES	VERY_HIGH_CONFIDENCE
MBB3330662.1	EHJ93573.1	91.4	100.0	100.0	3.72e-279	757.0	YES	YES	VERY_HIGH_CONFIDENCE
MBB3330663.1	EHJ93572.1	93.5	100.0	100.0	7.67e-78	221.0	YES	YES	HIGH_CONFIDENCE_FUNCTIONAL_ORTHOLOG
MBB3330664.1							YES	NO	NO_RELIABLE_ORTHOLOG
MBB3330665.1	EHJ93571.1	77.4	98.7	100.0	0.0	1276.0	YES	YES	HIGH_CONFIDENCE_FUNCTIONAL_ORTHOLOG
MBB3330666.1	EHJ93570.1	72.0	96.5	92.1	1.9200000000000002e-73	215.0	YES	YES	PROBABLE_ORTHOLOG
MBB3330667.1	EHJ93569.1	89.0	100.0	99.7	9.150000000000001e-224	610.0	YES	YES	HIGH_CONFIDENCE_FUNCTIONAL_ORTHOLOG
MBB3330668.1	EHJ93568.1	62.9	90.4	95.5	4.15e-57	173.0	YES	YES	HIGH_CONFIDENCE_FUNCTIONAL_ORTHOLOG
MBB3330669.1	EHJ93567.1	84.0	100.0	100.0	0.0	1442.0	YES	YES	VERY_HIGH_CONFIDENCE
MBB3330670.1	EHJ93566.1	89.4	100.0	100.0	1.5799999999999999e-264	719.0	YES	YES	VERY_HIGH_CONFIDENCE
MBB3330671.1	EHJ93565.1	93.1	89.2	93.5	5e-32	102.0	YES	YES	HIGH_CONFIDENCE_FUNCTIONAL_ORTHOLOG
MBB3330672.1	EHJ93564.1	75.8	96.8	98.2	9.61e-178	493.0	YES	YES	HIGH_CONFIDENCE_FUNCTIONAL_ORTHOLOG
MBB3330673.1	EHJ93563.1	37.6	100.0	100.0	8.84e-11	50.1	YES	YES	NO_RELIABLE_ORTHOLOG
MBB3330674.1	EHJ93562.1	82.3	96.1	96.0	0.0	929.0	YES	YES	HIGH_CONFIDENCE_FUNCTIONAL_ORTHOLOG
MBB3330675.1	EHJ93561.1	88.2	100.0	100.0	1.49e-265	723.0	YES	YES	VERY_HIGH_CONFIDENCE
MBB3330676.1	EHJ93358.1	79.6	100.0	100.0	0.0	895.0	YES	YES	PROBABLE_ORTHOLOG
MBB3330677.1	EHJ93357.1	89.9	98.0	99.2	1.0300000000000001e-303	825.0	YES	YES	PROBABLE_ORTHOLOG
MBB3330678.1	EHJ93356.1	65.4	100.0	100.0	2.55e-65	193.0	YES	YES	PROBABLE_ORTHOLOG
MBB3330679.1	EHJ93355.1	89.9	94.4	100.0	1.62e-204	558.0	YES	YES	PROBABLE_ORTHOLOG
MBB3330680.1	EHJ93354.1	77.9	82.4	100.0	7.37e-77	223.0	YES	YES	PROBABLE_ORTHOLOG
MBB3330681.1	EHJ93353.1	69.8	90.5	91.0	6.27e-75	220.0	YES	YES	HIGH_CONFIDENCE_FUNCTIONAL_ORTHOLOG
MBB3330682.1	EHJ93352.1	75.4	88.4	96.5	5.860000000000001e-103	293.0	YES	YES	PROBABLE_ORTHOLOG
MBB3330683.1	EHJ93560.1	63.4	100.0	98.6	4.4e-95	273.0	YES	YES	PROBABLE_ORTHOLOG
MBB3330684.1	EHJ93559.1	54.4	55.9	81.1	1.6e-28	99.0	YES	YES	NO_RELIABLE_ORTHOLOG
MBB3330685.1	EHJ93558.1	77.1	96.3	100.0	1.98e-111	315.0	YES	YES	PROBABLE_ORTHOLOG
MBB3330686.1	EHJ93557.1	89.5	83.3	79.4	9.520000000000001e-109	310.0	YES	YES	HIGH_CONFIDENCE_FUNCTIONAL_ORTHOLOG
MBB3330687.1	EHJ93556.1	86.5	99.6	98.0	3.5800000000000003e-156	431.0	YES	YES	HIGH_CONFIDENCE_FUNCTIONAL_ORTHOLOG
MBB3330688.1	EHJ93555.1	72.7	69.6	87.3	2.6999999999999997e-24	83.6	YES	YES	NO_RELIABLE_ORTHOLOG
MBB3330689.1	EHJ93554.1	84.3	89.8	94.1	4.1199999999999996e-91	260.0	YES	YES	HIGH_CONFIDENCE_FUNCTIONAL_ORTHOLOG
MBB3330690.1	EHJ93553.1	81.7	98.7	99.1	0.0	1107.0	YES	YES	HIGH_CONFIDENCE_FUNCTIONAL_ORTHOLOG
MBB3330691.1	EHJ93552.1	68.9	100.0	100.0	1.02e-90	259.0	YES	YES	PROBABLE_ORTHOLOG
MBB3330692.1	EHJ93551.1	70.5	99.4	99.4	9.250000000000001e-73	212.0	YES	YES	HIGH_CONFIDENCE_FUNCTIONAL_ORTHOLOG
MBB3330693.1	EHJ93550.1	69.7	100.0	100.0	8.5e-194	540.0	YES	YES	PROBABLE_ORTHOLOG
MBB3330694.1	EHJ93549.1	58.5	99.9	100.0	0.0	971.0	YES	YES	POSSIBLE_ORTHOLOG
MBB3330695.1	EHJ93548.1	45.1	99.3	99.2	2.0500000000000001e-125	378.0	YES	YES	POSSIBLE_ORTHOLOG
MBB3330696.1	EHJ93547.1	75.9	98.4	99.7	0.0	991.0	YES	YES	HIGH_CONFIDENCE_FUNCTIONAL_ORTHOLOG
MBB3330697.1	EHJ93546.1	77.8	100.0	93.8	2.9099999999999996e-48	145.0	YES	YES	HIGH_CONFIDENCE_FUNCTIONAL_ORTHOLOG
MBB3330698.1	EHJ93545.1	62.4	98.0	99.6	2.46e-288	801.0	YES	YES	HIGH_CONFIDENCE_FUNCTIONAL_ORTHOLOG
MBB3330699.1	EHJ93544.1	83.8	100.0	100.0	3.54e-59	173.0	YES	YES	HIGH_CONFIDENCE_FUNCTIONAL_ORTHOLOG
MBB3330700.1	EHJ93543.1	68.2	98.4	97.4	2.93e-143	403.0	YES	YES	PROBABLE_ORTHOLOG
MBB3330701.1	EHJ93542.1	87.3	99.0	99.0	1.1599999999999998e-134	373.0	YES	YES	PROBABLE_ORTHOLOG
MBB3330702.1	EHJ93540.1	73.6	95.4	92.9	1.24e-143	404.0	YES	YES	PROBABLE_ORTHOLOG
MBB3330703.1	EHJ93539.1	53.3	96.5	95.3	3.1e-77	234.0	YES	YES	POSSIBLE_ORTHOLOG
MBB3330704.1	EHJ93538.1	83.2	100.0	100.0	3.08e-137	381.0	YES	YES	HIGH_CONFIDENCE_FUNCTIONAL_ORTHOLOG
MBB3330705.1	EHJ93537.1	88.1	100.0	99.8	1.55e-260	709.0	YES	YES	HIGH_CONFIDENCE_FUNCTIONAL_ORTHOLOG
MBB3330706.1	EHJ93536.1	81.4	68.9	99.3	5.07e-171	478.0	YES	YES	NO_RELIABLE_ORTHOLOG
MBB3330707.1							YES	NO	NO_RELIABLE_ORTHOLOG
MBB3330708.1	EHJ93486.1	32.8	46.3	45.8	3.79e-26	108.0	YES	NO	NO_RELIABLE_ORTHOLOG
MBB3330709.1							YES	NO	NO_RELIABLE_ORTHOLOG
MBB3330710.1	EHJ94182.1	40.2	92.0	97.2	6.86e-101	307.0	YES	NO	PARALOG_AMBIGUOUS
MBB3330711.1	EHJ92793.1	83.3	99.1	99.5	8.33e-135	374.0	YES	YES	VERY_HIGH_CONFIDENCE
MBB3330712.1	EHJ93525.1	67.8	94.0	97.8	1.15e-193	543.0	YES	YES	HIGH_CONFIDENCE_FUNCTIONAL_ORTHOLOG
MBB3330713.1	EHJ93336.1	60.9	60.1	76.9	7.69e-47	147.0	YES	YES	NO_RELIABLE_ORTHOLOG
MBB3330714.1	EHJ93524.1	88.5	99.6	96.3	2.7799999999999997e-300	815.0	YES	YES	VERY_HIGH_CONFIDENCE
MBB3330715.1	EHJ93523.1	89.7	100.0	100.0	0.0	954.0	YES	YES	VERY_HIGH_CONFIDENCE
MBB3330716.1	EHJ93500.1	74.3	98.4	98.4	9.48e-115	326.0	YES	YES	PROBABLE_ORTHOLOG
MBB3330717.1							YES	NO	NO_RELIABLE_ORTHOLOG
MBB3330718.1							YES	NO	NO_RELIABLE_ORTHOLOG
MBB3330719.1	EHJ94533.1	37.8	98.5	46.9	1.74e-36	129.0	YES	NO	NO_RELIABLE_ORTHOLOG
MBB3330720.1							YES	NO	NO_RELIABLE_ORTHOLOG
MBB3330721.1	EHJ92799.1	25.5	49.6	63.9	2.91e-19	88.2	YES	NO	NO_RELIABLE_ORTHOLOG
MBB3330722.1	EHJ91665.1	30.5	25.0	30.3	8.31e-08	50.1	YES	NO	NO_RELIABLE_ORTHOLOG
MBB3330723.1							YES	NO	NO_RELIABLE_ORTHOLOG
MBB3330724.1							YES	NO	NO_RELIABLE_ORTHOLOG
MBB3330725.1							YES	NO	NO_RELIABLE_ORTHOLOG
MBB3330726.1							YES	NO	NO_RELIABLE_ORTHOLOG
MBB3330727.1	EHJ91450.1	24.9	70.0	52.5	2.6e-09	55.8	YES	NO	NO_RELIABLE_ORTHOLOG
MBB3330728.1	EHJ94568.1	69.1	100.0	99.3	3.36e-194	540.0	YES	YES	HIGH_CONFIDENCE_FUNCTIONAL_ORTHOLOG
MBB3330729.1							YES	NO	NO_RELIABLE_ORTHOLOG
MBB3330730.1	EHJ93247.1	42.1	54.8	99.3	3.31e-59	194.0	YES	NO	NO_RELIABLE_ORTHOLOG
MBB3330731.1	EHJ93246.1	34.1	98.9	94.1	2.3800000000000004e-43	145.0	YES	NO	NO_RELIABLE_ORTHOLOG
MBB3330732.1	EHJ93246.1	41.1	98.8	94.1	7e-54	172.0	YES	NO	NO_RELIABLE_ORTHOLOG
MBB3330733.1	EHJ94704.1	27.5	49.1	53.2	5.16e-10	58.5	YES	NO	NO_RELIABLE_ORTHOLOG
MBB3330734.1	EHJ92880.1	37.1	77.9	91.4	6.51e-16	69.3	YES	NO	NO_RELIABLE_ORTHOLOG
MBB3330735.1							YES	NO	NO_RELIABLE_ORTHOLOG
MBB3330736.1							YES	NO	NO_RELIABLE_ORTHOLOG
MBB3330737.1	EHJ94460.1	77.9	97.1	99.6	3.36e-143	400.0	YES	YES	HIGH_CONFIDENCE_FUNCTIONAL_ORTHOLOG
MBB3330738.1	EHJ94459.1	77.7	97.7	95.5	1.91e-136	382.0	YES	YES	HIGH_CONFIDENCE_FUNCTIONAL_ORTHOLOG
MBB3330739.1	EHJ94456.1	88.4	99.5	97.6	6.38e-266	723.0	YES	YES	VERY_HIGH_CONFIDENCE
MBB3330740.1	EHJ94455.1	70.6	70.1	70.8	2.9400000000000004e-27	92.8	YES	YES	HIGH_CONFIDENCE_FUNCTIONAL_ORTHOLOG
MBB3330741.1	EHJ94454.1	79.3	95.2	94.3	4.07e-144	404.0	YES	YES	PROBABLE_ORTHOLOG
MBB3330742.1	EHJ94453.1	81.9	100.0	99.7	0.0	1038.0	YES	YES	VERY_HIGH_CONFIDENCE
MBB3330743.1	EHJ94449.1	77.1	94.2	89.0	1.04e-118	334.0	YES	YES	HIGH_CONFIDENCE_FUNCTIONAL_ORTHOLOG
MBB3330744.1	EHJ94448.1	91.0	99.5	99.5	1.08e-141	391.0	YES	YES	VERY_HIGH_CONFIDENCE
MBB3330745.1	EHJ94447.1	90.7	98.6	95.1	3.9899999999999995e-241	655.0	YES	YES	VERY_HIGH_CONFIDENCE
MBB3330746.1							YES	NO	NO_RELIABLE_ORTHOLOG
MBB3330747.1	EHJ94445.1	81.5	100.0	100.0	2.43e-205	563.0	YES	YES	PROBABLE_ORTHOLOG
MBB3330748.1	EHJ94444.1	85.7	56.3	100.0	1.1700000000000002e-132	376.0	YES	YES	NO_RELIABLE_ORTHOLOG
MBB3330749.1	EHJ94443.1	79.7	99.7	99.7	2.64e-217	595.0	YES	YES	PROBABLE_ORTHOLOG
MBB3330750.1	EHJ94442.1	91.3	94.2	92.0	9.11e-165	453.0	YES	YES	PROBABLE_ORTHOLOG
MBB3330751.1							YES	NO	NO_RELIABLE_ORTHOLOG
MBB3330752.1	EHJ94434.1	74.6	100.0	100.0	1.46e-69	203.0	YES	YES	PROBABLE_ORTHOLOG
MBB3330753.1	EHJ94428.1	85.6	61.0	94.9	1.33e-108	311.0	YES	YES	NO_RELIABLE_ORTHOLOG
MBB3330754.1	EHJ94427.1	93.4	100.0	100.0	6.449999999999999e-180	491.0	YES	YES	VERY_HIGH_CONFIDENCE
MBB3330755.1	EHJ94426.1	96.4	100.0	100.0	1.77e-74	213.0	YES	YES	PROBABLE_ORTHOLOG
MBB3330756.1	EHJ94424.1	87.5	99.8	100.0	5.0799999999999995e-263	715.0	YES	YES	HIGH_CONFIDENCE_FUNCTIONAL_ORTHOLOG
MBB3330757.1	EHJ94423.1	98.2	100.0	100.0	1.3e-76	218.0	YES	YES	PROBABLE_ORTHOLOG
MBB3330758.1	EHJ94421.1	79.1	77.8	79.1	3.3999999999999996e-42	132.0	YES	YES	HIGH_CONFIDENCE_FUNCTIONAL_ORTHOLOG
MBB3330759.1	EHJ94417.1	79.8	100.0	99.8	6.6099999999999995e-279	762.0	YES	YES	PROBABLE_ORTHOLOG
MBB3330760.1							YES	NO	NO_RELIABLE_ORTHOLOG
MBB3330761.1	EHJ94416.1	70.1	88.7	89.3	1.5100000000000002e-164	458.0	YES	YES	PROBABLE_ORTHOLOG
MBB3330762.1	EHJ94415.1	84.7	100.0	100.0	0.0	1264.0	YES	YES	VERY_HIGH_CONFIDENCE
MBB3330763.1	EHJ94414.1	73.0	99.3	96.5	5.41e-66	194.0	YES	YES	PROBABLE_ORTHOLOG
MBB3330764.1	EHJ94412.1	59.5	97.6	93.0	4.79e-42	132.0	YES	YES	POSSIBLE_ORTHOLOG
MBB3330765.1	EHJ94411.1	71.4	100.0	97.1	1.4e-29	96.7	YES	YES	HIGH_CONFIDENCE_FUNCTIONAL_ORTHOLOG
MBB3330766.1	EHJ94410.1	86.1	97.7	96.3	8.61e-162	446.0	YES	YES	VERY_HIGH_CONFIDENCE
MBB3330767.1	EHJ94409.1	87.8	96.4	93.3	9.830000000000001e-160	440.0	YES	YES	VERY_HIGH_CONFIDENCE
MBB3330768.1	EHJ94400.1	78.5	98.7	99.3	4.37e-153	427.0	YES	YES	HIGH_CONFIDENCE_FUNCTIONAL_ORTHOLOG
MBB3330769.1	EHJ94399.1	51.3	90.6	77.4	8.17e-53	164.0	YES	YES	POSSIBLE_ORTHOLOG
MBB3330770.1	EHJ94398.1	62.6	100.0	99.0	5.58e-93	266.0	YES	YES	PROBABLE_ORTHOLOG
MBB3330771.1	EHJ94397.1	59.8	91.9	89.1	3.69e-139	396.0	YES	YES	POSSIBLE_ORTHOLOG
MBB3330772.1	EHJ94396.1	66.2	98.7	99.6	6.25e-98	281.0	YES	YES	HIGH_CONFIDENCE_FUNCTIONAL_ORTHOLOG
MBB3330773.1	EHJ94395.1	85.0	100.0	100.0	1.55e-87	249.0	YES	YES	PROBABLE_ORTHOLOG
MBB3330774.1	EHJ94394.1	87.4	98.1	99.1	2.26e-257	701.0	YES	YES	HIGH_CONFIDENCE_FUNCTIONAL_ORTHOLOG
MBB3330775.1	EHJ94393.1	73.7	97.4	93.6	2.16e-96	275.0	YES	YES	HIGH_CONFIDENCE_FUNCTIONAL_ORTHOLOG
MBB3330776.1	EHJ94392.1	82.4	97.3	99.1	1.06e-196	540.0	YES	YES	PROBABLE_ORTHOLOG
MBB3330777.1	EHJ94391.1	51.3	64.0	63.9	1.51e-25	94.0	YES	YES	NO_RELIABLE_ORTHOLOG
MBB3330778.1	EHJ94390.1	83.5	84.0	83.0	0.0	884.0	YES	YES	HIGH_CONFIDENCE_FUNCTIONAL_ORTHOLOG
MBB3330779.1	EHJ94389.1	75.2	100.0	100.0	1.2e-74	216.0	YES	YES	HIGH_CONFIDENCE_FUNCTIONAL_ORTHOLOG
MBB3330780.1	EHJ94388.1	59.6	90.5	94.3	7.8e-70	208.0	YES	YES	POSSIBLE_ORTHOLOG
MBB3330781.1	EHJ94387.1	65.8	100.0	100.0	1.46e-132	374.0	YES	YES	PROBABLE_ORTHOLOG
MBB3330782.1	EHJ94386.1	66.9	99.6	99.6	2.4399999999999997e-115	329.0	YES	YES	HIGH_CONFIDENCE_FUNCTIONAL_ORTHOLOG
MBB3330783.1	EHJ94461.1	85.3	100.0	100.0	4.0200000000000004e-88	250.0	YES	YES	PROBABLE_ORTHOLOG
MBB3330784.1	EHJ94383.1	78.7	98.5	99.4	2.59e-234	647.0	YES	YES	HIGH_CONFIDENCE_FUNCTIONAL_ORTHOLOG
MBB3330785.1	EHJ94382.1	52.9	94.0	92.5	1.1299999999999999e-55	171.0	YES	YES	POSSIBLE_ORTHOLOG
MBB3330786.1	EHJ94381.1	85.0	94.9	93.5	6.82e-168	462.0	YES	YES	PROBABLE_ORTHOLOG
MBB3330787.1	EHJ94380.1	70.5	100.0	97.2	6.69e-107	303.0	YES	YES	HIGH_CONFIDENCE_FUNCTIONAL_ORTHOLOG
MBB3330788.1	EHJ94379.1	81.8	100.0	100.0	2.1e-112	317.0	YES	YES	PROBABLE_ORTHOLOG
MBB3330789.1	EHJ94378.1	73.6	98.0	92.9	7.480000000000001e-103	292.0	YES	YES	HIGH_CONFIDENCE_FUNCTIONAL_ORTHOLOG
MBB3330790.1	EHJ94377.1	54.9	99.2	95.3	1.22e-84	250.0	YES	YES	POSSIBLE_ORTHOLOG
MBB3330791.1	EHJ94376.1	70.0	97.1	96.8	1.99e-136	386.0	YES	YES	HIGH_CONFIDENCE_FUNCTIONAL_ORTHOLOG
MBB3330792.1	EHJ94375.1	75.9	95.4	96.2	3.17e-122	344.0	YES	YES	HIGH_CONFIDENCE_FUNCTIONAL_ORTHOLOG
MBB3330793.1	EHJ94374.1	79.8	100.0	100.0	1.8500000000000003e-161	446.0	YES	YES	HIGH_CONFIDENCE_FUNCTIONAL_ORTHOLOG
MBB3330794.1	EHJ94373.1	86.4	99.3	99.3	6.269999999999999e-270	733.0	YES	YES	VERY_HIGH_CONFIDENCE
MBB3330795.1	EHJ94372.1	62.2	60.7	86.0	2.53e-10	47.0	YES	YES	NO_RELIABLE_ORTHOLOG
MBB3330796.1	EHJ94371.1	88.6	98.1	99.1	9.149999999999999e-298	807.0	YES	YES	VERY_HIGH_CONFIDENCE
MBB3330797.1	EHJ94369.1	86.5	99.4	99.0	5.2000000000000004e-200	547.0	YES	YES	VERY_HIGH_CONFIDENCE
MBB3330798.1	EHJ94368.1	66.5	97.0	98.5	4.0699999999999996e-111	318.0	YES	YES	HIGH_CONFIDENCE_FUNCTIONAL_ORTHOLOG
MBB3330799.1	EHJ94365.1	62.3	60.0	92.8	1.69e-116	344.0	YES	YES	NO_RELIABLE_ORTHOLOG
MBB3330800.1	EHJ94364.1	73.8	90.0	95.5	9.07e-204	565.0	YES	YES	PROBABLE_ORTHOLOG
MBB3330801.1	EHJ94462.1	68.3	94.7	94.4	0.0	930.0	YES	YES	PROBABLE_ORTHOLOG
MBB3330802.1	EHJ92774.1	57.9	93.8	93.8	2.86e-37	120.0	YES	YES	POSSIBLE_ORTHOLOG
MBB3330803.1	EHJ92775.1	57.6	89.4	92.2	1.69e-39	126.0	YES	YES	POSSIBLE_ORTHOLOG
MBB3330804.1	EHJ92147.1	75.8	98.7	99.4	7.33e-87	248.0	YES	YES	HIGH_CONFIDENCE_FUNCTIONAL_ORTHOLOG
MBB3330805.1	EHJ92146.1	85.6	98.6	94.5	3.3100000000000003e-283	773.0	YES	YES	VERY_HIGH_CONFIDENCE
MBB3330806.1	EHJ92145.1	85.6	97.9	99.7	6.6e-208	569.0	YES	YES	VERY_HIGH_CONFIDENCE
MBB3330807.1							YES	NO	NO_RELIABLE_ORTHOLOG
MBB3330808.1	EHJ93566.1	29.6	68.4	58.4	7.31e-21	90.9	YES	NO	NO_RELIABLE_ORTHOLOG
MBB3330809.1	EHJ91181.1	26.8	81.4	78.9	1.46e-18	79.0	YES	YES	NO_RELIABLE_ORTHOLOG
MBB3330810.1							YES	NO	NO_RELIABLE_ORTHOLOG
MBB3330811.1	EHJ93939.1	44.1	93.7	89.4	2.7699999999999998e-67	207.0	YES	NO	NO_RELIABLE_ORTHOLOG
MBB3330812.1	EHJ94435.1	41.1	56.3	71.4	7.529999999999999e-41	141.0	YES	NO	NO_RELIABLE_ORTHOLOG
MBB3330813.1							YES	NO	NO_RELIABLE_ORTHOLOG
MBB3330814.1							YES	NO	NO_RELIABLE_ORTHOLOG
MBB3330815.1							YES	NO	NO_RELIABLE_ORTHOLOG
MBB3330816.1							YES	NO	NO_RELIABLE_ORTHOLOG
MBB3330817.1	EHJ93629.1	38.8	84.8	43.0	1.4e-39	141.0	YES	NO	NO_RELIABLE_ORTHOLOG
MBB3330818.1	EHJ94931.1	31.2	91.3	83.7	2.9299999999999997e-30	110.0	YES	NO	NO_RELIABLE_ORTHOLOG
MBB3330819.1							YES	NO	NO_RELIABLE_ORTHOLOG
MBB3330820.1							YES	NO	NO_RELIABLE_ORTHOLOG
MBB3330821.1							YES	NO	NO_RELIABLE_ORTHOLOG
MBB3330822.1							YES	NO	NO_RELIABLE_ORTHOLOG
MBB3330823.1							YES	NO	NO_RELIABLE_ORTHOLOG
MBB3330824.1							YES	NO	NO_RELIABLE_ORTHOLOG
MBB3330825.1	EHJ93918.1	86.5	100.0	100.0	1.44e-102	288.0	YES	YES	HIGH_CONFIDENCE_FUNCTIONAL_ORTHOLOG
MBB3330826.1	EHJ93917.1	83.6	88.9	100.0	1.51e-80	230.0	YES	YES	PROBABLE_ORTHOLOG
MBB3330827.1	EHJ93916.1	67.0	94.9	89.5	9.25e-38	119.0	YES	YES	PROBABLE_ORTHOLOG
MBB3330828.1	EHJ93915.1	65.4	87.7	89.5	7.99e-63	187.0	YES	YES	HIGH_CONFIDENCE_FUNCTIONAL_ORTHOLOG
MBB3330829.1	EHJ93914.1	89.0	98.6	97.3	2.1099999999999997e-95	269.0	YES	YES	HIGH_CONFIDENCE_FUNCTIONAL_ORTHOLOG
MBB3330830.1	EHJ93913.1	70.2	100.0	100.0	3.09e-263	727.0	YES	YES	HIGH_CONFIDENCE_FUNCTIONAL_ORTHOLOG
MBB3330831.1	EHJ93912.1	73.5	99.5	99.5	3.87e-78	230.0	YES	YES	HIGH_CONFIDENCE_FUNCTIONAL_ORTHOLOG
MBB3330832.1	EHJ93911.1	93.0	100.0	100.0	0.0	1129.0	YES	YES	HIGH_CONFIDENCE_FUNCTIONAL_ORTHOLOG
MBB3330833.1	EHJ93910.1	89.3	100.0	100.0	3.92e-234	639.0	YES	YES	HIGH_CONFIDENCE_FUNCTIONAL_ORTHOLOG
MBB3330834.1							YES	NO	NO_RELIABLE_ORTHOLOG
MBB3330835.1	EHJ93905.1	39.1	98.9	98.9	3.3e-17	67.0	YES	YES	NO_RELIABLE_ORTHOLOG
MBB3330836.1							YES	NO	NO_RELIABLE_ORTHOLOG
MBB3330837.1	EHJ93904.1	88.8	100.0	99.6	1.25e-168	464.0	YES	YES	VERY_HIGH_CONFIDENCE
MBB3330838.1	EHJ93902.1	87.1	100.0	98.7	4.92e-247	672.0	YES	YES	VERY_HIGH_CONFIDENCE
MBB3330839.1	EHJ93901.1	91.1	100.0	100.0	0.0	1952.0	YES	YES	VERY_HIGH_CONFIDENCE
MBB3330840.1	EHJ93900.1	88.2	96.8	100.0	1.08e-89	255.0	YES	YES	HIGH_CONFIDENCE_FUNCTIONAL_ORTHOLOG
MBB3330841.1	EHJ93899.1	81.1	100.0	98.1	7.29e-58	171.0	YES	YES	PROBABLE_ORTHOLOG
MBB3330842.1	EHJ93898.1	84.5	83.5	100.0	1.27e-108	307.0	YES	YES	PROBABLE_ORTHOLOG
MBB3330843.1	EHJ93897.1	89.2	99.8	99.8	0.0	1140.0	YES	YES	VERY_HIGH_CONFIDENCE
MBB3330844.1	EHJ93896.1	80.9	92.6	96.3	6e-149	415.0	YES	YES	PROBABLE_ORTHOLOG
MBB3330845.1	EHJ93895.1	78.0	96.7	99.8	7.88e-244	669.0	YES	YES	HIGH_CONFIDENCE_FUNCTIONAL_ORTHOLOG
MBB3330846.1	EHJ93894.1	78.3	100.0	100.0	1.64e-141	394.0	YES	YES	HIGH_CONFIDENCE_FUNCTIONAL_ORTHOLOG
MBB3330847.1	EHJ93893.1	73.9	93.3	98.2	4.9e-49	149.0	YES	YES	HIGH_CONFIDENCE_FUNCTIONAL_ORTHOLOG
MBB3330848.1	EHJ93892.1	82.4	100.0	100.0	3.2e-92	261.0	YES	YES	HIGH_CONFIDENCE_FUNCTIONAL_ORTHOLOG
MBB3330849.1	EHJ93891.1	87.9	99.6	98.0	1.27e-301	820.0	YES	YES	HIGH_CONFIDENCE_FUNCTIONAL_ORTHOLOG
MBB3330850.1	EHJ93890.1	83.9	98.6	100.0	0.0	1214.0	YES	YES	HIGH_CONFIDENCE_FUNCTIONAL_ORTHOLOG
MBB3330851.1	EHJ93889.1	85.7	89.4	81.8	2.18e-71	208.0	YES	YES	HIGH_CONFIDENCE_FUNCTIONAL_ORTHOLOG
MBB3330852.1	EHJ93888.1	77.0	99.7	99.3	1.17e-162	452.0	YES	YES	HIGH_CONFIDENCE_FUNCTIONAL_ORTHOLOG
MBB3330853.1	EHJ93887.1	94.4	100.0	100.0	2.3500000000000002e-57	168.0	YES	YES	HIGH_CONFIDENCE_FUNCTIONAL_ORTHOLOG
MBB3330854.1	EHJ93886.1	84.2	99.3	98.3	0.0	1140.0	YES	YES	VERY_HIGH_CONFIDENCE
MBB3330855.1	EHJ93884.1	93.4	100.0	99.7	2.37e-265	719.0	YES	YES	VERY_HIGH_CONFIDENCE
MBB3330856.1	EHJ93883.1	88.9	100.0	100.0	2.2800000000000002e-79	226.0	YES	YES	VERY_HIGH_CONFIDENCE
MBB3330857.1	EHJ93882.1	69.8	99.6	96.9	1.2600000000000001e-133	377.0	YES	YES	HIGH_CONFIDENCE_FUNCTIONAL_ORTHOLOG
MBB3330858.1	EHJ93881.1	81.4	100.0	100.0	1.95e-156	432.0	YES	YES	VERY_HIGH_CONFIDENCE
MBB3330859.1	EHJ93880.1	73.9	81.7	81.7	5.2100000000000004e-64	191.0	YES	YES	HIGH_CONFIDENCE_FUNCTIONAL_ORTHOLOG
MBB3330860.1	EHJ93879.1	77.2	97.0	98.0	8.4e-258	706.0	YES	YES	HIGH_CONFIDENCE_FUNCTIONAL_ORTHOLOG
MBB3330861.1	EHJ93877.1	81.6	99.4	99.6	2.23e-258	707.0	YES	YES	PROBABLE_ORTHOLOG
MBB3330862.1	EHJ93876.1	67.2	99.7	98.7	0.0	1235.0	YES	YES	HIGH_CONFIDENCE_FUNCTIONAL_ORTHOLOG
MBB3330863.1	EHJ93875.1	82.8	100.0	100.0	4.77e-32	102.0	YES	YES	PROBABLE_ORTHOLOG
MBB3330864.1	EHJ93874.1	72.1	95.7	94.7	2.6000000000000002e-157	438.0	YES	YES	HIGH_CONFIDENCE_FUNCTIONAL_ORTHOLOG
MBB3330865.1	EHJ93873.1	91.0	100.0	100.0	3.56e-92	260.0	YES	YES	HIGH_CONFIDENCE_FUNCTIONAL_ORTHOLOG
MBB3330866.1	EHJ93872.1	73.2	95.9	99.7	4.75e-183	509.0	YES	YES	PROBABLE_ORTHOLOG
MBB3330867.1	EHJ93871.1	68.9	94.9	98.4	3.8899999999999996e-115	327.0	YES	YES	HIGH_CONFIDENCE_FUNCTIONAL_ORTHOLOG
MBB3330868.1	EHJ93870.1	51.3	100.0	100.0	1.53e-40	130.0	YES	YES	POSSIBLE_ORTHOLOG
MBB3330869.1	EHJ93869.1	81.2	99.5	99.5	2.0099999999999997e-126	351.0	YES	YES	HIGH_CONFIDENCE_FUNCTIONAL_ORTHOLOG
MBB3330870.1	EHJ93868.1	81.4	99.0	94.5	1.41e-242	661.0	YES	YES	VERY_HIGH_CONFIDENCE
MBB3330871.1	EHJ93867.1	84.8	100.0	100.0	1.98e-105	298.0	YES	YES	HIGH_CONFIDENCE_FUNCTIONAL_ORTHOLOG
MBB3330872.1	EHJ93866.1	71.6	99.3	98.9	4.8200000000000005e-132	372.0	YES	YES	HIGH_CONFIDENCE_FUNCTIONAL_ORTHOLOG
MBB3330873.1	EHJ93865.1	72.6	96.2	95.0	1.8699999999999999e-106	304.0	YES	YES	HIGH_CONFIDENCE_FUNCTIONAL_ORTHOLOG
MBB3330874.1	EHJ93864.1	86.0	99.7	98.8	1.86e-209	573.0	YES	YES	PROBABLE_ORTHOLOG
MBB3330875.1	EHJ93863.1	73.2	100.0	96.7	6.4400000000000004e-198	548.0	YES	YES	PROBABLE_ORTHOLOG
MBB3330876.1	EHJ93862.1	66.8	98.9	97.9	4.4100000000000006e-163	459.0	YES	YES	HIGH_CONFIDENCE_FUNCTIONAL_ORTHOLOG
MBB3330877.1	EHJ93861.1	87.4	99.7	99.7	2.18e-251	684.0	YES	YES	VERY_HIGH_CONFIDENCE
MBB3330878.1	EHJ91402.1	86.8	100.0	75.9	9e-114	321.0	YES	NO	POSSIBLE_ORTHOLOG
MBB3330879.1	EHJ93591.1	71.1	98.2	99.0	9.36e-208	573.0	YES	YES	HIGH_CONFIDENCE_FUNCTIONAL_ORTHOLOG
MBB3330880.1							YES	NO	NO_RELIABLE_ORTHOLOG
MBB3330881.1							YES	NO	NO_RELIABLE_ORTHOLOG
MBB3330882.1	EHJ94809.1	33.2	88.6	92.5	2.2200000000000002e-66	220.0	YES	NO	NO_RELIABLE_ORTHOLOG
MBB3330883.1	EHJ91462.1	39.7	96.9	95.8	2.71e-84	258.0	YES	NO	NO_RELIABLE_ORTHOLOG
MBB3330884.1	EHJ93247.1	40.5	54.2	98.2	2.22e-60	197.0	YES	NO	NO_RELIABLE_ORTHOLOG
MBB3330885.1	EHJ94568.1	58.5	99.5	99.3	2.86e-152	433.0	YES	NO	FUNCTION_CONFLICT
MBB3330886.1							YES	NO	NO_RELIABLE_ORTHOLOG
MBB3330887.1	EHJ91826.1	62.4	95.5	96.8	7.94e-149	422.0	YES	YES	PROBABLE_ORTHOLOG
MBB3330888.1	EHJ91827.1	74.5	95.4	91.6	1.0900000000000001e-130	368.0	YES	YES	PROBABLE_ORTHOLOG
MBB3330889.1	EHJ91828.1	45.4	100.0	100.0	4.85e-90	268.0	YES	YES	POSSIBLE_ORTHOLOG
MBB3330890.1	EHJ91829.1	36.9	92.0	91.6	8.47e-30	106.0	YES	YES	NO_RELIABLE_ORTHOLOG
MBB3330891.1	EHJ94675.1	26.9	52.3	49.5	1.8e-09	55.8	YES	NO	NO_RELIABLE_ORTHOLOG
MBB3330892.1	EHJ93590.1	74.9	97.8	93.3	3.47e-119	336.0	YES	YES	PROBABLE_ORTHOLOG
MBB3330893.1	EHJ92974.1	45.5	95.3	92.7	9.600000000000001e-21	77.0	YES	NO	NO_RELIABLE_ORTHOLOG
MBB3330894.1							YES	NO	NO_RELIABLE_ORTHOLOG
MBB3330895.1	EHJ94618.1	51.6	97.2	97.8	4.9699999999999995e-95	281.0	YES	YES	POSSIBLE_ORTHOLOG
MBB3330896.1	EHJ94619.1	53.3	97.0	95.4	1.73e-83	246.0	YES	YES	POSSIBLE_ORTHOLOG
MBB3330897.1	EHJ94620.1	65.9	98.0	82.3	1.0099999999999999e-119	340.0	YES	YES	PROBABLE_ORTHOLOG
MBB3330898.1	EHJ92441.1	27.7	87.2	48.2	2.94e-33	128.0	YES	NO	NO_RELIABLE_ORTHOLOG
MBB3330899.1							YES	NO	NO_RELIABLE_ORTHOLOG
MBB3330900.1							YES	NO	NO_RELIABLE_ORTHOLOG
MBB3330901.1	EHJ94623.1	39.0	92.0	93.8	1.41e-81	254.0	YES	NO	NO_RELIABLE_ORTHOLOG
MBB3330902.1							YES	NO	NO_RELIABLE_ORTHOLOG
MBB3330903.1	EHJ92996.1	36.2	28.2	27.8	1.56e-08	52.4	YES	NO	NO_RELIABLE_ORTHOLOG
MBB3330904.1							YES	NO	NO_RELIABLE_ORTHOLOG
MBB3330905.1	EHJ94663.1	31.0	59.7	60.3	1.48e-22	92.0	YES	NO	NO_RELIABLE_ORTHOLOG
MBB3330906.1	EHJ94621.1	77.5	95.7	96.0	2.32e-178	493.0	YES	YES	PROBABLE_ORTHOLOG
MBB3330907.1	EHJ94622.1	78.9	98.9	98.9	3.05e-95	271.0	YES	YES	HIGH_CONFIDENCE_FUNCTIONAL_ORTHOLOG
MBB3330908.1	EHJ94623.1	88.4	97.0	99.8	1.0500000000000001e-259	707.0	YES	YES	HIGH_CONFIDENCE_FUNCTIONAL_ORTHOLOG
MBB3330909.1	EHJ91830.1	78.7	97.6	98.5	0.0	942.0	YES	YES	PROBABLE_ORTHOLOG
MBB3330910.1	EHJ91831.1	68.3	78.0	99.3	1.1699999999999998e-189	534.0	YES	YES	HIGH_CONFIDENCE_FUNCTIONAL_ORTHOLOG
MBB3330911.1	EHJ91832.1	90.5	100.0	100.0	2.05e-221	602.0	YES	YES	VERY_HIGH_CONFIDENCE
MBB3330912.1	EHJ91833.1	77.6	98.5	99.3	1.9899999999999997e-228	626.0	YES	YES	HIGH_CONFIDENCE_FUNCTIONAL_ORTHOLOG
MBB3330913.1	EHJ91834.1	70.9	92.1	89.7	5e-100	289.0	YES	YES	PROBABLE_ORTHOLOG
MBB3330914.1	EHJ91835.1	73.4	98.1	96.3	1.5e-159	445.0	YES	YES	HIGH_CONFIDENCE_FUNCTIONAL_ORTHOLOG
MBB3330915.1	EHJ91836.1	61.5	97.0	96.2	4.84e-138	397.0	YES	YES	PROBABLE_ORTHOLOG
MBB3330916.1	EHJ91837.1	76.1	95.4	93.8	2.3300000000000002e-148	416.0	YES	YES	PROBABLE_ORTHOLOG
MBB3330917.1	EHJ93947.1	46.9	97.2	92.4	1.04e-83	253.0	YES	YES	POSSIBLE_ORTHOLOG
MBB3330918.1	EHJ94325.1	56.7	89.1	84.9	4.1499999999999996e-30	100.0	YES	YES	POSSIBLE_ORTHOLOG
MBB3330919.1	EHJ94324.1	61.2	99.6	99.8	3.3500000000000006e-200	558.0	YES	YES	PROBABLE_ORTHOLOG
MBB3330920.1	EHJ91838.1	75.6	98.3	99.1	5.3e-262	717.0	YES	YES	HIGH_CONFIDENCE_FUNCTIONAL_ORTHOLOG
MBB3330921.1	EHJ91839.1	87.6	98.9	99.8	0.0	1029.0	YES	YES	VERY_HIGH_CONFIDENCE
MBB3330922.1	EHJ91841.1	81.2	100.0	99.4	1.66e-100	283.0	YES	YES	VERY_HIGH_CONFIDENCE
MBB3330923.1	EHJ91842.1	60.2	99.2	97.7	3.36e-109	312.0	YES	YES	HIGH_CONFIDENCE_FUNCTIONAL_ORTHOLOG
MBB3330924.1	EHJ94779.1	58.8	94.5	94.4	9.4e-136	387.0	YES	YES	POSSIBLE_ORTHOLOG
MBB3330925.1	EHJ91843.1	63.5	100.0	100.0	2.46e-253	706.0	YES	YES	HIGH_CONFIDENCE_FUNCTIONAL_ORTHOLOG
MBB3330926.1	EHJ91844.1	93.3	100.0	100.0	2.8499999999999996e-54	160.0	YES	YES	HIGH_CONFIDENCE_FUNCTIONAL_ORTHOLOG
MBB3330927.1	EHJ91845.1	87.1	97.5	97.5	0.0	1285.0	YES	YES	VERY_HIGH_CONFIDENCE
MBB3330928.1	EHJ91846.1	93.0	100.0	100.0	2.04e-286	775.0	YES	YES	HIGH_CONFIDENCE_FUNCTIONAL_ORTHOLOG
MBB3330929.1	EHJ91847.1	91.7	99.0	99.5	1.13e-138	383.0	YES	YES	VERY_HIGH_CONFIDENCE
MBB3330930.1	EHJ91848.1	81.6	97.8	97.8	8.819999999999999e-249	682.0	YES	YES	VERY_HIGH_CONFIDENCE
MBB3330931.1	EHJ91708.1	80.6	98.6	97.9	6.920000000000001e-167	461.0	YES	YES	VERY_HIGH_CONFIDENCE
MBB3330932.1							YES	NO	NO_RELIABLE_ORTHOLOG
MBB3330933.1	EHJ91707.1	66.4	93.5	98.7	1.69e-107	307.0	YES	YES	HIGH_CONFIDENCE_FUNCTIONAL_ORTHOLOG
MBB3330934.1	EHJ92840.1	63.4	95.4	93.5	4.06e-130	369.0	YES	YES	PROBABLE_ORTHOLOG
MBB3330935.1	EHJ94878.1	76.1	97.4	89.2	1.19e-154	432.0	YES	YES	PROBABLE_ORTHOLOG
MBB3330936.1	EHJ91706.1	76.7	99.1	99.4	7.789999999999999e-188	519.0	YES	YES	HIGH_CONFIDENCE_FUNCTIONAL_ORTHOLOG
MBB3330937.1							YES	NO	NO_RELIABLE_ORTHOLOG
MBB3330938.1	EHJ91705.1	56.7	95.7	97.1	2.92e-49	151.0	YES	YES	POSSIBLE_ORTHOLOG
MBB3330939.1	EHJ91711.1	67.0	100.0	100.0	5.73e-204	565.0	YES	YES	PROBABLE_ORTHOLOG
MBB3330940.1	EHJ94732.1	86.3	95.4	94.8	7.25e-288	781.0	YES	YES	PROBABLE_ORTHOLOG
MBB3330941.1	EHJ94908.1	60.4	98.7	96.8	1.06e-55	169.0	YES	YES	HIGH_CONFIDENCE_FUNCTIONAL_ORTHOLOG
MBB3330942.1	EHJ93070.1	54.7	94.3	97.7	1.3e-150	429.0	YES	YES	POSSIBLE_ORTHOLOG
MBB3330943.1	EHJ93071.1	35.3	51.8	69.4	1.43e-13	62.8	YES	NO	NO_RELIABLE_ORTHOLOG
MBB3330944.1							YES	NO	NO_RELIABLE_ORTHOLOG
MBB3330945.1	EHJ93641.1	22.5	92.5	76.3	6.49e-08	50.8	YES	NO	NO_RELIABLE_ORTHOLOG
MBB3330946.1							YES	NO	NO_RELIABLE_ORTHOLOG
MBB3330947.1	EHJ93074.1	60.7	99.4	98.8	6.76e-148	417.0	YES	YES	HIGH_CONFIDENCE_FUNCTIONAL_ORTHOLOG
MBB3330948.1							YES	NO	NO_RELIABLE_ORTHOLOG
MBB3330949.1							YES	NO	NO_RELIABLE_ORTHOLOG
MBB3330950.1	EHJ94233.1	42.3	45.1	14.9	4.28e-09	50.8	YES	NO	FUNCTION_CONFLICT
MBB3330951.1							YES	NO	NO_RELIABLE_ORTHOLOG
MBB3330952.1							YES	NO	NO_RELIABLE_ORTHOLOG
MBB3330953.1							YES	NO	NO_RELIABLE_ORTHOLOG
MBB3330954.1	EHJ94237.1	28.7	32.8	39.0	2.24e-06	45.1	YES	YES	NO_RELIABLE_ORTHOLOG
MBB3330955.1	EHJ94612.1	29.8	88.0	88.9	2.76e-53	188.0	YES	NO	NO_RELIABLE_ORTHOLOG
MBB3330956.1	EHJ93068.1	47.0	87.0	89.0	5.18e-168	493.0	YES	YES	POSSIBLE_ORTHOLOG
MBB3330957.1							YES	NO	NO_RELIABLE_ORTHOLOG
MBB3330958.1							YES	NO	NO_RELIABLE_ORTHOLOG
MBB3330959.1							YES	NO	NO_RELIABLE_ORTHOLOG
MBB3330960.1							YES	NO	NO_RELIABLE_ORTHOLOG
MBB3330961.1							YES	NO	NO_RELIABLE_ORTHOLOG
MBB3330962.1							YES	NO	NO_RELIABLE_ORTHOLOG
MBB3330963.1							YES	NO	NO_RELIABLE_ORTHOLOG
MBB3330964.1							YES	NO	NO_RELIABLE_ORTHOLOG
MBB3330965.1	EHJ91934.1	59.4	71.1	87.1	9.029999999999999e-42	132.0	YES	NO	POSSIBLE_ORTHOLOG
MBB3330966.1	EHJ91521.1	54.0	91.8	98.6	2.3e-124	359.0	YES	YES	POSSIBLE_ORTHOLOG
MBB3330967.1	EHJ91520.1	52.4	84.4	98.6	2.79e-54	165.0	YES	YES	POSSIBLE_ORTHOLOG
MBB3330968.1	EHJ92998.1	38.8	98.2	98.2	1.2700000000000001e-86	268.0	YES	NO	NO_RELIABLE_ORTHOLOG
MBB3330969.1	EHJ92997.1	31.4	100.0	100.0	4.67e-18	73.9	YES	NO	NO_RELIABLE_ORTHOLOG
MBB3330970.1	EHJ92996.1	31.8	98.3	94.6	1.05e-45	157.0	YES	NO	NO_RELIABLE_ORTHOLOG
MBB3330971.1							YES	NO	NO_RELIABLE_ORTHOLOG
MBB3330972.1	EHJ94190.1	40.5	88.1	76.5	5.19e-106	334.0	YES	NO	NO_RELIABLE_ORTHOLOG
MBB3330973.1	EHJ93589.1	31.8	92.0	97.7	1.04e-39	139.0	YES	NO	NO_RELIABLE_ORTHOLOG
MBB3330974.1	EHJ94680.1	42.9	97.4	97.1	1.1800000000000002e-79	241.0	YES	YES	POSSIBLE_ORTHOLOG
MBB3330975.1	EHJ93096.1	51.2	96.7	99.7	3.42e-106	308.0	YES	YES	POSSIBLE_ORTHOLOG
MBB3330976.1	EHJ93067.1	37.8	87.7	96.0	3.23e-79	248.0	YES	YES	NO_RELIABLE_ORTHOLOG
MBB3330977.1	EHJ91213.1	71.1	97.5	96.3	6.38e-158	441.0	YES	YES	PROBABLE_ORTHOLOG
MBB3330978.1	EHJ91212.1	73.1	99.1	99.7	1.3700000000000002e-166	463.0	YES	YES	FUNCTION_CONFLICT
MBB3330979.1	EHJ93380.1	53.8	98.8	98.4	1.65e-90	265.0	YES	YES	POSSIBLE_ORTHOLOG
MBB3330980.1	EHJ91209.1	68.8	99.2	98.8	6.609999999999999e-244	673.0	YES	YES	PROBABLE_ORTHOLOG
MBB3330981.1	EHJ94877.1	85.4	99.0	99.2	0.0	1050.0	YES	YES	VERY_HIGH_CONFIDENCE
MBB3330982.1	EHJ93388.1	78.0	99.6	99.8	2.08e-281	770.0	YES	YES	HIGH_CONFIDENCE_FUNCTIONAL_ORTHOLOG
MBB3330983.1	EHJ94893.1	34.3	98.4	95.8	3.5900000000000004e-33	118.0	YES	NO	NO_RELIABLE_ORTHOLOG
MBB3330984.1	EHJ93010.1	32.1	73.9	92.3	7.820000000000001e-31	112.0	YES	NO	NO_RELIABLE_ORTHOLOG
MBB3330985.1	EHJ91205.1	35.2	90.4	96.5	2.11e-56	184.0	YES	YES	NO_RELIABLE_ORTHOLOG
MBB3330986.1	EHJ93398.1	33.5	94.9	95.6	7.03e-75	243.0	YES	YES	FUNCTION_CONFLICT
MBB3330987.1	EHJ91984.1	33.3	61.5	100.0	5.61e-09	45.1	YES	NO	NO_RELIABLE_ORTHOLOG
MBB3330988.1	EHJ91983.1	46.8	90.1	90.4	5.33e-23	82.4	YES	YES	POSSIBLE_ORTHOLOG
MBB3330989.1	EHJ93644.1	85.6	94.2	96.0	1.2200000000000002e-56	167.0	YES	YES	HIGH_CONFIDENCE_FUNCTIONAL_ORTHOLOG
MBB3330990.1	EHJ92808.1	39.2	92.1	94.1	8.51e-44	144.0	YES	YES	NO_RELIABLE_ORTHOLOG
MBB3330991.1	EHJ93387.1	30.9	90.9	95.6	4.73e-30	114.0	YES	YES	NO_RELIABLE_ORTHOLOG
MBB3330992.1	EHJ91208.1	47.2	88.2	98.8	5.49e-114	338.0	YES	YES	POSSIBLE_ORTHOLOG
MBB3330993.1	EHJ93234.1	27.7	89.8	82.1	5.75e-12	58.2	YES	NO	NO_RELIABLE_ORTHOLOG
MBB3330994.1	EHJ91206.1	31.5	95.5	97.8	1.8e-52	172.0	YES	NO	NO_RELIABLE_ORTHOLOG
MBB3330995.1							YES	NO	NO_RELIABLE_ORTHOLOG
MBB3330996.1	EHJ92743.1	37.2	98.8	96.1	2.05e-53	176.0	YES	NO	NO_RELIABLE_ORTHOLOG
MBB3330997.1	EHJ94682.1	44.2	73.2	97.4	1.97e-34	119.0	YES	NO	NO_RELIABLE_ORTHOLOG
MBB3330998.1	EHJ94875.1	82.4	100.0	98.2	1.1600000000000001e-237	649.0	YES	YES	PROBABLE_ORTHOLOG
MBB3330999.1	EHJ93392.1	27.9	73.2	74.9	2.67e-22	94.7	YES	NO	NO_RELIABLE_ORTHOLOG
MBB3331000.1	EHJ94874.1	78.0	97.3	95.7	7.89e-263	720.0	YES	YES	PROBABLE_ORTHOLOG
MBB3331001.1	EHJ91464.1	28.2	88.3	90.0	1.7e-19	83.6	YES	NO	NO_RELIABLE_ORTHOLOG
MBB3331002.1							YES	NO	NO_RELIABLE_ORTHOLOG
MBB3331003.1	EHJ92130.1	92.4	100.0	100.0	1.15e-274	741.0	YES	YES	HIGH_CONFIDENCE_FUNCTIONAL_ORTHOLOG
MBB3331004.1	EHJ92131.1	62.8	92.6	98.2	2.21e-134	383.0	YES	YES	PROBABLE_ORTHOLOG
MBB3331005.1	EHJ92132.1	78.4	93.7	96.5	2.3800000000000002e-105	298.0	YES	YES	HIGH_CONFIDENCE_FUNCTIONAL_ORTHOLOG
MBB3331006.1	EHJ93069.1	80.2	98.7	100.0	1.5400000000000001e-226	620.0	YES	YES	VERY_HIGH_CONFIDENCE
MBB3331007.1	EHJ91378.1	31.1	94.7	98.1	2.85e-13	60.5	YES	NO	NO_RELIABLE_ORTHOLOG
MBB3331008.1	EHJ93063.1	66.8	94.8	95.8	1.18e-217	605.0	YES	YES	PROBABLE_ORTHOLOG
MBB3331009.1	EHJ91975.1	42.6	79.5	93.2	3.13e-14	58.5	YES	YES	POSSIBLE_ORTHOLOG
MBB3331010.1	EHJ93295.1	40.3	79.8	100.0	1.04e-16	64.7	YES	YES	POSSIBLE_ORTHOLOG
MBB3331011.1							YES	NO	NO_RELIABLE_ORTHOLOG
MBB3331012.1							YES	NO	NO_RELIABLE_ORTHOLOG
MBB3331013.1							YES	NO	NO_RELIABLE_ORTHOLOG
MBB3331014.1							YES	NO	NO_RELIABLE_ORTHOLOG
MBB3331015.1	EHJ91902.1	79.3	78.4	96.3	0.0	1589.0	YES	YES	PROBABLE_ORTHOLOG
MBB3331016.1	EHJ91903.1	78.2	95.3	93.5	3.4e-112	317.0	YES	YES	HIGH_CONFIDENCE_FUNCTIONAL_ORTHOLOG
MBB3331017.1							YES	NO	NO_RELIABLE_ORTHOLOG
MBB3331018.1	EHJ91904.1	92.8	100.0	100.0	0.0	1617.0	YES	YES	VERY_HIGH_CONFIDENCE
MBB3331019.1							YES	NO	NO_RELIABLE_ORTHOLOG
MBB3331020.1	EHJ93594.1	42.4	51.8	54.5	2.06e-34	125.0	YES	NO	NO_RELIABLE_ORTHOLOG
MBB3331021.1	EHJ91805.1	34.7	37.3	35.2	1.42e-08	51.2	YES	NO	NO_RELIABLE_ORTHOLOG
MBB3331022.1	EHJ91905.1	82.2	96.9	95.2	7.869999999999999e-98	276.0	YES	YES	VERY_HIGH_CONFIDENCE
MBB3331023.1	EHJ91906.1	64.5	99.8	96.9	4.5000000000000004e-272	756.0	YES	YES	PROBABLE_ORTHOLOG
MBB3331024.1	EHJ91907.1	71.6	94.4	96.3	7.62e-304	834.0	YES	YES	HIGH_CONFIDENCE_FUNCTIONAL_ORTHOLOG
MBB3331025.1	EHJ91908.1	89.9	99.9	97.3	0.0	1419.0	YES	YES	VERY_HIGH_CONFIDENCE
MBB3331026.1	EHJ91909.1	83.8	100.0	98.6	2.7300000000000003e-164	454.0	YES	YES	VERY_HIGH_CONFIDENCE
MBB3331027.1	EHJ93592.1	60.5	99.8	99.3	5.47e-174	488.0	YES	YES	PROBABLE_ORTHOLOG
MBB3331028.1	EHJ93591.1	70.8	98.7	99.7	1.79e-205	567.0	YES	NO	POSSIBLE_ORTHOLOG
MBB3331029.1	EHJ91947.1	37.5	94.5	96.0	1.27e-77	246.0	YES	NO	NO_RELIABLE_ORTHOLOG
MBB3331030.1	EHJ91464.1	63.5	98.3	97.0	2.4800000000000002e-123	352.0	YES	YES	HIGH_CONFIDENCE_FUNCTIONAL_ORTHOLOG
MBB3331031.1	EHJ91463.1	48.3	96.9	98.9	1.35e-117	343.0	YES	YES	POSSIBLE_ORTHOLOG
MBB3331032.1	EHJ91462.1	65.5	99.2	99.7	3.58e-183	510.0	YES	YES	PROBABLE_ORTHOLOG
MBB3331033.1	EHJ91456.1	53.9	85.3	88.9	6.49e-40	128.0	YES	YES	POSSIBLE_ORTHOLOG
MBB3331034.1	EHJ91450.1	65.9	98.9	96.2	4.07e-280	771.0	YES	YES	PROBABLE_ORTHOLOG
MBB3331035.1	EHJ91910.1	87.0	100.0	100.0	8.270000000000001e-123	342.0	YES	YES	HIGH_CONFIDENCE_FUNCTIONAL_ORTHOLOG
MBB3331036.1	EHJ91911.1	72.3	99.4	97.7	5.85e-171	476.0	YES	YES	HIGH_CONFIDENCE_FUNCTIONAL_ORTHOLOG
MBB3331037.1	EHJ91912.1	71.9	78.5	93.1	2.33e-72	211.0	YES	YES	PROBABLE_ORTHOLOG
MBB3331038.1	EHJ91913.1	86.7	95.5	91.7	1.9899999999999998e-128	358.0	YES	YES	HIGH_CONFIDENCE_FUNCTIONAL_ORTHOLOG
MBB3331039.1	EHJ91914.1	78.9	100.0	98.3	4.41e-122	342.0	YES	YES	HIGH_CONFIDENCE_FUNCTIONAL_ORTHOLOG
MBB3331040.1	EHJ93598.1	60.2	97.5	99.4	6.37e-140	398.0	YES	YES	HIGH_CONFIDENCE_FUNCTIONAL_ORTHOLOG
MBB3331041.1	EHJ91915.1	70.0	100.0	100.0	4.7e-105	299.0	YES	YES	PROBABLE_ORTHOLOG
MBB3331042.1	EHJ91916.1	84.5	100.0	100.0	1.48e-182	500.0	YES	YES	VERY_HIGH_CONFIDENCE
MBB3331043.1	EHJ91917.1	70.8	94.1	97.9	7.18e-275	756.0	YES	YES	PROBABLE_ORTHOLOG
MBB3331044.1							YES	NO	NO_RELIABLE_ORTHOLOG
MBB3331045.1	EHJ94780.1	82.6	98.5	94.8	1.99e-198	545.0	YES	YES	VERY_HIGH_CONFIDENCE
MBB3331046.1	EHJ91918.1	68.7	98.7	94.8	1.32e-72	211.0	YES	YES	HIGH_CONFIDENCE_FUNCTIONAL_ORTHOLOG
MBB3331047.1	EHJ91919.1	68.5	100.0	100.0	8.32e-127	358.0	YES	YES	HIGH_CONFIDENCE_FUNCTIONAL_ORTHOLOG
MBB3331048.1	EHJ94781.1	59.5	99.0	99.1	3.43e-163	462.0	YES	YES	POSSIBLE_ORTHOLOG
MBB3331049.1	EHJ91920.1	59.0	88.9	83.1	1.25e-67	203.0	YES	YES	POSSIBLE_ORTHOLOG
MBB3331050.1	EHJ94782.1	74.7	96.5	95.7	7.33e-102	290.0	YES	YES	HIGH_CONFIDENCE_FUNCTIONAL_ORTHOLOG
MBB3331051.1	EHJ94706.1	53.4	90.7	96.2	7.31e-64	192.0	YES	NO	POSSIBLE_ORTHOLOG
MBB3331052.1	EHJ91921.1	90.3	97.3	98.3	5.42e-247	674.0	YES	YES	HIGH_CONFIDENCE_FUNCTIONAL_ORTHOLOG
MBB3331053.1	EHJ91534.1	67.7	97.3	97.3	2.85e-268	739.0	YES	YES	PROBABLE_ORTHOLOG
MBB3331054.1	EHJ91535.1	86.7	99.8	98.5	0.0	1055.0	YES	YES	PROBABLE_ORTHOLOG
MBB3331055.1	EHJ91536.1	75.9	96.7	100.0	3.84e-47	142.0	YES	YES	HIGH_CONFIDENCE_FUNCTIONAL_ORTHOLOG
MBB3331056.1	EHJ91537.1	79.6	92.3	91.9	1.23e-160	446.0	YES	YES	PROBABLE_ORTHOLOG
MBB3331057.1	EHJ91538.1	83.1	100.0	100.0	6.23e-185	507.0	YES	YES	PROBABLE_ORTHOLOG
MBB3331058.1	EHJ91539.1	71.7	100.0	100.0	8.340000000000001e-192	531.0	YES	YES	PROBABLE_ORTHOLOG
MBB3331059.1	EHJ91540.1	68.5	100.0	99.2	3.6400000000000004e-181	503.0	YES	YES	PROBABLE_ORTHOLOG
MBB3331060.1	EHJ91922.1	85.2	100.0	100.0	1.19e-128	358.0	YES	YES	VERY_HIGH_CONFIDENCE
MBB3331061.1	EHJ91923.1	76.7	100.0	99.6	4.68e-135	375.0	YES	YES	HIGH_CONFIDENCE_FUNCTIONAL_ORTHOLOG
MBB3331062.1	EHJ91924.1	89.3	100.0	100.0	1.26e-110	308.0	YES	YES	VERY_HIGH_CONFIDENCE
MBB3331063.1	EHJ91925.1	88.4	100.0	100.0	1.35e-118	330.0	YES	YES	VERY_HIGH_CONFIDENCE
MBB3331064.1	EHJ91926.1	91.8	99.1	99.3	6.47e-270	734.0	YES	YES	PROBABLE_ORTHOLOG
MBB3331065.1	EHJ91927.1	73.9	99.0	94.5	1.03e-108	308.0	YES	YES	HIGH_CONFIDENCE_FUNCTIONAL_ORTHOLOG
MBB3331066.1	EHJ91928.1	76.7	100.0	100.0	1.7100000000000001e-192	531.0	YES	YES	HIGH_CONFIDENCE_FUNCTIONAL_ORTHOLOG
MBB3331067.1	EHJ91929.1	84.3	100.0	100.0	3.48e-118	332.0	YES	YES	PROBABLE_ORTHOLOG
MBB3331068.1	EHJ91930.1	79.1	99.6	99.2	2.1800000000000002e-144	402.0	YES	YES	PROBABLE_ORTHOLOG
MBB3331069.1	EHJ91931.1	77.3	96.8	93.2	2.21e-83	239.0	YES	YES	PROBABLE_ORTHOLOG
MBB3331070.1	EHJ91533.1	76.5	99.6	99.8	2.56e-289	788.0	YES	YES	HIGH_CONFIDENCE_FUNCTIONAL_ORTHOLOG
MBB3331071.1	EHJ91532.1	81.7	99.6	100.0	6.04e-148	410.0	YES	YES	PROBABLE_ORTHOLOG
MBB3331072.1	EHJ91534.1	30.5	91.9	88.1	3.95e-49	174.0	YES	NO	NO_RELIABLE_ORTHOLOG
MBB3331073.1	EHJ94438.1	84.6	94.2	97.9	5.82e-202	554.0	YES	YES	PROBABLE_ORTHOLOG
MBB3331074.1	EHJ94437.1	90.0	91.9	94.3	3.6600000000000005e-157	435.0	YES	YES	PROBABLE_ORTHOLOG
MBB3331075.1	EHJ94436.1	85.9	100.0	100.0	1.21e-158	439.0	YES	YES	PROBABLE_ORTHOLOG
MBB3331076.1	EHJ94435.1	89.2	100.0	100.0	1.21e-169	466.0	YES	YES	PROBABLE_ORTHOLOG
MBB3331077.1	EHJ91932.1	68.9	98.3	98.3	1.82e-172	481.0	YES	YES	PROBABLE_ORTHOLOG
MBB3331078.1	EHJ91933.1	79.9	98.7	99.8	1.77e-249	684.0	YES	YES	HIGH_CONFIDENCE_FUNCTIONAL_ORTHOLOG
MBB3331079.1	EHJ91934.1	67.0	82.8	91.4	8.869999999999999e-48	146.0	YES	YES	HIGH_CONFIDENCE_FUNCTIONAL_ORTHOLOG
MBB3331080.1							YES	NO	NO_RELIABLE_ORTHOLOG
MBB3331081.1	EHJ91935.1	75.7	100.0	100.0	1.4100000000000001e-123	347.0	YES	YES	PROBABLE_ORTHOLOG
MBB3331082.1	EHJ91936.1	65.6	93.1	92.9	3.78e-143	407.0	YES	YES	PROBABLE_ORTHOLOG
MBB3331083.1	EHJ91937.1	81.6	99.7	99.2	6.980000000000001e-212	580.0	YES	YES	VERY_HIGH_CONFIDENCE
MBB3331084.1	EHJ91938.1	80.7	100.0	97.2	6.89e-142	394.0	YES	YES	VERY_HIGH_CONFIDENCE
MBB3331085.1	EHJ91939.1	91.0	94.1	100.0	5.9000000000000006e-123	341.0	YES	YES	VERY_HIGH_CONFIDENCE
MBB3331086.1	EHJ91940.1	77.2	99.6	100.0	2.1e-146	407.0	YES	YES	HIGH_CONFIDENCE_FUNCTIONAL_ORTHOLOG
MBB3331087.1							YES	NO	NO_RELIABLE_ORTHOLOG
MBB3331088.1	EHJ91443.1	26.2	92.4	61.4	3.09e-08	50.1	YES	NO	NO_RELIABLE_ORTHOLOG
MBB3331089.1	EHJ92568.1	57.0	98.5	97.8	5.75e-46	143.0	YES	YES	POSSIBLE_ORTHOLOG
MBB3331090.1							YES	NO	NO_RELIABLE_ORTHOLOG
MBB3331091.1	EHJ94910.1	69.8	87.3	90.6	3.11e-158	444.0	YES	YES	PROBABLE_ORTHOLOG
MBB3331092.1	EHJ91969.1	27.9	58.4	55.8	1.17e-25	105.0	YES	YES	NO_RELIABLE_ORTHOLOG
MBB3331093.1							YES	NO	NO_RELIABLE_ORTHOLOG
MBB3331094.1							YES	NO	NO_RELIABLE_ORTHOLOG
MBB3331095.1	EHJ93169.1	46.2	92.2	49.1	7.06e-30	104.0	YES	NO	NO_RELIABLE_ORTHOLOG
MBB3331096.1	EHJ92765.1	34.1	96.3	78.8	6.2400000000000004e-86	277.0	YES	YES	NO_RELIABLE_ORTHOLOG
MBB3331097.1	EHJ94490.1	82.1	98.0	100.0	3.7e-158	439.0	YES	YES	PROBABLE_ORTHOLOG
MBB3331098.1							YES	NO	NO_RELIABLE_ORTHOLOG
MBB3331099.1							YES	NO	NO_RELIABLE_ORTHOLOG
MBB3331100.1							YES	NO	NO_RELIABLE_ORTHOLOG
MBB3331101.1	EHJ94489.1	92.7	92.3	96.7	9.629999999999999e-139	384.0	YES	YES	HIGH_CONFIDENCE_FUNCTIONAL_ORTHOLOG
MBB3331102.1	EHJ94488.1	75.4	100.0	95.5	9.400000000000001e-122	343.0	YES	YES	HIGH_CONFIDENCE_FUNCTIONAL_ORTHOLOG
MBB3331103.1	EHJ94487.1	81.9	83.7	85.1	2.26e-85	246.0	YES	YES	HIGH_CONFIDENCE_FUNCTIONAL_ORTHOLOG
MBB3331104.1	EHJ94486.1	91.5	100.0	74.6	1.56e-293	799.0	YES	YES	HIGH_CONFIDENCE_FUNCTIONAL_ORTHOLOG
MBB3331105.1	EHJ94485.1	79.6	95.4	97.2	9.8e-63	183.0	YES	YES	HIGH_CONFIDENCE_FUNCTIONAL_ORTHOLOG
MBB3331106.1	EHJ94484.1	89.0	100.0	100.0	6.57e-60	175.0	YES	YES	VERY_HIGH_CONFIDENCE
MBB3331107.1	EHJ94483.1	75.0	97.0	98.0	9.16e-162	449.0	YES	YES	HIGH_CONFIDENCE_FUNCTIONAL_ORTHOLOG
MBB3331108.1	EHJ94481.1	79.6	100.0	100.0	1.14e-138	385.0	YES	YES	PROBABLE_ORTHOLOG
MBB3331109.1	EHJ94480.1	88.8	100.0	100.0	4.2500000000000003e-179	491.0	YES	YES	PROBABLE_ORTHOLOG
MBB3331110.1	EHJ94479.1	83.9	99.5	98.2	5e-232	634.0	YES	YES	PROBABLE_ORTHOLOG
MBB3331111.1	EHJ94478.1	80.9	100.0	100.0	1.35e-293	802.0	YES	YES	PROBABLE_ORTHOLOG
MBB3331112.1	EHJ94477.1	88.0	96.6	95.6	1.12e-288	783.0	YES	YES	PROBABLE_ORTHOLOG
MBB3331113.1	EHJ94476.1	91.4	98.6	97.8	2.08e-306	832.0	YES	YES	PROBABLE_ORTHOLOG
MBB3331114.1	EHJ94475.1	75.0	100.0	100.0	2.27e-77	224.0	YES	YES	PROBABLE_ORTHOLOG
MBB3331115.1	EHJ94474.1	83.6	97.6	95.8	2.88e-198	544.0	YES	YES	PROBABLE_ORTHOLOG
MBB3331116.1	EHJ94473.1	69.8	93.3	98.0	4.54e-112	319.0	YES	YES	HIGH_CONFIDENCE_FUNCTIONAL_ORTHOLOG
MBB3331117.1	EHJ94472.1	74.5	98.8	94.7	1.0999999999999999e-288	793.0	YES	YES	HIGH_CONFIDENCE_FUNCTIONAL_ORTHOLOG
MBB3331118.1	EHJ91942.1	68.2	98.9	88.1	1.5700000000000002e-122	348.0	YES	YES	HIGH_CONFIDENCE_FUNCTIONAL_ORTHOLOG
MBB3331119.1	EHJ93090.1	83.6	95.5	98.7	9.03e-284	773.0	YES	YES	PROBABLE_ORTHOLOG
MBB3331120.1							YES	NO	NO_RELIABLE_ORTHOLOG
MBB3331121.1							YES	NO	NO_RELIABLE_ORTHOLOG
MBB3331122.1	EHJ92777.1	51.8	95.3	94.8	1.04e-135	390.0	YES	NO	POSSIBLE_ORTHOLOG
MBB3331123.1	EHJ91943.1	54.3	92.1	94.0	4.670000000000001e-100	293.0	YES	YES	POSSIBLE_ORTHOLOG
MBB3331124.1							YES	NO	NO_RELIABLE_ORTHOLOG
MBB3331125.1	EHJ93707.1	59.8	98.6	98.7	6.769999999999999e-268	748.0	YES	YES	POSSIBLE_ORTHOLOG
MBB3331126.1	EHJ94182.1	48.0	30.7	48.7	8.14e-59	203.0	YES	NO	NO_RELIABLE_ORTHOLOG
MBB3331127.1	EHJ91944.1	59.5	99.1	99.1	2.69e-44	137.0	YES	YES	POSSIBLE_ORTHOLOG
MBB3331128.1	EHJ91945.1	90.1	100.0	99.7	3.53e-269	729.0	YES	YES	PROBABLE_ORTHOLOG
MBB3331129.1	EHJ91946.1	95.8	88.7	33.4	1.93e-108	316.0	YES	NO	NO_RELIABLE_ORTHOLOG
MBB3331130.1							YES	NO	NO_RELIABLE_ORTHOLOG
MBB3331131.1							YES	NO	NO_RELIABLE_ORTHOLOG
MBB3331132.1	EHJ92327.1	88.8	100.0	100.0	7.4e-67	193.0	YES	YES	HIGH_CONFIDENCE_FUNCTIONAL_ORTHOLOG
MBB3331133.1	EHJ92328.1	73.8	92.7	94.0	6.83e-172	480.0	YES	YES	PROBABLE_ORTHOLOG
MBB3331134.1	EHJ92329.1	83.0	99.5	99.5	2.03e-260	709.0	YES	YES	VERY_HIGH_CONFIDENCE
MBB3331135.1	EHJ92332.1	74.3	100.0	100.0	0.0	1561.0	YES	YES	HIGH_CONFIDENCE_FUNCTIONAL_ORTHOLOG
MBB3331136.1							YES	NO	NO_RELIABLE_ORTHOLOG
MBB3331137.1							YES	NO	NO_RELIABLE_ORTHOLOG
MBB3331138.1	EHJ94379.1	34.4	83.5	86.1	1.54e-21	85.1	YES	NO	NO_RELIABLE_ORTHOLOG
MBB3331139.1	EHJ92709.1	26.8	91.8	87.6	2.18e-22	95.1	YES	NO	NO_RELIABLE_ORTHOLOG
MBB3331140.1	EHJ94379.1	37.3	77.4	37.8	1.27e-09	50.1	YES	NO	NO_RELIABLE_ORTHOLOG
MBB3331141.1	EHJ92333.1	76.0	97.8	98.5	4.82e-141	394.0	YES	YES	HIGH_CONFIDENCE_FUNCTIONAL_ORTHOLOG
MBB3331142.1	EHJ92334.1	81.1	100.0	100.0	9.599999999999999e-188	518.0	YES	YES	VERY_HIGH_CONFIDENCE
MBB3331143.1	EHJ92335.1	84.1	97.4	99.5	1.6900000000000002e-122	341.0	YES	YES	VERY_HIGH_CONFIDENCE
MBB3331144.1	EHJ92325.1	36.3	86.6	97.2	2.09e-77	246.0	YES	NO	FUNCTION_CONFLICT
MBB3331145.1	EHJ92339.1	49.8	100.0	91.3	1.0299999999999999e-81	243.0	YES	YES	POSSIBLE_ORTHOLOG
MBB3331146.1	EHJ93972.1	36.0	82.2	84.6	9.36e-12	53.9	YES	YES	NO_RELIABLE_ORTHOLOG
MBB3331147.1	EHJ92341.1	85.0	97.4	98.7	4.22e-140	389.0	YES	YES	VERY_HIGH_CONFIDENCE
MBB3331148.1	EHJ92342.1	81.7	97.6	97.6	1.3100000000000001e-195	538.0	YES	YES	PROBABLE_ORTHOLOG
MBB3331149.1	EHJ92343.1	91.2	94.8	95.8	1.03e-176	486.0	YES	YES	HIGH_CONFIDENCE_FUNCTIONAL_ORTHOLOG
MBB3331150.1	EHJ92344.1	87.6	100.0	100.0	3.85e-169	466.0	YES	YES	HIGH_CONFIDENCE_FUNCTIONAL_ORTHOLOG
MBB3331151.1	EHJ92345.1	81.2	96.2	96.7	2.18e-207	570.0	YES	YES	PROBABLE_ORTHOLOG
MBB3331152.1							YES	NO	NO_RELIABLE_ORTHOLOG
MBB3331153.1	EHJ92348.1	71.6	100.0	100.0	1.75e-94	270.0	YES	YES	HIGH_CONFIDENCE_FUNCTIONAL_ORTHOLOG
MBB3331154.1	EHJ92349.1	67.8	99.1	99.0	1.1699999999999999e-104	297.0	YES	YES	HIGH_CONFIDENCE_FUNCTIONAL_ORTHOLOG
MBB3331155.1	EHJ92350.1	72.0	99.5	97.6	4.27e-99	283.0	YES	YES	PROBABLE_ORTHOLOG
MBB3331156.1	EHJ92351.1	80.2	97.2	97.2	4.39e-60	176.0	YES	YES	HIGH_CONFIDENCE_FUNCTIONAL_ORTHOLOG
MBB3331157.1	EHJ92550.1	89.9	99.6	99.6	2.76e-299	809.0	YES	YES	VERY_HIGH_CONFIDENCE
MBB3331158.1	EHJ92551.1	85.5	94.8	96.4	1.1e-209	575.0	YES	YES	HIGH_CONFIDENCE_FUNCTIONAL_ORTHOLOG
MBB3331159.1	EHJ92552.1	63.0	85.9	86.9	4.96e-62	186.0	YES	YES	HIGH_CONFIDENCE_FUNCTIONAL_ORTHOLOG
MBB3331160.1	EHJ92553.1	76.8	96.9	93.6	1.98e-155	432.0	YES	YES	HIGH_CONFIDENCE_FUNCTIONAL_ORTHOLOG
MBB3331161.1	EHJ92554.1	72.4	95.9	96.1	1.2599999999999998e-258	710.0	YES	YES	HIGH_CONFIDENCE_FUNCTIONAL_ORTHOLOG
MBB3331162.1	EHJ92371.1	80.2	98.2	91.6	0.0	998.0	YES	YES	PROBABLE_ORTHOLOG
MBB3331163.1	EHJ92372.1	58.4	70.1	74.3	2.69e-33	111.0	YES	YES	POSSIBLE_ORTHOLOG
MBB3331164.1	EHJ92373.1	75.2	69.7	61.8	4.07e-40	129.0	YES	YES	NO_RELIABLE_ORTHOLOG
MBB3331165.1	EHJ92374.1	87.5	99.7	96.3	1.15e-230	629.0	YES	YES	VERY_HIGH_CONFIDENCE
MBB3331166.1	EHJ92375.1	86.4	92.7	98.7	1.68e-186	512.0	YES	YES	VERY_HIGH_CONFIDENCE
MBB3331167.1	EHJ92376.1	69.7	98.4	99.5	2.2e-94	270.0	YES	YES	PROBABLE_ORTHOLOG
MBB3331168.1	EHJ92377.1	69.4	91.6	96.2	3.3700000000000004e-156	439.0	YES	YES	PROBABLE_ORTHOLOG
MBB3331169.1	EHJ92378.1	64.6	85.1	96.2	1.9e-111	320.0	YES	YES	PROBABLE_ORTHOLOG
MBB3331170.1	EHJ93597.1	67.9	96.7	95.3	1.53e-130	368.0	YES	YES	PROBABLE_ORTHOLOG
MBB3331171.1	EHJ92379.1	58.6	85.3	65.9	1.34e-07	38.9	YES	YES	NO_RELIABLE_ORTHOLOG
MBB3331172.1	EHJ91169.1	66.8	99.4	99.4	6.03e-144	405.0	YES	YES	HIGH_CONFIDENCE_FUNCTIONAL_ORTHOLOG
MBB3331173.1	EHJ91295.1	61.5	94.4	97.5	1.15e-61	184.0	YES	YES	PROBABLE_ORTHOLOG
MBB3331174.1	EHJ91294.1	79.2	100.0	100.0	3.53e-196	541.0	YES	YES	HIGH_CONFIDENCE_FUNCTIONAL_ORTHOLOG
MBB3331175.1	EHJ94611.1	88.3	100.0	100.0	2.38e-296	805.0	YES	YES	VERY_HIGH_CONFIDENCE
MBB3331176.1	EHJ94610.1	89.3	100.0	100.0	8.56e-314	852.0	YES	YES	VERY_HIGH_CONFIDENCE
MBB3331177.1	EHJ91293.1	85.4	99.5	98.0	0.0	1079.0	YES	YES	HIGH_CONFIDENCE_FUNCTIONAL_ORTHOLOG
MBB3331178.1							YES	NO	NO_RELIABLE_ORTHOLOG
MBB3331179.1							YES	NO	NO_RELIABLE_ORTHOLOG
MBB3331180.1	EHJ91291.1	62.8	95.7	95.7	4.43e-288	798.0	YES	YES	HIGH_CONFIDENCE_FUNCTIONAL_ORTHOLOG
MBB3331181.1	EHJ91290.1	76.3	98.6	96.8	1.0700000000000001e-109	310.0	YES	YES	PROBABLE_ORTHOLOG
MBB3331182.1	EHJ91289.1	94.0	98.5	100.0	1.14e-43	132.0	YES	YES	HIGH_CONFIDENCE_FUNCTIONAL_ORTHOLOG
MBB3331183.1	EHJ91288.1	56.8	16.2	13.8	2e-06	44.3	YES	YES	NO_RELIABLE_ORTHOLOG
MBB3331184.1	EHJ92557.1	61.0	98.6	96.5	6.840000000000001e-59	176.0	YES	YES	PROBABLE_ORTHOLOG
MBB3331185.1	EHJ91509.1	48.8	97.8	98.9	4.41e-173	505.0	YES	YES	POSSIBLE_ORTHOLOG
MBB3331186.1	EHJ91508.1	71.2	100.0	100.0	6.819999999999999e-95	271.0	YES	YES	HIGH_CONFIDENCE_FUNCTIONAL_ORTHOLOG
MBB3331187.1							YES	NO	NO_RELIABLE_ORTHOLOG
MBB3331188.1	EHJ91581.1	48.2	47.4	98.4	4.54e-66	211.0	YES	YES	NO_RELIABLE_ORTHOLOG
MBB3331189.1	EHJ91579.1	30.6	94.8	97.3	5.85e-11	52.4	YES	YES	NO_RELIABLE_ORTHOLOG
MBB3331190.1							YES	NO	NO_RELIABLE_ORTHOLOG
MBB3331191.1	EHJ94691.1	45.7	96.8	90.2	6.16e-20	74.3	YES	YES	POSSIBLE_ORTHOLOG
MBB3331192.1	EHJ91286.1	79.9	100.0	100.0	0.0	1429.0	YES	YES	HIGH_CONFIDENCE_FUNCTIONAL_ORTHOLOG
MBB3331193.1	EHJ94653.1	50.0	88.9	84.8	9.46e-36	116.0	YES	YES	POSSIBLE_ORTHOLOG
MBB3331194.1	EHJ91285.1	84.5	100.0	100.0	3.9099999999999997e-90	256.0	YES	YES	PROBABLE_ORTHOLOG
MBB3331195.1	EHJ93812.1	41.6	52.1	57.4	4.03e-09	49.7	YES	NO	NO_RELIABLE_ORTHOLOG
MBB3331196.1	EHJ92196.1	25.2	43.6	72.5	1.77e-08	52.8	YES	NO	NO_RELIABLE_ORTHOLOG
MBB3331197.1	EHJ91284.1	82.4	100.0	100.0	9.45e-121	337.0	YES	YES	VERY_HIGH_CONFIDENCE
MBB3331198.1	EHJ94915.1	69.5	98.0	99.3	1.66e-227	627.0	YES	YES	HIGH_CONFIDENCE_FUNCTIONAL_ORTHOLOG
MBB3331199.1							YES	NO	NO_RELIABLE_ORTHOLOG
MBB3331200.1							YES	NO	NO_RELIABLE_ORTHOLOG
MBB3331201.1							YES	NO	NO_RELIABLE_ORTHOLOG
MBB3331202.1							YES	NO	NO_RELIABLE_ORTHOLOG
MBB3331203.1							YES	NO	NO_RELIABLE_ORTHOLOG
MBB3331204.1	EHJ91283.1	92.6	99.8	99.8	3.09e-297	803.0	YES	YES	VERY_HIGH_CONFIDENCE
MBB3331205.1	EHJ91282.1	81.6	100.0	98.2	6.5000000000000004e-223	612.0	YES	YES	HIGH_CONFIDENCE_FUNCTIONAL_ORTHOLOG
MBB3331206.1	EHJ91281.1	89.5	100.0	98.7	7.05e-159	441.0	YES	YES	HIGH_CONFIDENCE_FUNCTIONAL_ORTHOLOG
MBB3331207.1	EHJ91280.1	78.6	100.0	100.0	5.6400000000000006e-192	535.0	YES	YES	HIGH_CONFIDENCE_FUNCTIONAL_ORTHOLOG
MBB3331208.1	EHJ91279.1	86.2	99.5	100.0	3.56e-267	727.0	YES	YES	HIGH_CONFIDENCE_FUNCTIONAL_ORTHOLOG
MBB3331209.1	EHJ91278.1	100.0	92.7	92.7	1.23e-49	148.0	YES	YES	HIGH_CONFIDENCE_FUNCTIONAL_ORTHOLOG
MBB3331210.1	EHJ91276.1	71.5	100.0	98.7	9.85e-159	442.0	YES	YES	HIGH_CONFIDENCE_FUNCTIONAL_ORTHOLOG
MBB3331211.1	EHJ91275.1	69.7	99.8	99.5	3.3e-317	872.0	YES	YES	HIGH_CONFIDENCE_FUNCTIONAL_ORTHOLOG
MBB3331212.1	EHJ91274.1	75.6	98.3	97.7	9.82e-261	715.0	YES	YES	HIGH_CONFIDENCE_FUNCTIONAL_ORTHOLOG
MBB3331213.1	EHJ91273.1	66.4	86.6	84.2	2.56e-69	205.0	YES	YES	HIGH_CONFIDENCE_FUNCTIONAL_ORTHOLOG
MBB3331214.1	EHJ91272.1	66.3	96.1	99.8	3.29e-212	593.0	YES	YES	HIGH_CONFIDENCE_FUNCTIONAL_ORTHOLOG
MBB3331215.1	EHJ91271.1	80.7	94.8	95.6	1.04e-216	593.0	YES	YES	VERY_HIGH_CONFIDENCE
MBB3331216.1	EHJ91270.1	76.8	98.5	96.0	9.7e-107	301.0	YES	YES	HIGH_CONFIDENCE_FUNCTIONAL_ORTHOLOG
MBB3331217.1	EHJ91269.1	77.0	99.1	98.8	8.02e-184	508.0	YES	YES	HIGH_CONFIDENCE_FUNCTIONAL_ORTHOLOG
MBB3331218.1	EHJ91268.1	73.5	99.6	97.9	3.31e-153	426.0	YES	YES	PROBABLE_ORTHOLOG
MBB3331219.1	EHJ91267.1	70.8	94.1	97.5	4.1099999999999996e-140	393.0	YES	YES	HIGH_CONFIDENCE_FUNCTIONAL_ORTHOLOG
MBB3331220.1	EHJ91266.1	68.9	98.8	94.7	3.38e-153	430.0	YES	YES	HIGH_CONFIDENCE_FUNCTIONAL_ORTHOLOG
MBB3331221.1	EHJ91265.1	90.4	100.0	100.0	9.43e-127	351.0	YES	YES	HIGH_CONFIDENCE_FUNCTIONAL_ORTHOLOG
MBB3331222.1	EHJ91264.1	75.7	93.3	93.3	3.8099999999999997e-178	494.0	YES	YES	HIGH_CONFIDENCE_FUNCTIONAL_ORTHOLOG
MBB3331223.1	EHJ91253.1	86.9	99.8	99.8	0.0	991.0	YES	YES	VERY_HIGH_CONFIDENCE
MBB3331224.1	EHJ91252.1	75.4	98.6	94.8	4.18e-120	342.0	YES	YES	PROBABLE_ORTHOLOG
MBB3331225.1	EHJ91245.1	67.8	76.8	99.0	8.220000000000001e-129	370.0	YES	YES	HIGH_CONFIDENCE_FUNCTIONAL_ORTHOLOG
MBB3331226.1	EHJ91244.1	84.0	99.3	99.6	0.0	1250.0	YES	YES	VERY_HIGH_CONFIDENCE
MBB3331227.1	EHJ91242.1	84.5	99.8	99.0	0.0	1076.0	YES	YES	VERY_HIGH_CONFIDENCE
MBB3331228.1							YES	NO	NO_RELIABLE_ORTHOLOG
MBB3331229.1	EHJ91241.1	75.1	98.6	98.2	3.22e-308	841.0	YES	YES	HIGH_CONFIDENCE_FUNCTIONAL_ORTHOLOG
MBB3331230.1	EHJ91240.1	80.9	96.1	99.6	2.46e-142	396.0	YES	YES	VERY_HIGH_CONFIDENCE
MBB3331231.1	EHJ91239.1	79.0	99.7	99.7	2.21e-199	547.0	YES	YES	HIGH_CONFIDENCE_FUNCTIONAL_ORTHOLOG
MBB3331232.1	EHJ91226.1	75.5	99.6	99.4	1.18e-262	719.0	YES	YES	HIGH_CONFIDENCE_FUNCTIONAL_ORTHOLOG
MBB3331233.1	EHJ91225.1	88.2	92.0	100.0	2.79e-198	542.0	YES	YES	PROBABLE_ORTHOLOG
MBB3331234.1	EHJ91224.1	57.5	98.8	99.6	2.79e-107	307.0	YES	YES	POSSIBLE_ORTHOLOG
MBB3331235.1	EHJ91223.1	69.6	100.0	98.7	6.8e-76	219.0	YES	YES	HIGH_CONFIDENCE_FUNCTIONAL_ORTHOLOG
MBB3331236.1	EHJ91222.1	69.9	98.1	89.3	5.669999999999999e-106	301.0	YES	YES	HIGH_CONFIDENCE_FUNCTIONAL_ORTHOLOG
MBB3331237.1							YES	NO	NO_RELIABLE_ORTHOLOG
MBB3331238.1	EHJ91221.1	67.1	76.3	99.4	1.56e-68	204.0	YES	YES	PROBABLE_ORTHOLOG
MBB3331239.1	EHJ91219.1	75.9	97.2	98.9	2.4099999999999998e-92	263.0	YES	YES	HIGH_CONFIDENCE_FUNCTIONAL_ORTHOLOG
MBB3331240.1							YES	NO	NO_RELIABLE_ORTHOLOG
MBB3331241.1	EHJ92933.1	56.0	100.0	100.0	3.95e-33	106.0	YES	YES	POSSIBLE_ORTHOLOG
MBB3331242.1	EHJ91217.1	54.9	99.7	99.1	1.42e-124	358.0	YES	YES	POSSIBLE_ORTHOLOG
MBB3331243.1	EHJ91216.1	67.3	90.7	93.2	4.6800000000000005e-121	344.0	YES	YES	HIGH_CONFIDENCE_FUNCTIONAL_ORTHOLOG
MBB3331244.1	EHJ91297.1	29.1	97.0	96.9	2.42e-38	143.0	YES	NO	FUNCTION_CONFLICT
MBB3331245.1	EHJ92827.1	31.7	98.9	99.7	6.44e-151	473.0	YES	NO	NO_RELIABLE_ORTHOLOG
MBB3331246.1	EHJ91152.1	32.7	26.4	28.3	2.14e-07	49.3	YES	NO	NO_RELIABLE_ORTHOLOG
MBB3331247.1	EHJ93231.1	30.2	54.8	59.9	3.05e-12	63.5	YES	NO	NO_RELIABLE_ORTHOLOG
MBB3331248.1	EHJ93377.1	34.9	93.7	94.6	1.8e-80	256.0	YES	NO	NO_RELIABLE_ORTHOLOG
MBB3331249.1							YES	NO	NO_RELIABLE_ORTHOLOG
MBB3331250.1	EHJ92489.1	78.6	84.0	45.2	1.28e-17	66.2	YES	NO	NO_RELIABLE_ORTHOLOG
MBB3331251.1							YES	NO	NO_RELIABLE_ORTHOLOG
MBB3331252.1							YES	NO	NO_RELIABLE_ORTHOLOG
MBB3331253.1							YES	NO	NO_RELIABLE_ORTHOLOG
MBB3331254.1							YES	NO	NO_RELIABLE_ORTHOLOG
MBB3331255.1	EHJ93015.1	47.7	86.7	85.5	1.41e-35	117.0	YES	YES	POSSIBLE_ORTHOLOG
MBB3331256.1	EHJ92606.1	30.8	88.8	88.9	4.1300000000000004e-35	127.0	YES	NO	NO_RELIABLE_ORTHOLOG
MBB3331257.1							YES	NO	NO_RELIABLE_ORTHOLOG
MBB3331258.1	EHJ94457.1	71.6	100.0	100.0	3.58e-126	353.0	YES	YES	PROBABLE_ORTHOLOG
MBB3331259.1	EHJ93496.1	33.6	88.0	91.2	2.18e-37	132.0	YES	NO	NO_RELIABLE_ORTHOLOG
MBB3331260.1							YES	NO	NO_RELIABLE_ORTHOLOG
MBB3331261.1							YES	NO	NO_RELIABLE_ORTHOLOG
MBB3331262.1	EHJ93506.1	85.5	99.4	99.4	1.3e-108	304.0	YES	YES	VERY_HIGH_CONFIDENCE
MBB3331263.1							YES	NO	NO_RELIABLE_ORTHOLOG
MBB3331264.1	EHJ92787.1	30.1	28.1	41.2	7.36e-06	45.1	YES	NO	NO_RELIABLE_ORTHOLOG
MBB3331265.1	EHJ94227.1	35.2	91.6	76.0	3.44e-53	182.0	YES	NO	NO_RELIABLE_ORTHOLOG
MBB3331266.1	EHJ92662.1	70.2	100.0	100.0	1.84e-97	282.0	YES	YES	PROBABLE_ORTHOLOG
MBB3331267.1	EHJ92661.1	61.0	93.0	90.1	6.95e-55	167.0	YES	YES	HIGH_CONFIDENCE_FUNCTIONAL_ORTHOLOG
MBB3331268.1	EHJ93942.1	64.9	97.5	98.0	8.78e-299	824.0	YES	YES	PROBABLE_ORTHOLOG
MBB3331269.1	EHJ94692.1	70.8	93.3	97.4	2.67e-94	270.0	YES	YES	HIGH_CONFIDENCE_FUNCTIONAL_ORTHOLOG
MBB3331270.1	EHJ92572.1	64.2	99.5	99.0	1.3200000000000001e-88	255.0	YES	YES	PROBABLE_ORTHOLOG
MBB3331271.1							YES	NO	NO_RELIABLE_ORTHOLOG
MBB3331272.1	EHJ92256.1	46.7	63.4	71.3	1.27e-74	232.0	YES	NO	NO_RELIABLE_ORTHOLOG
MBB3331273.1	EHJ92366.1	30.7	88.5	88.8	1.45e-40	140.0	YES	NO	NO_RELIABLE_ORTHOLOG
MBB3331274.1	EHJ92365.1	33.9	91.0	95.1	7.440000000000001e-31	112.0	YES	NO	NO_RELIABLE_ORTHOLOG
MBB3331275.1	EHJ93957.1	77.3	99.2	100.0	4.4899999999999996e-138	386.0	YES	YES	HIGH_CONFIDENCE_FUNCTIONAL_ORTHOLOG
MBB3331276.1	EHJ92658.1	72.1	98.3	98.3	3.14e-149	417.0	YES	YES	PROBABLE_ORTHOLOG
MBB3331277.1	EHJ92657.1	89.1	100.0	100.0	0.0	903.0	YES	YES	VERY_HIGH_CONFIDENCE
MBB3331278.1	EHJ92656.1	79.2	99.1	97.3	0.0	903.0	YES	YES	HIGH_CONFIDENCE_FUNCTIONAL_ORTHOLOG
MBB3331279.1	EHJ92655.1	94.0	98.5	100.0	5.66e-44	132.0	YES	YES	PARALOG_AMBIGUOUS
MBB3331280.1	EHJ92654.1	81.3	100.0	100.0	0.0	912.0	YES	YES	PROBABLE_ORTHOLOG
MBB3331281.1	EHJ92653.1	76.4	99.1	99.5	8.33e-126	352.0	YES	YES	PROBABLE_ORTHOLOG
MBB3331282.1	EHJ92509.1	54.6	98.0	95.8	1.5500000000000002e-157	447.0	YES	NO	POSSIBLE_ORTHOLOG
MBB3331283.1	EHJ91943.1	34.5	62.5	94.0	1.01e-44	155.0	YES	NO	NO_RELIABLE_ORTHOLOG
MBB3331284.1							YES	NO	NO_RELIABLE_ORTHOLOG
MBB3331285.1	EHJ92652.1	48.5	90.6	97.1	2.11e-47	152.0	YES	YES	POSSIBLE_ORTHOLOG
MBB3331286.1	EHJ92651.1	59.6	95.1	94.2	2.28e-164	471.0	YES	YES	POSSIBLE_ORTHOLOG
MBB3331287.1	EHJ92650.1	70.1	100.0	100.0	2.5e-248	685.0	YES	YES	PROBABLE_ORTHOLOG
MBB3331288.1	EHJ92649.1	55.2	92.5	93.1	2.61e-172	499.0	YES	YES	POSSIBLE_ORTHOLOG
MBB3331289.1	EHJ92647.1	81.9	100.0	100.0	5.3599999999999996e-282	767.0	YES	YES	PROBABLE_ORTHOLOG
MBB3331290.1	EHJ93343.1	71.2	98.0	99.1	3.8899999999999996e-186	514.0	YES	YES	PROBABLE_ORTHOLOG
MBB3331291.1	EHJ93341.1	69.7	92.5	92.1	2.6000000000000002e-110	314.0	YES	YES	HIGH_CONFIDENCE_FUNCTIONAL_ORTHOLOG
MBB3331292.1	EHJ93340.1	51.0	94.1	98.8	1.81e-173	497.0	YES	YES	POSSIBLE_ORTHOLOG
MBB3331293.1	EHJ93359.1	76.8	98.2	99.8	0.0	913.0	YES	YES	PROBABLE_ORTHOLOG
MBB3331294.1	EHJ93339.1	65.6	87.8	100.0	1.7399999999999999e-220	617.0	YES	YES	PROBABLE_ORTHOLOG
MBB3331295.1	EHJ94322.1	38.4	87.2	85.6	3.92e-45	151.0	YES	YES	NO_RELIABLE_ORTHOLOG
MBB3331296.1	EHJ93338.1	81.9	94.1	87.0	1.0600000000000001e-166	463.0	YES	YES	PROBABLE_ORTHOLOG
MBB3331297.1	EHJ93337.1	78.4	99.7	100.0	1.7399999999999999e-205	562.0	YES	YES	PROBABLE_ORTHOLOG
MBB3331298.1							YES	NO	NO_RELIABLE_ORTHOLOG
MBB3331299.1							YES	NO	NO_RELIABLE_ORTHOLOG
MBB3331300.1							YES	NO	NO_RELIABLE_ORTHOLOG
MBB3331301.1	EHJ93333.1	85.9	100.0	100.0	0.0	932.0	YES	YES	VERY_HIGH_CONFIDENCE
MBB3331302.1	EHJ93331.1	68.8	95.4	98.3	2.03e-107	306.0	YES	YES	HIGH_CONFIDENCE_FUNCTIONAL_ORTHOLOG
MBB3331303.1	EHJ94542.1	80.8	99.0	97.4	1.24e-223	613.0	YES	YES	HIGH_CONFIDENCE_FUNCTIONAL_ORTHOLOG
MBB3331304.1	EHJ94697.1	83.5	99.5	99.5	3.0799999999999998e-242	659.0	YES	YES	PROBABLE_ORTHOLOG
MBB3331305.1	EHJ93512.1	48.2	40.8	89.0	9.59e-39	132.0	YES	YES	NO_RELIABLE_ORTHOLOG
MBB3331306.1							YES	NO	NO_RELIABLE_ORTHOLOG
MBB3331307.1	EHJ94747.1	51.9	95.0	97.2	9.98e-91	268.0	YES	YES	POSSIBLE_ORTHOLOG
MBB3331308.1							YES	NO	NO_RELIABLE_ORTHOLOG
MBB3331309.1	EHJ93608.1	32.1	80.0	100.0	7.01e-10	48.5	YES	YES	NO_RELIABLE_ORTHOLOG
MBB3331310.1	EHJ93607.1	53.2	95.1	95.1	2.71e-23	81.6	YES	YES	PARALOG_AMBIGUOUS
MBB3331311.1	EHJ93929.1	72.3	97.9	97.9	9.43e-99	281.0	YES	YES	PROBABLE_ORTHOLOG
MBB3331312.1	EHJ94697.1	83.6	96.8	98.1	5.96e-239	650.0	YES	NO	POSSIBLE_ORTHOLOG
MBB3331313.1							YES	NO	NO_RELIABLE_ORTHOLOG
MBB3331314.1	EHJ91943.1	36.4	69.1	93.3	3.15e-53	176.0	YES	NO	NO_RELIABLE_ORTHOLOG
MBB3331315.1							YES	NO	NO_RELIABLE_ORTHOLOG
MBB3331316.1							YES	NO	NO_RELIABLE_ORTHOLOG
MBB3331317.1	EHJ91513.1	87.2	40.3	80.6	5.37e-85	251.0	YES	YES	NO_RELIABLE_ORTHOLOG
MBB3331318.1	EHJ91974.1	30.0	86.3	77.8	9.01e-08	42.4	YES	NO	NO_RELIABLE_ORTHOLOG
MBB3331319.1							YES	NO	NO_RELIABLE_ORTHOLOG
MBB3331320.1							YES	NO	NO_RELIABLE_ORTHOLOG
MBB3331321.1	EHJ94042.1	38.1	87.7	91.4	3.01e-44	147.0	YES	YES	NO_RELIABLE_ORTHOLOG
MBB3331322.1	EHJ94040.1	47.9	99.3	96.4	2.93e-85	255.0	YES	YES	POSSIBLE_ORTHOLOG
MBB3331323.1	EHJ94041.1	39.0	78.9	72.1	7.18e-12	56.6	YES	YES	NO_RELIABLE_ORTHOLOG
MBB3331324.1	EHJ93337.1	47.5	99.0	93.0	3.45e-100	295.0	YES	NO	NO_RELIABLE_ORTHOLOG
MBB3331325.1	EHJ94322.1	30.9	86.9	95.5	5.92e-37	130.0	YES	NO	NO_RELIABLE_ORTHOLOG
MBB3331326.1							YES	NO	NO_RELIABLE_ORTHOLOG
MBB3331327.1							YES	NO	NO_RELIABLE_ORTHOLOG
MBB3331328.1							YES	NO	NO_RELIABLE_ORTHOLOG
MBB3331329.1	EHJ92663.1	40.0	15.1	17.6	1.88e-24	107.0	YES	YES	NO_RELIABLE_ORTHOLOG
MBB3331330.1	EHJ92664.1	31.5	66.7	69.0	2.65e-30	117.0	YES	YES	NO_RELIABLE_ORTHOLOG
MBB3331331.1	EHJ94032.1	63.0	96.0	99.3	6.53e-127	360.0	YES	YES	PROBABLE_ORTHOLOG
MBB3331332.1							YES	NO	NO_RELIABLE_ORTHOLOG
MBB3331333.1	EHJ93332.1	72.6	97.8	96.9	7.5e-116	327.0	YES	YES	HIGH_CONFIDENCE_FUNCTIONAL_ORTHOLOG
MBB3331334.1	EHJ93294.1	55.0	93.7	97.1	1.12e-96	283.0	YES	YES	POSSIBLE_ORTHOLOG
MBB3331335.1	EHJ93351.1	55.1	88.4	84.8	1.09e-62	189.0	YES	YES	POSSIBLE_ORTHOLOG
MBB3331336.1	EHJ93330.1	76.4	96.5	99.4	1.33e-87	251.0	YES	YES	HIGH_CONFIDENCE_FUNCTIONAL_ORTHOLOG
MBB3331337.1	EHJ93225.1	61.6	95.8	97.1	3.4899999999999995e-54	164.0	YES	YES	PROBABLE_ORTHOLOG
MBB3331338.1	EHJ93329.1	84.8	95.7	98.7	1.3900000000000002e-144	400.0	YES	YES	PROBABLE_ORTHOLOG
MBB3331339.1	EHJ93328.1	69.6	99.1	98.8	2.4599999999999998e-172	479.0	YES	YES	HIGH_CONFIDENCE_FUNCTIONAL_ORTHOLOG
MBB3331340.1	EHJ93327.1	71.1	91.0	83.9	0.0	940.0	YES	YES	PROBABLE_ORTHOLOG
MBB3331341.1	EHJ93325.1	61.8	97.5	96.9	8.61e-209	584.0	YES	YES	PROBABLE_ORTHOLOG
MBB3331342.1	EHJ93323.1	62.4	86.2	89.3	1.8e-54	165.0	YES	YES	HIGH_CONFIDENCE_FUNCTIONAL_ORTHOLOG
MBB3331343.1	EHJ93322.1	81.3	98.4	99.6	5.329999999999999e-137	382.0	YES	YES	VERY_HIGH_CONFIDENCE
MBB3331344.1	EHJ93321.1	72.9	99.0	100.0	1.12e-221	610.0	YES	YES	HIGH_CONFIDENCE_FUNCTIONAL_ORTHOLOG
MBB3331345.1	EHJ93320.1	63.2	97.6	97.6	3.3399999999999997e-180	508.0	YES	YES	HIGH_CONFIDENCE_FUNCTIONAL_ORTHOLOG
MBB3331346.1	EHJ93319.1	70.9	98.1	96.2	9.8e-121	342.0	YES	YES	HIGH_CONFIDENCE_FUNCTIONAL_ORTHOLOG
MBB3331347.1	EHJ93318.1	88.3	98.1	98.8	7.22e-246	672.0	YES	YES	HIGH_CONFIDENCE_FUNCTIONAL_ORTHOLOG
MBB3331348.1	EHJ93316.1	58.5	92.7	91.6	1.28e-92	271.0	YES	YES	POSSIBLE_ORTHOLOG
MBB3331349.1	EHJ93324.1	64.5	99.1	99.1	6.3e-96	276.0	YES	YES	PROBABLE_ORTHOLOG
MBB3331350.1	EHJ94631.1	28.7	67.2	65.7	6.07e-14	69.3	YES	YES	NO_RELIABLE_ORTHOLOG
MBB3331351.1	EHJ94858.1	43.1	94.1	92.3	4.9599999999999995e-89	270.0	YES	YES	POSSIBLE_ORTHOLOG
MBB3331352.1	EHJ94857.1	30.4	93.0	90.2	2.8099999999999997e-38	137.0	YES	YES	NO_RELIABLE_ORTHOLOG
MBB3331353.1	EHJ92366.1	38.2	52.6	72.6	3.48e-40	142.0	YES	NO	NO_RELIABLE_ORTHOLOG
MBB3331354.1	EHJ94855.1	34.9	88.0	91.5	2.36e-34	122.0	YES	YES	NO_RELIABLE_ORTHOLOG
MBB3331355.1	EHJ93309.1	78.2	100.0	99.9	0.0	1085.0	YES	YES	HIGH_CONFIDENCE_FUNCTIONAL_ORTHOLOG
MBB3331356.1	EHJ93308.1	72.8	98.7	99.0	9.010000000000001e-209	576.0	YES	YES	HIGH_CONFIDENCE_FUNCTIONAL_ORTHOLOG
MBB3331357.1	EHJ93307.1	71.0	97.1	99.0	1.53e-138	391.0	YES	YES	PROBABLE_ORTHOLOG
MBB3331358.1							YES	NO	NO_RELIABLE_ORTHOLOG
MBB3331359.1	EHJ93058.1	69.3	91.5	91.0	3.9099999999999996e-146	410.0	YES	YES	HIGH_CONFIDENCE_FUNCTIONAL_ORTHOLOG
MBB3331360.1	EHJ93057.1	79.6	100.0	100.0	1.52e-250	682.0	YES	YES	PROBABLE_ORTHOLOG
MBB3331361.1	EHJ91115.1	70.3	96.6	98.0	8.42e-306	838.0	YES	YES	PROBABLE_ORTHOLOG
MBB3331362.1	EHJ93300.1	90.2	99.8	99.1	0.0	1164.0	YES	YES	VERY_HIGH_CONFIDENCE
MBB3331363.1	EHJ93299.1	83.0	98.2	96.0	2.6e-135	376.0	YES	YES	VERY_HIGH_CONFIDENCE
MBB3331364.1	EHJ91403.1	80.1	100.0	86.4	4.25e-150	419.0	YES	NO	POSSIBLE_ORTHOLOG
MBB3331365.1	EHJ93247.1	46.6	55.2	98.2	2.6500000000000003e-72	228.0	YES	NO	NO_RELIABLE_ORTHOLOG
MBB3331366.1	EHJ91457.1	87.8	99.6	91.4	7.97e-155	428.0	YES	NO	POSSIBLE_ORTHOLOG
MBB3331367.1	EHJ91458.1	86.5	98.4	98.8	2.9200000000000002e-148	410.0	YES	NO	POSSIBLE_ORTHOLOG
MBB3331368.1	EHJ91460.1	88.1	100.0	94.9	1.96e-178	491.0	YES	NO	POSSIBLE_ORTHOLOG
MBB3331369.1	EHJ91461.1	86.1	96.9	100.0	1.18e-198	544.0	YES	YES	PROBABLE_ORTHOLOG
MBB3331370.1	EHJ94568.1	63.0	99.8	99.0	2.47e-172	484.0	YES	NO	FUNCTION_CONFLICT
MBB3331371.1	EHJ92638.1	33.8	97.7	100.0	5.729999999999999e-42	146.0	YES	YES	NO_RELIABLE_ORTHOLOG
MBB3331372.1							YES	NO	NO_RELIABLE_ORTHOLOG
MBB3331373.1							YES	NO	NO_RELIABLE_ORTHOLOG
MBB3331374.1							YES	NO	NO_RELIABLE_ORTHOLOG
MBB3331375.1	EHJ91148.1	29.8	94.9	96.1	6.149999999999999e-54	180.0	YES	YES	NO_RELIABLE_ORTHOLOG
MBB3331376.1	EHJ91147.1	44.1	97.2	96.4	1.2500000000000001e-73	225.0	YES	YES	POSSIBLE_ORTHOLOG
MBB3331377.1	EHJ91146.1	34.6	75.2	77.5	1.17e-49	167.0	YES	YES	NO_RELIABLE_ORTHOLOG
MBB3331378.1	EHJ91145.1	45.0	88.5	95.2	7.649999999999999e-68	207.0	YES	YES	POSSIBLE_ORTHOLOG
MBB3331379.1	EHJ91144.1	46.8	92.1	100.0	1.7100000000000002e-72	218.0	YES	YES	POSSIBLE_ORTHOLOG
MBB3331380.1							YES	NO	NO_RELIABLE_ORTHOLOG
MBB3331381.1							YES	NO	NO_RELIABLE_ORTHOLOG
MBB3331382.1	EHJ94870.1	27.1	88.9	87.0	9.310000000000001e-21	87.0	YES	NO	NO_RELIABLE_ORTHOLOG
MBB3331383.1							YES	NO	NO_RELIABLE_ORTHOLOG
MBB3331384.1	EHJ92604.1	36.3	94.4	92.3	3.78e-88	275.0	YES	YES	NO_RELIABLE_ORTHOLOG
MBB3331385.1							YES	NO	NO_RELIABLE_ORTHOLOG
MBB3331386.1	EHJ92969.1	54.4	79.2	93.3	1.04e-34	114.0	YES	YES	POSSIBLE_ORTHOLOG
MBB3331387.1							YES	NO	NO_RELIABLE_ORTHOLOG
MBB3331388.1	EHJ92672.1	32.6	76.4	78.3	1.46e-16	73.2	YES	NO	NO_RELIABLE_ORTHOLOG
MBB3331389.1	EHJ93347.1	77.4	99.1	99.4	7.96e-185	510.0	YES	YES	HIGH_CONFIDENCE_FUNCTIONAL_ORTHOLOG
MBB3331390.1	EHJ92968.1	89.0	96.5	99.6	0.0	906.0	YES	YES	PROBABLE_ORTHOLOG
MBB3331391.1	EHJ92967.1	55.0	69.0	72.0	1.01e-07	40.4	YES	YES	NO_RELIABLE_ORTHOLOG
MBB3331392.1	EHJ91101.1	69.1	99.0	99.4	4.73e-133	377.0	YES	YES	HIGH_CONFIDENCE_FUNCTIONAL_ORTHOLOG
MBB3331393.1	EHJ91100.1	71.8	98.5	96.5	5.8500000000000006e-185	516.0	YES	YES	PROBABLE_ORTHOLOG
MBB3331394.1	EHJ92962.1	80.6	95.2	95.4	1.99e-257	704.0	YES	YES	HIGH_CONFIDENCE_FUNCTIONAL_ORTHOLOG
MBB3331395.1							YES	NO	NO_RELIABLE_ORTHOLOG
MBB3331396.1							YES	NO	NO_RELIABLE_ORTHOLOG
MBB3331397.1							YES	NO	NO_RELIABLE_ORTHOLOG
MBB3331398.1							YES	NO	NO_RELIABLE_ORTHOLOG
MBB3331399.1							YES	NO	NO_RELIABLE_ORTHOLOG
MBB3331400.1	EHJ91124.1	31.7	16.9	9.8	7.03e-06	45.1	YES	NO	NO_RELIABLE_ORTHOLOG
MBB3331401.1							YES	NO	NO_RELIABLE_ORTHOLOG
MBB3331402.1							YES	NO	NO_RELIABLE_ORTHOLOG
MBB3331403.1							YES	NO	NO_RELIABLE_ORTHOLOG
MBB3331404.1							YES	NO	NO_RELIABLE_ORTHOLOG
MBB3331405.1	EHJ92588.1	33.9	41.5	17.3	1.06e-10	58.5	YES	YES	NO_RELIABLE_ORTHOLOG
MBB3331406.1							YES	NO	NO_RELIABLE_ORTHOLOG
MBB3331407.1							YES	NO	NO_RELIABLE_ORTHOLOG
MBB3331408.1							YES	NO	NO_RELIABLE_ORTHOLOG
MBB3331409.1							YES	NO	NO_RELIABLE_ORTHOLOG
MBB3331410.1							YES	NO	NO_RELIABLE_ORTHOLOG
MBB3331411.1							YES	NO	NO_RELIABLE_ORTHOLOG
MBB3331412.1							YES	NO	NO_RELIABLE_ORTHOLOG
MBB3331413.1	EHJ93868.1	29.5	85.9	85.6	1.1399999999999998e-42	151.0	YES	NO	NO_RELIABLE_ORTHOLOG
MBB3331414.1	EHJ92961.1	62.8	94.3	96.5	1.3400000000000001e-70	208.0	YES	YES	PROBABLE_ORTHOLOG
MBB3331415.1	EHJ92648.1	55.1	91.3	93.8	1.06e-108	318.0	YES	YES	POSSIBLE_ORTHOLOG
MBB3331416.1							YES	NO	NO_RELIABLE_ORTHOLOG
MBB3331417.1							YES	NO	NO_RELIABLE_ORTHOLOG
MBB3331418.1	EHJ93959.1	57.7	98.8	97.7	3.13e-216	609.0	YES	YES	POSSIBLE_ORTHOLOG
MBB3331419.1	EHJ93958.1	71.0	97.2	98.8	0.0	1071.0	YES	YES	PROBABLE_ORTHOLOG
MBB3331420.1	EHJ94034.1	56.0	98.6	98.6	3.54e-87	254.0	YES	YES	POSSIBLE_ORTHOLOG
MBB3331421.1							YES	NO	NO_RELIABLE_ORTHOLOG
MBB3331422.1							YES	NO	NO_RELIABLE_ORTHOLOG
MBB3331423.1							YES	NO	NO_RELIABLE_ORTHOLOG
MBB3331424.1							YES	NO	NO_RELIABLE_ORTHOLOG
MBB3331425.1							YES	NO	NO_RELIABLE_ORTHOLOG
MBB3331426.1							YES	NO	NO_RELIABLE_ORTHOLOG
MBB3331427.1	EHJ91407.1	27.7	63.4	82.6	8.1e-59	212.0	YES	YES	NO_RELIABLE_ORTHOLOG
MBB3331428.1	EHJ92960.1	86.0	96.6	90.9	2.28e-141	393.0	YES	YES	PROBABLE_ORTHOLOG
MBB3331429.1	EHJ92959.1	60.4	97.4	99.3	2.01e-211	595.0	YES	YES	HIGH_CONFIDENCE_FUNCTIONAL_ORTHOLOG
MBB3331430.1	EHJ92958.1	84.9	100.0	97.4	4.19e-194	531.0	YES	YES	HIGH_CONFIDENCE_FUNCTIONAL_ORTHOLOG
MBB3331431.1	EHJ92957.1	77.0	99.9	99.9	0.0	1187.0	YES	YES	HIGH_CONFIDENCE_FUNCTIONAL_ORTHOLOG
MBB3331432.1	EHJ93757.1	56.6	97.0	95.5	1.46e-90	264.0	YES	YES	POSSIBLE_ORTHOLOG
MBB3331433.1	EHJ92445.1	72.3	100.0	98.1	9.57e-100	284.0	YES	YES	HIGH_CONFIDENCE_FUNCTIONAL_ORTHOLOG
MBB3331434.1	EHJ93756.1	64.3	98.6	98.3	1.5799999999999998e-159	448.0	YES	YES	PROBABLE_ORTHOLOG
MBB3331435.1	EHJ94754.1	39.5	96.6	91.1	4.5600000000000005e-33	114.0	YES	YES	NO_RELIABLE_ORTHOLOG
MBB3331436.1	EHJ94413.1	39.3	89.9	91.2	1.92e-26	94.4	YES	NO	NO_RELIABLE_ORTHOLOG
MBB3331437.1	EHJ93755.1	88.4	100.0	100.0	7.2e-97	272.0	YES	YES	HIGH_CONFIDENCE_FUNCTIONAL_ORTHOLOG
MBB3331438.1	EHJ93754.1	66.2	94.6	94.8	4.84e-65	192.0	YES	YES	PROBABLE_ORTHOLOG
MBB3331439.1							YES	NO	NO_RELIABLE_ORTHOLOG
MBB3331440.1	EHJ93742.1	80.6	100.0	99.5	0.0	1636.0	YES	YES	VERY_HIGH_CONFIDENCE
MBB3331441.1	EHJ93740.1	60.7	98.7	91.6	5.44e-61	182.0	YES	YES	HIGH_CONFIDENCE_FUNCTIONAL_ORTHOLOG
MBB3331442.1	EHJ93739.1	84.3	98.9	97.8	1.21e-230	629.0	YES	YES	VERY_HIGH_CONFIDENCE
MBB3331443.1	EHJ93738.1	80.3	99.2	99.2	1.9299999999999998e-299	815.0	YES	YES	VERY_HIGH_CONFIDENCE
MBB3331444.1	EHJ93737.1	68.6	96.4	99.4	7.83e-162	454.0	YES	YES	HIGH_CONFIDENCE_FUNCTIONAL_ORTHOLOG
MBB3331445.1	EHJ93736.1	73.1	99.7	96.4	1.45e-183	509.0	YES	YES	PROBABLE_ORTHOLOG
MBB3331446.1	EHJ93735.1	60.0	96.8	97.5	9.82e-59	177.0	YES	YES	PROBABLE_ORTHOLOG
MBB3331447.1	EHJ93734.1	62.5	94.1	100.0	6.22e-25	84.7	YES	YES	HIGH_CONFIDENCE_FUNCTIONAL_ORTHOLOG
MBB3331448.1	EHJ93732.1	86.2	81.3	100.0	1.0700000000000001e-80	231.0	YES	YES	PROBABLE_ORTHOLOG
MBB3331449.1	EHJ94468.1	80.2	93.2	88.6	2.2200000000000003e-192	531.0	YES	YES	HIGH_CONFIDENCE_FUNCTIONAL_ORTHOLOG
MBB3331450.1	EHJ94469.1	82.8	97.3	98.5	4.5099999999999997e-159	439.0	YES	YES	PROBABLE_ORTHOLOG
MBB3331451.1	EHJ94470.1	85.8	99.6	99.2	1.17e-151	420.0	YES	YES	PROBABLE_ORTHOLOG
MBB3331452.1	EHJ93716.1	76.8	93.2	95.8	1.24e-36	114.0	YES	YES	HIGH_CONFIDENCE_FUNCTIONAL_ORTHOLOG
MBB3331453.1	EHJ93717.1	86.6	89.4	94.8	8.360000000000001e-160	442.0	YES	YES	PROBABLE_ORTHOLOG
MBB3331454.1	EHJ93718.1	73.6	98.0	96.9	4.17e-129	363.0	YES	YES	HIGH_CONFIDENCE_FUNCTIONAL_ORTHOLOG
MBB3331455.1	EHJ94295.1	64.1	94.3	92.2	1.2400000000000001e-169	476.0	YES	YES	PROBABLE_ORTHOLOG
MBB3331456.1	EHJ94850.1	88.0	92.2	100.0	9.129999999999999e-168	462.0	YES	YES	PROBABLE_ORTHOLOG
MBB3331457.1	EHJ94851.1	88.5	97.3	97.6	3.47e-184	505.0	YES	YES	PROBABLE_ORTHOLOG
MBB3331458.1	EHJ94852.1	84.1	100.0	100.0	1.2800000000000001e-273	743.0	YES	YES	PROBABLE_ORTHOLOG
MBB3331459.1	EHJ94853.1	75.3	92.8	90.5	3.4e-187	521.0	YES	YES	PROBABLE_ORTHOLOG
MBB3331460.1	EHJ94178.1	29.6	98.7	96.3	9.16e-22	87.0	YES	NO	NO_RELIABLE_ORTHOLOG
MBB3331461.1	EHJ92493.1	29.2	81.1	83.9	2.2e-22	95.1	YES	YES	NO_RELIABLE_ORTHOLOG
MBB3331462.1	EHJ93936.1	69.5	100.0	100.0	1.29e-107	305.0	YES	YES	PROBABLE_ORTHOLOG
MBB3331463.1	EHJ93937.1	91.1	82.7	99.6	3.66e-145	403.0	YES	YES	PROBABLE_ORTHOLOG
MBB3331464.1	EHJ93938.1	83.9	99.3	96.4	5.23e-159	440.0	YES	YES	PROBABLE_ORTHOLOG
MBB3331465.1	EHJ93939.1	80.4	99.6	99.6	3.55e-152	423.0	YES	YES	PROBABLE_ORTHOLOG
MBB3331466.1	EHJ93940.1	79.8	100.0	100.0	3.1399999999999996e-191	525.0	YES	YES	PROBABLE_ORTHOLOG
MBB3331467.1	EHJ93641.1	69.4	97.5	96.7	2.84e-215	597.0	YES	YES	PROBABLE_ORTHOLOG
MBB3331468.1							YES	NO	NO_RELIABLE_ORTHOLOG
MBB3331469.1	EHJ93688.1	78.1	98.6	98.8	0.0	918.0	YES	YES	HIGH_CONFIDENCE_FUNCTIONAL_ORTHOLOG
MBB3331470.1	EHJ93687.1	74.6	94.7	97.9	3.99e-129	362.0	YES	YES	HIGH_CONFIDENCE_FUNCTIONAL_ORTHOLOG
MBB3331471.1							YES	NO	NO_RELIABLE_ORTHOLOG
MBB3331472.1	EHJ93680.1	80.7	94.9	91.6	6.71e-234	642.0	YES	YES	PROBABLE_ORTHOLOG
MBB3331473.1	EHJ93679.1	85.3	100.0	100.0	5.04e-299	811.0	YES	YES	HIGH_CONFIDENCE_FUNCTIONAL_ORTHOLOG
MBB3331474.1	EHJ93678.1	90.0	100.0	8.8	1.49e-18	72.8	YES	NO	NO_RELIABLE_ORTHOLOG
MBB3331475.1	EHJ92885.1	74.2	99.2	98.5	5.89e-65	191.0	YES	YES	PROBABLE_ORTHOLOG
MBB3331476.1	EHJ92880.1	80.3	99.4	99.4	7.59e-85	244.0	YES	YES	PROBABLE_ORTHOLOG
MBB3331477.1	EHJ92332.1	27.7	97.5	97.2	1.67e-95	323.0	YES	NO	NO_RELIABLE_ORTHOLOG
MBB3331478.1							YES	NO	NO_RELIABLE_ORTHOLOG
MBB3331479.1	EHJ93592.1	39.3	99.2	98.5	2.83e-98	295.0	YES	NO	NO_RELIABLE_ORTHOLOG
MBB3331480.1	EHJ93246.1	33.2	78.5	74.4	1.18e-27	104.0	YES	NO	NO_RELIABLE_ORTHOLOG
MBB3331481.1	EHJ94492.1	41.1	93.9	95.0	9.309999999999999e-95	288.0	YES	NO	NO_RELIABLE_ORTHOLOG
MBB3331482.1	EHJ94493.1	29.1	68.7	81.1	7.97e-09	49.7	YES	NO	NO_RELIABLE_ORTHOLOG
MBB3331483.1	EHJ94838.1	37.2	91.4	91.1	3.95e-57	184.0	YES	NO	NO_RELIABLE_ORTHOLOG
MBB3331484.1	EHJ92885.1	35.8	88.9	96.3	8.64e-10	50.8	YES	NO	NO_RELIABLE_ORTHOLOG
MBB3331485.1	EHJ94814.1	28.4	88.7	86.8	1.2000000000000002e-21	86.3	YES	NO	NO_RELIABLE_ORTHOLOG
MBB3331486.1	EHJ92442.1	82.4	95.1	96.3	1.86e-167	464.0	YES	YES	PROBABLE_ORTHOLOG
MBB3331487.1							YES	NO	NO_RELIABLE_ORTHOLOG
MBB3331488.1	EHJ92443.1	84.9	99.8	100.0	0.0	918.0	YES	YES	PROBABLE_ORTHOLOG
MBB3331489.1							YES	NO	NO_RELIABLE_ORTHOLOG
MBB3331490.1	EHJ93409.1	73.1	98.8	98.8	4.33e-175	486.0	YES	YES	PROBABLE_ORTHOLOG
MBB3331491.1	EHJ92447.1	71.4	97.3	98.6	2.43e-149	417.0	YES	YES	PROBABLE_ORTHOLOG
MBB3331492.1	EHJ92448.1	67.6	95.6	99.5	2.83e-190	528.0	YES	YES	HIGH_CONFIDENCE_FUNCTIONAL_ORTHOLOG
MBB3331493.1	EHJ92449.1	75.1	92.3	92.6	7.269999999999999e-165	458.0	YES	YES	PROBABLE_ORTHOLOG
MBB3331494.1	EHJ92455.1	71.6	98.4	97.8	3.48e-147	413.0	YES	YES	PROBABLE_ORTHOLOG
MBB3331495.1	EHJ92456.1	83.1	99.4	96.5	2.92e-226	617.0	YES	YES	VERY_HIGH_CONFIDENCE
MBB3331496.1	EHJ94592.1	69.7	54.1	71.7	2.1300000000000002e-129	375.0	YES	YES	NO_RELIABLE_ORTHOLOG
MBB3331497.1	EHJ94590.1	52.3	89.9	94.7	1.9599999999999998e-34	112.0	YES	YES	POSSIBLE_ORTHOLOG
MBB3331498.1	EHJ91449.1	41.2	83.5	86.5	1.27e-46	154.0	YES	YES	POSSIBLE_ORTHOLOG
MBB3331499.1	EHJ92454.1	72.1	94.5	96.6	1.68e-91	261.0	YES	YES	HIGH_CONFIDENCE_FUNCTIONAL_ORTHOLOG
MBB3331500.1							YES	NO	NO_RELIABLE_ORTHOLOG
MBB3331501.1	EHJ92460.1	62.5	97.0	99.4	5.23e-147	414.0	YES	YES	HIGH_CONFIDENCE_FUNCTIONAL_ORTHOLOG
MBB3331502.1	EHJ92461.1	89.8	100.0	100.0	4.99e-167	459.0	YES	YES	PROBABLE_ORTHOLOG
MBB3331503.1	EHJ92462.1	83.2	99.6	99.6	9.05e-138	383.0	YES	YES	PROBABLE_ORTHOLOG
MBB3331504.1	EHJ92463.1	89.2	99.6	96.8	2.3899999999999998e-150	416.0	YES	YES	HIGH_CONFIDENCE_FUNCTIONAL_ORTHOLOG
MBB3331505.1	EHJ92464.1	79.3	100.0	99.6	1.73e-151	419.0	YES	YES	PROBABLE_ORTHOLOG
MBB3331506.1							YES	NO	NO_RELIABLE_ORTHOLOG
MBB3331507.1	EHJ92464.1	54.8	91.6	92.6	4.63e-99	287.0	YES	NO	POSSIBLE_ORTHOLOG
MBB3331508.1	EHJ91652.1	43.2	99.2	96.1	6.05e-90	273.0	YES	YES	POSSIBLE_ORTHOLOG
MBB3331509.1	EHJ92788.1	39.3	93.4	98.6	1.63e-124	385.0	YES	YES	NO_RELIABLE_ORTHOLOG
MBB3331510.1	EHJ92465.1	69.2	94.4	94.8	4.38e-125	353.0	YES	YES	HIGH_CONFIDENCE_FUNCTIONAL_ORTHOLOG
MBB3331511.1							YES	NO	NO_RELIABLE_ORTHOLOG
MBB3331512.1	EHJ91998.1	24.8	47.9	62.0	2.76e-11	61.6	YES	NO	NO_RELIABLE_ORTHOLOG
MBB3331513.1							YES	NO	NO_RELIABLE_ORTHOLOG
MBB3331514.1							YES	NO	NO_RELIABLE_ORTHOLOG
MBB3331515.1	EHJ92467.1	80.1	98.1	97.6	1.07e-220	605.0	YES	YES	VERY_HIGH_CONFIDENCE
MBB3331516.1	EHJ92468.1	91.1	90.8	96.3	1.28e-94	268.0	YES	YES	VERY_HIGH_CONFIDENCE
MBB3331517.1	EHJ93587.1	84.9	98.1	98.4	0.0	1079.0	YES	YES	PROBABLE_ORTHOLOG
MBB3331518.1	EHJ93588.1	58.7	80.8	81.2	8.03e-51	157.0	YES	YES	POSSIBLE_ORTHOLOG
MBB3331519.1	EHJ93589.1	81.1	96.2	99.7	1.1699999999999999e-180	498.0	YES	YES	HIGH_CONFIDENCE_FUNCTIONAL_ORTHOLOG
MBB3331520.1	EHJ93044.1	28.3	52.8	57.8	3.37e-07	48.5	YES	NO	NO_RELIABLE_ORTHOLOG
MBB3331521.1							YES	NO	NO_RELIABLE_ORTHOLOG
MBB3331522.1	EHJ94710.1	71.8	98.1	100.0	7.45e-237	654.0	YES	YES	PROBABLE_ORTHOLOG
MBB3331523.1	EHJ92470.1	81.1	89.8	93.0	6.200000000000001e-26	86.7	YES	YES	PROBABLE_ORTHOLOG
MBB3331524.1	EHJ91673.1	33.3	67.6	92.2	2.54e-28	104.0	YES	YES	NO_RELIABLE_ORTHOLOG
MBB3331525.1							YES	NO	NO_RELIABLE_ORTHOLOG
MBB3331526.1	EHJ94789.1	28.1	22.0	20.5	2.57e-12	67.8	YES	NO	NO_RELIABLE_ORTHOLOG
MBB3331527.1	EHJ92472.1	86.7	98.8	99.1	0.0	934.0	YES	YES	VERY_HIGH_CONFIDENCE
MBB3331528.1	EHJ91170.1	28.8	91.7	90.8	1.25e-07	43.9	YES	YES	NO_RELIABLE_ORTHOLOG
MBB3331529.1							YES	NO	NO_RELIABLE_ORTHOLOG
MBB3331530.1	EHJ92575.1	76.3	96.8	99.1	3.4199999999999994e-228	631.0	YES	YES	PROBABLE_ORTHOLOG
MBB3331531.1	EHJ92577.1	55.6	98.7	97.0	4.63e-88	256.0	YES	YES	POSSIBLE_ORTHOLOG
MBB3331532.1							YES	NO	NO_RELIABLE_ORTHOLOG
MBB3331533.1	EHJ92576.1	83.9	99.0	91.9	2.1400000000000002e-123	344.0	YES	YES	PROBABLE_ORTHOLOG
MBB3331534.1	EHJ92934.1	29.5	35.9	62.2	4.4e-26	111.0	YES	NO	NO_RELIABLE_ORTHOLOG
MBB3331535.1	EHJ92578.1	91.8	99.8	99.8	0.0	917.0	YES	YES	VERY_HIGH_CONFIDENCE
MBB3331536.1	EHJ92514.1	33.1	95.8	92.7	2.9599999999999997e-40	140.0	YES	YES	NO_RELIABLE_ORTHOLOG
MBB3331537.1	EHJ94615.1	82.8	98.3	100.0	0.0	1246.0	YES	YES	VERY_HIGH_CONFIDENCE
MBB3331538.1	EHJ93599.1	49.7	99.2	99.4	1.04e-151	439.0	YES	YES	POSSIBLE_ORTHOLOG
MBB3331539.1	EHJ93453.1	80.3	98.3	97.9	8.28e-155	431.0	YES	YES	PROBABLE_ORTHOLOG
MBB3331540.1	EHJ93454.1	52.6	93.2	100.0	1.11e-76	232.0	YES	YES	POSSIBLE_ORTHOLOG
MBB3331541.1	EHJ91208.1	36.5	96.7	99.8	8.149999999999999e-82	254.0	YES	NO	NO_RELIABLE_ORTHOLOG
MBB3331542.1	EHJ94493.1	28.0	78.9	76.8	2.82e-09	50.8	YES	NO	NO_RELIABLE_ORTHOLOG
MBB3331543.1	EHJ94838.1	30.9	74.0	74.5	9.43e-34	123.0	YES	NO	NO_RELIABLE_ORTHOLOG
MBB3331544.1	EHJ94814.1	81.1	100.0	100.0	2.81e-122	343.0	YES	YES	PROBABLE_ORTHOLOG
MBB3331545.1	EHJ92981.1	39.4	99.8	100.0	4.05e-112	334.0	YES	NO	NO_RELIABLE_ORTHOLOG
MBB3331546.1	EHJ94813.1	89.0	100.0	100.0	2.8e-207	567.0	YES	YES	PROBABLE_ORTHOLOG
MBB3331547.1	EHJ94812.1	75.0	99.4	99.4	5.9899999999999996e-93	265.0	YES	YES	HIGH_CONFIDENCE_FUNCTIONAL_ORTHOLOG
MBB3331548.1	EHJ94811.1	93.2	100.0	100.0	1.23e-289	785.0	YES	YES	HIGH_CONFIDENCE_FUNCTIONAL_ORTHOLOG
MBB3331549.1	EHJ94810.1	79.1	100.0	100.0	7.39e-262	715.0	YES	YES	HIGH_CONFIDENCE_FUNCTIONAL_ORTHOLOG
MBB3331550.1	EHJ94809.1	84.1	100.0	99.6	9.02e-315	853.0	YES	YES	PROBABLE_ORTHOLOG
MBB3331551.1							YES	NO	NO_RELIABLE_ORTHOLOG
MBB3331552.1	EHJ92320.1	25.2	82.6	82.0	4.0600000000000004e-32	129.0	YES	NO	NO_RELIABLE_ORTHOLOG
MBB3331553.1	EHJ94535.1	50.5	89.1	93.6	1.2700000000000001e-64	197.0	YES	YES	POSSIBLE_ORTHOLOG
MBB3331554.1	EHJ92492.1	48.0	90.4	99.1	7.14e-74	221.0	YES	YES	POSSIBLE_ORTHOLOG
MBB3331555.1	EHJ94870.1	42.8	97.7	97.7	4.890000000000001e-75	229.0	YES	NO	NO_RELIABLE_ORTHOLOG
MBB3331556.1	EHJ93095.1	33.7	79.1	81.6	1.28e-42	147.0	YES	NO	NO_RELIABLE_ORTHOLOG
MBB3331557.1	EHJ93587.1	35.9	93.6	95.5	2.36e-106	333.0	YES	NO	NO_RELIABLE_ORTHOLOG
MBB3331558.1	EHJ92567.1	76.5	100.0	95.5	1.11e-173	481.0	YES	YES	HIGH_CONFIDENCE_FUNCTIONAL_ORTHOLOG
MBB3331559.1							YES	NO	NO_RELIABLE_ORTHOLOG
MBB3331560.1	EHJ93095.1	35.6	96.6	98.4	1.61e-51	170.0	YES	YES	NO_RELIABLE_ORTHOLOG
MBB3331561.1	EHJ92566.1	70.6	94.0	100.0	1.17e-106	302.0	YES	YES	HIGH_CONFIDENCE_FUNCTIONAL_ORTHOLOG
MBB3331562.1							YES	NO	NO_RELIABLE_ORTHOLOG
MBB3331563.1	EHJ93640.1	39.4	44.3	36.9	3.24e-13	63.5	YES	NO	NO_RELIABLE_ORTHOLOG
MBB3331564.1	EHJ92475.1	61.6	98.2	99.8	0.0	1413.0	YES	YES	HIGH_CONFIDENCE_FUNCTIONAL_ORTHOLOG
MBB3331565.1	EHJ92478.1	54.2	97.8	99.5	0.0	1279.0	YES	YES	POSSIBLE_ORTHOLOG
MBB3331566.1	EHJ92479.1	60.2	98.7	97.1	8.39e-285	798.0	YES	YES	HIGH_CONFIDENCE_FUNCTIONAL_ORTHOLOG
MBB3331567.1							YES	NO	NO_RELIABLE_ORTHOLOG
MBB3331568.1	EHJ94635.1	82.2	98.9	98.9	1.6100000000000001e-173	476.0	YES	YES	HIGH_CONFIDENCE_FUNCTIONAL_ORTHOLOG
MBB3331569.1	EHJ94636.1	82.6	99.1	99.1	8.18e-192	528.0	YES	YES	PROBABLE_ORTHOLOG
MBB3331570.1	EHJ94637.1	79.9	96.9	96.9	3.41e-155	431.0	YES	YES	HIGH_CONFIDENCE_FUNCTIONAL_ORTHOLOG
MBB3331571.1	EHJ94638.1	83.6	92.2	100.0	1.5900000000000001e-183	505.0	YES	YES	PROBABLE_ORTHOLOG
MBB3331572.1	EHJ94639.1	93.8	90.9	100.0	1.19e-230	628.0	YES	YES	HIGH_CONFIDENCE_FUNCTIONAL_ORTHOLOG
MBB3331573.1	EHJ94640.1	91.3	92.0	90.1	4.9199999999999997e-172	474.0	YES	YES	PROBABLE_ORTHOLOG
MBB3331574.1							YES	NO	NO_RELIABLE_ORTHOLOG
MBB3331575.1	EHJ94641.1	82.0	98.6	98.0	0.0	1075.0	YES	YES	HIGH_CONFIDENCE_FUNCTIONAL_ORTHOLOG
MBB3331576.1	EHJ94642.1	83.2	99.7	99.7	0.0	1004.0	YES	YES	HIGH_CONFIDENCE_FUNCTIONAL_ORTHOLOG
MBB3331577.1	EHJ94643.1	78.7	100.0	100.0	9.120000000000001e-185	507.0	YES	YES	HIGH_CONFIDENCE_FUNCTIONAL_ORTHOLOG
MBB3331578.1	EHJ94644.1	89.8	100.0	100.0	0.0	907.0	YES	YES	VERY_HIGH_CONFIDENCE
MBB3331579.1	EHJ94645.1	78.6	100.0	100.0	3.66e-214	588.0	YES	YES	PROBABLE_ORTHOLOG
MBB3331580.1							YES	NO	NO_RELIABLE_ORTHOLOG
MBB3331581.1							YES	NO	NO_RELIABLE_ORTHOLOG
MBB3331582.1							YES	NO	NO_RELIABLE_ORTHOLOG
MBB3331583.1	EHJ92363.1	57.9	94.3	97.1	1.2700000000000001e-57	172.0	YES	YES	POSSIBLE_ORTHOLOG
MBB3331584.1	EHJ92362.1	79.1	99.3	99.4	0.0	1550.0	YES	YES	PROBABLE_ORTHOLOG
MBB3331585.1	EHJ92361.1	59.7	94.3	96.4	1.19e-136	390.0	YES	YES	POSSIBLE_ORTHOLOG
MBB3331586.1	EHJ92360.1	68.6	99.7	99.7	4.7700000000000005e-195	541.0	YES	YES	HIGH_CONFIDENCE_FUNCTIONAL_ORTHOLOG
MBB3331587.1	EHJ94277.1	34.0	99.6	98.8	1.05e-27	103.0	YES	NO	NO_RELIABLE_ORTHOLOG
MBB3331588.1							YES	NO	NO_RELIABLE_ORTHOLOG
MBB3331589.1							YES	NO	NO_RELIABLE_ORTHOLOG
MBB3331590.1	EHJ92359.1	46.4	82.4	78.6	5.31e-18	69.7	YES	YES	POSSIBLE_ORTHOLOG
MBB3331591.1	EHJ92358.1	48.4	92.0	94.0	5e-26	92.4	YES	YES	POSSIBLE_ORTHOLOG
MBB3331592.1	EHJ92357.1	51.8	100.0	100.0	3.15e-35	114.0	YES	YES	POSSIBLE_ORTHOLOG
MBB3331593.1	EHJ92356.1	72.4	81.5	78.1	9.18e-153	431.0	YES	YES	HIGH_CONFIDENCE_FUNCTIONAL_ORTHOLOG
MBB3331594.1	EHJ92355.1	66.4	93.6	97.5	0.0	1269.0	YES	YES	PROBABLE_ORTHOLOG
MBB3331595.1	EHJ92354.1	67.1	98.4	99.6	7.41e-113	322.0	YES	YES	PROBABLE_ORTHOLOG
MBB3331596.1	EHJ92353.1	82.4	97.2	96.2	0.0	1139.0	YES	YES	PROBABLE_ORTHOLOG
MBB3331597.1	EHJ92352.1	91.6	100.0	95.3	1.1599999999999999e-287	777.0	YES	YES	PROBABLE_ORTHOLOG
MBB3331598.1	EHJ93706.1	50.0	88.7	91.2	6.4e-41	131.0	YES	YES	POSSIBLE_ORTHOLOG
MBB3331599.1	EHJ94674.1	54.1	92.5	95.3	2.07e-84	250.0	YES	NO	PARALOG_AMBIGUOUS
MBB3331600.1	EHJ94272.1	34.7	97.2	95.5	1.02e-31	112.0	YES	NO	NO_RELIABLE_ORTHOLOG
MBB3331601.1	EHJ94272.1	41.6	96.8	97.8	1.0499999999999999e-38	130.0	YES	NO	NO_RELIABLE_ORTHOLOG
MBB3331602.1	EHJ94271.1	35.7	82.0	84.9	2.06e-33	119.0	YES	NO	NO_RELIABLE_ORTHOLOG
MBB3331603.1	EHJ93969.1	76.6	54.0	99.5	4.64e-108	313.0	YES	YES	NO_RELIABLE_ORTHOLOG
MBB3331604.1	EHJ93967.1	82.3	99.3	99.3	1.8000000000000002e-271	737.0	YES	YES	HIGH_CONFIDENCE_FUNCTIONAL_ORTHOLOG
MBB3331605.1	EHJ93966.1	86.2	100.0	100.0	7.09e-134	372.0	YES	YES	PROBABLE_ORTHOLOG
MBB3331606.1	EHJ93965.1	84.5	100.0	100.0	1.64e-140	390.0	YES	YES	PROBABLE_ORTHOLOG
MBB3331607.1	EHJ93964.1	80.4	98.7	98.9	1.03e-266	728.0	YES	YES	PROBABLE_ORTHOLOG
MBB3331608.1	EHJ93963.1	71.1	98.4	100.0	1.29e-144	406.0	YES	YES	PROBABLE_ORTHOLOG
MBB3331609.1							YES	NO	NO_RELIABLE_ORTHOLOG
MBB3331610.1	EHJ93624.1	39.1	94.8	85.3	5.83e-66	207.0	YES	NO	NO_RELIABLE_ORTHOLOG
MBB3331611.1							YES	NO	NO_RELIABLE_ORTHOLOG
MBB3331612.1	EHJ94370.1	41.8	56.5	46.0	2.31e-101	330.0	YES	NO	NO_RELIABLE_ORTHOLOG
MBB3331613.1	EHJ92304.1	64.4	96.7	99.4	2.08e-261	729.0	YES	YES	HIGH_CONFIDENCE_FUNCTIONAL_ORTHOLOG
MBB3331614.1	EHJ92303.1	88.9	100.0	100.0	2.46e-61	179.0	YES	YES	PROBABLE_ORTHOLOG
MBB3331615.1	EHJ92302.1	77.2	100.0	100.0	4.09e-115	323.0	YES	YES	HIGH_CONFIDENCE_FUNCTIONAL_ORTHOLOG
MBB3331616.1	EHJ92301.1	64.8	99.2	98.4	5.72e-175	489.0	YES	YES	HIGH_CONFIDENCE_FUNCTIONAL_ORTHOLOG
MBB3331617.1	EHJ92300.1	62.1	92.2	91.3	3.31e-41	128.0	YES	YES	PROBABLE_ORTHOLOG
MBB3331618.1	EHJ92298.1	76.9	99.3	94.2	2.09e-85	244.0	YES	YES	PROBABLE_ORTHOLOG
MBB3331619.1	EHJ92297.1	64.9	99.6	97.6	0.0	937.0	YES	YES	PROBABLE_ORTHOLOG
MBB3331620.1	EHJ92296.1	48.3	100.0	100.0	6.08e-36	118.0	YES	YES	POSSIBLE_ORTHOLOG
MBB3331621.1							YES	NO	NO_RELIABLE_ORTHOLOG
MBB3331622.1	EHJ92295.1	81.5	97.7	98.8	2.19e-164	452.0	YES	YES	HIGH_CONFIDENCE_FUNCTIONAL_ORTHOLOG
MBB3331623.1	EHJ92294.1	81.3	98.4	99.1	0.0	910.0	YES	YES	VERY_HIGH_CONFIDENCE
MBB3331624.1	EHJ92292.1	70.3	59.3	99.8	0.0	1091.0	YES	YES	NO_RELIABLE_ORTHOLOG
MBB3331625.1	EHJ92291.1	82.0	99.7	99.7	4.29e-215	590.0	YES	YES	PROBABLE_ORTHOLOG
MBB3331626.1	EHJ92290.1	69.3	86.6	78.9	2.3300000000000002e-116	332.0	YES	YES	PROBABLE_ORTHOLOG
MBB3331627.1	EHJ92289.1	68.3	99.7	99.7	2.29e-187	522.0	YES	YES	PROBABLE_ORTHOLOG
MBB3331628.1	EHJ92288.1	74.4	100.0	100.0	7.96e-85	244.0	YES	YES	HIGH_CONFIDENCE_FUNCTIONAL_ORTHOLOG
MBB3331629.1	EHJ93209.1	56.6	96.5	97.2	1.91e-108	315.0	YES	NO	POSSIBLE_ORTHOLOG
MBB3331630.1	EHJ92287.1	75.5	98.2	97.2	1.8799999999999997e-197	547.0	YES	YES	HIGH_CONFIDENCE_FUNCTIONAL_ORTHOLOG
MBB3331631.1	EHJ92286.1	71.4	98.8	99.2	1.17e-115	328.0	YES	YES	HIGH_CONFIDENCE_FUNCTIONAL_ORTHOLOG
MBB3331632.1	EHJ92285.1	77.4	99.7	99.7	1.4299999999999999e-188	520.0	YES	YES	PROBABLE_ORTHOLOG
MBB3331633.1	EHJ92284.1	76.6	99.5	99.3	1.2900000000000002e-208	577.0	YES	YES	HIGH_CONFIDENCE_FUNCTIONAL_ORTHOLOG
MBB3331634.1	EHJ92283.1	79.0	93.3	100.0	1.91e-203	561.0	YES	YES	HIGH_CONFIDENCE_FUNCTIONAL_ORTHOLOG
MBB3331635.1	EHJ92282.1	89.5	94.7	95.3	2.75e-176	484.0	YES	YES	PROBABLE_ORTHOLOG
MBB3331636.1	EHJ92267.1	72.2	98.5	94.3	7.63e-63	186.0	YES	YES	PROBABLE_ORTHOLOG
MBB3331637.1	EHJ92548.1	70.4	94.7	89.3	2.19e-50	152.0	YES	YES	HIGH_CONFIDENCE_FUNCTIONAL_ORTHOLOG
MBB3331638.1	EHJ92250.1	92.5	74.4	100.0	2.0199999999999998e-199	548.0	YES	YES	PROBABLE_ORTHOLOG
MBB3331639.1	EHJ93741.1	64.8	94.8	94.8	1.3700000000000001e-164	464.0	YES	YES	PROBABLE_ORTHOLOG
MBB3331640.1	EHJ92248.1	70.8	98.9	98.5	5.65e-135	379.0	YES	YES	PROBABLE_ORTHOLOG
MBB3331641.1	EHJ92254.1	59.3	88.7	91.5	8.84e-31	101.0	YES	YES	POSSIBLE_ORTHOLOG
MBB3331642.1	EHJ92239.1	88.4	95.8	96.6	4.41e-215	589.0	YES	YES	PARALOG_AMBIGUOUS
MBB3331643.1	EHJ93939.1	31.5	83.6	70.2	5.24e-18	77.0	YES	NO	NO_RELIABLE_ORTHOLOG
MBB3331644.1							YES	NO	NO_RELIABLE_ORTHOLOG
MBB3331645.1	EHJ91805.1	35.6	35.0	31.1	1.07e-06	45.4	YES	NO	NO_RELIABLE_ORTHOLOG
MBB3331646.1	EHJ92234.1	86.1	100.0	99.5	2.3799999999999997e-242	661.0	YES	YES	VERY_HIGH_CONFIDENCE
MBB3331647.1	EHJ92233.1	84.0	92.6	97.2	1.55e-103	292.0	YES	YES	HIGH_CONFIDENCE_FUNCTIONAL_ORTHOLOG
MBB3331648.1	EHJ92232.1	85.0	99.3	99.5	0.0	983.0	YES	YES	PROBABLE_ORTHOLOG
MBB3331649.1	EHJ92231.1	84.3	100.0	100.0	3.4499999999999997e-146	406.0	YES	YES	PROBABLE_ORTHOLOG
MBB3331650.1	EHJ92230.1	85.1	100.0	100.0	0.0	1028.0	YES	YES	VERY_HIGH_CONFIDENCE
MBB3331651.1							YES	NO	NO_RELIABLE_ORTHOLOG
MBB3331652.1	EHJ91297.1	30.2	85.6	83.3	8.18e-35	131.0	YES	NO	NO_RELIABLE_ORTHOLOG
MBB3331653.1	EHJ92525.1	79.2	88.5	100.0	7.170000000000001e-179	493.0	YES	YES	PROBABLE_ORTHOLOG
MBB3331654.1	EHJ92608.1	48.6	64.7	92.0	5.449999999999999e-54	171.0	YES	YES	NO_RELIABLE_ORTHOLOG
MBB3331655.1							YES	NO	NO_RELIABLE_ORTHOLOG
MBB3331656.1							YES	NO	NO_RELIABLE_ORTHOLOG
MBB3331657.1	EHJ94546.1	77.6	97.9	98.9	1.96e-160	444.0	YES	YES	PROBABLE_ORTHOLOG
MBB3331658.1							YES	NO	NO_RELIABLE_ORTHOLOG
MBB3331659.1							YES	NO	NO_RELIABLE_ORTHOLOG
MBB3331660.1							YES	NO	NO_RELIABLE_ORTHOLOG
MBB3331661.1	EHJ94898.1	31.1	92.3	44.5	8.02e-15	67.0	YES	YES	NO_RELIABLE_ORTHOLOG
MBB3331662.1	EHJ94897.1	34.6	89.3	89.7	2.9200000000000002e-36	130.0	YES	YES	NO_RELIABLE_ORTHOLOG
MBB3331663.1	EHJ94891.1	34.0	93.4	86.2	4.59e-40	140.0	YES	YES	NO_RELIABLE_ORTHOLOG
MBB3331664.1	EHJ94890.1	40.1	94.0	98.6	1.67e-120	360.0	YES	YES	POSSIBLE_ORTHOLOG
MBB3331665.1	EHJ94597.1	26.0	79.4	82.4	3.3399999999999997e-25	102.0	YES	NO	NO_RELIABLE_ORTHOLOG
MBB3331666.1	EHJ91877.1	22.7	81.5	83.6	2.19e-08	52.8	YES	NO	NO_RELIABLE_ORTHOLOG
MBB3331667.1	EHJ91464.1	26.8	94.1	98.3	1.7799999999999998e-23	94.7	YES	NO	NO_RELIABLE_ORTHOLOG
MBB3331668.1							YES	NO	NO_RELIABLE_ORTHOLOG
MBB3331669.1							YES	NO	NO_RELIABLE_ORTHOLOG
MBB3331670.1	EHJ94634.1	45.7	100.0	92.5	4.13e-65	200.0	YES	YES	POSSIBLE_ORTHOLOG
MBB3331671.1	EHJ94852.1	21.8	57.8	76.3	1.22e-06	47.8	YES	NO	NO_RELIABLE_ORTHOLOG
MBB3331672.1	EHJ93212.1	34.6	97.0	98.1	1.7299999999999999e-41	140.0	YES	NO	FUNCTION_CONFLICT
MBB3331673.1							YES	NO	NO_RELIABLE_ORTHOLOG
MBB3331674.1							YES	NO	NO_RELIABLE_ORTHOLOG
MBB3331675.1	EHJ94476.1	40.1	97.6	97.4	1.75e-112	339.0	YES	NO	NO_RELIABLE_ORTHOLOG
MBB3331676.1							YES	NO	NO_RELIABLE_ORTHOLOG
MBB3331677.1	EHJ93355.1	29.5	87.1	94.4	5.86e-40	139.0	YES	NO	NO_RELIABLE_ORTHOLOG
MBB3331678.1							YES	NO	NO_RELIABLE_ORTHOLOG
MBB3331679.1	EHJ93669.1	29.5	88.2	90.1	1.97e-16	74.3	YES	NO	NO_RELIABLE_ORTHOLOG
MBB3331680.1	EHJ94363.1	86.2	87.8	97.7	7e-79	226.0	YES	YES	PROBABLE_ORTHOLOG
MBB3331681.1	EHJ94044.1	35.3	89.9	94.0	8.41e-37	129.0	YES	NO	NO_RELIABLE_ORTHOLOG
MBB3331682.1							YES	NO	NO_RELIABLE_ORTHOLOG
MBB3331683.1							YES	NO	NO_RELIABLE_ORTHOLOG
MBB3331684.1	EHJ93386.1	63.8	99.1	99.7	2.25e-130	371.0	YES	YES	HIGH_CONFIDENCE_FUNCTIONAL_ORTHOLOG
MBB3331685.1							YES	NO	NO_RELIABLE_ORTHOLOG
MBB3331686.1	EHJ94460.1	28.1	85.9	83.2	9.23e-22	88.6	YES	NO	NO_RELIABLE_ORTHOLOG
MBB3331687.1							YES	NO	NO_RELIABLE_ORTHOLOG
MBB3331688.1	EHJ93965.1	26.9	60.5	67.8	9.63e-08	48.5	YES	NO	NO_RELIABLE_ORTHOLOG
MBB3331689.1	EHJ91698.1	27.4	83.7	84.2	4.4e-11	58.2	YES	NO	NO_RELIABLE_ORTHOLOG
MBB3331690.1	EHJ94568.1	63.0	99.8	99.0	2.47e-172	484.0	YES	NO	POSSIBLE_ORTHOLOG
MBB3331691.1							YES	NO	NO_RELIABLE_ORTHOLOG
MBB3331692.1	EHJ94887.1	35.7	83.1	80.8	1.7999999999999998e-40	140.0	YES	YES	NO_RELIABLE_ORTHOLOG
MBB3331693.1							YES	NO	NO_RELIABLE_ORTHOLOG
MBB3331694.1							YES	NO	NO_RELIABLE_ORTHOLOG
MBB3331695.1	EHJ94527.1	30.3	99.6	96.7	2.55e-33	120.0	YES	YES	NO_RELIABLE_ORTHOLOG
MBB3331696.1							YES	NO	NO_RELIABLE_ORTHOLOG
MBB3331697.1	EHJ93877.1	51.7	40.3	50.6	1.36e-69	229.0	YES	NO	NO_RELIABLE_ORTHOLOG
MBB3331698.1							YES	NO	NO_RELIABLE_ORTHOLOG
MBB3331699.1							YES	NO	NO_RELIABLE_ORTHOLOG
MBB3331700.1	EHJ92882.1	21.7	88.6	83.6	5.38e-13	67.8	YES	NO	NO_RELIABLE_ORTHOLOG
MBB3331701.1	EHJ91543.1	37.0	98.4	98.8	1.3300000000000002e-88	276.0	YES	NO	FUNCTION_CONFLICT
MBB3331702.1	EHJ92726.1	36.1	98.9	97.6	7.81e-62	199.0	YES	NO	FUNCTION_CONFLICT
MBB3331703.1	EHJ91982.1	29.2	97.7	40.8	1.92e-22	87.0	YES	YES	NO_RELIABLE_ORTHOLOG
MBB3331704.1							YES	NO	NO_RELIABLE_ORTHOLOG
MBB3331705.1							YES	NO	NO_RELIABLE_ORTHOLOG
MBB3331706.1							YES	NO	NO_RELIABLE_ORTHOLOG
MBB3331707.1							YES	NO	NO_RELIABLE_ORTHOLOG
MBB3331708.1	EHJ93589.1	28.5	92.5	94.8	7.739999999999999e-30	112.0	YES	NO	NO_RELIABLE_ORTHOLOG
MBB3331709.1	EHJ94190.1	40.3	75.7	65.6	4.2e-102	324.0	YES	NO	NO_RELIABLE_ORTHOLOG
MBB3331710.1							YES	NO	NO_RELIABLE_ORTHOLOG
MBB3331711.1	EHJ92916.1	57.6	81.2	90.5	1.27e-88	261.0	YES	NO	POSSIBLE_ORTHOLOG
MBB3331712.1	EHJ94854.1	28.2	68.1	65.6	2.64e-11	58.9	YES	YES	NO_RELIABLE_ORTHOLOG
MBB3331713.1	EHJ93236.1	25.2	72.7	98.4	4.45e-07	43.5	YES	NO	NO_RELIABLE_ORTHOLOG
MBB3331714.1	EHJ94636.1	24.5	68.7	80.7	1.48e-14	70.9	YES	NO	NO_RELIABLE_ORTHOLOG
MBB3331715.1							YES	NO	NO_RELIABLE_ORTHOLOG
MBB3331716.1							YES	NO	NO_RELIABLE_ORTHOLOG
MBB3331717.1							YES	NO	NO_RELIABLE_ORTHOLOG
MBB3331718.1							YES	NO	NO_RELIABLE_ORTHOLOG
MBB3331719.1							YES	NO	NO_RELIABLE_ORTHOLOG
MBB3331720.1							YES	NO	NO_RELIABLE_ORTHOLOG
MBB3331721.1							YES	NO	NO_RELIABLE_ORTHOLOG
MBB3331722.1							YES	NO	NO_RELIABLE_ORTHOLOG
MBB3331723.1	EHJ94492.1	38.5	97.1	96.2	1.8799999999999998e-82	256.0	YES	NO	NO_RELIABLE_ORTHOLOG
MBB3331724.1							YES	NO	NO_RELIABLE_ORTHOLOG
MBB3331725.1	EHJ94494.1	28.1	91.9	91.9	6.13e-32	119.0	YES	NO	NO_RELIABLE_ORTHOLOG
MBB3331726.1							YES	NO	NO_RELIABLE_ORTHOLOG
MBB3331727.1	EHJ94384.1	26.6	61.2	57.8	4.85e-16	75.1	YES	NO	NO_RELIABLE_ORTHOLOG
MBB3331728.1							YES	NO	NO_RELIABLE_ORTHOLOG
MBB3331729.1	EHJ94811.1	35.3	85.1	84.9	8.000000000000001e-64	209.0	YES	NO	NO_RELIABLE_ORTHOLOG
MBB3331730.1	EHJ92556.1	24.6	54.7	54.2	9.8e-06	43.1	YES	NO	NO_RELIABLE_ORTHOLOG
MBB3331731.1							YES	NO	NO_RELIABLE_ORTHOLOG
MBB3331732.1	EHJ91693.1	74.6	99.7	100.0	2.66e-203	560.0	YES	NO	POSSIBLE_ORTHOLOG
MBB3331733.1	EHJ92728.1	68.4	100.0	99.6	1.3999999999999998e-216	601.0	YES	YES	HIGH_CONFIDENCE_FUNCTIONAL_ORTHOLOG
MBB3331734.1	EHJ93096.1	25.7	89.7	92.5	7.71e-24	95.5	YES	NO	NO_RELIABLE_ORTHOLOG
MBB3331735.1	EHJ93392.1	25.0	86.6	88.6	1.13e-16	77.4	YES	NO	NO_RELIABLE_ORTHOLOG
MBB3331736.1							YES	NO	NO_RELIABLE_ORTHOLOG
MBB3331737.1							YES	NO	NO_RELIABLE_ORTHOLOG
MBB3331738.1							YES	NO	NO_RELIABLE_ORTHOLOG
MBB3331739.1							YES	NO	NO_RELIABLE_ORTHOLOG
MBB3331740.1	EHJ91998.1	24.9	92.7	87.6	8.06e-19	83.6	YES	NO	FUNCTION_CONFLICT
MBB3331741.1	EHJ94893.1	35.4	98.8	96.9	3.88e-31	113.0	YES	NO	NO_RELIABLE_ORTHOLOG
MBB3331742.1							YES	NO	NO_RELIABLE_ORTHOLOG
MBB3331743.1	EHJ91459.1	65.2	96.8	97.3	5.67e-198	550.0	YES	NO	POSSIBLE_ORTHOLOG
MBB3331744.1	EHJ92614.1	30.8	47.3	48.4	1.16e-07	45.8	YES	NO	NO_RELIABLE_ORTHOLOG
MBB3331745.1	EHJ91462.1	32.9	98.9	97.7	1.6000000000000002e-56	186.0	YES	NO	NO_RELIABLE_ORTHOLOG
MBB3331746.1	EHJ94728.1	55.6	97.7	91.3	1.23e-96	282.0	YES	YES	POSSIBLE_ORTHOLOG
MBB3331747.1	EHJ91389.1	33.7	97.6	98.4	6.39e-41	138.0	YES	NO	NO_RELIABLE_ORTHOLOG
MBB3331748.1	EHJ91450.1	32.0	95.1	92.4	1e-75	247.0	YES	NO	NO_RELIABLE_ORTHOLOG
MBB3331749.1	EHJ93246.1	42.0	96.1	90.8	1.6999999999999998e-48	158.0	YES	NO	NO_RELIABLE_ORTHOLOG
MBB3331750.1	EHJ94567.1	41.5	91.3	39.1	2.33e-48	168.0	YES	NO	NO_RELIABLE_ORTHOLOG
MBB3331751.1	EHJ91455.1	32.6	64.8	66.3	3.89e-30	116.0	YES	NO	NO_RELIABLE_ORTHOLOG
MBB3331752.1	EHJ91462.1	28.5	81.3	80.7	9.95e-24	98.2	YES	NO	NO_RELIABLE_ORTHOLOG
MBB3331753.1	EHJ93591.1	53.4	93.5	14.8	2.67e-15	64.7	YES	NO	NO_RELIABLE_ORTHOLOG
MBB3331754.1							YES	NO	NO_RELIABLE_ORTHOLOG
MBB3331755.1	EHJ94549.1	84.2	99.8	99.8	1.4599999999999998e-284	772.0	YES	YES	HIGH_CONFIDENCE_FUNCTIONAL_ORTHOLOG
MBB3331756.1							YES	NO	NO_RELIABLE_ORTHOLOG
MBB3331757.1	EHJ92229.1	68.3	99.4	98.6	4.6600000000000004e-173	482.0	YES	YES	HIGH_CONFIDENCE_FUNCTIONAL_ORTHOLOG
MBB3331758.1	EHJ92228.1	80.6	96.9	97.9	1e-52	157.0	YES	YES	PROBABLE_ORTHOLOG
MBB3331759.1	EHJ92227.1	76.0	84.1	87.2	5.91e-39	121.0	YES	YES	PROBABLE_ORTHOLOG
MBB3331760.1	EHJ92226.1	68.4	96.2	98.7	8.33e-116	327.0	YES	YES	PROBABLE_ORTHOLOG
MBB3331761.1	EHJ92225.1	47.0	95.4	97.9	1.53e-92	276.0	YES	YES	POSSIBLE_ORTHOLOG
MBB3331762.1	EHJ92224.1	74.3	94.4	96.4	1.0100000000000001e-235	651.0	YES	YES	HIGH_CONFIDENCE_FUNCTIONAL_ORTHOLOG
MBB3331763.1	EHJ92223.1	72.3	84.6	79.5	1.9000000000000002e-85	247.0	YES	YES	HIGH_CONFIDENCE_FUNCTIONAL_ORTHOLOG
MBB3331764.1	EHJ91832.1	32.2	42.4	91.4	7.31e-34	129.0	YES	NO	NO_RELIABLE_ORTHOLOG
MBB3331765.1	EHJ92222.1	73.5	96.3	97.5	2.62e-83	239.0	YES	YES	PROBABLE_ORTHOLOG
MBB3331766.1	EHJ92221.1	79.9	92.7	96.8	5.37e-166	459.0	YES	YES	PROBABLE_ORTHOLOG
MBB3331767.1	EHJ92218.1	79.8	99.8	100.0	0.0	988.0	YES	YES	HIGH_CONFIDENCE_FUNCTIONAL_ORTHOLOG
MBB3331768.1	EHJ92217.1	87.1	97.3	98.0	4.07e-89	253.0	YES	YES	HIGH_CONFIDENCE_FUNCTIONAL_ORTHOLOG
MBB3331769.1	EHJ92216.1	63.0	93.8	83.8	2.11e-71	211.0	YES	YES	HIGH_CONFIDENCE_FUNCTIONAL_ORTHOLOG
MBB3331770.1	EHJ92215.1	69.6	76.2	96.6	2.88e-51	156.0	YES	YES	PROBABLE_ORTHOLOG
MBB3331771.1	EHJ92214.1	63.9	83.4	95.6	2.2400000000000002e-166	470.0	YES	YES	HIGH_CONFIDENCE_FUNCTIONAL_ORTHOLOG
MBB3331772.1	EHJ92213.1	84.9	99.2	98.8	0.0	1178.0	YES	YES	VERY_HIGH_CONFIDENCE
MBB3331773.1	EHJ92212.1	88.5	100.0	99.7	3.2500000000000004e-252	686.0	YES	YES	VERY_HIGH_CONFIDENCE
MBB3331774.1	EHJ92854.1	46.4	91.1	92.9	6.19e-95	281.0	YES	NO	NO_RELIABLE_ORTHOLOG
MBB3331775.1	EHJ92210.1	77.0	98.7	96.2	2.34e-84	241.0	YES	YES	PROBABLE_ORTHOLOG
MBB3331776.1	EHJ92208.1	70.7	99.4	99.4	3.72e-82	236.0	YES	YES	PROBABLE_ORTHOLOG
MBB3331777.1	EHJ92209.1	58.5	100.0	99.2	5.37e-54	162.0	YES	YES	POSSIBLE_ORTHOLOG
MBB3331778.1	EHJ92453.1	79.7	98.6	95.8	1.61e-82	236.0	YES	YES	PROBABLE_ORTHOLOG
MBB3331779.1							YES	NO	NO_RELIABLE_ORTHOLOG
MBB3331780.1	EHJ93320.1	27.0	77.2	93.1	1.2300000000000001e-29	118.0	YES	NO	NO_RELIABLE_ORTHOLOG
MBB3331781.1	EHJ92541.1	25.5	82.2	78.0	1.34e-11	60.8	YES	NO	NO_RELIABLE_ORTHOLOG
MBB3331782.1	EHJ93097.1	84.2	98.6	91.5	6.71e-260	708.0	YES	YES	PROBABLE_ORTHOLOG
MBB3331783.1							YES	NO	NO_RELIABLE_ORTHOLOG
MBB3331784.1							YES	NO	NO_RELIABLE_ORTHOLOG
MBB3331785.1							YES	NO	NO_RELIABLE_ORTHOLOG
MBB3331786.1							YES	NO	NO_RELIABLE_ORTHOLOG
MBB3331787.1	EHJ94434.1	40.0	87.7	93.7	7.65e-23	85.1	YES	NO	NO_RELIABLE_ORTHOLOG
MBB3331788.1	EHJ92211.1	72.3	93.8	99.7	1.4599999999999999e-190	528.0	YES	YES	PROBABLE_ORTHOLOG
MBB3331789.1	EHJ93605.1	29.7	93.4	97.1	2.75e-18	76.6	YES	YES	NO_RELIABLE_ORTHOLOG
MBB3331790.1	EHJ91981.1	23.0	78.7	73.3	4.11e-06	44.3	YES	NO	NO_RELIABLE_ORTHOLOG
MBB3331791.1	EHJ92207.1	77.9	100.0	100.0	4.67e-66	192.0	YES	YES	HIGH_CONFIDENCE_FUNCTIONAL_ORTHOLOG
MBB3331792.1	EHJ92204.1	86.4	100.0	100.0	6.67e-90	255.0	YES	YES	PROBABLE_ORTHOLOG
MBB3331793.1	EHJ92203.1	93.8	100.0	97.6	0.0	913.0	YES	YES	HIGH_CONFIDENCE_FUNCTIONAL_ORTHOLOG
MBB3331794.1	EHJ92202.1	85.6	100.0	95.8	1.06e-149	415.0	YES	YES	PROBABLE_ORTHOLOG
MBB3331795.1	EHJ92201.1	81.7	99.8	100.0	3.45e-263	718.0	YES	YES	HIGH_CONFIDENCE_FUNCTIONAL_ORTHOLOG
MBB3331796.1	EHJ92200.1	81.4	96.4	93.7	4.5599999999999996e-243	665.0	YES	YES	VERY_HIGH_CONFIDENCE
MBB3331797.1	EHJ92199.1	86.7	98.9	99.5	2.1999999999999998e-119	333.0	YES	YES	PROBABLE_ORTHOLOG
MBB3331798.1	EHJ92198.1	62.1	87.9	87.9	2e-93	271.0	YES	YES	HIGH_CONFIDENCE_FUNCTIONAL_ORTHOLOG
MBB3331799.1	EHJ92197.1	81.8	100.0	100.0	2.76e-86	246.0	YES	YES	HIGH_CONFIDENCE_FUNCTIONAL_ORTHOLOG
MBB3331800.1	EHJ92196.1	92.7	100.0	100.0	3.2e-202	551.0	YES	YES	VERY_HIGH_CONFIDENCE
MBB3331801.1	EHJ92195.1	74.7	98.6	100.0	1.2600000000000001e-79	229.0	YES	YES	PROBABLE_ORTHOLOG
MBB3331802.1	EHJ92194.1	64.9	98.3	99.1	8.99e-157	440.0	YES	YES	HIGH_CONFIDENCE_FUNCTIONAL_ORTHOLOG
MBB3331803.1	EHJ92193.1	57.3	100.0	85.9	2.42e-38	122.0	YES	YES	POSSIBLE_ORTHOLOG
MBB3331804.1	EHJ92181.1	88.0	99.5	99.8	0.0	2086.0	YES	YES	VERY_HIGH_CONFIDENCE
MBB3331805.1	EHJ92180.1	87.9	100.0	99.8	4.72e-316	856.0	YES	YES	HIGH_CONFIDENCE_FUNCTIONAL_ORTHOLOG
MBB3331806.1	EHJ92192.1	67.9	100.0	100.0	7.5e-100	285.0	YES	YES	PROBABLE_ORTHOLOG
MBB3331807.1	EHJ92041.1	63.4	100.0	98.5	6.16e-82	239.0	YES	YES	PROBABLE_ORTHOLOG
MBB3331808.1	EHJ92041.1	60.0	100.0	98.5	2.1e-84	245.0	YES	NO	POSSIBLE_ORTHOLOG
MBB3331809.1							YES	NO	NO_RELIABLE_ORTHOLOG
MBB3331810.1	EHJ92180.1	47.7	95.9	98.0	3.74e-140	409.0	YES	NO	NO_RELIABLE_ORTHOLOG
MBB3331811.1	EHJ92179.1	83.1	100.0	100.0	0.0	1753.0	YES	YES	VERY_HIGH_CONFIDENCE
MBB3331812.1	EHJ92178.1	61.9	96.6	92.8	1.0300000000000001e-103	300.0	YES	YES	PROBABLE_ORTHOLOG
MBB3331813.1	EHJ92177.1	60.3	93.5	97.5	1.6e-45	140.0	YES	YES	PROBABLE_ORTHOLOG
MBB3331814.1	EHJ92176.1	71.9	99.3	85.4	1.69e-65	193.0	YES	YES	PROBABLE_ORTHOLOG
MBB3331815.1	EHJ92175.1	55.0	98.2	99.4	4.39e-53	164.0	YES	YES	POSSIBLE_ORTHOLOG
MBB3331816.1	EHJ92174.1	76.1	98.3	98.3	9.29e-154	428.0	YES	YES	PROBABLE_ORTHOLOG
MBB3331817.1	EHJ92173.1	83.7	90.5	100.0	3.93e-170	469.0	YES	YES	PROBABLE_ORTHOLOG
MBB3331818.1	EHJ92172.1	76.8	98.2	100.0	3.27e-205	561.0	YES	YES	PROBABLE_ORTHOLOG
MBB3331819.1	EHJ92170.1	66.0	98.6	100.0	8.99e-130	367.0	YES	YES	PROBABLE_ORTHOLOG
MBB3331820.1	EHJ92169.1	77.7	100.0	100.0	2.03e-49	148.0	YES	YES	HIGH_CONFIDENCE_FUNCTIONAL_ORTHOLOG
MBB3331821.1	EHJ92168.1	73.5	95.8	92.8	1.89e-150	419.0	YES	YES	HIGH_CONFIDENCE_FUNCTIONAL_ORTHOLOG
MBB3331822.1	EHJ92844.1	36.0	98.2	98.8	7.14e-53	174.0	YES	YES	NO_RELIABLE_ORTHOLOG
MBB3331823.1	EHJ92160.1	73.4	96.4	95.8	1.0499999999999999e-186	517.0	YES	YES	PROBABLE_ORTHOLOG
MBB3331824.1	EHJ92112.1	63.5	97.8	100.0	1.41e-268	745.0	YES	YES	PROBABLE_ORTHOLOG
MBB3331825.1	EHJ92111.1	66.0	93.4	98.9	2.8600000000000004e-129	365.0	YES	YES	PROBABLE_ORTHOLOG
MBB3331826.1	EHJ92110.1	75.5	94.9	98.2	2.03e-157	441.0	YES	YES	PROBABLE_ORTHOLOG
MBB3331827.1	EHJ92109.1	74.8	97.7	97.7	5.92e-136	380.0	YES	YES	PROBABLE_ORTHOLOG
MBB3331828.1							YES	NO	NO_RELIABLE_ORTHOLOG
MBB3331829.1	EHJ91529.1	62.7	96.8	97.2	1.69e-107	308.0	YES	YES	HIGH_CONFIDENCE_FUNCTIONAL_ORTHOLOG
MBB3331830.1	EHJ92048.1	50.3	100.0	99.5	1.5e-57	176.0	YES	YES	POSSIBLE_ORTHOLOG
MBB3331831.1	EHJ91530.1	80.9	100.0	100.0	1.1000000000000001e-193	532.0	YES	YES	VERY_HIGH_CONFIDENCE
MBB3331832.1	EHJ94940.1	81.4	94.8	98.0	6.0999999999999996e-89	253.0	YES	YES	VERY_HIGH_CONFIDENCE
MBB3331833.1	EHJ94939.1	80.5	98.1	96.4	2.63e-96	272.0	YES	YES	VERY_HIGH_CONFIDENCE
MBB3331834.1	EHJ94938.1	85.5	99.8	99.9	0.0	1673.0	YES	YES	VERY_HIGH_CONFIDENCE
MBB3331835.1	EHJ94937.1	74.7	66.9	84.5	1.29e-136	389.0	YES	YES	NO_RELIABLE_ORTHOLOG
MBB3331836.1	EHJ94935.1	81.3	95.1	100.0	9.56e-291	794.0	YES	YES	HIGH_CONFIDENCE_FUNCTIONAL_ORTHOLOG
MBB3331837.1	EHJ94934.1	83.9	70.5	100.0	7.07e-29	95.5	YES	YES	PROBABLE_ORTHOLOG
MBB3331838.1	EHJ93948.1	82.8	99.0	100.0	1.12e-221	607.0	YES	YES	VERY_HIGH_CONFIDENCE
MBB3331839.1	EHJ93949.1	89.4	100.0	100.0	2.7299999999999998e-236	645.0	YES	YES	VERY_HIGH_CONFIDENCE
MBB3331840.1	EHJ93951.1	87.3	74.1	100.0	9.209999999999999e-38	117.0	YES	YES	PROBABLE_ORTHOLOG
MBB3331841.1	EHJ93952.1	85.4	100.0	100.0	4.92e-61	178.0	YES	YES	HIGH_CONFIDENCE_FUNCTIONAL_ORTHOLOG
MBB3331842.1	EHJ93953.1	83.4	96.1	95.8	4.4499999999999996e-188	518.0	YES	YES	VERY_HIGH_CONFIDENCE
MBB3331843.1	EHJ94395.1	31.0	99.3	100.0	3.78e-09	49.3	YES	NO	NO_RELIABLE_ORTHOLOG
MBB3331844.1	EHJ92665.1	40.2	92.9	86.7	2.1400000000000003e-109	333.0	YES	NO	NO_RELIABLE_ORTHOLOG
MBB3331845.1	EHJ94094.1	53.5	97.0	98.2	3.6700000000000006e-179	511.0	YES	YES	POSSIBLE_ORTHOLOG
MBB3331846.1	EHJ94095.1	76.6	98.7	98.7	2.2700000000000003e-32	104.0	YES	YES	PROBABLE_ORTHOLOG
MBB3331847.1	EHJ94096.1	66.0	98.9	99.3	4.5e-129	363.0	YES	YES	PROBABLE_ORTHOLOG
MBB3331848.1	EHJ94097.1	77.6	99.5	99.6	0.0	1511.0	YES	YES	HIGH_CONFIDENCE_FUNCTIONAL_ORTHOLOG
MBB3331849.1	EHJ94098.1	69.3	99.7	100.0	1.4e-149	418.0	YES	YES	PROBABLE_ORTHOLOG
MBB3331850.1	EHJ94099.1	53.5	96.8	95.2	9.52e-123	354.0	YES	YES	POSSIBLE_ORTHOLOG
MBB3331851.1							YES	NO	NO_RELIABLE_ORTHOLOG
MBB3331852.1	EHJ94100.1	58.1	99.0	91.2	2.3800000000000002e-122	350.0	YES	YES	POSSIBLE_ORTHOLOG
MBB3331853.1	EHJ94101.1	74.0	99.8	99.2	2.92e-270	738.0	YES	YES	HIGH_CONFIDENCE_FUNCTIONAL_ORTHOLOG
MBB3331854.1	EHJ94102.1	64.1	96.6	97.9	1.96e-66	195.0	YES	YES	PROBABLE_ORTHOLOG
MBB3331855.1	EHJ94103.1	68.4	95.8	96.9	3.01e-118	336.0	YES	YES	PROBABLE_ORTHOLOG
MBB3331856.1	EHJ94104.1	73.8	94.5	94.1	7.619999999999999e-233	642.0	YES	YES	PROBABLE_ORTHOLOG
MBB3331857.1	EHJ94105.1	72.1	99.6	96.6	2.2299999999999997e-140	392.0	YES	YES	HIGH_CONFIDENCE_FUNCTIONAL_ORTHOLOG
MBB3331858.1	EHJ94106.1	79.7	100.0	100.0	4.63e-251	685.0	YES	YES	PROBABLE_ORTHOLOG
MBB3331859.1	EHJ94107.1	62.0	84.3	89.8	6.88e-64	191.0	YES	YES	HIGH_CONFIDENCE_FUNCTIONAL_ORTHOLOG
MBB3331860.1	EHJ94108.1	69.1	96.1	97.7	2.25e-308	847.0	YES	YES	PROBABLE_ORTHOLOG
MBB3331861.1	EHJ94109.1	91.4	81.3	100.0	1.34e-97	275.0	YES	YES	PROBABLE_ORTHOLOG
MBB3331862.1	EHJ94110.1	89.8	99.3	100.0	9.989999999999999e-264	716.0	YES	YES	VERY_HIGH_CONFIDENCE
MBB3331863.1	EHJ94111.1	75.8	93.3	97.9	5.61e-139	387.0	YES	YES	HIGH_CONFIDENCE_FUNCTIONAL_ORTHOLOG
MBB3331864.1	EHJ94112.1	72.3	75.4	94.5	5.6e-119	338.0	YES	YES	PROBABLE_ORTHOLOG
MBB3331865.1	EHJ94113.1	68.9	100.0	100.0	3.63e-77	228.0	YES	YES	HIGH_CONFIDENCE_FUNCTIONAL_ORTHOLOG
MBB3331866.1	EHJ94114.1	71.9	98.3	98.9	4.77e-202	564.0	YES	YES	PROBABLE_ORTHOLOG
MBB3331867.1	EHJ94115.1	86.5	99.5	95.5	0.0	1660.0	YES	YES	HIGH_CONFIDENCE_FUNCTIONAL_ORTHOLOG
MBB3331868.1	EHJ94046.1	91.9	85.4	100.0	5.99e-68	197.0	YES	YES	PROBABLE_ORTHOLOG
MBB3331869.1	EHJ94047.1	96.1	100.0	100.0	1.8299999999999998e-225	613.0	YES	YES	VERY_HIGH_CONFIDENCE
MBB3331870.1	EHJ94048.1	94.0	88.3	100.0	1.19e-121	339.0	YES	YES	PROBABLE_ORTHOLOG
MBB3331871.1	EHJ94049.1	97.7	100.0	100.0	2.18e-87	247.0	YES	YES	HIGH_CONFIDENCE_FUNCTIONAL_ORTHOLOG
MBB3331872.1	EHJ94050.1	92.4	100.0	100.0	7.899999999999999e-74	212.0	YES	YES	HIGH_CONFIDENCE_FUNCTIONAL_ORTHOLOG
MBB3331873.1							YES	NO	NO_RELIABLE_ORTHOLOG
MBB3331874.1	EHJ94051.1	93.5	100.0	99.3	4.1799999999999996e-295	798.0	YES	YES	HIGH_CONFIDENCE_FUNCTIONAL_ORTHOLOG
MBB3331875.1	EHJ94052.1	84.4	62.5	100.0	1.22e-46	143.0	YES	YES	NO_RELIABLE_ORTHOLOG
MBB3331876.1	EHJ94053.1	94.6	61.7	100.0	1.31e-20	72.8	YES	YES	NO_RELIABLE_ORTHOLOG
MBB3331877.1	EHJ94054.1	97.6	100.0	100.0	6.110000000000001e-110	307.0	YES	YES	HIGH_CONFIDENCE_FUNCTIONAL_ORTHOLOG
MBB3331878.1	EHJ94055.1	96.8	80.2	100.0	1.19e-58	172.0	YES	YES	PROBABLE_ORTHOLOG
MBB3331879.1	EHJ94056.1	88.1	100.0	100.0	4.52e-110	308.0	YES	YES	HIGH_CONFIDENCE_FUNCTIONAL_ORTHOLOG
MBB3331880.1	EHJ94057.1	91.5	100.0	100.0	3.19e-81	231.0	YES	YES	HIGH_CONFIDENCE_FUNCTIONAL_ORTHOLOG
MBB3331881.1	EHJ94058.1	91.7	95.0	100.0	2.99e-60	176.0	YES	YES	HIGH_CONFIDENCE_FUNCTIONAL_ORTHOLOG
MBB3331882.1	EHJ94059.1	94.4	100.0	100.0	7.280000000000001e-122	338.0	YES	YES	HIGH_CONFIDENCE_FUNCTIONAL_ORTHOLOG
MBB3331883.1	EHJ94060.1	94.3	100.0	100.0	3.73e-68	196.0	YES	YES	HIGH_CONFIDENCE_FUNCTIONAL_ORTHOLOG
MBB3331884.1	EHJ94061.1	99.1	95.1	100.0	3.0300000000000004e-79	226.0	YES	YES	HIGH_CONFIDENCE_FUNCTIONAL_ORTHOLOG
MBB3331885.1	EHJ94062.1	93.0	96.6	100.0	1.15e-52	156.0	YES	YES	HIGH_CONFIDENCE_FUNCTIONAL_ORTHOLOG
MBB3331886.1	EHJ94063.1	93.7	100.0	100.0	2.84e-33	105.0	YES	YES	HIGH_CONFIDENCE_FUNCTIONAL_ORTHOLOG
MBB3331887.1	EHJ94064.1	97.8	100.0	100.0	6.8399999999999995e-93	261.0	YES	YES	HIGH_CONFIDENCE_FUNCTIONAL_ORTHOLOG
MBB3331888.1	EHJ94065.1	90.5	100.0	100.0	1.27e-148	410.0	YES	YES	HIGH_CONFIDENCE_FUNCTIONAL_ORTHOLOG
MBB3331889.1	EHJ94066.1	99.1	100.0	100.0	1.16e-69	201.0	YES	YES	HIGH_CONFIDENCE_FUNCTIONAL_ORTHOLOG
MBB3331890.1							YES	NO	NO_RELIABLE_ORTHOLOG
MBB3331891.1	EHJ94067.1	92.6	98.9	98.6	2.69e-183	501.0	YES	YES	HIGH_CONFIDENCE_FUNCTIONAL_ORTHOLOG
MBB3331892.1	EHJ94068.1	89.3	85.7	100.0	2.41e-47	143.0	YES	YES	PROBABLE_ORTHOLOG
MBB3331893.1	EHJ94069.1	92.0	100.0	100.0	3.59e-126	351.0	YES	YES	HIGH_CONFIDENCE_FUNCTIONAL_ORTHOLOG
MBB3331894.1	EHJ94070.1	91.0	100.0	94.8	2.45e-131	364.0	YES	YES	HIGH_CONFIDENCE_FUNCTIONAL_ORTHOLOG
MBB3331895.1	EHJ94071.1	96.1	100.0	100.0	1.3599999999999999e-67	195.0	YES	YES	HIGH_CONFIDENCE_FUNCTIONAL_ORTHOLOG
MBB3331896.1	EHJ94072.1	96.0	100.0	100.0	4.42e-282	761.0	YES	YES	VERY_HIGH_CONFIDENCE
MBB3331897.1	EHJ94073.1	91.9	100.0	100.0	0.0	1286.0	YES	YES	HIGH_CONFIDENCE_FUNCTIONAL_ORTHOLOG
MBB3331898.1	EHJ94074.1	95.4	100.0	100.0	9.54e-83	235.0	YES	YES	PROBABLE_ORTHOLOG
MBB3331899.1	EHJ94075.1	97.6	99.2	86.6	1.41e-85	243.0	YES	YES	PROBABLE_ORTHOLOG
MBB3331900.1	EHJ94076.1	92.6	99.9	99.6	0.0	2529.0	YES	YES	VERY_HIGH_CONFIDENCE
MBB3331901.1	EHJ94077.1	91.2	100.0	100.0	0.0	2457.0	YES	YES	VERY_HIGH_CONFIDENCE
MBB3331902.1	EHJ94078.1	87.9	100.0	100.0	2.11e-62	183.0	YES	YES	HIGH_CONFIDENCE_FUNCTIONAL_ORTHOLOG
MBB3331903.1	EHJ94079.1	92.8	100.0	97.7	1.06e-100	284.0	YES	YES	HIGH_CONFIDENCE_FUNCTIONAL_ORTHOLOG
MBB3331904.1	EHJ94080.1	93.9	99.1	99.1	3.14e-148	409.0	YES	YES	HIGH_CONFIDENCE_FUNCTIONAL_ORTHOLOG
MBB3331905.1	EHJ94081.1	98.6	100.0	100.0	9.54e-96	269.0	YES	YES	HIGH_CONFIDENCE_FUNCTIONAL_ORTHOLOG
MBB3331906.1	EHJ94082.1	93.8	100.0	100.0	2.55e-121	337.0	YES	YES	HIGH_CONFIDENCE_FUNCTIONAL_ORTHOLOG
MBB3331907.1	EHJ94083.1	87.1	95.1	100.0	1.0999999999999999e-67	196.0	YES	YES	HIGH_CONFIDENCE_FUNCTIONAL_ORTHOLOG
MBB3331908.1	EHJ94084.1	89.2	100.0	100.0	2.23e-186	509.0	YES	YES	VERY_HIGH_CONFIDENCE
MBB3331909.1	EHJ94085.1	61.8	99.7	99.7	1.2400000000000001e-145	410.0	YES	YES	HIGH_CONFIDENCE_FUNCTIONAL_ORTHOLOG
MBB3331910.1							YES	NO	NO_RELIABLE_ORTHOLOG
MBB3331911.1	EHJ92361.1	27.9	85.5	81.9	9.52e-14	68.6	YES	NO	NO_RELIABLE_ORTHOLOG
MBB3331912.1	EHJ94767.1	34.8	97.0	99.0	3.59e-171	526.0	YES	YES	NO_RELIABLE_ORTHOLOG
MBB3331913.1	EHJ94550.1	62.2	99.4	98.7	5.16e-68	200.0	YES	YES	PROBABLE_ORTHOLOG
MBB3331914.1	EHJ92009.1	46.1	98.7	98.1	7.34e-45	141.0	YES	YES	POSSIBLE_ORTHOLOG
MBB3331915.1							YES	NO	NO_RELIABLE_ORTHOLOG
MBB3331916.1	EHJ94694.1	87.1	99.6	99.8	0.0	920.0	YES	YES	HIGH_CONFIDENCE_FUNCTIONAL_ORTHOLOG
MBB3331917.1	EHJ92167.1	58.0	98.6	97.2	4.68e-44	138.0	YES	YES	POSSIBLE_ORTHOLOG
MBB3331918.1	EHJ92166.1	77.9	96.7	95.5	1.0300000000000001e-79	229.0	YES	YES	PROBABLE_ORTHOLOG
MBB3331919.1	EHJ92165.1	65.8	100.0	95.7	1.21e-154	434.0	YES	YES	HIGH_CONFIDENCE_FUNCTIONAL_ORTHOLOG
MBB3331920.1	EHJ92164.1	74.3	98.1	97.5	0.0	1238.0	YES	YES	HIGH_CONFIDENCE_FUNCTIONAL_ORTHOLOG
MBB3331921.1	EHJ92163.1	43.5	91.5	91.5	5.8700000000000005e-27	93.6	YES	YES	POSSIBLE_ORTHOLOG
MBB3331922.1	EHJ92162.1	55.1	93.4	99.4	7.209999999999999e-221	634.0	YES	YES	POSSIBLE_ORTHOLOG
MBB3331923.1	EHJ91643.1	36.1	89.7	63.8	9.73e-69	225.0	YES	NO	NO_RELIABLE_ORTHOLOG
MBB3331924.1							YES	NO	NO_RELIABLE_ORTHOLOG
MBB3331925.1	EHJ92008.1	67.0	98.5	98.6	3.77e-103	293.0	YES	YES	HIGH_CONFIDENCE_FUNCTIONAL_ORTHOLOG
MBB3331926.1	EHJ92007.1	92.4	90.8	100.0	9.21e-30	98.2	YES	YES	PROBABLE_ORTHOLOG
MBB3331927.1	EHJ92006.1	67.6	90.1	78.4	2.35e-149	423.0	YES	YES	PROBABLE_ORTHOLOG
MBB3331928.1	EHJ92005.1	77.9	98.7	100.0	0.0	1787.0	YES	YES	HIGH_CONFIDENCE_FUNCTIONAL_ORTHOLOG
MBB3331929.1	EHJ92004.1	82.4	99.4	100.0	2.11e-295	803.0	YES	YES	VERY_HIGH_CONFIDENCE
MBB3331930.1	EHJ92003.1	85.7	100.0	100.0	5.1299999999999995e-288	781.0	YES	YES	VERY_HIGH_CONFIDENCE
MBB3331931.1	EHJ92002.1	90.7	100.0	100.0	8.26e-283	764.0	YES	YES	VERY_HIGH_CONFIDENCE
MBB3331932.1	EHJ92001.1	76.9	98.5	98.2	9.55e-150	416.0	YES	YES	HIGH_CONFIDENCE_FUNCTIONAL_ORTHOLOG
MBB3331933.1	EHJ92000.1	79.3	100.0	100.0	5.04e-118	332.0	YES	YES	HIGH_CONFIDENCE_FUNCTIONAL_ORTHOLOG
MBB3331934.1	EHJ91999.1	92.2	100.0	100.0	2.62e-130	362.0	YES	YES	VERY_HIGH_CONFIDENCE
MBB3331935.1	EHJ91998.1	92.7	100.0	100.0	5.27e-292	788.0	YES	YES	VERY_HIGH_CONFIDENCE
MBB3331936.1							YES	NO	NO_RELIABLE_ORTHOLOG
MBB3331937.1	EHJ91997.1	84.5	100.0	100.0	2.75e-47	142.0	YES	YES	HIGH_CONFIDENCE_FUNCTIONAL_ORTHOLOG
MBB3331938.1	EHJ91996.1	88.1	100.0	100.0	4.17e-309	835.0	YES	YES	VERY_HIGH_CONFIDENCE
MBB3331939.1							YES	NO	NO_RELIABLE_ORTHOLOG
MBB3331940.1	EHJ91994.1	54.2	95.9	97.1	8.4e-103	301.0	YES	YES	POSSIBLE_ORTHOLOG
MBB3331941.1	EHJ91993.1	73.9	99.2	100.0	2.4499999999999997e-52	159.0	YES	YES	HIGH_CONFIDENCE_FUNCTIONAL_ORTHOLOG
MBB3331942.1	EHJ91992.1	73.5	99.7	98.9	7.75e-185	512.0	YES	YES	HIGH_CONFIDENCE_FUNCTIONAL_ORTHOLOG
MBB3331943.1	EHJ91991.1	38.4	96.9	95.7	1.5199999999999998e-23	87.8	YES	YES	NO_RELIABLE_ORTHOLOG
MBB3331944.1	EHJ91990.1	84.0	99.9	99.8	0.0	1503.0	YES	YES	VERY_HIGH_CONFIDENCE
MBB3331945.1	EHJ91989.1	75.6	98.2	95.4	3.55e-89	255.0	YES	YES	PROBABLE_ORTHOLOG
MBB3331946.1	EHJ91988.1	64.6	95.9	96.8	4.1799999999999994e-180	507.0	YES	YES	PROBABLE_ORTHOLOG
MBB3331947.1	EHJ91966.1	69.9	96.3	99.7	1.54e-146	410.0	YES	YES	PROBABLE_ORTHOLOG
MBB3331948.1	EHJ91965.1	89.4	100.0	100.0	1.25e-320	866.0	YES	YES	VERY_HIGH_CONFIDENCE
MBB3331949.1	EHJ91964.1	85.1	99.1	100.0	1.85e-140	388.0	YES	YES	VERY_HIGH_CONFIDENCE
MBB3331950.1	EHJ91963.1	89.9	80.2	99.0	7e-186	512.0	YES	YES	PROBABLE_ORTHOLOG
MBB3331951.1	EHJ91962.1	88.6	100.0	100.0	1.23e-247	672.0	YES	YES	VERY_HIGH_CONFIDENCE
MBB3331952.1	EHJ91961.1	46.7	29.4	39.6	1.7699999999999997e-54	198.0	YES	YES	NO_RELIABLE_ORTHOLOG
MBB3331953.1	EHJ91960.1	70.4	99.7	99.7	2.04e-168	467.0	YES	YES	HIGH_CONFIDENCE_FUNCTIONAL_ORTHOLOG
MBB3331954.1	EHJ91959.1	64.3	97.6	97.6	1.26e-92	267.0	YES	YES	HIGH_CONFIDENCE_FUNCTIONAL_ORTHOLOG
MBB3331955.1	EHJ91958.1	90.8	99.5	97.6	1.15e-278	754.0	YES	YES	VERY_HIGH_CONFIDENCE
MBB3331956.1	EHJ91957.1	82.4	98.5	100.0	1.08e-156	434.0	YES	YES	VERY_HIGH_CONFIDENCE
MBB3331957.1	EHJ91956.1	87.0	87.4	90.6	4.89e-193	532.0	YES	YES	HIGH_CONFIDENCE_FUNCTIONAL_ORTHOLOG
MBB3331958.1	EHJ91955.1	57.0	97.4	98.4	7.29e-168	475.0	YES	YES	POSSIBLE_ORTHOLOG
MBB3331959.1	EHJ91954.1	44.6	100.0	100.0	1.22e-53	169.0	YES	YES	POSSIBLE_ORTHOLOG
MBB3331960.1	EHJ91953.1	56.9	92.1	91.1	2.78e-59	181.0	YES	YES	POSSIBLE_ORTHOLOG
MBB3331961.1	EHJ91952.1	90.6	99.0	99.8	0.0	905.0	YES	YES	VERY_HIGH_CONFIDENCE
MBB3331962.1	EHJ91951.1	82.3	97.7	97.7	7.67e-233	637.0	YES	YES	VERY_HIGH_CONFIDENCE
MBB3331963.1	EHJ93099.1	62.8	99.1	98.7	1.58e-103	296.0	YES	YES	PROBABLE_ORTHOLOG
MBB3331964.1	EHJ91949.1	74.7	96.7	93.7	6.25e-104	293.0	YES	YES	PROBABLE_ORTHOLOG
MBB3331965.1	EHJ91948.1	77.3	100.0	100.0	7.07e-109	306.0	YES	YES	HIGH_CONFIDENCE_FUNCTIONAL_ORTHOLOG
MBB3331966.1	EHJ91479.1	58.3	47.9	18.7	3.06e-33	122.0	YES	NO	NO_RELIABLE_ORTHOLOG
MBB3331967.1	EHJ91947.1	75.7	98.0	98.4	2.32e-227	627.0	YES	YES	HIGH_CONFIDENCE_FUNCTIONAL_ORTHOLOG
MBB3331968.1							YES	NO	NO_RELIABLE_ORTHOLOG
MBB3331969.1	EHJ91946.1	89.7	96.1	64.8	1.73e-195	543.0	YES	YES	NO_RELIABLE_ORTHOLOG
MBB3331970.1	EHJ93794.1	80.6	98.7	98.4	8.15e-210	577.0	YES	YES	VERY_HIGH_CONFIDENCE
MBB3331971.1							YES	NO	NO_RELIABLE_ORTHOLOG
MBB3331972.1	EHJ93796.1	77.7	99.2	99.5	2.1799999999999998e-229	628.0	YES	YES	PROBABLE_ORTHOLOG
MBB3331973.1	EHJ93797.1	74.9	99.6	99.6	1.77e-152	424.0	YES	YES	HIGH_CONFIDENCE_FUNCTIONAL_ORTHOLOG
MBB3331974.1	EHJ93798.1	94.1	100.0	100.0	1.2200000000000001e-31	100.0	YES	YES	HIGH_CONFIDENCE_FUNCTIONAL_ORTHOLOG
MBB3331975.1	EHJ93799.1	89.3	71.8	98.2	7.52e-32	102.0	YES	YES	PROBABLE_ORTHOLOG
MBB3331976.1	EHJ93800.1	83.5	100.0	100.0	2.17e-136	379.0	YES	YES	PROBABLE_ORTHOLOG
MBB3331977.1	EHJ93801.1	67.1	97.9	95.4	5.62e-186	521.0	YES	YES	HIGH_CONFIDENCE_FUNCTIONAL_ORTHOLOG
MBB3331978.1	EHJ93802.1	81.2	93.7	98.0	2e-85	244.0	YES	YES	VERY_HIGH_CONFIDENCE
MBB3331979.1	EHJ93803.1	80.0	98.5	98.9	1.06e-275	751.0	YES	YES	VERY_HIGH_CONFIDENCE
MBB3331980.1	EHJ93804.1	90.0	99.0	100.0	1.33e-191	525.0	YES	YES	VERY_HIGH_CONFIDENCE
MBB3331981.1	EHJ93805.1	80.3	97.5	98.0	2.31e-109	308.0	YES	YES	HIGH_CONFIDENCE_FUNCTIONAL_ORTHOLOG
MBB3331982.1	EHJ93806.1	86.1	97.6	100.0	5.31e-174	479.0	YES	YES	HIGH_CONFIDENCE_FUNCTIONAL_ORTHOLOG
MBB3331983.1	EHJ93807.1	73.1	98.5	95.5	4.91e-148	417.0	YES	YES	HIGH_CONFIDENCE_FUNCTIONAL_ORTHOLOG
MBB3331984.1	EHJ93808.1	91.0	99.5	99.5	8.669999999999999e-142	392.0	YES	YES	HIGH_CONFIDENCE_FUNCTIONAL_ORTHOLOG
MBB3331985.1	EHJ93809.1	83.3	99.6	47.0	3.27e-155	442.0	YES	YES	NO_RELIABLE_ORTHOLOG
MBB3331986.1							YES	NO	NO_RELIABLE_ORTHOLOG
MBB3331987.1	EHJ93810.1	62.7	74.0	98.2	2.08e-67	202.0	YES	YES	PROBABLE_ORTHOLOG
MBB3331988.1	EHJ93811.1	68.3	95.2	93.8	1.19e-23	81.3	YES	YES	HIGH_CONFIDENCE_FUNCTIONAL_ORTHOLOG
MBB3331989.1	EHJ93812.1	52.6	75.4	84.5	7.36e-31	106.0	YES	YES	POSSIBLE_ORTHOLOG
MBB3331990.1	EHJ93813.1	45.6	96.7	94.6	3.14e-60	190.0	YES	YES	POSSIBLE_ORTHOLOG
MBB3331991.1	EHJ93814.1	75.0	97.1	98.0	2.3399999999999997e-52	156.0	YES	YES	PROBABLE_ORTHOLOG
MBB3331992.1	EHJ93815.1	69.9	95.8	96.8	7.439999999999999e-220	610.0	YES	YES	PROBABLE_ORTHOLOG
MBB3331993.1	EHJ93816.1	85.9	100.0	100.0	3.09e-78	224.0	YES	YES	HIGH_CONFIDENCE_FUNCTIONAL_ORTHOLOG
MBB3331994.1	EHJ93817.1	78.7	97.3	98.8	3.83e-286	781.0	YES	YES	HIGH_CONFIDENCE_FUNCTIONAL_ORTHOLOG
MBB3331995.1	EHJ93818.1	90.3	100.0	92.6	2.02e-184	505.0	YES	YES	PROBABLE_ORTHOLOG
MBB3331996.1	EHJ93819.1	69.3	100.0	100.0	1.55e-221	612.0	YES	YES	HIGH_CONFIDENCE_FUNCTIONAL_ORTHOLOG
MBB3331997.1	EHJ93820.1	77.6	87.0	94.4	3.14e-74	215.0	YES	YES	PROBABLE_ORTHOLOG
MBB3331998.1	EHJ93821.1	76.7	89.5	98.9	0.0	1175.0	YES	YES	HIGH_CONFIDENCE_FUNCTIONAL_ORTHOLOG
MBB3331999.1	EHJ93822.1	75.2	98.5	98.5	7.580000000000001e-107	302.0	YES	YES	PROBABLE_ORTHOLOG
MBB3332000.1	EHJ93823.1	83.0	95.7	99.8	0.0	948.0	YES	YES	HIGH_CONFIDENCE_FUNCTIONAL_ORTHOLOG
MBB3332001.1	EHJ93824.1	88.1	100.0	100.0	3.99e-295	800.0	YES	YES	VERY_HIGH_CONFIDENCE
MBB3332002.1	EHJ93825.1	93.6	100.0	100.0	1.7e-293	794.0	YES	YES	VERY_HIGH_CONFIDENCE
MBB3332003.1	EHJ93826.1	60.1	98.8	94.5	1.55e-100	290.0	YES	YES	HIGH_CONFIDENCE_FUNCTIONAL_ORTHOLOG
MBB3332004.1	EHJ93827.1	74.9	97.0	99.3	2.11e-156	435.0	YES	YES	HIGH_CONFIDENCE_FUNCTIONAL_ORTHOLOG
MBB3332005.1	EHJ93828.1	92.4	100.0	98.3	8.43e-74	212.0	YES	YES	HIGH_CONFIDENCE_FUNCTIONAL_ORTHOLOG
MBB3332006.1	EHJ93829.1	83.9	91.3	100.0	1.75e-150	417.0	YES	YES	VERY_HIGH_CONFIDENCE
MBB3332007.1	EHJ93830.1	66.5	94.5	94.5	2.1399999999999997e-81	236.0	YES	YES	HIGH_CONFIDENCE_FUNCTIONAL_ORTHOLOG
MBB3332008.1	EHJ93831.1	92.7	100.0	100.0	4.44e-52	154.0	YES	YES	HIGH_CONFIDENCE_FUNCTIONAL_ORTHOLOG
MBB3332009.1	EHJ93832.1	93.8	89.6	87.9	2.82e-245	675.0	YES	YES	HIGH_CONFIDENCE_FUNCTIONAL_ORTHOLOG
MBB3332010.1	EHJ93833.1	67.2	99.6	100.0	3.05e-117	333.0	YES	YES	PROBABLE_ORTHOLOG
MBB3332011.1	EHJ93834.1	85.6	99.8	100.0	1.0400000000000001e-259	707.0	YES	YES	HIGH_CONFIDENCE_FUNCTIONAL_ORTHOLOG
MBB3332012.1	EHJ93835.1	69.4	84.2	93.6	1.21e-99	286.0	YES	YES	HIGH_CONFIDENCE_FUNCTIONAL_ORTHOLOG
MBB3332013.1	EHJ93836.1	80.4	92.2	100.0	1.9e-103	293.0	YES	YES	HIGH_CONFIDENCE_FUNCTIONAL_ORTHOLOG
MBB3332014.1	EHJ93837.1	63.2	98.2	97.8	9.01e-99	283.0	YES	YES	HIGH_CONFIDENCE_FUNCTIONAL_ORTHOLOG
MBB3332015.1	EHJ93838.1	64.5	95.8	96.7	0.0	1140.0	YES	YES	HIGH_CONFIDENCE_FUNCTIONAL_ORTHOLOG
MBB3332016.1	EHJ93839.1	78.2	100.0	99.8	6.99e-297	807.0	YES	YES	HIGH_CONFIDENCE_FUNCTIONAL_ORTHOLOG
MBB3332017.1	EHJ93840.1	91.6	100.0	100.0	1.08e-48	145.0	YES	YES	HIGH_CONFIDENCE_FUNCTIONAL_ORTHOLOG
MBB3332018.1	EHJ93841.1	88.3	97.4	99.6	4.54e-165	455.0	YES	YES	HIGH_CONFIDENCE_FUNCTIONAL_ORTHOLOG
MBB3332019.1	EHJ93842.1	72.7	100.0	83.8	2.48e-108	310.0	YES	YES	HIGH_CONFIDENCE_FUNCTIONAL_ORTHOLOG
MBB3332020.1	EHJ93843.1	53.4	98.0	100.0	5.2999999999999995e-297	842.0	YES	YES	POSSIBLE_ORTHOLOG
MBB3332021.1	EHJ93844.1	81.5	100.0	100.0	1.8299999999999999e-149	414.0	YES	YES	VERY_HIGH_CONFIDENCE
MBB3332022.1	EHJ91572.1	58.7	96.9	99.6	6.56e-100	289.0	YES	YES	POSSIBLE_ORTHOLOG
MBB3332023.1	EHJ93847.1	67.7	100.0	100.0	1.81e-139	394.0	YES	YES	PROBABLE_ORTHOLOG
MBB3332024.1	EHJ93848.1	75.3	99.5	99.2	1.1199999999999998e-216	595.0	YES	YES	HIGH_CONFIDENCE_FUNCTIONAL_ORTHOLOG
MBB3332025.1	EHJ93849.1	66.7	97.3	100.0	1.17e-63	188.0	YES	YES	PROBABLE_ORTHOLOG
MBB3332026.1							YES	NO	NO_RELIABLE_ORTHOLOG
MBB3332027.1							YES	NO	NO_RELIABLE_ORTHOLOG
MBB3332028.1	EHJ93850.1	80.7	100.0	100.0	9.33e-81	231.0	YES	YES	PROBABLE_ORTHOLOG
MBB3332029.1	EHJ92643.1	57.1	98.7	99.4	1.6300000000000002e-56	171.0	YES	YES	POSSIBLE_ORTHOLOG
MBB3332030.1	EHJ93851.1	82.5	89.8	97.0	7.799999999999999e-61	178.0	YES	YES	PROBABLE_ORTHOLOG
MBB3332031.1	EHJ93852.1	78.6	100.0	100.0	5.87e-100	282.0	YES	YES	HIGH_CONFIDENCE_FUNCTIONAL_ORTHOLOG
MBB3332032.1							YES	NO	NO_RELIABLE_ORTHOLOG
MBB3332033.1	EHJ93853.1	71.7	97.8	100.0	3.9099999999999996e-91	261.0	YES	YES	HIGH_CONFIDENCE_FUNCTIONAL_ORTHOLOG
MBB3332034.1	EHJ93854.1	82.6	97.0	94.7	5.44e-98	277.0	YES	YES	HIGH_CONFIDENCE_FUNCTIONAL_ORTHOLOG
MBB3332035.1	EHJ93855.1	75.8	91.2	95.7	2.78e-84	242.0	YES	YES	PROBABLE_ORTHOLOG
MBB3332036.1	EHJ93856.1	82.4	94.2	100.0	6.83e-199	546.0	YES	YES	HIGH_CONFIDENCE_FUNCTIONAL_ORTHOLOG
MBB3332037.1	EHJ93857.1	73.4	98.8	98.8	1.05e-135	380.0	YES	YES	PROBABLE_ORTHOLOG
MBB3332038.1	EHJ93858.1	63.2	99.5	99.5	1.16e-80	235.0	YES	YES	PROBABLE_ORTHOLOG
MBB3332039.1							YES	NO	NO_RELIABLE_ORTHOLOG
MBB3332040.1	EHJ93859.1	59.5	64.6	66.1	6.66e-12	51.6	YES	YES	NO_RELIABLE_ORTHOLOG
MBB3332041.1							YES	NO	NO_RELIABLE_ORTHOLOG
MBB3332042.1							YES	NO	NO_RELIABLE_ORTHOLOG
MBB3332043.1	EHJ93928.1	29.9	88.0	94.2	8.770000000000001e-21	84.0	YES	NO	NO_RELIABLE_ORTHOLOG
MBB3332044.1	EHJ91711.1	64.1	100.0	100.0	1.61e-196	546.0	YES	NO	POSSIBLE_ORTHOLOG
MBB3332045.1	EHJ93457.1	69.9	100.0	100.0	2.09e-169	471.0	YES	YES	PROBABLE_ORTHOLOG
MBB3332046.1							YES	NO	NO_RELIABLE_ORTHOLOG
MBB3332047.1	EHJ93239.1	72.9	99.0	99.3	3.29e-157	437.0	YES	YES	PROBABLE_ORTHOLOG
MBB3332048.1	EHJ93449.1	77.3	99.0	99.3	3.42e-165	457.0	YES	YES	HIGH_CONFIDENCE_FUNCTIONAL_ORTHOLOG
MBB3332049.1	EHJ93410.1	74.1	96.1	98.0	8.52e-103	292.0	YES	YES	PROBABLE_ORTHOLOG
MBB3332050.1	EHJ93456.1	68.1	90.6	100.0	1.59e-52	158.0	YES	YES	HIGH_CONFIDENCE_FUNCTIONAL_ORTHOLOG
MBB3332051.1							YES	NO	NO_RELIABLE_ORTHOLOG
MBB3332052.1	EHJ93974.1	79.8	93.4	96.1	1.03e-56	167.0	YES	YES	PROBABLE_ORTHOLOG
MBB3332053.1	EHJ92398.1	32.1	73.8	90.3	3.57e-09	48.1	YES	NO	NO_RELIABLE_ORTHOLOG
MBB3332054.1	EHJ94708.1	76.2	93.2	85.1	8.37e-119	335.0	YES	YES	PROBABLE_ORTHOLOG
MBB3332055.1	EHJ92545.1	71.8	94.5	95.0	8.17e-228	629.0	YES	YES	PROBABLE_ORTHOLOG
MBB3332056.1	EHJ93451.1	67.6	100.0	94.8	8.55e-90	258.0	YES	YES	PROBABLE_ORTHOLOG
MBB3332057.1							YES	NO	NO_RELIABLE_ORTHOLOG
MBB3332058.1	EHJ92377.1	38.7	59.1	51.6	1.41e-26	104.0	YES	NO	NO_RELIABLE_ORTHOLOG
MBB3332059.1	EHJ93897.1	44.8	93.5	89.6	6.09e-176	513.0	YES	NO	NO_RELIABLE_ORTHOLOG
MBB3332060.1	EHJ93750.1	29.6	92.1	62.1	8.68e-43	158.0	YES	NO	NO_RELIABLE_ORTHOLOG
MBB3332061.1	EHJ91510.1	31.0	97.6	93.4	6.260000000000001e-26	96.7	YES	NO	NO_RELIABLE_ORTHOLOG
MBB3332062.1	EHJ92534.1	46.6	85.4	88.0	4.18e-38	125.0	YES	NO	NO_RELIABLE_ORTHOLOG
MBB3332063.1	EHJ92642.1	66.2	98.3	96.6	9.08e-203	567.0	YES	YES	PROBABLE_ORTHOLOG
MBB3332064.1	EHJ92641.1	77.5	95.0	97.9	8.41e-151	421.0	YES	YES	HIGH_CONFIDENCE_FUNCTIONAL_ORTHOLOG
MBB3332065.1	EHJ93266.1	27.9	91.9	89.9	1.26e-13	65.5	YES	NO	NO_RELIABLE_ORTHOLOG
MBB3332066.1	EHJ93452.1	71.9	90.5	89.1	2.14e-26	88.2	YES	YES	PROBABLE_ORTHOLOG
MBB3332067.1	EHJ94716.1	41.5	87.8	88.8	1.0300000000000001e-22	84.3	YES	YES	POSSIBLE_ORTHOLOG
MBB3332068.1							YES	NO	NO_RELIABLE_ORTHOLOG
MBB3332069.1	EHJ94719.1	39.1	69.5	69.8	6.31e-33	120.0	YES	YES	NO_RELIABLE_ORTHOLOG
MBB3332070.1							YES	NO	NO_RELIABLE_ORTHOLOG
MBB3332071.1							YES	NO	NO_RELIABLE_ORTHOLOG
MBB3332072.1	EHJ92633.1	84.6	95.4	97.4	1.41e-140	390.0	YES	YES	PROBABLE_ORTHOLOG
MBB3332073.1	EHJ94699.1	65.6	99.2	98.2	3.48e-177	496.0	YES	YES	PROBABLE_ORTHOLOG
MBB3332074.1							YES	NO	NO_RELIABLE_ORTHOLOG
MBB3332075.1							YES	NO	NO_RELIABLE_ORTHOLOG
MBB3332076.1	EHJ93182.1	31.9	98.8	77.7	1.6900000000000003e-27	110.0	YES	NO	NO_RELIABLE_ORTHOLOG
MBB3332077.1	EHJ91832.1	37.4	87.4	90.5	3.77e-57	185.0	YES	NO	NO_RELIABLE_ORTHOLOG
MBB3332078.1	EHJ91833.1	32.1	93.2	78.3	4.2999999999999995e-42	147.0	YES	NO	FUNCTION_CONFLICT
MBB3332079.1	EHJ92906.1	36.8	94.5	87.5	4.56e-104	325.0	YES	NO	NO_RELIABLE_ORTHOLOG
MBB3332080.1	EHJ92639.1	74.7	99.7	98.7	9.57e-321	879.0	YES	YES	PROBABLE_ORTHOLOG
MBB3332081.1							YES	NO	NO_RELIABLE_ORTHOLOG
MBB3332082.1	EHJ91189.1	27.1	39.9	23.2	4.83e-09	55.5	YES	NO	NO_RELIABLE_ORTHOLOG
MBB3332083.1	EHJ93479.1	36.1	97.6	98.1	9.199999999999999e-60	192.0	YES	YES	NO_RELIABLE_ORTHOLOG
MBB3332084.1							YES	NO	NO_RELIABLE_ORTHOLOG
MBB3332085.1							YES	NO	NO_RELIABLE_ORTHOLOG
MBB3332086.1							YES	NO	NO_RELIABLE_ORTHOLOG
MBB3332087.1	EHJ94778.1	46.3	97.8	96.8	5.890000000000001e-289	825.0	YES	YES	POSSIBLE_ORTHOLOG
MBB3332088.1	EHJ91697.1	27.0	35.9	90.9	2.23e-13	67.0	YES	NO	NO_RELIABLE_ORTHOLOG
MBB3332089.1	EHJ93088.1	46.9	80.9	94.1	4.15e-37	121.0	YES	YES	POSSIBLE_ORTHOLOG
MBB3332090.1	EHJ93089.1	52.2	99.8	93.1	3.35e-146	421.0	YES	YES	POSSIBLE_ORTHOLOG
MBB3332091.1							YES	NO	NO_RELIABLE_ORTHOLOG
MBB3332092.1	EHJ91428.1	31.7	27.7	17.3	2.07e-07	48.5	YES	NO	NO_RELIABLE_ORTHOLOG
MBB3332093.1							YES	NO	NO_RELIABLE_ORTHOLOG
MBB3332094.1	EHJ94555.1	84.2	95.4	100.0	1.37e-252	689.0	YES	YES	HIGH_CONFIDENCE_FUNCTIONAL_ORTHOLOG
MBB3332095.1	EHJ92938.1	72.8	97.4	98.5	2.1e-142	398.0	YES	YES	HIGH_CONFIDENCE_FUNCTIONAL_ORTHOLOG
MBB3332096.1	EHJ92937.1	73.4	95.7	81.5	9.19e-79	229.0	YES	YES	PROBABLE_ORTHOLOG
MBB3332097.1	EHJ92966.1	42.7	28.3	38.2	4.24e-25	104.0	YES	NO	NO_RELIABLE_ORTHOLOG
MBB3332098.1							YES	NO	NO_RELIABLE_ORTHOLOG
MBB3332099.1	EHJ94370.1	49.6	57.0	70.1	5.04e-208	622.0	YES	NO	NO_RELIABLE_ORTHOLOG
MBB3332100.1	EHJ92505.1	59.0	100.0	99.1	9.36e-42	130.0	YES	YES	POSSIBLE_ORTHOLOG
MBB3332101.1	EHJ94904.1	75.0	100.0	100.0	4.15e-48	145.0	YES	YES	HIGH_CONFIDENCE_FUNCTIONAL_ORTHOLOG
MBB3332102.1							YES	NO	NO_RELIABLE_ORTHOLOG
MBB3332103.1	EHJ94905.1	76.4	98.7	99.0	8.150000000000001e-164	455.0	YES	YES	PROBABLE_ORTHOLOG
MBB3332104.1	EHJ94906.1	82.6	100.0	100.0	1.9e-142	396.0	YES	YES	HIGH_CONFIDENCE_FUNCTIONAL_ORTHOLOG
MBB3332105.1	EHJ94907.1	56.9	100.0	100.0	6.579999999999999e-119	343.0	YES	YES	POSSIBLE_ORTHOLOG
MBB3332106.1	EHJ91500.1	41.6	79.0	97.0	1.2899999999999999e-76	240.0	YES	NO	NO_RELIABLE_ORTHOLOG
MBB3332107.1	EHJ92327.1	35.6	69.7	94.4	1.3e-22	83.2	YES	NO	NO_RELIABLE_ORTHOLOG
MBB3332108.1	EHJ94612.1	80.7	97.3	99.3	8.22e-320	874.0	YES	YES	PROBABLE_ORTHOLOG
MBB3332109.1							YES	NO	NO_RELIABLE_ORTHOLOG
MBB3332110.1	EHJ91444.1	45.2	84.0	92.3	8.95e-24	84.0	YES	YES	POSSIBLE_ORTHOLOG
MBB3332111.1	EHJ93402.1	66.4	98.8	100.0	1.0199999999999999e-126	357.0	YES	YES	PROBABLE_ORTHOLOG
MBB3332112.1							YES	NO	NO_RELIABLE_ORTHOLOG
MBB3332113.1							YES	NO	NO_RELIABLE_ORTHOLOG
MBB3332114.1							YES	NO	NO_RELIABLE_ORTHOLOG
MBB3332115.1	EHJ91197.1	26.2	78.1	90.9	2.98e-07	49.3	YES	YES	NO_RELIABLE_ORTHOLOG
MBB3332116.1	EHJ91790.1	51.2	93.4	98.9	1.74e-280	796.0	YES	YES	POSSIBLE_ORTHOLOG
MBB3332117.1	EHJ91464.1	31.3	98.0	97.7	3.7800000000000004e-32	117.0	YES	NO	NO_RELIABLE_ORTHOLOG
MBB3332118.1	EHJ92513.1	70.7	46.6	95.3	1.62e-15	61.2	YES	YES	NO_RELIABLE_ORTHOLOG
MBB3332119.1	EHJ92511.1	58.4	100.0	89.5	7.199999999999999e-30	98.2	YES	YES	POSSIBLE_ORTHOLOG
MBB3332120.1	EHJ92046.1	90.7	98.2	98.2	2.57e-183	502.0	YES	YES	HIGH_CONFIDENCE_FUNCTIONAL_ORTHOLOG
MBB3332121.1	EHJ92047.1	87.6	100.0	99.7	2.02e-263	714.0	YES	YES	PROBABLE_ORTHOLOG
MBB3332122.1							YES	NO	NO_RELIABLE_ORTHOLOG
MBB3332123.1							YES	NO	NO_RELIABLE_ORTHOLOG
MBB3332124.1	EHJ91528.1	66.2	94.7	97.9	2.26e-64	190.0	YES	YES	PROBABLE_ORTHOLOG
MBB3332125.1	EHJ91527.1	88.6	99.5	99.7	0.0	1011.0	YES	YES	VERY_HIGH_CONFIDENCE
MBB3332126.1	EHJ91526.1	70.1	75.6	83.2	2.53e-78	230.0	YES	YES	HIGH_CONFIDENCE_FUNCTIONAL_ORTHOLOG
MBB3332127.1							YES	NO	NO_RELIABLE_ORTHOLOG
MBB3332128.1							YES	NO	NO_RELIABLE_ORTHOLOG
MBB3332129.1	EHJ91519.1	68.6	94.6	87.5	3.29e-15	58.2	YES	YES	PROBABLE_ORTHOLOG
MBB3332130.1	EHJ91518.1	69.2	100.0	100.0	2.94e-80	232.0	YES	YES	HIGH_CONFIDENCE_FUNCTIONAL_ORTHOLOG
MBB3332131.1	EHJ91167.1	62.0	96.1	97.1	1.39e-74	218.0	YES	YES	HIGH_CONFIDENCE_FUNCTIONAL_ORTHOLOG
MBB3332132.1	EHJ91517.1	85.2	99.3	99.8	5.07e-264	721.0	YES	YES	PROBABLE_ORTHOLOG
MBB3332133.1	EHJ91516.1	72.4	99.0	98.7	7.67e-314	860.0	YES	YES	HIGH_CONFIDENCE_FUNCTIONAL_ORTHOLOG
MBB3332134.1	EHJ91515.1	84.6	97.1	99.8	1.8699999999999997e-250	682.0	YES	YES	PROBABLE_ORTHOLOG
MBB3332135.1	EHJ91514.1	73.4	97.2	98.4	0.0	927.0	YES	YES	HIGH_CONFIDENCE_FUNCTIONAL_ORTHOLOG
MBB3332136.1	EHJ91466.1	54.7	90.5	93.3	9.01e-94	278.0	YES	YES	POSSIBLE_ORTHOLOG
MBB3332137.1	EHJ91448.1	53.0	87.8	88.8	7.189999999999999e-61	184.0	YES	YES	POSSIBLE_ORTHOLOG
MBB3332138.1	EHJ91441.1	89.5	100.0	99.8	0.0	1577.0	YES	YES	VERY_HIGH_CONFIDENCE
MBB3332139.1	EHJ91440.1	80.7	91.0	97.5	3.12e-155	432.0	YES	YES	VERY_HIGH_CONFIDENCE
MBB3332140.1	EHJ91439.1	85.7	98.4	98.4	0.0	1295.0	YES	YES	HIGH_CONFIDENCE_FUNCTIONAL_ORTHOLOG
MBB3332141.1	EHJ91438.1	56.2	96.7	99.1	1.21e-169	483.0	YES	YES	POSSIBLE_ORTHOLOG
MBB3332142.1	EHJ91437.1	84.1	99.0	97.7	3.69e-184	506.0	YES	YES	VERY_HIGH_CONFIDENCE
MBB3332143.1	EHJ91436.1	49.2	97.0	99.0	4.69e-256	737.0	YES	YES	POSSIBLE_ORTHOLOG
MBB3332144.1	EHJ91435.1	59.7	99.2	96.1	5.55e-46	142.0	YES	YES	POSSIBLE_ORTHOLOG
MBB3332145.1	EHJ91434.1	78.1	86.3	91.6	1.66e-114	326.0	YES	YES	PROBABLE_ORTHOLOG
MBB3332146.1							YES	NO	NO_RELIABLE_ORTHOLOG
MBB3332147.1	EHJ92720.1	57.8	97.1	82.1	8.66e-41	130.0	YES	NO	POSSIBLE_ORTHOLOG
MBB3332148.1							YES	NO	NO_RELIABLE_ORTHOLOG
MBB3332149.1	EHJ92330.1	69.1	97.4	97.4	6.59e-94	269.0	YES	YES	HIGH_CONFIDENCE_FUNCTIONAL_ORTHOLOG
MBB3332150.1							YES	NO	NO_RELIABLE_ORTHOLOG
MBB3332151.1	EHJ91783.1	62.3	95.7	96.8	3.11e-107	307.0	YES	YES	HIGH_CONFIDENCE_FUNCTIONAL_ORTHOLOG
MBB3332152.1	EHJ94093.1	87.5	99.8	99.5	4.69e-238	650.0	YES	YES	PROBABLE_ORTHOLOG
MBB3332153.1	EHJ94091.1	87.0	97.0	96.1	1.19e-268	731.0	YES	YES	PROBABLE_ORTHOLOG
MBB3332154.1	EHJ94090.1	86.8	100.0	100.0	7.85e-203	556.0	YES	YES	PROBABLE_ORTHOLOG
MBB3332155.1	EHJ94089.1	88.1	96.6	100.0	5.06e-145	401.0	YES	YES	PROBABLE_ORTHOLOG
MBB3332156.1	EHJ94088.1	83.6	100.0	100.0	3.83e-155	429.0	YES	YES	PROBABLE_ORTHOLOG
MBB3332157.1	EHJ94087.1	86.4	99.6	99.6	8.18e-293	796.0	YES	YES	HIGH_CONFIDENCE_FUNCTIONAL_ORTHOLOG
MBB3332158.1	EHJ93998.1	56.6	88.2	97.0	6.56e-33	107.0	YES	YES	POSSIBLE_ORTHOLOG
MBB3332159.1	EHJ94086.1	90.8	99.8	98.5	0.0	1098.0	YES	YES	VERY_HIGH_CONFIDENCE
MBB3332160.1	EHJ93995.1	32.9	93.9	83.1	1.66e-19	79.0	YES	YES	NO_RELIABLE_ORTHOLOG
MBB3332161.1	EHJ93994.1	94.7	100.0	100.0	0.0	919.0	YES	YES	VERY_HIGH_CONFIDENCE
MBB3332162.1	EHJ93993.1	44.6	91.6	93.5	1.29e-40	133.0	YES	YES	POSSIBLE_ORTHOLOG
MBB3332163.1	EHJ93992.1	80.8	98.6	94.8	5.99e-199	548.0	YES	YES	VERY_HIGH_CONFIDENCE
MBB3332164.1	EHJ93991.1	91.4	99.1	98.3	4.22e-316	854.0	YES	YES	HIGH_CONFIDENCE_FUNCTIONAL_ORTHOLOG
MBB3332165.1							YES	NO	NO_RELIABLE_ORTHOLOG
MBB3332166.1							YES	NO	NO_RELIABLE_ORTHOLOG
MBB3332167.1	EHJ94207.1	85.2	87.5	100.0	8.18e-251	684.0	YES	YES	PROBABLE_ORTHOLOG
MBB3332168.1	EHJ94206.1	67.7	97.7	97.0	1.8e-136	385.0	YES	YES	HIGH_CONFIDENCE_FUNCTIONAL_ORTHOLOG
MBB3332169.1	EHJ93600.1	58.9	90.8	93.0	4.09e-102	297.0	YES	YES	POSSIBLE_ORTHOLOG
MBB3332170.1	EHJ94205.1	79.0	100.0	100.0	5.6000000000000005e-70	202.0	YES	YES	HIGH_CONFIDENCE_FUNCTIONAL_ORTHOLOG
MBB3332171.1	EHJ94204.1	65.0	93.4	93.9	5.170000000000001e-100	287.0	YES	YES	PROBABLE_ORTHOLOG
MBB3332172.1	EHJ94346.1	50.0	37.4	47.6	1.99e-08	45.1	YES	YES	NO_RELIABLE_ORTHOLOG
MBB3332173.1	EHJ94201.1	94.9	100.0	100.0	4.63e-244	662.0	YES	YES	VERY_HIGH_CONFIDENCE
MBB3332174.1	EHJ94200.1	86.7	99.7	99.5	2.6e-234	640.0	YES	YES	VERY_HIGH_CONFIDENCE
MBB3332175.1	EHJ94199.1	78.2	99.1	98.0	5.0999999999999997e-197	542.0	YES	YES	FUNCTION_CONFLICT
MBB3332176.1	EHJ94198.1	67.2	98.7	97.5	9.429999999999999e-106	302.0	YES	YES	PROBABLE_ORTHOLOG
MBB3332177.1	EHJ94197.1	65.2	95.7	95.7	6.27e-43	134.0	YES	YES	PROBABLE_ORTHOLOG
MBB3332178.1	EHJ94746.1	86.0	100.0	100.0	3.25e-226	616.0	YES	YES	VERY_HIGH_CONFIDENCE
MBB3332179.1	EHJ94196.1	83.5	99.7	99.8	0.0	1147.0	YES	YES	VERY_HIGH_CONFIDENCE
MBB3332180.1	EHJ94195.1	87.7	100.0	100.0	2.66e-267	725.0	YES	YES	VERY_HIGH_CONFIDENCE
MBB3332181.1	EHJ94194.1	54.4	92.2	92.8	3.1699999999999996e-189	540.0	YES	YES	POSSIBLE_ORTHOLOG
MBB3332182.1							YES	NO	NO_RELIABLE_ORTHOLOG
MBB3332183.1	EHJ94193.1	71.8	99.0	95.4	7.510000000000001e-129	367.0	YES	YES	HIGH_CONFIDENCE_FUNCTIONAL_ORTHOLOG
MBB3332184.1	EHJ94192.1	85.6	99.3	99.3	2.68e-183	502.0	YES	YES	VERY_HIGH_CONFIDENCE
MBB3332185.1	EHJ94190.1	84.7	97.4	97.0	0.0	1112.0	YES	YES	PROBABLE_ORTHOLOG
MBB3332186.1	EHJ94189.1	86.5	94.5	95.4	1.07e-196	540.0	YES	YES	HIGH_CONFIDENCE_FUNCTIONAL_ORTHOLOG
MBB3332187.1							YES	NO	NO_RELIABLE_ORTHOLOG
MBB3332188.1	EHJ94188.1	78.4	91.4	92.5	2.73e-41	127.0	YES	YES	PROBABLE_ORTHOLOG
MBB3332189.1	EHJ94187.1	78.4	100.0	100.0	0.0	1098.0	YES	YES	HIGH_CONFIDENCE_FUNCTIONAL_ORTHOLOG
MBB3332190.1	EHJ94185.1	79.3	99.8	99.6	3.4999999999999996e-258	705.0	YES	YES	HIGH_CONFIDENCE_FUNCTIONAL_ORTHOLOG
MBB3332191.1	EHJ94184.1	84.5	95.1	97.2	4.87e-96	273.0	YES	YES	PROBABLE_ORTHOLOG
MBB3332192.1	EHJ93011.1	74.5	87.0	15.3	8.6e-22	81.6	YES	YES	NO_RELIABLE_ORTHOLOG
MBB3332193.1	EHJ93010.1	80.1	100.0	100.0	1.17e-134	374.0	YES	YES	PROBABLE_ORTHOLOG
MBB3332194.1	EHJ92010.1	64.9	100.0	100.0	4.6799999999999995e-55	167.0	YES	YES	PROBABLE_ORTHOLOG
MBB3332195.1	EHJ92011.1	86.2	93.1	100.0	0.0	1424.0	YES	YES	VERY_HIGH_CONFIDENCE
MBB3332196.1	EHJ92012.1	76.8	84.2	82.4	0.0	1147.0	YES	YES	PROBABLE_ORTHOLOG
MBB3332197.1	EHJ91601.1	30.4	59.9	48.2	1.42e-10	58.5	YES	NO	NO_RELIABLE_ORTHOLOG
MBB3332198.1	EHJ92013.1	74.5	99.4	87.8	2.5900000000000003e-173	482.0	YES	YES	PROBABLE_ORTHOLOG
MBB3332199.1	EHJ92014.1	81.8	97.7	100.0	8.8e-207	567.0	YES	YES	VERY_HIGH_CONFIDENCE
MBB3332200.1	EHJ92015.1	74.1	94.2	96.8	4.6700000000000006e-110	312.0	YES	YES	HIGH_CONFIDENCE_FUNCTIONAL_ORTHOLOG
MBB3332201.1	EHJ92016.1	65.5	56.3	53.4	2.26e-22	80.9	YES	YES	NO_RELIABLE_ORTHOLOG
MBB3332202.1	EHJ92017.1	78.1	91.0	91.7	2.69e-211	583.0	YES	YES	HIGH_CONFIDENCE_FUNCTIONAL_ORTHOLOG
MBB3332203.1	EHJ92018.1	57.4	96.6	96.6	1.03e-114	333.0	YES	YES	POSSIBLE_ORTHOLOG
MBB3332204.1	EHJ92019.1	62.3	84.4	89.8	2.03e-131	376.0	YES	YES	PROBABLE_ORTHOLOG
MBB3332205.1	EHJ92020.1	79.6	97.7	100.0	1.12e-205	567.0	YES	YES	HIGH_CONFIDENCE_FUNCTIONAL_ORTHOLOG
MBB3332206.1	EHJ92021.1	85.5	98.9	97.5	0.0	1087.0	YES	YES	VERY_HIGH_CONFIDENCE
MBB3332207.1	EHJ92022.1	74.3	92.9	100.0	1.9800000000000002e-80	231.0	YES	YES	HIGH_CONFIDENCE_FUNCTIONAL_ORTHOLOG
MBB3332208.1	EHJ92023.1	80.2	88.8	86.7	2.53e-58	173.0	YES	YES	HIGH_CONFIDENCE_FUNCTIONAL_ORTHOLOG
MBB3332209.1	EHJ92024.1	65.2	91.3	97.2	1.91e-90	262.0	YES	YES	HIGH_CONFIDENCE_FUNCTIONAL_ORTHOLOG
MBB3332210.1	EHJ92025.1	78.2	95.6	95.9	1.4599999999999998e-228	629.0	YES	YES	HIGH_CONFIDENCE_FUNCTIONAL_ORTHOLOG
MBB3332211.1	EHJ92026.1	46.0	86.2	87.3	6.83e-60	189.0	YES	YES	POSSIBLE_ORTHOLOG
MBB3332212.1	EHJ92027.1	44.5	97.4	97.1	3.7e-74	227.0	YES	YES	POSSIBLE_ORTHOLOG
MBB3332213.1	EHJ92028.1	62.7	100.0	100.0	2.4e-202	565.0	YES	YES	PROBABLE_ORTHOLOG
MBB3332214.1	EHJ92029.1	78.3	100.0	100.0	4.7899999999999996e-111	313.0	YES	YES	PROBABLE_ORTHOLOG
MBB3332215.1	EHJ92030.1	82.9	98.1	94.0	3.5000000000000005e-123	344.0	YES	YES	VERY_HIGH_CONFIDENCE
MBB3332216.1	EHJ92031.1	74.4	99.6	98.9	1.61e-246	677.0	YES	YES	HIGH_CONFIDENCE_FUNCTIONAL_ORTHOLOG
MBB3332217.1	EHJ91606.1	87.3	99.5	99.5	7.819999999999999e-278	753.0	YES	YES	VERY_HIGH_CONFIDENCE
MBB3332218.1	EHJ91605.1	79.0	98.8	99.6	0.0	899.0	YES	YES	PROBABLE_ORTHOLOG
MBB3332219.1	EHJ91604.1	92.6	100.0	100.0	3.92e-120	333.0	YES	YES	VERY_HIGH_CONFIDENCE
MBB3332220.1							YES	NO	NO_RELIABLE_ORTHOLOG
MBB3332221.1	EHJ91603.1	68.3	99.2	99.5	1.0199999999999999e-277	769.0	YES	YES	HIGH_CONFIDENCE_FUNCTIONAL_ORTHOLOG
MBB3332222.1	EHJ91602.1	76.1	100.0	100.0	1.1300000000000001e-72	212.0	YES	YES	HIGH_CONFIDENCE_FUNCTIONAL_ORTHOLOG
MBB3332223.1	EHJ91601.1	90.3	99.6	98.7	2.95e-297	804.0	YES	YES	VERY_HIGH_CONFIDENCE
MBB3332224.1	EHJ91600.1	77.2	99.7	99.7	1.48e-169	469.0	YES	YES	HIGH_CONFIDENCE_FUNCTIONAL_ORTHOLOG
MBB3332225.1	EHJ91599.1	72.4	99.7	96.9	6.9599999999999995e-174	484.0	YES	YES	HIGH_CONFIDENCE_FUNCTIONAL_ORTHOLOG
MBB3332226.1	EHJ91598.1	77.5	74.1	71.4	1.14e-37	120.0	YES	YES	HIGH_CONFIDENCE_FUNCTIONAL_ORTHOLOG
MBB3332227.1	EHJ91597.1	85.5	95.8	100.0	1.29e-311	846.0	YES	YES	VERY_HIGH_CONFIDENCE
MBB3332228.1	EHJ91596.1	89.7	100.0	100.0	0.0	871.0	YES	YES	HIGH_CONFIDENCE_FUNCTIONAL_ORTHOLOG
MBB3332229.1							YES	NO	NO_RELIABLE_ORTHOLOG
MBB3332230.1							YES	NO	NO_RELIABLE_ORTHOLOG
MBB3332231.1	EHJ91595.1	84.7	98.9	100.0	3.5199999999999996e-111	311.0	YES	YES	VERY_HIGH_CONFIDENCE
MBB3332232.1	EHJ91594.1	46.8	88.5	81.4	8.04e-44	140.0	YES	YES	POSSIBLE_ORTHOLOG
MBB3332233.1	EHJ91593.1	57.0	98.5	99.4	3.77e-136	386.0	YES	YES	POSSIBLE_ORTHOLOG
MBB3332234.1	EHJ91592.1	47.4	71.8	97.7	4.7299999999999994e-42	138.0	YES	YES	POSSIBLE_ORTHOLOG
MBB3332235.1	EHJ93681.1	77.9	92.7	95.6	2.7000000000000003e-195	540.0	YES	YES	HIGH_CONFIDENCE_FUNCTIONAL_ORTHOLOG
MBB3332236.1	EHJ93682.1	65.6	97.2	98.4	2.2400000000000002e-166	468.0	YES	YES	HIGH_CONFIDENCE_FUNCTIONAL_ORTHOLOG
MBB3332237.1	EHJ93683.1	56.8	96.3	97.6	4.15e-83	245.0	YES	YES	POSSIBLE_ORTHOLOG
MBB3332238.1	EHJ93684.1	55.4	93.3	95.0	2.15e-85	253.0	YES	YES	POSSIBLE_ORTHOLOG
MBB3332239.1	EHJ93685.1	63.5	81.2	98.7	1.4099999999999998e-89	263.0	YES	YES	HIGH_CONFIDENCE_FUNCTIONAL_ORTHOLOG
MBB3332240.1							YES	NO	NO_RELIABLE_ORTHOLOG
MBB3332241.1							YES	NO	NO_RELIABLE_ORTHOLOG
MBB3332242.1							YES	NO	NO_RELIABLE_ORTHOLOG
MBB3332243.1							YES	NO	NO_RELIABLE_ORTHOLOG
MBB3332244.1							YES	NO	NO_RELIABLE_ORTHOLOG
MBB3332245.1							YES	NO	NO_RELIABLE_ORTHOLOG
MBB3332246.1							YES	NO	NO_RELIABLE_ORTHOLOG
MBB3332247.1							YES	NO	NO_RELIABLE_ORTHOLOG
MBB3332248.1							YES	NO	NO_RELIABLE_ORTHOLOG
MBB3332249.1							YES	NO	NO_RELIABLE_ORTHOLOG
MBB3332250.1							YES	NO	NO_RELIABLE_ORTHOLOG
MBB3332251.1							YES	NO	NO_RELIABLE_ORTHOLOG
MBB3332252.1							YES	NO	NO_RELIABLE_ORTHOLOG
MBB3332253.1							YES	NO	NO_RELIABLE_ORTHOLOG
MBB3332254.1							YES	NO	NO_RELIABLE_ORTHOLOG
MBB3332255.1							YES	NO	NO_RELIABLE_ORTHOLOG
MBB3332256.1							YES	NO	NO_RELIABLE_ORTHOLOG
MBB3332257.1							YES	NO	NO_RELIABLE_ORTHOLOG
MBB3332258.1	EHJ91635.1	62.9	100.0	100.0	7.95e-47	144.0	YES	NO	POSSIBLE_ORTHOLOG
MBB3332259.1	EHJ91428.1	63.7	95.5	96.4	5.72e-199	557.0	YES	NO	POSSIBLE_ORTHOLOG
MBB3332260.1	EHJ91886.1	52.4	99.4	95.4	7.06e-103	301.0	YES	NO	POSSIBLE_ORTHOLOG
MBB3332261.1	EHJ92404.1	57.2	88.3	87.8	2.48e-64	193.0	YES	NO	POSSIBLE_ORTHOLOG
MBB3332262.1	EHJ92451.1	30.8	83.8	77.2	1.01e-49	173.0	YES	YES	NO_RELIABLE_ORTHOLOG
MBB3332263.1	EHJ91498.1	90.5	6.1	53.8	1.45e-07	44.3	YES	YES	NO_RELIABLE_ORTHOLOG
MBB3332264.1							YES	NO	NO_RELIABLE_ORTHOLOG
MBB3332265.1	EHJ92787.1	79.8	99.7	93.6	2.12e-193	533.0	YES	YES	HIGH_CONFIDENCE_FUNCTIONAL_ORTHOLOG
MBB3332266.1	EHJ92783.1	77.7	99.7	99.1	0.0	1054.0	YES	YES	PROBABLE_ORTHOLOG
MBB3332267.1	EHJ91713.1	54.5	97.0	98.9	3.87e-206	580.0	YES	NO	POSSIBLE_ORTHOLOG
MBB3332268.1							YES	NO	NO_RELIABLE_ORTHOLOG
MBB3332269.1	EHJ92782.1	61.6	94.8	94.8	4.11e-30	98.6	YES	YES	PROBABLE_ORTHOLOG
MBB3332270.1							YES	NO	NO_RELIABLE_ORTHOLOG
MBB3332271.1	EHJ92771.1	64.6	100.0	100.0	2.6e-47	144.0	YES	YES	PROBABLE_ORTHOLOG
MBB3332272.1	EHJ92781.1	85.8	100.0	100.0	4.39e-100	281.0	YES	YES	PARALOG_AMBIGUOUS
MBB3332273.1	EHJ92795.1	72.2	100.0	98.3	1.58e-63	186.0	YES	YES	PROBABLE_ORTHOLOG
MBB3332274.1	EHJ94195.1	85.7	100.0	100.0	4.7e-261	709.0	YES	NO	PARALOG_AMBIGUOUS
MBB3332275.1	EHJ92779.1	84.7	98.2	99.5	1.3e-253	688.0	YES	YES	HIGH_CONFIDENCE_FUNCTIONAL_ORTHOLOG
MBB3332276.1	EHJ92784.1	75.4	100.0	100.0	1.48e-150	419.0	YES	NO	POSSIBLE_ORTHOLOG
MBB3332277.1							YES	NO	NO_RELIABLE_ORTHOLOG
MBB3332278.1	EHJ92785.1	91.8	99.8	98.6	1.14e-312	847.0	YES	YES	PROBABLE_ORTHOLOG
MBB3332279.1	EHJ94317.1	37.4	97.0	95.4	4.12e-90	281.0	YES	YES	NO_RELIABLE_ORTHOLOG
MBB3332280.1	EHJ92522.1	64.9	98.5	97.6	0.0	1131.0	YES	YES	PROBABLE_ORTHOLOG
MBB3332281.1	EHJ92521.1	67.1	99.7	91.1	1.05e-182	509.0	YES	YES	HIGH_CONFIDENCE_FUNCTIONAL_ORTHOLOG
MBB3332282.1	EHJ92520.1	76.4	85.4	84.8	1.6599999999999997e-67	198.0	YES	YES	PROBABLE_ORTHOLOG
MBB3332283.1	EHJ93926.1	82.6	99.8	99.8	7.39e-285	775.0	YES	YES	PROBABLE_ORTHOLOG
MBB3332284.1	EHJ92586.1	35.5	94.4	97.4	4.55e-164	508.0	YES	YES	NO_RELIABLE_ORTHOLOG
MBB3332285.1	EHJ92585.1	71.5	99.2	99.6	3.7e-120	338.0	YES	YES	HIGH_CONFIDENCE_FUNCTIONAL_ORTHOLOG
MBB3332286.1							YES	NO	NO_RELIABLE_ORTHOLOG
MBB3332287.1							YES	NO	NO_RELIABLE_ORTHOLOG
MBB3332288.1	EHJ93996.1	53.2	100.0	99.7	1.02e-123	356.0	YES	YES	POSSIBLE_ORTHOLOG
MBB3332289.1	EHJ93997.1	58.8	82.0	86.9	9.61e-114	328.0	YES	YES	POSSIBLE_ORTHOLOG
MBB3332290.1	EHJ92471.1	69.8	98.7	98.0	1.31e-177	497.0	YES	YES	HIGH_CONFIDENCE_FUNCTIONAL_ORTHOLOG
MBB3332291.1	EHJ92573.1	69.3	100.0	100.0	2e-169	470.0	YES	YES	HIGH_CONFIDENCE_FUNCTIONAL_ORTHOLOG
MBB3332292.1	EHJ92268.1	64.0	90.7	90.7	2.35e-152	434.0	YES	YES	PROBABLE_ORTHOLOG
MBB3332293.1							YES	NO	NO_RELIABLE_ORTHOLOG
MBB3332294.1							YES	NO	NO_RELIABLE_ORTHOLOG
MBB3332295.1							YES	NO	NO_RELIABLE_ORTHOLOG
MBB3332296.1							YES	NO	NO_RELIABLE_ORTHOLOG
MBB3332297.1							YES	NO	NO_RELIABLE_ORTHOLOG
MBB3332298.1							YES	NO	NO_RELIABLE_ORTHOLOG
MBB3332299.1							YES	NO	NO_RELIABLE_ORTHOLOG
MBB3332300.1							YES	NO	NO_RELIABLE_ORTHOLOG
MBB3332301.1	EHJ92569.1	69.7	46.5	84.6	2.08e-11	50.1	YES	YES	NO_RELIABLE_ORTHOLOG
MBB3332302.1	EHJ92559.1	74.3	90.9	90.9	1.39e-37	117.0	YES	YES	HIGH_CONFIDENCE_FUNCTIONAL_ORTHOLOG
MBB3332303.1	EHJ93466.1	82.4	100.0	100.0	1.55e-39	121.0	YES	YES	PARALOG_AMBIGUOUS
MBB3332304.1							YES	NO	NO_RELIABLE_ORTHOLOG
MBB3332305.1	EHJ93593.1	67.7	92.6	81.9	2.17e-109	313.0	YES	NO	POSSIBLE_ORTHOLOG
MBB3332306.1	EHJ92561.1	55.9	99.6	99.6	8.01e-83	245.0	YES	YES	POSSIBLE_ORTHOLOG
MBB3332307.1							YES	NO	NO_RELIABLE_ORTHOLOG
MBB3332308.1	EHJ92526.1	82.3	100.0	100.0	5.42e-144	399.0	YES	YES	PROBABLE_ORTHOLOG
MBB3332309.1							YES	NO	NO_RELIABLE_ORTHOLOG
MBB3332310.1	EHJ92527.1	75.0	43.9	98.7	1.14e-39	126.0	YES	YES	NO_RELIABLE_ORTHOLOG
MBB3332311.1	EHJ91984.1	35.1	60.9	100.0	3.59e-10	48.1	YES	YES	NO_RELIABLE_ORTHOLOG
MBB3332312.1	EHJ91983.1	46.3	82.5	76.9	3.48e-20	75.1	YES	NO	NO_RELIABLE_ORTHOLOG
MBB3332313.1	EHJ92519.1	68.6	99.7	99.7	1.34e-131	372.0	YES	YES	PROBABLE_ORTHOLOG
MBB3332314.1	EHJ92560.1	61.3	91.3	89.1	8.61e-36	115.0	YES	YES	PROBABLE_ORTHOLOG
MBB3332315.1	EHJ92983.1	57.9	100.0	100.0	9.9e-133	378.0	YES	YES	POSSIBLE_ORTHOLOG
MBB3332316.1	EHJ94693.1	63.1	95.6	99.3	7.55e-118	337.0	YES	YES	PROBABLE_ORTHOLOG
MBB3332317.1	EHJ91707.1	26.0	84.2	84.7	2.44e-07	46.6	YES	NO	NO_RELIABLE_ORTHOLOG
MBB3332318.1	EHJ91099.1	43.4	55.8	55.8	7.28e-09	45.8	YES	YES	NO_RELIABLE_ORTHOLOG
MBB3332319.1	EHJ94718.1	56.4	91.0	99.0	6.649999999999999e-40	125.0	YES	YES	POSSIBLE_ORTHOLOG
MBB3332320.1	EHJ94551.1	71.1	99.5	99.8	3.43e-203	565.0	YES	YES	PROBABLE_ORTHOLOG
MBB3332321.1							YES	NO	NO_RELIABLE_ORTHOLOG
MBB3332322.1							YES	NO	NO_RELIABLE_ORTHOLOG
MBB3332323.1	EHJ91500.1	61.5	95.0	99.2	6.57e-144	409.0	YES	YES	PROBABLE_ORTHOLOG
MBB3332324.1							YES	NO	NO_RELIABLE_ORTHOLOG
MBB3332325.1	EHJ92971.1	74.5	100.0	100.0	0.0	1447.0	YES	YES	HIGH_CONFIDENCE_FUNCTIONAL_ORTHOLOG
MBB3332326.1	EHJ92972.1	75.2	98.4	98.4	1.95e-65	191.0	YES	YES	HIGH_CONFIDENCE_FUNCTIONAL_ORTHOLOG
MBB3332327.1	EHJ92973.1	65.8	97.1	95.7	2.8700000000000003e-210	587.0	YES	YES	HIGH_CONFIDENCE_FUNCTIONAL_ORTHOLOG
MBB3332328.1	EHJ92974.1	64.2	100.0	100.0	1.53e-44	137.0	YES	YES	PROBABLE_ORTHOLOG
MBB3332329.1	EHJ92975.1	70.8	91.0	98.6	2.7900000000000002e-109	310.0	YES	YES	HIGH_CONFIDENCE_FUNCTIONAL_ORTHOLOG
MBB3332330.1	EHJ92976.1	75.9	99.2	99.4	0.0	947.0	YES	YES	PROBABLE_ORTHOLOG
MBB3332331.1	EHJ92977.1	73.6	100.0	97.0	2.86e-83	239.0	YES	YES	HIGH_CONFIDENCE_FUNCTIONAL_ORTHOLOG
MBB3332332.1	EHJ92978.1	92.7	100.0	97.6	5.2600000000000005e-58	169.0	YES	YES	HIGH_CONFIDENCE_FUNCTIONAL_ORTHOLOG
MBB3332333.1							YES	NO	NO_RELIABLE_ORTHOLOG
MBB3332334.1	EHJ93297.1	35.3	86.4	76.1	2.81e-28	103.0	YES	YES	NO_RELIABLE_ORTHOLOG
MBB3332335.1	EHJ92980.1	76.6	63.0	98.3	1.13e-142	407.0	YES	YES	NO_RELIABLE_ORTHOLOG
MBB3332336.1	EHJ92981.1	88.1	100.0	100.0	3.3900000000000003e-276	750.0	YES	YES	PROBABLE_ORTHOLOG
MBB3332337.1							YES	NO	NO_RELIABLE_ORTHOLOG
MBB3332338.1	EHJ92982.1	90.6	95.8	90.9	5.96e-99	280.0	YES	YES	PROBABLE_ORTHOLOG
MBB3332339.1	EHJ92985.1	34.3	65.4	66.0	1.38e-11	53.5	YES	YES	NO_RELIABLE_ORTHOLOG
MBB3332340.1	EHJ92986.1	43.6	90.7	90.7	4.08e-09	43.1	YES	YES	POSSIBLE_ORTHOLOG
MBB3332341.1							YES	NO	NO_RELIABLE_ORTHOLOG
MBB3332342.1	EHJ92987.1	57.2	92.6	99.3	5.03e-62	184.0	YES	YES	POSSIBLE_ORTHOLOG
MBB3332343.1	EHJ92988.1	61.6	91.9	93.6	7.83e-120	346.0	YES	YES	HIGH_CONFIDENCE_FUNCTIONAL_ORTHOLOG
MBB3332344.1	EHJ92989.1	57.8	91.9	92.7	2.34e-80	236.0	YES	YES	POSSIBLE_ORTHOLOG
MBB3332345.1	EHJ92990.1	50.5	86.6	85.7	3.35e-29	99.4	YES	YES	POSSIBLE_ORTHOLOG
MBB3332346.1	EHJ92991.1	43.8	88.0	76.7	1.5999999999999998e-30	107.0	YES	YES	POSSIBLE_ORTHOLOG
MBB3332347.1	EHJ92992.1	68.0	98.4	98.7	1.68e-160	452.0	YES	YES	HIGH_CONFIDENCE_FUNCTIONAL_ORTHOLOG
MBB3332348.1	EHJ92993.1	84.6	99.4	79.2	1.11e-96	274.0	YES	YES	PROBABLE_ORTHOLOG
MBB3332349.1							YES	NO	NO_RELIABLE_ORTHOLOG
MBB3332350.1	EHJ92994.1	71.4	98.0	99.4	2.36e-246	679.0	YES	YES	HIGH_CONFIDENCE_FUNCTIONAL_ORTHOLOG
MBB3332351.1	EHJ92995.1	53.7	93.3	96.7	3.77e-218	625.0	YES	YES	POSSIBLE_ORTHOLOG
MBB3332352.1	EHJ92996.1	85.3	100.0	100.0	1.35e-238	649.0	YES	YES	HIGH_CONFIDENCE_FUNCTIONAL_ORTHOLOG
MBB3332353.1	EHJ92997.1	84.4	100.0	100.0	4.2e-97	275.0	YES	YES	HIGH_CONFIDENCE_FUNCTIONAL_ORTHOLOG
MBB3332354.1	EHJ92998.1	89.2	100.0	99.8	3.1800000000000004e-271	738.0	YES	YES	HIGH_CONFIDENCE_FUNCTIONAL_ORTHOLOG
MBB3332355.1	EHJ92999.1	79.6	99.6	99.6	6.36e-319	868.0	YES	YES	PROBABLE_ORTHOLOG
MBB3332356.1	EHJ93000.1	74.9	91.6	96.2	1.7699999999999998e-188	523.0	YES	YES	PROBABLE_ORTHOLOG
MBB3332357.1	EHJ93001.1	79.2	100.0	100.0	1.12e-206	566.0	YES	YES	PROBABLE_ORTHOLOG
MBB3332358.1	EHJ93007.1	84.0	96.2	100.0	0.0	1448.0	YES	YES	VERY_HIGH_CONFIDENCE
MBB3332359.1							YES	NO	NO_RELIABLE_ORTHOLOG
MBB3332360.1	EHJ93008.1	80.9	100.0	100.0	2.1799999999999998e-197	541.0	YES	YES	VERY_HIGH_CONFIDENCE
MBB3332361.1	EHJ93009.1	77.7	99.7	100.0	0.0	985.0	YES	YES	HIGH_CONFIDENCE_FUNCTIONAL_ORTHOLOG
MBB3332362.1							YES	NO	NO_RELIABLE_ORTHOLOG
MBB3332363.1	EHJ93243.1	37.8	95.0	95.0	2.74e-33	114.0	YES	YES	NO_RELIABLE_ORTHOLOG
MBB3332364.1	EHJ91802.1	84.3	100.0	100.0	0.0	937.0	YES	YES	PROBABLE_ORTHOLOG
MBB3332365.1	EHJ91803.1	43.6	75.7	87.4	7.830000000000001e-85	260.0	YES	YES	POSSIBLE_ORTHOLOG
MBB3332366.1	EHJ91804.1	55.1	99.3	99.6	6.480000000000001e-173	490.0	YES	YES	POSSIBLE_ORTHOLOG
MBB3332367.1	EHJ91805.1	66.3	98.1	96.6	1.2e-118	337.0	YES	YES	PROBABLE_ORTHOLOG
MBB3332368.1	EHJ91806.1	82.5	98.2	100.0	1.34e-128	359.0	YES	YES	HIGH_CONFIDENCE_FUNCTIONAL_ORTHOLOG
MBB3332369.1	EHJ91807.1	81.0	99.7	97.1	0.0	1075.0	YES	YES	VERY_HIGH_CONFIDENCE
MBB3332370.1	EHJ91808.1	65.7	93.6	96.2	2.84e-37	119.0	YES	YES	PROBABLE_ORTHOLOG
MBB3332371.1	EHJ91809.1	61.7	100.0	100.0	2.01e-143	406.0	YES	YES	HIGH_CONFIDENCE_FUNCTIONAL_ORTHOLOG
MBB3332372.1	EHJ91810.1	79.4	99.0	99.0	6.71e-59	173.0	YES	YES	HIGH_CONFIDENCE_FUNCTIONAL_ORTHOLOG
MBB3332373.1	EHJ91811.1	76.9	86.3	92.5	3.09e-134	375.0	YES	YES	HIGH_CONFIDENCE_FUNCTIONAL_ORTHOLOG
MBB3332374.1	EHJ91812.1	67.9	99.2	98.4	1.2900000000000001e-121	343.0	YES	YES	HIGH_CONFIDENCE_FUNCTIONAL_ORTHOLOG
MBB3332375.1	EHJ91813.1	77.2	78.8	98.4	5.32e-72	209.0	YES	YES	PROBABLE_ORTHOLOG
MBB3332376.1	EHJ91814.1	50.0	94.6	83.4	1.18e-85	254.0	YES	YES	POSSIBLE_ORTHOLOG
MBB3332377.1	EHJ91815.1	71.4	100.0	100.0	7.37e-141	392.0	YES	YES	HIGH_CONFIDENCE_FUNCTIONAL_ORTHOLOG
MBB3332378.1	EHJ91816.1	54.5	98.7	100.0	2.3099999999999998e-138	398.0	YES	YES	POSSIBLE_ORTHOLOG
MBB3332379.1	EHJ91817.1	71.0	94.8	90.8	0.0	883.0	YES	YES	PROBABLE_ORTHOLOG
MBB3332380.1	EHJ91818.1	88.0	100.0	100.0	2.48e-229	625.0	YES	YES	HIGH_CONFIDENCE_FUNCTIONAL_ORTHOLOG
MBB3332381.1	EHJ91819.1	84.0	95.6	97.5	1.03e-221	606.0	YES	YES	PROBABLE_ORTHOLOG
MBB3332382.1	EHJ91820.1	74.1	97.4	99.1	4.5300000000000004e-271	745.0	YES	YES	HIGH_CONFIDENCE_FUNCTIONAL_ORTHOLOG
MBB3332383.1	EHJ92602.1	57.5	96.7	93.5	2.46e-232	651.0	YES	YES	POSSIBLE_ORTHOLOG
MBB3332384.1	EHJ91821.1	66.2	100.0	99.6	1.6500000000000002e-103	296.0	YES	YES	HIGH_CONFIDENCE_FUNCTIONAL_ORTHOLOG
MBB3332385.1	EHJ91822.1	74.4	96.7	100.0	3.9e-151	419.0	YES	YES	HIGH_CONFIDENCE_FUNCTIONAL_ORTHOLOG
MBB3332386.1	EHJ91823.1	76.1	92.8	99.3	1.11e-149	418.0	YES	YES	PROBABLE_ORTHOLOG
MBB3332387.1	EHJ93753.1	29.4	96.4	97.4	6.05e-34	126.0	YES	YES	NO_RELIABLE_ORTHOLOG
MBB3332388.1	EHJ94589.1	85.8	100.0	99.3	6.210000000000001e-269	731.0	YES	YES	VERY_HIGH_CONFIDENCE
MBB3332389.1	EHJ91825.1	74.8	98.3	98.9	1.98e-285	785.0	YES	YES	PROBABLE_ORTHOLOG
MBB3332390.1	EHJ93589.1	25.0	52.3	64.0	7.8e-12	62.4	YES	NO	NO_RELIABLE_ORTHOLOG
MBB3332391.1	EHJ94190.1	36.7	77.0	69.7	2.12e-94	304.0	YES	NO	NO_RELIABLE_ORTHOLOG
MBB3332392.1	EHJ94567.1	37.5	61.2	42.5	1.48e-45	166.0	YES	NO	NO_RELIABLE_ORTHOLOG
MBB3332393.1	EHJ91455.1	33.2	51.3	53.0	4.08e-27	108.0	YES	NO	NO_RELIABLE_ORTHOLOG
MBB3332394.1	EHJ91455.1	28.9	90.6	88.9	4.16e-28	110.0	YES	NO	NO_RELIABLE_ORTHOLOG
MBB3332395.1	EHJ91400.1	92.3	100.0	9.4	3.43e-26	95.1	YES	NO	NO_RELIABLE_ORTHOLOG
MBB3332396.1	EHJ91113.1	65.8	89.8	90.3	2.2700000000000002e-110	315.0	YES	YES	HIGH_CONFIDENCE_FUNCTIONAL_ORTHOLOG
MBB3332397.1	EHJ91114.1	67.0	98.9	99.6	1.94e-128	362.0	YES	YES	PROBABLE_ORTHOLOG
MBB3332398.1	EHJ94348.1	40.7	53.9	55.9	3.49e-11	55.5	YES	YES	NO_RELIABLE_ORTHOLOG
MBB3332399.1	EHJ91116.1	85.7	87.5	85.9	2.25e-80	232.0	YES	YES	HIGH_CONFIDENCE_FUNCTIONAL_ORTHOLOG
MBB3332400.1	EHJ91117.1	71.4	97.4	94.2	3.1899999999999996e-182	508.0	YES	YES	HIGH_CONFIDENCE_FUNCTIONAL_ORTHOLOG
MBB3332401.1	EHJ91118.1	78.2	96.9	97.9	6.69e-216	593.0	YES	YES	HIGH_CONFIDENCE_FUNCTIONAL_ORTHOLOG
MBB3332402.1	EHJ91119.1	84.0	95.1	96.3	1.17e-92	263.0	YES	YES	VERY_HIGH_CONFIDENCE
MBB3332403.1	EHJ91120.1	84.4	95.8	97.6	8.16e-92	261.0	YES	YES	HIGH_CONFIDENCE_FUNCTIONAL_ORTHOLOG
MBB3332404.1	EHJ91121.1	60.7	97.2	99.4	1.9e-115	334.0	YES	YES	HIGH_CONFIDENCE_FUNCTIONAL_ORTHOLOG
MBB3332405.1	EHJ91122.1	82.8	100.0	100.0	2.65e-111	310.0	YES	YES	VERY_HIGH_CONFIDENCE
MBB3332406.1	EHJ91123.1	53.1	99.8	99.8	1.43e-140	404.0	YES	YES	POSSIBLE_ORTHOLOG
MBB3332407.1	EHJ91124.1	87.6	95.0	92.7	0.0	1360.0	YES	YES	VERY_HIGH_CONFIDENCE
MBB3332408.1	EHJ91127.1	88.4	100.0	100.0	0.0	1076.0	YES	YES	VERY_HIGH_CONFIDENCE
MBB3332409.1	EHJ91128.1	64.3	94.7	97.2	2.02e-155	437.0	YES	YES	PROBABLE_ORTHOLOG
MBB3332410.1	EHJ91129.1	86.4	95.3	90.6	3.05e-114	320.0	YES	YES	PROBABLE_ORTHOLOG
MBB3332411.1	EHJ91130.1	83.6	93.6	87.3	2.53e-137	382.0	YES	YES	PROBABLE_ORTHOLOG
MBB3332412.1	EHJ91131.1	83.2	97.7	96.9	1.3400000000000001e-70	204.0	YES	YES	HIGH_CONFIDENCE_FUNCTIONAL_ORTHOLOG
MBB3332413.1	EHJ91132.1	74.9	100.0	100.0	3.57e-159	442.0	YES	YES	HIGH_CONFIDENCE_FUNCTIONAL_ORTHOLOG
MBB3332414.1	EHJ91134.1	87.4	99.8	99.8	0.0	919.0	YES	YES	VERY_HIGH_CONFIDENCE
MBB3332415.1	EHJ91135.1	76.4	100.0	93.2	4.19e-101	285.0	YES	YES	HIGH_CONFIDENCE_FUNCTIONAL_ORTHOLOG
MBB3332416.1	EHJ91140.1	83.9	92.2	93.7	0.0	1177.0	YES	YES	PROBABLE_ORTHOLOG
MBB3332417.1	EHJ91141.1	72.6	98.1	95.8	8.34e-282	773.0	YES	YES	HIGH_CONFIDENCE_FUNCTIONAL_ORTHOLOG
MBB3332418.1	EHJ91142.1	72.5	93.0	96.4	2.68e-78	227.0	YES	YES	HIGH_CONFIDENCE_FUNCTIONAL_ORTHOLOG
MBB3332419.1	EHJ91149.1	77.4	92.3	95.7	2.82e-85	244.0	YES	YES	PROBABLE_ORTHOLOG
MBB3332420.1	EHJ91151.1	76.3	99.2	100.0	0.0	1468.0	YES	YES	PROBABLE_ORTHOLOG
MBB3332421.1	EHJ91152.1	53.8	89.8	90.0	3.36e-107	317.0	YES	YES	POSSIBLE_ORTHOLOG
MBB3332422.1	EHJ91153.1	87.4	100.0	99.7	1.13e-202	555.0	YES	YES	VERY_HIGH_CONFIDENCE
MBB3332423.1	EHJ91155.1	82.1	100.0	100.0	1.61e-135	376.0	YES	YES	VERY_HIGH_CONFIDENCE
MBB3332424.1	EHJ91156.1	89.0	100.0	92.1	3.4999999999999997e-113	315.0	YES	YES	VERY_HIGH_CONFIDENCE
MBB3332425.1	EHJ91157.1	82.3	100.0	100.0	0.0	1213.0	YES	YES	PROBABLE_ORTHOLOG
MBB3332426.1	EHJ91158.1	57.7	95.8	80.1	3.35e-100	292.0	YES	YES	POSSIBLE_ORTHOLOG
MBB3332427.1	EHJ91159.1	44.3	67.0	62.2	1.15e-52	176.0	YES	YES	NO_RELIABLE_ORTHOLOG
MBB3332428.1	EHJ91161.1	83.2	100.0	99.2	1.13e-171	471.0	YES	YES	VERY_HIGH_CONFIDENCE
MBB3332429.1	EHJ92477.1	45.1	51.5	52.6	1.44e-06	40.0	YES	NO	NO_RELIABLE_ORTHOLOG
MBB3332430.1							YES	NO	NO_RELIABLE_ORTHOLOG
MBB3332431.1	EHJ93678.1	91.4	100.0	33.0	3.4699999999999994e-95	279.0	YES	NO	NO_RELIABLE_ORTHOLOG
MBB3332432.1	EHJ93677.1	73.5	100.0	100.0	2.92e-35	110.0	YES	YES	HIGH_CONFIDENCE_FUNCTIONAL_ORTHOLOG
MBB3332433.1	EHJ93676.1	76.6	95.2	97.1	3.66e-243	667.0	YES	YES	HIGH_CONFIDENCE_FUNCTIONAL_ORTHOLOG
MBB3332434.1	EHJ93675.1	71.4	94.9	93.2	6.63e-149	419.0	YES	YES	HIGH_CONFIDENCE_FUNCTIONAL_ORTHOLOG
MBB3332435.1	EHJ93674.1	81.8	100.0	100.0	4.03e-101	285.0	YES	YES	VERY_HIGH_CONFIDENCE
MBB3332436.1	EHJ93673.1	62.5	68.0	84.5	3.28e-101	298.0	YES	YES	NO_RELIABLE_ORTHOLOG
MBB3332437.1	EHJ93672.1	58.9	99.2	99.2	1.11e-146	417.0	YES	YES	POSSIBLE_ORTHOLOG
MBB3332438.1	EHJ93671.1	70.8	100.0	100.0	1.59e-96	275.0	YES	YES	HIGH_CONFIDENCE_FUNCTIONAL_ORTHOLOG
MBB3332439.1	EHJ93670.1	83.2	98.7	95.6	1.3599999999999999e-199	546.0	YES	YES	VERY_HIGH_CONFIDENCE
MBB3332440.1	EHJ93669.1	74.1	100.0	98.9	1.77e-140	393.0	YES	YES	HIGH_CONFIDENCE_FUNCTIONAL_ORTHOLOG
MBB3332441.1	EHJ93668.1	72.6	98.8	97.7	9.79e-44	133.0	YES	YES	PROBABLE_ORTHOLOG
MBB3332442.1	EHJ93667.1	71.6	100.0	100.0	1.64e-136	382.0	YES	YES	PROBABLE_ORTHOLOG
MBB3332443.1							YES	NO	NO_RELIABLE_ORTHOLOG
MBB3332444.1	EHJ93666.1	79.3	95.7	97.5	1.39e-109	309.0	YES	YES	PROBABLE_ORTHOLOG
MBB3332445.1	EHJ93665.1	88.0	100.0	100.0	2.4600000000000002e-303	821.0	YES	YES	HIGH_CONFIDENCE_FUNCTIONAL_ORTHOLOG
MBB3332446.1	EHJ93664.1	68.0	96.6	98.1	4.21e-127	367.0	YES	YES	HIGH_CONFIDENCE_FUNCTIONAL_ORTHOLOG
MBB3332447.1	EHJ93663.1	55.1	98.6	99.1	2e-75	224.0	YES	YES	POSSIBLE_ORTHOLOG
MBB3332448.1	EHJ93662.1	80.1	95.9	97.7	4.2600000000000004e-245	671.0	YES	YES	VERY_HIGH_CONFIDENCE
MBB3332449.1	EHJ93661.1	91.7	93.8	99.4	2.74e-228	622.0	YES	YES	VERY_HIGH_CONFIDENCE
MBB3332450.1	EHJ93660.1	48.4	100.0	100.0	4.8099999999999994e-104	306.0	YES	YES	POSSIBLE_ORTHOLOG
MBB3332451.1	EHJ93659.1	58.4	92.8	94.3	2.86e-84	248.0	YES	YES	POSSIBLE_ORTHOLOG
MBB3332452.1	EHJ93658.1	88.4	98.7	92.7	1.61e-249	678.0	YES	YES	VERY_HIGH_CONFIDENCE
MBB3332453.1	EHJ93657.1	91.5	100.0	96.6	3.66e-91	258.0	YES	YES	VERY_HIGH_CONFIDENCE
MBB3332454.1	EHJ93656.1	80.6	100.0	100.0	2.11e-62	182.0	YES	YES	HIGH_CONFIDENCE_FUNCTIONAL_ORTHOLOG
MBB3332455.1	EHJ93655.1	76.1	98.7	96.4	1.22e-206	570.0	YES	YES	HIGH_CONFIDENCE_FUNCTIONAL_ORTHOLOG
MBB3332456.1	EHJ93654.1	76.9	100.0	100.0	1.41e-78	227.0	YES	YES	PROBABLE_ORTHOLOG
MBB3332457.1	EHJ93653.1	87.0	89.7	88.5	5.2300000000000005e-169	467.0	YES	YES	HIGH_CONFIDENCE_FUNCTIONAL_ORTHOLOG
MBB3332458.1	EHJ93652.1	77.0	95.6	97.2	5.84e-129	362.0	YES	YES	HIGH_CONFIDENCE_FUNCTIONAL_ORTHOLOG
MBB3332459.1	EHJ93651.1	75.9	98.9	100.0	4.29e-146	406.0	YES	YES	HIGH_CONFIDENCE_FUNCTIONAL_ORTHOLOG
MBB3332460.1	EHJ93650.1	79.9	100.0	100.0	1.81e-165	459.0	YES	YES	HIGH_CONFIDENCE_FUNCTIONAL_ORTHOLOG
MBB3332461.1	EHJ93649.1	82.7	100.0	96.3	0.0	940.0	YES	YES	HIGH_CONFIDENCE_FUNCTIONAL_ORTHOLOG
MBB3332462.1	EHJ93648.1	83.6	100.0	100.0	4.62e-62	181.0	YES	YES	HIGH_CONFIDENCE_FUNCTIONAL_ORTHOLOG
MBB3332463.1	EHJ93647.1	88.1	100.0	94.5	3.58e-254	690.0	YES	YES	VERY_HIGH_CONFIDENCE
MBB3332464.1	EHJ93646.1	84.5	98.8	100.0	5.1399999999999996e-220	600.0	YES	YES	VERY_HIGH_CONFIDENCE
MBB3332465.1							YES	NO	NO_RELIABLE_ORTHOLOG
MBB3332466.1	EHJ91895.1	66.2	88.0	97.5	6.21e-92	265.0	YES	YES	PROBABLE_ORTHOLOG
MBB3332467.1	EHJ91202.1	55.2	92.4	94.2	2.89e-183	521.0	YES	YES	POSSIBLE_ORTHOLOG
MBB3332468.1	EHJ91894.1	70.1	98.7	90.6	1.89e-39	122.0	YES	YES	HIGH_CONFIDENCE_FUNCTIONAL_ORTHOLOG
MBB3332469.1	EHJ91893.1	62.5	99.4	98.3	2.37e-149	422.0	YES	YES	HIGH_CONFIDENCE_FUNCTIONAL_ORTHOLOG
MBB3332470.1							YES	NO	NO_RELIABLE_ORTHOLOG
MBB3332471.1	EHJ94713.1	29.5	95.7	96.7	3e-09	46.6	YES	YES	NO_RELIABLE_ORTHOLOG
MBB3332472.1	EHJ94893.1	34.3	95.5	93.4	1.22e-26	100.0	YES	NO	NO_RELIABLE_ORTHOLOG
MBB3332473.1	EHJ93925.1	78.1	98.5	98.5	7.49e-178	492.0	YES	YES	PROBABLE_ORTHOLOG
MBB3332474.1	EHJ93924.1	82.2	98.1	96.5	0.0	907.0	YES	YES	PROBABLE_ORTHOLOG
MBB3332475.1	EHJ93923.1	61.8	95.6	96.1	9.970000000000001e-77	224.0	YES	YES	PROBABLE_ORTHOLOG
MBB3332476.1	EHJ94665.1	23.8	87.1	79.3	4.55e-06	45.1	YES	NO	NO_RELIABLE_ORTHOLOG
MBB3332477.1							YES	NO	NO_RELIABLE_ORTHOLOG
MBB3332478.1	EHJ92381.1	40.1	90.1	91.9	6.9500000000000005e-50	160.0	YES	NO	NO_RELIABLE_ORTHOLOG
MBB3332479.1	EHJ91629.1	89.7	96.7	95.5	0.0	1523.0	YES	YES	VERY_HIGH_CONFIDENCE
MBB3332480.1	EHJ91630.1	78.2	100.0	100.0	3.5100000000000002e-211	580.0	YES	YES	HIGH_CONFIDENCE_FUNCTIONAL_ORTHOLOG
MBB3332481.1	EHJ91631.1	88.7	100.0	100.0	3.31e-237	645.0	YES	YES	VERY_HIGH_CONFIDENCE
MBB3332482.1	EHJ91632.1	81.3	98.4	97.5	0.0	1187.0	YES	YES	VERY_HIGH_CONFIDENCE
MBB3332483.1	EHJ91633.1	80.4	99.1	99.1	2.7399999999999998e-120	338.0	YES	YES	VERY_HIGH_CONFIDENCE
MBB3332484.1	EHJ91634.1	90.7	100.0	100.0	0.0	952.0	YES	YES	HIGH_CONFIDENCE_FUNCTIONAL_ORTHOLOG
MBB3332485.1	EHJ91635.1	64.3	100.0	100.0	1.1699999999999999e-46	144.0	YES	YES	PROBABLE_ORTHOLOG
MBB3332486.1	EHJ91636.1	37.9	97.4	97.9	1.02e-39	136.0	YES	YES	NO_RELIABLE_ORTHOLOG
MBB3332487.1	EHJ91637.1	52.1	96.6	62.3	7.28e-21	77.8	YES	YES	NO_RELIABLE_ORTHOLOG
MBB3332488.1	EHJ91900.1	70.0	61.2	98.4	6.1399999999999995e-30	98.6	YES	YES	NO_RELIABLE_ORTHOLOG
MBB3332489.1	EHJ91899.1	58.4	100.0	97.2	1.14e-118	338.0	YES	YES	POSSIBLE_ORTHOLOG
MBB3332490.1	EHJ91897.1	82.2	89.3	96.7	1.2100000000000002e-124	349.0	YES	YES	HIGH_CONFIDENCE_FUNCTIONAL_ORTHOLOG
MBB3332491.1							YES	NO	NO_RELIABLE_ORTHOLOG
MBB3332492.1	EHJ94548.1	74.5	100.0	100.0	7.480000000000001e-72	208.0	YES	YES	HIGH_CONFIDENCE_FUNCTIONAL_ORTHOLOG
MBB3332493.1	EHJ92632.1	79.1	99.0	90.7	9.96e-111	313.0	YES	YES	PROBABLE_ORTHOLOG
MBB3332494.1	EHJ93361.1	32.4	90.9	92.2	1.24e-50	172.0	YES	NO	NO_RELIABLE_ORTHOLOG
MBB3332495.1	EHJ94690.1	45.0	98.8	97.8	5.38e-155	452.0	YES	YES	POSSIBLE_ORTHOLOG
MBB3332496.1							YES	NO	NO_RELIABLE_ORTHOLOG
MBB3332497.1							YES	NO	NO_RELIABLE_ORTHOLOG
MBB3332498.1							YES	NO	NO_RELIABLE_ORTHOLOG
MBB3332499.1							YES	NO	NO_RELIABLE_ORTHOLOG
MBB3332500.1	EHJ92631.1	70.8	100.0	91.0	4.35e-79	229.0	YES	YES	HIGH_CONFIDENCE_FUNCTIONAL_ORTHOLOG
MBB3332501.1	EHJ92630.1	72.2	97.7	98.4	3.8700000000000005e-70	203.0	YES	YES	HIGH_CONFIDENCE_FUNCTIONAL_ORTHOLOG
MBB3332502.1	EHJ92629.1	86.8	100.0	93.1	4.22e-257	700.0	YES	YES	VERY_HIGH_CONFIDENCE
MBB3332503.1	EHJ92628.1	48.4	91.4	86.3	6.36e-13	54.7	YES	YES	POSSIBLE_ORTHOLOG
MBB3332504.1	EHJ92627.1	62.7	99.7	94.2	4.88e-135	384.0	YES	YES	PROBABLE_ORTHOLOG
MBB3332505.1	EHJ92442.1	27.8	91.9	89.4	1.1399999999999999e-24	97.8	YES	NO	NO_RELIABLE_ORTHOLOG
MBB3332506.1	EHJ93702.1	72.8	97.6	96.2	9.28e-105	297.0	YES	YES	PROBABLE_ORTHOLOG
MBB3332507.1	EHJ92626.1	82.8	99.5	99.5	6.25e-242	660.0	YES	YES	VERY_HIGH_CONFIDENCE
MBB3332508.1	EHJ92625.1	79.6	100.0	100.0	9.5e-201	552.0	YES	YES	HIGH_CONFIDENCE_FUNCTIONAL_ORTHOLOG
MBB3332509.1	EHJ92624.1	77.8	98.8	100.0	2.14e-194	535.0	YES	YES	HIGH_CONFIDENCE_FUNCTIONAL_ORTHOLOG
MBB3332510.1	EHJ92623.1	77.1	100.0	100.0	2.76e-279	762.0	YES	YES	HIGH_CONFIDENCE_FUNCTIONAL_ORTHOLOG
MBB3332511.1	EHJ92622.1	83.2	97.6	98.0	2.5000000000000002e-272	742.0	YES	YES	VERY_HIGH_CONFIDENCE
MBB3332512.1							YES	NO	NO_RELIABLE_ORTHOLOG
MBB3332513.1	EHJ92601.1	89.4	99.4	99.4	2.4600000000000003e-179	498.0	YES	YES	PROBABLE_ORTHOLOG
MBB3332514.1	EHJ92600.1	69.7	93.9	91.5	5.47e-71	208.0	YES	YES	PROBABLE_ORTHOLOG
MBB3332515.1							YES	NO	NO_RELIABLE_ORTHOLOG
MBB3332516.1	EHJ92587.1	78.4	98.0	100.0	2.41e-122	345.0	YES	YES	PROBABLE_ORTHOLOG
MBB3332517.1	EHJ92501.1	67.3	94.9	91.3	5.24e-151	427.0	YES	YES	HIGH_CONFIDENCE_FUNCTIONAL_ORTHOLOG
MBB3332518.1	EHJ92523.1	36.6	94.0	85.5	1.53e-44	148.0	YES	YES	NO_RELIABLE_ORTHOLOG
MBB3332519.1							YES	NO	NO_RELIABLE_ORTHOLOG
MBB3332520.1							YES	NO	NO_RELIABLE_ORTHOLOG
MBB3332521.1	EHJ91859.1	47.2	23.5	24.9	3.6e-15	71.2	YES	NO	NO_RELIABLE_ORTHOLOG
MBB3332522.1							YES	NO	NO_RELIABLE_ORTHOLOG
MBB3332523.1	EHJ94920.1	45.4	100.0	100.0	9.849999999999999e-83	251.0	YES	YES	POSSIBLE_ORTHOLOG
MBB3332524.1	EHJ94917.1	49.7	97.0	99.1	2.8400000000000002e-121	358.0	YES	YES	POSSIBLE_ORTHOLOG
MBB3332525.1	EHJ94917.1	45.4	96.8	98.4	2.32e-109	328.0	YES	NO	NO_RELIABLE_ORTHOLOG
MBB3332526.1							YES	NO	NO_RELIABLE_ORTHOLOG
MBB3332527.1	EHJ92477.1	30.8	78.0	79.4	2.07e-06	39.7	YES	NO	NO_RELIABLE_ORTHOLOG
MBB3332528.1							YES	NO	NO_RELIABLE_ORTHOLOG
MBB3332529.1	EHJ94108.1	42.8	65.3	88.6	2.71e-139	423.0	YES	NO	NO_RELIABLE_ORTHOLOG
MBB3332530.1	EHJ93933.1	64.1	98.1	95.2	2.38e-255	709.0	YES	YES	PROBABLE_ORTHOLOG
MBB3332531.1	EHJ94778.1	40.7	64.3	33.6	1.7e-62	214.0	YES	NO	NO_RELIABLE_ORTHOLOG
MBB3332532.1	EHJ94120.1	51.9	97.2	97.9	2.27e-211	605.0	YES	YES	POSSIBLE_ORTHOLOG
MBB3332533.1	EHJ93876.1	33.7	93.9	24.4	1.43e-37	137.0	YES	NO	NO_RELIABLE_ORTHOLOG
MBB3332534.1	EHJ93991.1	32.0	28.6	26.1	5.24e-15	73.6	YES	NO	NO_RELIABLE_ORTHOLOG
MBB3332535.1	EHJ94370.1	65.4	58.9	97.7	0.0	1199.0	YES	YES	NO_RELIABLE_ORTHOLOG
MBB3332536.1							YES	NO	NO_RELIABLE_ORTHOLOG
MBB3332537.1	EHJ93032.1	75.0	99.7	99.7	3.26e-197	543.0	YES	YES	HIGH_CONFIDENCE_FUNCTIONAL_ORTHOLOG
MBB3332538.1	EHJ92970.1	75.9	99.0	99.3	5.0200000000000003e-160	444.0	YES	YES	HIGH_CONFIDENCE_FUNCTIONAL_ORTHOLOG
MBB3332539.1	EHJ93031.1	74.3	99.3	99.3	2.42e-78	226.0	YES	YES	HIGH_CONFIDENCE_FUNCTIONAL_ORTHOLOG
MBB3332540.1	EHJ93030.1	88.9	100.0	99.6	2e-286	778.0	YES	YES	HIGH_CONFIDENCE_FUNCTIONAL_ORTHOLOG
MBB3332541.1	EHJ93029.1	84.9	100.0	100.0	1.19e-214	587.0	YES	YES	VERY_HIGH_CONFIDENCE
MBB3332542.1	EHJ93028.1	68.2	91.4	96.2	9.13e-171	478.0	YES	YES	HIGH_CONFIDENCE_FUNCTIONAL_ORTHOLOG
MBB3332543.1	EHJ93027.1	59.6	99.1	100.0	2.43e-94	273.0	YES	YES	POSSIBLE_ORTHOLOG
MBB3332544.1	EHJ92444.1	63.5	99.0	97.0	2.25e-41	128.0	YES	YES	PROBABLE_ORTHOLOG
MBB3332545.1	EHJ93026.1	70.5	99.0	78.2	1.2e-87	254.0	YES	YES	PROBABLE_ORTHOLOG
MBB3332546.1	EHJ93025.1	61.0	92.6	89.3	4.47e-71	209.0	YES	YES	HIGH_CONFIDENCE_FUNCTIONAL_ORTHOLOG
MBB3332547.1	EHJ93024.1	93.8	100.0	100.0	1.35e-176	483.0	YES	YES	VERY_HIGH_CONFIDENCE
MBB3332548.1	EHJ93023.1	78.5	97.6	99.2	1.62e-137	384.0	YES	YES	HIGH_CONFIDENCE_FUNCTIONAL_ORTHOLOG
MBB3332549.1	EHJ93022.1	78.9	100.0	100.0	2.8999999999999997e-131	365.0	YES	YES	HIGH_CONFIDENCE_FUNCTIONAL_ORTHOLOG
MBB3332550.1	EHJ93021.1	86.8	100.0	100.0	2.1800000000000002e-125	348.0	YES	YES	VERY_HIGH_CONFIDENCE
MBB3332551.1	EHJ93020.1	63.9	87.3	83.1	2.03e-54	166.0	YES	YES	HIGH_CONFIDENCE_FUNCTIONAL_ORTHOLOG
MBB3332552.1	EHJ93019.1	54.1	95.7	96.0	4.7400000000000005e-257	729.0	YES	YES	POSSIBLE_ORTHOLOG
MBB3332553.1	EHJ93018.1	68.9	98.3	98.1	1.28e-176	492.0	YES	YES	HIGH_CONFIDENCE_FUNCTIONAL_ORTHOLOG
MBB3332554.1	EHJ93017.1	83.9	96.7	87.0	5.07e-50	150.0	YES	YES	HIGH_CONFIDENCE_FUNCTIONAL_ORTHOLOG
MBB3332555.1	EHJ93615.1	26.7	67.0	75.2	3.33e-06	44.3	YES	NO	NO_RELIABLE_ORTHOLOG
MBB3332556.1	EHJ92420.1	55.1	95.7	96.5	1.6800000000000001e-167	477.0	YES	NO	POSSIBLE_ORTHOLOG
MBB3332557.1							YES	NO	NO_RELIABLE_ORTHOLOG
MBB3332558.1							YES	NO	NO_RELIABLE_ORTHOLOG
MBB3332559.1							YES	NO	NO_RELIABLE_ORTHOLOG
MBB3332560.1							YES	NO	NO_RELIABLE_ORTHOLOG
MBB3332561.1							YES	NO	NO_RELIABLE_ORTHOLOG
MBB3332562.1							YES	NO	NO_RELIABLE_ORTHOLOG
MBB3332563.1							YES	NO	NO_RELIABLE_ORTHOLOG
MBB3332564.1	EHJ91378.1	38.4	97.9	96.8	3.12e-25	91.3	YES	NO	NO_RELIABLE_ORTHOLOG
MBB3332565.1	EHJ94277.1	26.5	17.8	57.3	1.58e-06	47.0	YES	NO	NO_RELIABLE_ORTHOLOG
MBB3332566.1							YES	NO	NO_RELIABLE_ORTHOLOG
MBB3332567.1							YES	NO	NO_RELIABLE_ORTHOLOG
MBB3332568.1							YES	NO	NO_RELIABLE_ORTHOLOG
MBB3332569.1							YES	NO	NO_RELIABLE_ORTHOLOG
MBB3332570.1							YES	NO	NO_RELIABLE_ORTHOLOG
MBB3332571.1							YES	NO	NO_RELIABLE_ORTHOLOG
MBB3332572.1							YES	NO	NO_RELIABLE_ORTHOLOG
MBB3332573.1							YES	NO	NO_RELIABLE_ORTHOLOG
MBB3332574.1							YES	NO	NO_RELIABLE_ORTHOLOG
MBB3332575.1							YES	NO	NO_RELIABLE_ORTHOLOG
MBB3332576.1	EHJ94915.1	27.8	97.7	95.2	2.25e-36	135.0	YES	NO	FUNCTION_CONFLICT
MBB3332577.1							YES	NO	NO_RELIABLE_ORTHOLOG
MBB3332578.1	EHJ93072.1	28.4	81.8	78.6	3.13e-32	123.0	YES	YES	NO_RELIABLE_ORTHOLOG
MBB3332579.1	EHJ93069.1	79.1	100.0	70.4	1.09e-157	441.0	YES	NO	POSSIBLE_ORTHOLOG
MBB3332580.1	EHJ94941.1	87.0	99.7	94.6	9.37e-202	552.0	YES	YES	VERY_HIGH_CONFIDENCE
MBB3332581.1							YES	NO	NO_RELIABLE_ORTHOLOG
MBB3332582.1							YES	NO	NO_RELIABLE_ORTHOLOG
MBB3332583.1							YES	NO	NO_RELIABLE_ORTHOLOG
MBB3332584.1							YES	NO	NO_RELIABLE_ORTHOLOG
MBB3332585.1	EHJ94943.1	44.3	43.4	40.2	2.99e-12	59.3	YES	YES	NO_RELIABLE_ORTHOLOG
MBB3332586.1	EHJ94944.1	45.1	80.3	85.9	2.33e-21	80.9	YES	YES	POSSIBLE_ORTHOLOG
MBB3332587.1	EHJ94945.1	42.2	20.9	28.0	7.11e-06	41.6	YES	YES	NO_RELIABLE_ORTHOLOG
MBB3332588.1	EHJ94946.1	32.7	17.2	23.6	8.46e-07	48.5	YES	NO	NO_RELIABLE_ORTHOLOG
MBB3332589.1	EHJ94183.1	65.5	100.0	100.0	9.9e-100	286.0	YES	YES	PROBABLE_ORTHOLOG
MBB3332590.1	EHJ94182.1	80.0	100.0	100.0	6.88e-265	723.0	YES	YES	PROBABLE_ORTHOLOG
MBB3332591.1	EHJ94181.1	70.8	99.4	98.7	2.06e-315	866.0	YES	YES	HIGH_CONFIDENCE_FUNCTIONAL_ORTHOLOG
MBB3332592.1	EHJ94180.1	84.4	95.8	97.3	3.67e-143	399.0	YES	YES	HIGH_CONFIDENCE_FUNCTIONAL_ORTHOLOG
MBB3332593.1							YES	NO	NO_RELIABLE_ORTHOLOG
MBB3332594.1							YES	NO	NO_RELIABLE_ORTHOLOG
MBB3332595.1							YES	NO	NO_RELIABLE_ORTHOLOG
MBB3332596.1	EHJ92882.1	28.0	50.1	83.6	1.1800000000000001e-32	130.0	YES	NO	NO_RELIABLE_ORTHOLOG
MBB3332597.1	EHJ93247.1	81.2	100.0	100.0	5.45e-161	446.0	YES	YES	VERY_HIGH_CONFIDENCE
MBB3332598.1	EHJ93457.1	24.8	76.1	74.7	1.59e-08	52.0	YES	NO	NO_RELIABLE_ORTHOLOG
MBB3332599.1	EHJ93246.1	85.6	100.0	94.1	4.44e-156	432.0	YES	YES	HIGH_CONFIDENCE_FUNCTIONAL_ORTHOLOG
MBB3332600.1	EHJ92044.1	80.2	99.5	98.2	0.0	1029.0	YES	YES	PROBABLE_ORTHOLOG
MBB3332601.1	EHJ92045.1	66.6	98.9	97.4	5.43e-301	831.0	YES	YES	PROBABLE_ORTHOLOG
MBB3332602.1	EHJ93226.1	80.3	98.0	96.0	2.0899999999999998e-159	443.0	YES	YES	PROBABLE_ORTHOLOG
MBB3332603.1	EHJ92555.1	79.9	99.7	100.0	8.34e-217	593.0	YES	YES	PROBABLE_ORTHOLOG
MBB3332604.1	EHJ93302.1	88.3	100.0	100.0	1.79e-239	650.0	YES	YES	PROBABLE_ORTHOLOG
MBB3332605.1							YES	NO	NO_RELIABLE_ORTHOLOG
MBB3332606.1	EHJ93227.1	53.6	97.9	93.9	9.449999999999999e-94	276.0	YES	YES	POSSIBLE_ORTHOLOG
MBB3332607.1	EHJ92085.1	87.0	100.0	100.0	1.02e-96	272.0	YES	YES	HIGH_CONFIDENCE_FUNCTIONAL_ORTHOLOG
MBB3332608.1	EHJ93679.1	37.1	96.0	99.0	7.62e-80	254.0	YES	NO	NO_RELIABLE_ORTHOLOG
MBB3332609.1	EHJ91611.1	31.8	41.0	30.6	6.820000000000001e-21	94.4	YES	NO	NO_RELIABLE_ORTHOLOG
MBB3332610.1	EHJ93485.1	38.5	91.4	98.3	4.75e-44	145.0	YES	NO	NO_RELIABLE_ORTHOLOG
MBB3332611.1	EHJ93678.1	100.0	100.0	6.8	1.8e-15	63.5	YES	NO	NO_RELIABLE_ORTHOLOG
MBB3332612.1	EHJ92927.1	89.9	99.4	98.5	2.74e-220	600.0	YES	YES	VERY_HIGH_CONFIDENCE
MBB3332613.1	EHJ92930.1	87.4	98.2	95.5	3.25e-176	484.0	YES	YES	VERY_HIGH_CONFIDENCE
MBB3332614.1	EHJ92931.1	62.4	91.4	89.8	3.1e-96	282.0	YES	YES	PROBABLE_ORTHOLOG
MBB3332615.1	EHJ92932.1	76.3	96.2	94.6	4.99e-145	408.0	YES	YES	HIGH_CONFIDENCE_FUNCTIONAL_ORTHOLOG
MBB3332616.1							YES	NO	NO_RELIABLE_ORTHOLOG
MBB3332617.1	EHJ92934.1	81.5	98.0	96.8	0.0	960.0	YES	YES	PROBABLE_ORTHOLOG
MBB3332618.1	EHJ93246.1	29.0	96.6	93.4	7.46e-17	75.1	YES	NO	NO_RELIABLE_ORTHOLOG
MBB3332619.1							YES	NO	NO_RELIABLE_ORTHOLOG
MBB3332620.1	EHJ92935.1	83.7	100.0	100.0	0.0	2215.0	YES	YES	VERY_HIGH_CONFIDENCE
MBB3332621.1	EHJ92936.1	72.0	92.2	92.4	3.3099999999999996e-244	673.0	YES	YES	HIGH_CONFIDENCE_FUNCTIONAL_ORTHOLOG
MBB3332622.1							YES	NO	NO_RELIABLE_ORTHOLOG
MBB3332623.1	EHJ93248.1	84.4	99.1	92.0	0.0	946.0	YES	YES	PROBABLE_ORTHOLOG
MBB3332624.1	EHJ93249.1	80.6	99.3	99.7	0.0	929.0	YES	YES	VERY_HIGH_CONFIDENCE
MBB3332625.1	EHJ93250.1	80.6	95.3	98.2	5.76e-252	691.0	YES	YES	PROBABLE_ORTHOLOG
MBB3332626.1	EHJ93256.1	68.4	99.1	97.7	1.4500000000000002e-103	295.0	YES	YES	PROBABLE_ORTHOLOG
MBB3332627.1	EHJ93257.1	75.0	91.2	81.6	2.51e-66	195.0	YES	YES	PROBABLE_ORTHOLOG
MBB3332628.1	EHJ93258.1	70.1	97.7	98.4	1.66e-62	184.0	YES	YES	PROBABLE_ORTHOLOG
MBB3332629.1	EHJ93259.1	75.2	97.1	95.8	3.2e-157	438.0	YES	YES	PROBABLE_ORTHOLOG
MBB3332630.1	EHJ93261.1	59.0	100.0	99.4	1.55e-177	503.0	YES	YES	POSSIBLE_ORTHOLOG
MBB3332631.1	EHJ93262.1	55.0	97.9	93.4	2.3700000000000002e-185	528.0	YES	YES	POSSIBLE_ORTHOLOG
MBB3332632.1	EHJ93263.1	58.7	93.7	97.0	6.650000000000001e-210	588.0	YES	YES	POSSIBLE_ORTHOLOG
MBB3332633.1	EHJ93264.1	46.6	92.9	95.7	3.4100000000000003e-164	483.0	YES	YES	POSSIBLE_ORTHOLOG
MBB3332634.1	EHJ92318.1	79.7	99.8	99.6	4.07e-297	808.0	YES	YES	HIGH_CONFIDENCE_FUNCTIONAL_ORTHOLOG
MBB3332635.1	EHJ92319.1	81.7	99.2	97.5	6.03e-232	635.0	YES	YES	HIGH_CONFIDENCE_FUNCTIONAL_ORTHOLOG
MBB3332636.1	EHJ92320.1	83.5	99.5	99.9	0.0	1461.0	YES	YES	VERY_HIGH_CONFIDENCE
MBB3332637.1	EHJ92321.1	89.1	100.0	100.0	2.2999999999999996e-250	679.0	YES	YES	HIGH_CONFIDENCE_FUNCTIONAL_ORTHOLOG
MBB3332638.1	EHJ92322.1	90.4	98.3	99.3	1.24e-193	529.0	YES	YES	VERY_HIGH_CONFIDENCE
MBB3332639.1	EHJ92323.1	88.9	95.3	87.5	5.0499999999999996e-139	387.0	YES	YES	PROBABLE_ORTHOLOG
MBB3332640.1	EHJ92325.1	64.1	90.2	99.8	1.28e-187	526.0	YES	YES	HIGH_CONFIDENCE_FUNCTIONAL_ORTHOLOG
MBB3332641.1							YES	NO	NO_RELIABLE_ORTHOLOG
MBB3332642.1	EHJ93096.1	26.2	75.9	82.3	1.61e-23	95.1	YES	NO	NO_RELIABLE_ORTHOLOG
MBB3332643.1	EHJ93039.1	76.0	97.4	97.8	3.46e-141	395.0	YES	YES	HIGH_CONFIDENCE_FUNCTIONAL_ORTHOLOG
MBB3332644.1	EHJ93038.1	76.7	96.9	100.0	2.59e-175	484.0	YES	YES	HIGH_CONFIDENCE_FUNCTIONAL_ORTHOLOG
MBB3332645.1	EHJ93037.1	74.4	99.6	99.6	9.549999999999999e-135	377.0	YES	YES	HIGH_CONFIDENCE_FUNCTIONAL_ORTHOLOG
MBB3332646.1	EHJ93036.1	86.0	100.0	100.0	0.0	1416.0	YES	YES	HIGH_CONFIDENCE_FUNCTIONAL_ORTHOLOG
MBB3332647.1	EHJ93035.1	91.3	100.0	98.6	0.0	1068.0	YES	YES	VERY_HIGH_CONFIDENCE
MBB3332648.1	EHJ93034.1	98.2	100.0	100.0	1.63e-108	303.0	YES	YES	VERY_HIGH_CONFIDENCE
MBB3332649.1	EHJ93282.1	59.1	98.0	99.0	2.83e-117	336.0	YES	YES	POSSIBLE_ORTHOLOG
MBB3332650.1	EHJ93283.1	33.3	82.8	62.7	3.16e-47	164.0	YES	YES	NO_RELIABLE_ORTHOLOG
MBB3332651.1	EHJ93033.1	80.2	98.0	98.0	1.07e-159	444.0	YES	YES	VERY_HIGH_CONFIDENCE
MBB3332652.1	EHJ94043.1	78.4	99.6	95.0	1.5399999999999998e-278	759.0	YES	YES	PROBABLE_ORTHOLOG
MBB3332653.1	EHJ91646.1	55.6	43.3	60.6	9.58e-26	94.4	YES	YES	NO_RELIABLE_ORTHOLOG
MBB3332654.1							YES	NO	NO_RELIABLE_ORTHOLOG
MBB3332655.1	EHJ91638.1	55.7	97.3	95.6	2.47e-104	303.0	YES	YES	POSSIBLE_ORTHOLOG
MBB3332656.1	EHJ91639.1	53.8	68.4	91.2	2.69e-20	73.2	YES	YES	NO_RELIABLE_ORTHOLOG
MBB3332657.1	EHJ91640.1	65.1	96.1	97.5	6.47e-83	241.0	YES	YES	HIGH_CONFIDENCE_FUNCTIONAL_ORTHOLOG
MBB3332658.1	EHJ91641.1	72.3	95.8	98.9	8.71e-147	409.0	YES	YES	HIGH_CONFIDENCE_FUNCTIONAL_ORTHOLOG
MBB3332659.1	EHJ91642.1	68.2	99.5	99.5	2.48e-193	538.0	YES	YES	PROBABLE_ORTHOLOG
MBB3332660.1	EHJ91643.1	72.3	97.8	99.3	4.7899999999999994e-300	823.0	YES	YES	HIGH_CONFIDENCE_FUNCTIONAL_ORTHOLOG
MBB3332661.1	EHJ91645.1	30.5	91.4	93.5	1.04e-13	61.6	YES	NO	NO_RELIABLE_ORTHOLOG
MBB3332662.1							YES	NO	NO_RELIABLE_ORTHOLOG
MBB3332663.1	EHJ91896.1	77.9	100.0	98.6	3.16e-73	212.0	YES	YES	PROBABLE_ORTHOLOG
MBB3332664.1							YES	NO	NO_RELIABLE_ORTHOLOG
MBB3332665.1							YES	NO	NO_RELIABLE_ORTHOLOG
MBB3332666.1							YES	NO	NO_RELIABLE_ORTHOLOG
MBB3332667.1	EHJ92550.1	30.8	76.0	73.6	1.1400000000000001e-35	133.0	YES	NO	FUNCTION_CONFLICT
MBB3332668.1	EHJ91516.1	25.4	89.1	90.8	1.8899999999999998e-24	104.0	YES	NO	NO_RELIABLE_ORTHOLOG
MBB3332669.1	EHJ93439.1	75.5	99.0	99.0	1.3600000000000002e-289	791.0	YES	YES	HIGH_CONFIDENCE_FUNCTIONAL_ORTHOLOG
MBB3332670.1							YES	NO	NO_RELIABLE_ORTHOLOG
MBB3332671.1	EHJ93067.1	28.8	87.1	88.8	2.0500000000000003e-21	92.0	YES	NO	NO_RELIABLE_ORTHOLOG
MBB3332672.1							YES	NO	NO_RELIABLE_ORTHOLOG
MBB3332673.1							YES	NO	NO_RELIABLE_ORTHOLOG
MBB3332674.1	EHJ93686.1	79.6	97.9	97.9	2.29e-253	692.0	YES	YES	HIGH_CONFIDENCE_FUNCTIONAL_ORTHOLOG
MBB3332675.1	EHJ92161.1	69.1	96.0	98.0	3.01e-47	143.0	YES	YES	HIGH_CONFIDENCE_FUNCTIONAL_ORTHOLOG
MBB3332676.1							YES	NO	NO_RELIABLE_ORTHOLOG
MBB3332677.1							YES	NO	NO_RELIABLE_ORTHOLOG
MBB3332678.1	EHJ91590.1	61.4	90.1	97.7	7.179999999999999e-137	388.0	YES	YES	PROBABLE_ORTHOLOG
MBB3332679.1	EHJ94370.1	51.6	75.6	60.3	6.12e-194	572.0	YES	NO	NO_RELIABLE_ORTHOLOG
MBB3332680.1	EHJ94698.1	40.7	82.2	91.9	1.58e-24	88.2	YES	YES	POSSIBLE_ORTHOLOG
MBB3332681.1							YES	NO	NO_RELIABLE_ORTHOLOG
MBB3332682.1							YES	NO	NO_RELIABLE_ORTHOLOG
MBB3332683.1	EHJ93641.1	67.9	57.1	6.1	1.12e-06	39.7	YES	NO	NO_RELIABLE_ORTHOLOG
MBB3332684.1	EHJ93297.1	37.4	74.2	60.6	1.63e-17	73.9	YES	NO	NO_RELIABLE_ORTHOLOG
MBB3332685.1	EHJ91541.1	79.0	99.9	98.3	0.0	1270.0	YES	YES	HIGH_CONFIDENCE_FUNCTIONAL_ORTHOLOG
MBB3332686.1	EHJ91531.1	70.4	100.0	95.1	3.57e-297	820.0	YES	YES	PROBABLE_ORTHOLOG
MBB3332687.1	EHJ94565.1	29.0	92.6	94.7	3.64e-26	100.0	YES	NO	NO_RELIABLE_ORTHOLOG
MBB3332688.1	EHJ91791.1	33.5	96.5	78.3	2.42e-101	328.0	YES	NO	NO_RELIABLE_ORTHOLOG
MBB3332689.1	EHJ93246.1	37.6	89.4	89.4	7.51e-41	139.0	YES	NO	NO_RELIABLE_ORTHOLOG
MBB3332690.1	EHJ93533.1	26.9	91.6	88.7	4.07e-28	107.0	YES	NO	NO_RELIABLE_ORTHOLOG
MBB3332691.1	EHJ93273.1	62.9	66.4	69.8	4.71e-61	189.0	YES	YES	NO_RELIABLE_ORTHOLOG
MBB3332692.1	EHJ93272.1	62.7	98.2	95.0	1.7599999999999998e-140	398.0	YES	YES	PROBABLE_ORTHOLOG
MBB3332693.1	EHJ93271.1	67.4	100.0	100.0	6.18e-64	188.0	YES	YES	HIGH_CONFIDENCE_FUNCTIONAL_ORTHOLOG
MBB3332694.1	EHJ93270.1	52.1	95.7	52.9	1.64e-101	311.0	YES	YES	NO_RELIABLE_ORTHOLOG
MBB3332695.1	EHJ93270.1	53.2	91.5	41.5	1.34e-82	259.0	YES	NO	NO_RELIABLE_ORTHOLOG
MBB3332696.1							YES	NO	NO_RELIABLE_ORTHOLOG
MBB3332697.1	EHJ93267.1	65.2	98.7	98.6	2.14e-153	434.0	YES	YES	HIGH_CONFIDENCE_FUNCTIONAL_ORTHOLOG
MBB3332698.1	EHJ93266.1	59.5	91.6	95.3	1.4299999999999998e-91	268.0	YES	YES	POSSIBLE_ORTHOLOG
MBB3332699.1	EHJ93265.1	63.6	89.6	92.7	3.01e-105	303.0	YES	YES	HIGH_CONFIDENCE_FUNCTIONAL_ORTHOLOG
MBB3332700.1							YES	NO	NO_RELIABLE_ORTHOLOG
MBB3332701.1	EHJ94470.1	25.8	93.3	91.8	1.14e-08	51.2	YES	NO	NO_RELIABLE_ORTHOLOG
MBB3332702.1	EHJ92860.1	45.1	76.6	54.0	3.78e-43	147.0	YES	NO	NO_RELIABLE_ORTHOLOG
MBB3332703.1							YES	NO	NO_RELIABLE_ORTHOLOG
MBB3332704.1	EHJ91635.1	62.7	100.0	100.0	1.52e-44	138.0	YES	NO	POSSIBLE_ORTHOLOG
MBB3332705.1							YES	NO	NO_RELIABLE_ORTHOLOG
MBB3332706.1							YES	NO	NO_RELIABLE_ORTHOLOG
MBB3332707.1							YES	NO	NO_RELIABLE_ORTHOLOG
MBB3332708.1							YES	NO	NO_RELIABLE_ORTHOLOG
MBB3332709.1							YES	NO	NO_RELIABLE_ORTHOLOG
MBB3332710.1							YES	NO	NO_RELIABLE_ORTHOLOG
MBB3332711.1	EHJ91162.1	83.1	97.8	98.2	2.4500000000000003e-173	476.0	YES	YES	VERY_HIGH_CONFIDENCE
MBB3332712.1	EHJ91163.1	69.4	95.2	94.6	8.11e-86	248.0	YES	YES	HIGH_CONFIDENCE_FUNCTIONAL_ORTHOLOG
MBB3332713.1	EHJ91164.1	71.7	26.2	31.6	4.54e-40	140.0	YES	YES	NO_RELIABLE_ORTHOLOG
MBB3332714.1	EHJ91165.1	57.7	100.0	100.0	4.86e-134	383.0	YES	YES	POSSIBLE_ORTHOLOG
MBB3332715.1	EHJ92897.1	52.8	93.9	89.1	6.35e-80	238.0	YES	NO	POSSIBLE_ORTHOLOG
MBB3332716.1	EHJ91168.1	41.5	97.6	95.4	9.259999999999999e-152	450.0	YES	YES	POSSIBLE_ORTHOLOG
MBB3332717.1							YES	NO	NO_RELIABLE_ORTHOLOG
MBB3332718.1							YES	NO	NO_RELIABLE_ORTHOLOG
MBB3332719.1							YES	NO	NO_RELIABLE_ORTHOLOG
MBB3332720.1							YES	NO	NO_RELIABLE_ORTHOLOG
MBB3332721.1							YES	NO	NO_RELIABLE_ORTHOLOG
MBB3332722.1							YES	NO	NO_RELIABLE_ORTHOLOG
MBB3332723.1	EHJ92556.1	38.1	27.8	28.3	2.11e-08	51.2	YES	NO	NO_RELIABLE_ORTHOLOG
MBB3332724.1							YES	NO	NO_RELIABLE_ORTHOLOG
MBB3332725.1	EHJ93750.1	33.8	95.1	62.1	1.2e-66	224.0	YES	NO	NO_RELIABLE_ORTHOLOG
MBB3332726.1							YES	NO	NO_RELIABLE_ORTHOLOG
MBB3332727.1							YES	NO	NO_RELIABLE_ORTHOLOG
MBB3332728.1							YES	NO	NO_RELIABLE_ORTHOLOG
MBB3332729.1	EHJ92789.1	40.0	77.7	69.2	5.46e-19	75.1	YES	YES	NO_RELIABLE_ORTHOLOG
MBB3332730.1							YES	NO	NO_RELIABLE_ORTHOLOG
MBB3332731.1							YES	NO	NO_RELIABLE_ORTHOLOG
MBB3332732.1							YES	NO	NO_RELIABLE_ORTHOLOG
MBB3332733.1	EHJ94315.1	46.9	86.2	60.3	4.0200000000000005e-43	142.0	YES	YES	NO_RELIABLE_ORTHOLOG
MBB3332734.1	EHJ94319.1	25.6	99.3	77.5	2.37e-50	189.0	YES	YES	NO_RELIABLE_ORTHOLOG
MBB3332735.1							YES	NO	NO_RELIABLE_ORTHOLOG
MBB3332736.1							YES	NO	NO_RELIABLE_ORTHOLOG
MBB3332737.1							YES	NO	NO_RELIABLE_ORTHOLOG
MBB3332738.1							YES	NO	NO_RELIABLE_ORTHOLOG
MBB3332739.1							YES	NO	NO_RELIABLE_ORTHOLOG
MBB3332740.1							YES	NO	NO_RELIABLE_ORTHOLOG
MBB3332741.1	EHJ93042.1	85.3	100.0	100.0	0.0	933.0	YES	YES	VERY_HIGH_CONFIDENCE
MBB3332742.1	EHJ93043.1	69.5	93.2	91.1	7.74e-38	119.0	YES	YES	PROBABLE_ORTHOLOG
MBB3332743.1	EHJ93044.1	71.3	99.7	98.6	3.35e-187	519.0	YES	YES	HIGH_CONFIDENCE_FUNCTIONAL_ORTHOLOG
MBB3332744.1	EHJ93045.1	28.7	81.1	90.4	1.1200000000000001e-22	87.0	YES	YES	NO_RELIABLE_ORTHOLOG
MBB3332745.1							YES	NO	NO_RELIABLE_ORTHOLOG
MBB3332746.1							YES	NO	NO_RELIABLE_ORTHOLOG
MBB3332747.1							YES	NO	NO_RELIABLE_ORTHOLOG
MBB3332748.1	EHJ93071.1	41.9	27.2	76.4	8.66e-25	96.3	YES	YES	NO_RELIABLE_ORTHOLOG
MBB3332749.1	EHJ93069.1	78.6	100.0	28.9	1.5200000000000001e-56	176.0	YES	NO	NO_RELIABLE_ORTHOLOG
MBB3332750.1							YES	NO	NO_RELIABLE_ORTHOLOG
MBB3332751.1							YES	NO	NO_RELIABLE_ORTHOLOG
MBB3332752.1							YES	NO	NO_RELIABLE_ORTHOLOG
MBB3332753.1							YES	NO	NO_RELIABLE_ORTHOLOG
MBB3332754.1							YES	NO	NO_RELIABLE_ORTHOLOG
MBB3332755.1							YES	NO	NO_RELIABLE_ORTHOLOG
MBB3332756.1							YES	NO	NO_RELIABLE_ORTHOLOG
MBB3332757.1							YES	NO	NO_RELIABLE_ORTHOLOG
MBB3332758.1							YES	NO	NO_RELIABLE_ORTHOLOG
MBB3332759.1	EHJ94811.1	43.3	95.2	13.5	2.51e-11	53.5	YES	NO	NO_RELIABLE_ORTHOLOG
MBB3332760.1							YES	NO	NO_RELIABLE_ORTHOLOG
MBB3332761.1	EHJ92996.1	23.4	43.5	41.7	4.66e-06	44.7	YES	NO	NO_RELIABLE_ORTHOLOG
MBB3332762.1							YES	NO	NO_RELIABLE_ORTHOLOG
MBB3332763.1							YES	NO	NO_RELIABLE_ORTHOLOG
MBB3332764.1							YES	NO	NO_RELIABLE_ORTHOLOG
MBB3332765.1	EHJ93067.1	24.4	46.9	52.8	7.13e-07	47.8	YES	NO	NO_RELIABLE_ORTHOLOG
MBB3332766.1							YES	NO	NO_RELIABLE_ORTHOLOG
MBB3332767.1	EHJ92488.1	31.5	61.5	49.0	4.37e-13	63.9	YES	NO	NO_RELIABLE_ORTHOLOG
MBB3332768.1	EHJ91403.1	93.8	100.0	41.0	4.0900000000000005e-80	235.0	YES	NO	NO_RELIABLE_ORTHOLOG
MBB3332769.1							YES	NO	NO_RELIABLE_ORTHOLOG
MBB3332770.1							YES	NO	NO_RELIABLE_ORTHOLOG
MBB3332771.1							YES	NO	NO_RELIABLE_ORTHOLOG
MBB3332772.1							YES	NO	NO_RELIABLE_ORTHOLOG
MBB3332773.1							YES	NO	NO_RELIABLE_ORTHOLOG
MBB3332774.1							YES	NO	NO_RELIABLE_ORTHOLOG
MBB3332775.1							YES	NO	NO_RELIABLE_ORTHOLOG
MBB3332776.1							YES	NO	NO_RELIABLE_ORTHOLOG
MBB3332777.1							YES	NO	NO_RELIABLE_ORTHOLOG
MBB3332778.1	EHJ94533.1	38.7	96.5	58.0	1.46e-44	152.0	YES	NO	NO_RELIABLE_ORTHOLOG
MBB3332779.1							YES	NO	NO_RELIABLE_ORTHOLOG
MBB3332780.1	EHJ92488.1	48.3	93.7	71.9	4.48e-68	207.0	YES	NO	NO_RELIABLE_ORTHOLOG
MBB3332781.1	EHJ92063.1	39.6	91.8	94.6	9.18e-13	55.8	YES	YES	NO_RELIABLE_ORTHOLOG
MBB3332782.1							YES	NO	NO_RELIABLE_ORTHOLOG
MBB3332783.1							YES	NO	NO_RELIABLE_ORTHOLOG
MBB3332784.1	EHJ94315.1	41.6	45.8	37.8	1.32e-11	58.9	YES	NO	NO_RELIABLE_ORTHOLOG
MBB3332785.1	EHJ92493.1	29.6	73.8	40.6	2.96e-08	50.1	YES	NO	NO_RELIABLE_ORTHOLOG
MBB3332786.1	EHJ92488.1	83.0	100.0	100.0	1.96e-173	478.0	YES	YES	PROBABLE_ORTHOLOG
MBB3332787.1	EHJ92489.1	80.2	100.0	87.1	1.05e-36	115.0	YES	YES	PROBABLE_ORTHOLOG
