reaction_id	equation	subsystem	original_gpr	candidate_genes	ec	ko	uniprot_support	rbh_support	reference_support	pathway_support	direction_support	transport_support	gapfill_status	evidence_class	conflict_flag	proposed_action	reason
EX_25dkglcn_e	25dkglcn_e --> 										AUDIT_NOT_RUN_PHASE1	N/A		SPECIAL	NO	SPECIAL_RULE	Phase-1 ingestion; no biological decision applied
EX_26dap__M_e	26dap__M_e --> 										AUDIT_NOT_RUN_PHASE1	N/A		SPECIAL	NO	SPECIAL_RULE	Phase-1 ingestion; no biological decision applied
EX_2ameph_e	2ameph_e --> 										AUDIT_NOT_RUN_PHASE1	N/A		SPECIAL	NO	SPECIAL_RULE	Phase-1 ingestion; no biological decision applied
EX_2m35mdntha_e	2m35mdntha_e --> 										AUDIT_NOT_RUN_PHASE1	N/A		SPECIAL	NO	SPECIAL_RULE	Phase-1 ingestion; no biological decision applied
EX_35dnta_e	35dnta_e --> 										AUDIT_NOT_RUN_PHASE1	N/A		SPECIAL	NO	SPECIAL_RULE	Phase-1 ingestion; no biological decision applied
EX_3amp_e	3amp_e --> 										AUDIT_NOT_RUN_PHASE1	N/A		SPECIAL	NO	SPECIAL_RULE	Phase-1 ingestion; no biological decision applied
EX_3cmp_e	3cmp_e --> 										AUDIT_NOT_RUN_PHASE1	N/A		SPECIAL	NO	SPECIAL_RULE	Phase-1 ingestion; no biological decision applied
EX_3gmp_e	3gmp_e --> 										AUDIT_NOT_RUN_PHASE1	N/A		SPECIAL	NO	SPECIAL_RULE	Phase-1 ingestion; no biological decision applied
EX_3h4atb_e	3h4atb_e --> 										AUDIT_NOT_RUN_PHASE1	N/A		SPECIAL	NO	SPECIAL_RULE	Phase-1 ingestion; no biological decision applied
EX_3mb_e	3mb_e --> 										AUDIT_NOT_RUN_PHASE1	N/A		SPECIAL	NO	SPECIAL_RULE	Phase-1 ingestion; no biological decision applied
EX_3oxoadp_e	3oxoadp_e --> 										AUDIT_NOT_RUN_PHASE1	N/A		SPECIAL	NO	SPECIAL_RULE	Phase-1 ingestion; no biological decision applied
EX_3ump_e	3ump_e --> 										AUDIT_NOT_RUN_PHASE1	N/A		SPECIAL	NO	SPECIAL_RULE	Phase-1 ingestion; no biological decision applied
EX_4abut_e	4abut_e --> 										AUDIT_NOT_RUN_PHASE1	N/A		SPECIAL	NO	SPECIAL_RULE	Phase-1 ingestion; no biological decision applied
EX_4ahmmp_e	4ahmmp_e --> 										AUDIT_NOT_RUN_PHASE1	N/A		SPECIAL	NO	SPECIAL_RULE	Phase-1 ingestion; no biological decision applied
EX_4hba_e	4hba_e --> 										AUDIT_NOT_RUN_PHASE1	N/A		SPECIAL	NO	SPECIAL_RULE	Phase-1 ingestion; no biological decision applied
EX_4hbz_e	4hbz_e --> 										AUDIT_NOT_RUN_PHASE1	N/A		SPECIAL	NO	SPECIAL_RULE	Phase-1 ingestion; no biological decision applied
EX_4hpro_LT_e	4hpro_LT_e --> 										AUDIT_NOT_RUN_PHASE1	N/A		SPECIAL	NO	SPECIAL_RULE	Phase-1 ingestion; no biological decision applied
EX_5drib_e	5drib_e --> 										AUDIT_NOT_RUN_PHASE1	N/A		SPECIAL	NO	SPECIAL_RULE	Phase-1 ingestion; no biological decision applied
EX_5mcsn_e	5mcsn_e --> 										AUDIT_NOT_RUN_PHASE1	N/A		SPECIAL	NO	SPECIAL_RULE	Phase-1 ingestion; no biological decision applied
EX_6atha_e	6atha_e --> 										AUDIT_NOT_RUN_PHASE1	N/A		SPECIAL	NO	SPECIAL_RULE	Phase-1 ingestion; no biological decision applied
EX_6pgc_e	6pgc_e --> 										AUDIT_NOT_RUN_PHASE1	N/A		SPECIAL	NO	SPECIAL_RULE	Phase-1 ingestion; no biological decision applied
EX_LalaDgluMdapDala_e	LalaDgluMdapDala_e --> 										AUDIT_NOT_RUN_PHASE1	N/A		SPECIAL	NO	SPECIAL_RULE	Phase-1 ingestion; no biological decision applied
EX_LalaDgluMdap_e	LalaDgluMdap_e --> 										AUDIT_NOT_RUN_PHASE1	N/A		SPECIAL	NO	SPECIAL_RULE	Phase-1 ingestion; no biological decision applied
EX_LalaLglu_e	LalaLglu_e --> 										AUDIT_NOT_RUN_PHASE1	N/A		SPECIAL	NO	SPECIAL_RULE	Phase-1 ingestion; no biological decision applied
EX_R_3hhpa_e	R_3hhpa_e --> 										AUDIT_NOT_RUN_PHASE1	N/A		SPECIAL	NO	SPECIAL_RULE	Phase-1 ingestion; no biological decision applied
EX_R_3hphxa_e	R_3hphxa_e --> 										AUDIT_NOT_RUN_PHASE1	N/A		SPECIAL	NO	SPECIAL_RULE	Phase-1 ingestion; no biological decision applied
EX_R_3hpocta_e	R_3hpocta_e --> 										AUDIT_NOT_RUN_PHASE1	N/A		SPECIAL	NO	SPECIAL_RULE	Phase-1 ingestion; no biological decision applied
EX_abg4_e	abg4_e --> 										AUDIT_NOT_RUN_PHASE1	N/A		SPECIAL	NO	SPECIAL_RULE	Phase-1 ingestion; no biological decision applied
EX_ac_e	ac_e --> 										AUDIT_NOT_RUN_PHASE1	N/A		SPECIAL	NO	SPECIAL_RULE	Phase-1 ingestion; no biological decision applied
EX_acac_e	acac_e --> 										AUDIT_NOT_RUN_PHASE1	N/A		SPECIAL	NO	SPECIAL_RULE	Phase-1 ingestion; no biological decision applied
EX_acald_e	acald_e --> 										AUDIT_NOT_RUN_PHASE1	N/A		SPECIAL	NO	SPECIAL_RULE	Phase-1 ingestion; no biological decision applied
EX_acgam1p_e	acgam1p_e --> 										AUDIT_NOT_RUN_PHASE1	N/A		SPECIAL	NO	SPECIAL_RULE	Phase-1 ingestion; no biological decision applied
EX_acgam_e	acgam_e --> 										AUDIT_NOT_RUN_PHASE1	N/A		SPECIAL	NO	SPECIAL_RULE	Phase-1 ingestion; no biological decision applied
EX_acglu_e	acglu_e --> 										AUDIT_NOT_RUN_PHASE1	N/A		SPECIAL	NO	SPECIAL_RULE	Phase-1 ingestion; no biological decision applied
EX_acmana_e	acmana_e --> 										AUDIT_NOT_RUN_PHASE1	N/A		SPECIAL	NO	SPECIAL_RULE	Phase-1 ingestion; no biological decision applied
EX_acmum_e	acmum_e --> 										AUDIT_NOT_RUN_PHASE1	N/A		SPECIAL	NO	SPECIAL_RULE	Phase-1 ingestion; no biological decision applied
EX_acon_C_e	acon_C_e --> 										AUDIT_NOT_RUN_PHASE1	N/A		SPECIAL	NO	SPECIAL_RULE	Phase-1 ingestion; no biological decision applied
EX_acser_e	acser_e --> 										AUDIT_NOT_RUN_PHASE1	N/A		SPECIAL	NO	SPECIAL_RULE	Phase-1 ingestion; no biological decision applied
EX_actn__R_e	actn__R_e --> 										AUDIT_NOT_RUN_PHASE1	N/A		SPECIAL	NO	SPECIAL_RULE	Phase-1 ingestion; no biological decision applied
EX_ade_e	ade_e --> 										AUDIT_NOT_RUN_PHASE1	N/A		SPECIAL	NO	SPECIAL_RULE	Phase-1 ingestion; no biological decision applied
EX_adn_e	adn_e --> 										AUDIT_NOT_RUN_PHASE1	N/A		SPECIAL	NO	SPECIAL_RULE	Phase-1 ingestion; no biological decision applied
EX_agm_e	agm_e --> 										AUDIT_NOT_RUN_PHASE1	N/A		SPECIAL	NO	SPECIAL_RULE	Phase-1 ingestion; no biological decision applied
EX_akg_e	akg_e --> 										AUDIT_NOT_RUN_PHASE1	N/A		SPECIAL	NO	SPECIAL_RULE	Phase-1 ingestion; no biological decision applied
EX_ala_L_asp__L_e	ala_L_asp__L_e --> 										AUDIT_NOT_RUN_PHASE1	N/A		SPECIAL	NO	SPECIAL_RULE	Phase-1 ingestion; no biological decision applied
EX_ala_L_glu__L_e	ala_L_glu__L_e --> 										AUDIT_NOT_RUN_PHASE1	N/A		SPECIAL	NO	SPECIAL_RULE	Phase-1 ingestion; no biological decision applied
EX_ala__D_e	ala__D_e --> 										AUDIT_NOT_RUN_PHASE1	N/A		SPECIAL	NO	SPECIAL_RULE	Phase-1 ingestion; no biological decision applied
EX_ala__L_e	ala__L_e --> 										AUDIT_NOT_RUN_PHASE1	N/A		SPECIAL	NO	SPECIAL_RULE	Phase-1 ingestion; no biological decision applied
EX_alaala_e	alaala_e --> 										AUDIT_NOT_RUN_PHASE1	N/A		SPECIAL	NO	SPECIAL_RULE	Phase-1 ingestion; no biological decision applied
EX_alahis_e	alahis_e --> 										AUDIT_NOT_RUN_PHASE1	N/A		SPECIAL	NO	SPECIAL_RULE	Phase-1 ingestion; no biological decision applied
EX_alaleu_e	alaleu_e --> 										AUDIT_NOT_RUN_PHASE1	N/A		SPECIAL	NO	SPECIAL_RULE	Phase-1 ingestion; no biological decision applied
EX_alathr_e	alathr_e --> 										AUDIT_NOT_RUN_PHASE1	N/A		SPECIAL	NO	SPECIAL_RULE	Phase-1 ingestion; no biological decision applied
EX_alatrp_e	alatrp_e --> 										AUDIT_NOT_RUN_PHASE1	N/A		SPECIAL	NO	SPECIAL_RULE	Phase-1 ingestion; no biological decision applied
EX_alltn_e	alltn_e --> 										AUDIT_NOT_RUN_PHASE1	N/A		SPECIAL	NO	SPECIAL_RULE	Phase-1 ingestion; no biological decision applied
EX_anhgm_e	anhgm_e --> 										AUDIT_NOT_RUN_PHASE1	N/A		SPECIAL	NO	SPECIAL_RULE	Phase-1 ingestion; no biological decision applied
EX_apc_e	apc_e --> 										AUDIT_NOT_RUN_PHASE1	N/A		SPECIAL	NO	SPECIAL_RULE	Phase-1 ingestion; no biological decision applied
EX_arab__D_e	arab__D_e --> 										AUDIT_NOT_RUN_PHASE1	N/A		SPECIAL	NO	SPECIAL_RULE	Phase-1 ingestion; no biological decision applied
EX_arab__L_e	arab__L_e --> 										AUDIT_NOT_RUN_PHASE1	N/A		SPECIAL	NO	SPECIAL_RULE	Phase-1 ingestion; no biological decision applied
EX_arbt6p_e	arbt6p_e --> 										AUDIT_NOT_RUN_PHASE1	N/A		SPECIAL	NO	SPECIAL_RULE	Phase-1 ingestion; no biological decision applied
EX_arbt_e	arbt_e --> 										AUDIT_NOT_RUN_PHASE1	N/A		SPECIAL	NO	SPECIAL_RULE	Phase-1 ingestion; no biological decision applied
EX_arg__L_e	arg__L_e --> 										AUDIT_NOT_RUN_PHASE1	N/A		SPECIAL	NO	SPECIAL_RULE	Phase-1 ingestion; no biological decision applied
EX_asn__L_e	asn__L_e --> 										AUDIT_NOT_RUN_PHASE1	N/A		SPECIAL	NO	SPECIAL_RULE	Phase-1 ingestion; no biological decision applied
EX_aso3_e	aso3_e --> 										AUDIT_NOT_RUN_PHASE1	N/A		SPECIAL	NO	SPECIAL_RULE	Phase-1 ingestion; no biological decision applied
EX_aso4_e	aso4_e --> 										AUDIT_NOT_RUN_PHASE1	N/A		SPECIAL	NO	SPECIAL_RULE	Phase-1 ingestion; no biological decision applied
EX_asp__L_e	asp__L_e --> 										AUDIT_NOT_RUN_PHASE1	N/A		SPECIAL	NO	SPECIAL_RULE	Phase-1 ingestion; no biological decision applied
EX_bhb_e	bhb_e --> 										AUDIT_NOT_RUN_PHASE1	N/A		SPECIAL	NO	SPECIAL_RULE	Phase-1 ingestion; no biological decision applied
EX_btd_RR_e	btd_RR_e --> 										AUDIT_NOT_RUN_PHASE1	N/A		SPECIAL	NO	SPECIAL_RULE	Phase-1 ingestion; no biological decision applied
EX_but_e	but_e --> 										AUDIT_NOT_RUN_PHASE1	N/A		SPECIAL	NO	SPECIAL_RULE	Phase-1 ingestion; no biological decision applied
EX_butso3_e	butso3_e --> 										AUDIT_NOT_RUN_PHASE1	N/A		SPECIAL	NO	SPECIAL_RULE	Phase-1 ingestion; no biological decision applied
EX_bz_e	bz_e --> 										AUDIT_NOT_RUN_PHASE1	N/A		SPECIAL	NO	SPECIAL_RULE	Phase-1 ingestion; no biological decision applied
EX_ca2_e	ca2_e <=> 				3.6.3.8						AUDIT_NOT_RUN_PHASE1	N/A		SPECIAL	NO	SPECIAL_RULE	Phase-1 ingestion; no biological decision applied
EX_carn_e	carn_e --> 										AUDIT_NOT_RUN_PHASE1	N/A		SPECIAL	NO	SPECIAL_RULE	Phase-1 ingestion; no biological decision applied
EX_cd2_e	cd2_e --> 										AUDIT_NOT_RUN_PHASE1	N/A		SPECIAL	NO	SPECIAL_RULE	Phase-1 ingestion; no biological decision applied
EX_cell4_e	cell4_e --> 										AUDIT_NOT_RUN_PHASE1	N/A		SPECIAL	NO	SPECIAL_RULE	Phase-1 ingestion; no biological decision applied
EX_cellb_e	cellb_e --> 										AUDIT_NOT_RUN_PHASE1	N/A		SPECIAL	NO	SPECIAL_RULE	Phase-1 ingestion; no biological decision applied
EX_cgly_e	cgly_e --> 										AUDIT_NOT_RUN_PHASE1	N/A		SPECIAL	NO	SPECIAL_RULE	Phase-1 ingestion; no biological decision applied
EX_ch4s_e	ch4s_e --> 										AUDIT_NOT_RUN_PHASE1	N/A		SPECIAL	NO	SPECIAL_RULE	Phase-1 ingestion; no biological decision applied
EX_chol_e	chol_e --> 										AUDIT_NOT_RUN_PHASE1	N/A		SPECIAL	NO	SPECIAL_RULE	Phase-1 ingestion; no biological decision applied
EX_chor_e	chor_e --> 										AUDIT_NOT_RUN_PHASE1	N/A		SPECIAL	NO	SPECIAL_RULE	Phase-1 ingestion; no biological decision applied
EX_chtbs_e	chtbs_e --> 										AUDIT_NOT_RUN_PHASE1	N/A		SPECIAL	NO	SPECIAL_RULE	Phase-1 ingestion; no biological decision applied
EX_cinnm_e	cinnm_e --> 										AUDIT_NOT_RUN_PHASE1	N/A		SPECIAL	NO	SPECIAL_RULE	Phase-1 ingestion; no biological decision applied
EX_cit_e	cit_e --> 										AUDIT_NOT_RUN_PHASE1	N/A		SPECIAL	NO	SPECIAL_RULE	Phase-1 ingestion; no biological decision applied
EX_cl_e	cl_e <=> 										AUDIT_NOT_RUN_PHASE1	N/A		SPECIAL	NO	SPECIAL_RULE	Phase-1 ingestion; no biological decision applied
EX_cm_e	cm_e --> 										AUDIT_NOT_RUN_PHASE1	N/A		SPECIAL	NO	SPECIAL_RULE	Phase-1 ingestion; no biological decision applied
EX_co2_e	co2_e <=> 										AUDIT_NOT_RUN_PHASE1	N/A		SPECIAL	NO	SPECIAL_RULE	Phase-1 ingestion; no biological decision applied
EX_cobalt2_e	cobalt2_e <=> 										AUDIT_NOT_RUN_PHASE1	N/A		SPECIAL	NO	SPECIAL_RULE	Phase-1 ingestion; no biological decision applied
EX_confrl_e	confrl_e --> 										AUDIT_NOT_RUN_PHASE1	N/A		SPECIAL	NO	SPECIAL_RULE	Phase-1 ingestion; no biological decision applied
EX_crn_e	crn_e --> 										AUDIT_NOT_RUN_PHASE1	N/A		SPECIAL	NO	SPECIAL_RULE	Phase-1 ingestion; no biological decision applied
EX_cro4_e	cro4_e --> 										AUDIT_NOT_RUN_PHASE1	N/A		SPECIAL	NO	SPECIAL_RULE	Phase-1 ingestion; no biological decision applied
EX_csn_e	csn_e --> 										AUDIT_NOT_RUN_PHASE1	N/A		SPECIAL	NO	SPECIAL_RULE	Phase-1 ingestion; no biological decision applied
EX_cu2_e	cu2_e <=> 										AUDIT_NOT_RUN_PHASE1	N/A		SPECIAL	NO	SPECIAL_RULE	Phase-1 ingestion; no biological decision applied
EX_cyan_e	cyan_e --> 										AUDIT_NOT_RUN_PHASE1	N/A		SPECIAL	NO	SPECIAL_RULE	Phase-1 ingestion; no biological decision applied
EX_cys__L_e	cys__L_e --> 										AUDIT_NOT_RUN_PHASE1	N/A		SPECIAL	NO	SPECIAL_RULE	Phase-1 ingestion; no biological decision applied
EX_cytd_e	cytd_e --> 										AUDIT_NOT_RUN_PHASE1	N/A		SPECIAL	NO	SPECIAL_RULE	Phase-1 ingestion; no biological decision applied
EX_dad_2_e	dad_2_e --> 										AUDIT_NOT_RUN_PHASE1	N/A		SPECIAL	NO	SPECIAL_RULE	Phase-1 ingestion; no biological decision applied
EX_dca_e	dca_e --> 										AUDIT_NOT_RUN_PHASE1	N/A		SPECIAL	NO	SPECIAL_RULE	Phase-1 ingestion; no biological decision applied
EX_dcyt_e	dcyt_e --> 										AUDIT_NOT_RUN_PHASE1	N/A		SPECIAL	NO	SPECIAL_RULE	Phase-1 ingestion; no biological decision applied
EX_ddca_e	ddca_e --> 										AUDIT_NOT_RUN_PHASE1	N/A		SPECIAL	NO	SPECIAL_RULE	Phase-1 ingestion; no biological decision applied
EX_dextrin_e	dextrin_e --> 										AUDIT_NOT_RUN_PHASE1	N/A		SPECIAL	NO	SPECIAL_RULE	Phase-1 ingestion; no biological decision applied
EX_dgsn_e	dgsn_e --> 										AUDIT_NOT_RUN_PHASE1	N/A		SPECIAL	NO	SPECIAL_RULE	Phase-1 ingestion; no biological decision applied
EX_dha_e	dha_e --> 										AUDIT_NOT_RUN_PHASE1	N/A		SPECIAL	NO	SPECIAL_RULE	Phase-1 ingestion; no biological decision applied
EX_din_e	din_e --> 										AUDIT_NOT_RUN_PHASE1	N/A		SPECIAL	NO	SPECIAL_RULE	Phase-1 ingestion; no biological decision applied
EX_dms_e	dms_e --> 										AUDIT_NOT_RUN_PHASE1	N/A		SPECIAL	NO	SPECIAL_RULE	Phase-1 ingestion; no biological decision applied
EX_dmso_e	dmso_e --> 										AUDIT_NOT_RUN_PHASE1	N/A		SPECIAL	NO	SPECIAL_RULE	Phase-1 ingestion; no biological decision applied
EX_doxrbcn_e	doxrbcn_e --> 										AUDIT_NOT_RUN_PHASE1	N/A		SPECIAL	NO	SPECIAL_RULE	Phase-1 ingestion; no biological decision applied
EX_drib_e	drib_e --> 										AUDIT_NOT_RUN_PHASE1	N/A		SPECIAL	NO	SPECIAL_RULE	Phase-1 ingestion; no biological decision applied
EX_duri_e	duri_e --> 										AUDIT_NOT_RUN_PHASE1	N/A		SPECIAL	NO	SPECIAL_RULE	Phase-1 ingestion; no biological decision applied
EX_dxyl_e	dxyl_e --> 										AUDIT_NOT_RUN_PHASE1	N/A		SPECIAL	NO	SPECIAL_RULE	Phase-1 ingestion; no biological decision applied
EX_ecto__L_e	ecto__L_e --> 										AUDIT_NOT_RUN_PHASE1	N/A		SPECIAL	NO	SPECIAL_RULE	Phase-1 ingestion; no biological decision applied
EX_enter_e	enter_e --> 										AUDIT_NOT_RUN_PHASE1	N/A		SPECIAL	NO	SPECIAL_RULE	Phase-1 ingestion; no biological decision applied
EX_etha_e	etha_e --> 										AUDIT_NOT_RUN_PHASE1	N/A		SPECIAL	NO	SPECIAL_RULE	Phase-1 ingestion; no biological decision applied
EX_etoh_e	etoh_e --> 										AUDIT_NOT_RUN_PHASE1	N/A		SPECIAL	NO	SPECIAL_RULE	Phase-1 ingestion; no biological decision applied
EX_fad_e	fad_e --> 										AUDIT_NOT_RUN_PHASE1	N/A		SPECIAL	NO	SPECIAL_RULE	Phase-1 ingestion; no biological decision applied
EX_fald_e	fald_e --> 										AUDIT_NOT_RUN_PHASE1	N/A		SPECIAL	NO	SPECIAL_RULE	Phase-1 ingestion; no biological decision applied
EX_fe2_e	fe2_e <=> 										AUDIT_NOT_RUN_PHASE1	N/A		SPECIAL	NO	SPECIAL_RULE	Phase-1 ingestion; no biological decision applied
EX_fe3_e	fe3_e <=> 										AUDIT_NOT_RUN_PHASE1	N/A		SPECIAL	NO	SPECIAL_RULE	Phase-1 ingestion; no biological decision applied
EX_fe3dcit_e	fe3dcit_e --> 										AUDIT_NOT_RUN_PHASE1	N/A		SPECIAL	NO	SPECIAL_RULE	Phase-1 ingestion; no biological decision applied
EX_fe3hox_e	fe3hox_e --> 										AUDIT_NOT_RUN_PHASE1	N/A		SPECIAL	NO	SPECIAL_RULE	Phase-1 ingestion; no biological decision applied
EX_fe3hox_un_e	fe3hox_un_e --> 										AUDIT_NOT_RUN_PHASE1	N/A		SPECIAL	NO	SPECIAL_RULE	Phase-1 ingestion; no biological decision applied
EX_fe3pyovd_kt_e	fe3pyovd_kt_e --> 										AUDIT_NOT_RUN_PHASE1	N/A		SPECIAL	NO	SPECIAL_RULE	Phase-1 ingestion; no biological decision applied
EX_feenter_e	feenter_e --> 										AUDIT_NOT_RUN_PHASE1	N/A		SPECIAL	NO	SPECIAL_RULE	Phase-1 ingestion; no biological decision applied
EX_feoxam_e	feoxam_e --> 										AUDIT_NOT_RUN_PHASE1	N/A		SPECIAL	NO	SPECIAL_RULE	Phase-1 ingestion; no biological decision applied
EX_feoxam_un_e	feoxam_un_e --> 										AUDIT_NOT_RUN_PHASE1	N/A		SPECIAL	NO	SPECIAL_RULE	Phase-1 ingestion; no biological decision applied
EX_fer_e	fer_e --> 										AUDIT_NOT_RUN_PHASE1	N/A		SPECIAL	NO	SPECIAL_RULE	Phase-1 ingestion; no biological decision applied
EX_fmn_e	fmn_e --> 										AUDIT_NOT_RUN_PHASE1	N/A		SPECIAL	NO	SPECIAL_RULE	Phase-1 ingestion; no biological decision applied
EX_fol_e	fol_e --> 										AUDIT_NOT_RUN_PHASE1	N/A		SPECIAL	NO	SPECIAL_RULE	Phase-1 ingestion; no biological decision applied
EX_for_e	for_e --> 										AUDIT_NOT_RUN_PHASE1	N/A		SPECIAL	NO	SPECIAL_RULE	Phase-1 ingestion; no biological decision applied
EX_fru_e	fru_e --> 										AUDIT_NOT_RUN_PHASE1	N/A		SPECIAL	NO	SPECIAL_RULE	Phase-1 ingestion; no biological decision applied
EX_fruur_e	fruur_e --> 										AUDIT_NOT_RUN_PHASE1	N/A		SPECIAL	NO	SPECIAL_RULE	Phase-1 ingestion; no biological decision applied
EX_fuc_e	fuc_e --> 										AUDIT_NOT_RUN_PHASE1	N/A		SPECIAL	NO	SPECIAL_RULE	Phase-1 ingestion; no biological decision applied
EX_fum_e	fum_e --> 										AUDIT_NOT_RUN_PHASE1	N/A		SPECIAL	NO	SPECIAL_RULE	Phase-1 ingestion; no biological decision applied
EX_fusa_e	fusa_e --> 										AUDIT_NOT_RUN_PHASE1	N/A		SPECIAL	NO	SPECIAL_RULE	Phase-1 ingestion; no biological decision applied
EX_g1p_e	g1p_e --> 										AUDIT_NOT_RUN_PHASE1	N/A		SPECIAL	NO	SPECIAL_RULE	Phase-1 ingestion; no biological decision applied
EX_g3pc_e	g3pc_e --> 										AUDIT_NOT_RUN_PHASE1	N/A		SPECIAL	NO	SPECIAL_RULE	Phase-1 ingestion; no biological decision applied
EX_g3pe_e	g3pe_e --> 										AUDIT_NOT_RUN_PHASE1	N/A		SPECIAL	NO	SPECIAL_RULE	Phase-1 ingestion; no biological decision applied
EX_g3pg_e	g3pg_e --> 										AUDIT_NOT_RUN_PHASE1	N/A		SPECIAL	NO	SPECIAL_RULE	Phase-1 ingestion; no biological decision applied
EX_g3pi_e	g3pi_e --> 										AUDIT_NOT_RUN_PHASE1	N/A		SPECIAL	NO	SPECIAL_RULE	Phase-1 ingestion; no biological decision applied
EX_g3ps_e	g3ps_e --> 										AUDIT_NOT_RUN_PHASE1	N/A		SPECIAL	NO	SPECIAL_RULE	Phase-1 ingestion; no biological decision applied
EX_g6p_B_e	g6p_B_e --> 										AUDIT_NOT_RUN_PHASE1	N/A		SPECIAL	NO	SPECIAL_RULE	Phase-1 ingestion; no biological decision applied
EX_gal_bD_e	gal_bD_e --> 										AUDIT_NOT_RUN_PHASE1	N/A		SPECIAL	NO	SPECIAL_RULE	Phase-1 ingestion; no biological decision applied
EX_gal_e	gal_e --> 										AUDIT_NOT_RUN_PHASE1	N/A		SPECIAL	NO	SPECIAL_RULE	Phase-1 ingestion; no biological decision applied
EX_galctn__D_e	galctn__D_e --> 										AUDIT_NOT_RUN_PHASE1	N/A		SPECIAL	NO	SPECIAL_RULE	Phase-1 ingestion; no biological decision applied
EX_galctr__D_e	galctr__D_e --> 										AUDIT_NOT_RUN_PHASE1	N/A		SPECIAL	NO	SPECIAL_RULE	Phase-1 ingestion; no biological decision applied
EX_galt_e	galt_e --> 										AUDIT_NOT_RUN_PHASE1	N/A		SPECIAL	NO	SPECIAL_RULE	Phase-1 ingestion; no biological decision applied
EX_galur_e	galur_e --> 										AUDIT_NOT_RUN_PHASE1	N/A		SPECIAL	NO	SPECIAL_RULE	Phase-1 ingestion; no biological decision applied
EX_gam_e	gam_e --> 										AUDIT_NOT_RUN_PHASE1	N/A		SPECIAL	NO	SPECIAL_RULE	Phase-1 ingestion; no biological decision applied
EX_glc__D_e	glc__D_e <=> 										AUDIT_NOT_RUN_PHASE1	N/A		SPECIAL	NO	SPECIAL_RULE	Phase-1 ingestion; no biological decision applied
EX_glc__aD_e	glc__aD_e --> 										AUDIT_NOT_RUN_PHASE1	N/A		SPECIAL	NO	SPECIAL_RULE	Phase-1 ingestion; no biological decision applied
EX_glcn_e	glcn_e --> 										AUDIT_NOT_RUN_PHASE1	N/A		SPECIAL	NO	SPECIAL_RULE	Phase-1 ingestion; no biological decision applied
EX_glcur_e	glcur_e --> 										AUDIT_NOT_RUN_PHASE1	N/A		SPECIAL	NO	SPECIAL_RULE	Phase-1 ingestion; no biological decision applied
EX_gln__L_e	gln__L_e --> 										AUDIT_NOT_RUN_PHASE1	N/A		SPECIAL	NO	SPECIAL_RULE	Phase-1 ingestion; no biological decision applied
EX_glu__L_e	glu__L_e --> 										AUDIT_NOT_RUN_PHASE1	N/A		SPECIAL	NO	SPECIAL_RULE	Phase-1 ingestion; no biological decision applied
EX_gly_asn__L_e	gly_asn__L_e --> 										AUDIT_NOT_RUN_PHASE1	N/A		SPECIAL	NO	SPECIAL_RULE	Phase-1 ingestion; no biological decision applied
EX_gly_asp__L_e	gly_asp__L_e --> 										AUDIT_NOT_RUN_PHASE1	N/A		SPECIAL	NO	SPECIAL_RULE	Phase-1 ingestion; no biological decision applied
EX_gly_e	gly_e --> 										AUDIT_NOT_RUN_PHASE1	N/A		SPECIAL	NO	SPECIAL_RULE	Phase-1 ingestion; no biological decision applied
EX_gly_glu__L_e	gly_glu__L_e --> 										AUDIT_NOT_RUN_PHASE1	N/A		SPECIAL	NO	SPECIAL_RULE	Phase-1 ingestion; no biological decision applied
EX_gly_pro__L_e	gly_pro__L_e --> 										AUDIT_NOT_RUN_PHASE1	N/A		SPECIAL	NO	SPECIAL_RULE	Phase-1 ingestion; no biological decision applied
EX_glyb_e	glyb_e --> 										AUDIT_NOT_RUN_PHASE1	N/A		SPECIAL	NO	SPECIAL_RULE	Phase-1 ingestion; no biological decision applied
EX_glyc2p_e	glyc2p_e --> 										AUDIT_NOT_RUN_PHASE1	N/A		SPECIAL	NO	SPECIAL_RULE	Phase-1 ingestion; no biological decision applied
EX_glyc3p_e	glyc3p_e --> 										AUDIT_NOT_RUN_PHASE1	N/A		SPECIAL	NO	SPECIAL_RULE	Phase-1 ingestion; no biological decision applied
EX_glyc_e	glyc_e --> 										AUDIT_NOT_RUN_PHASE1	N/A		SPECIAL	NO	SPECIAL_RULE	Phase-1 ingestion; no biological decision applied
EX_glyclt_e	glyclt_e --> 										AUDIT_NOT_RUN_PHASE1	N/A		SPECIAL	NO	SPECIAL_RULE	Phase-1 ingestion; no biological decision applied
EX_glycol_e	glycol_e --> 										AUDIT_NOT_RUN_PHASE1	N/A		SPECIAL	NO	SPECIAL_RULE	Phase-1 ingestion; no biological decision applied
EX_glygln_e	glygln_e --> 										AUDIT_NOT_RUN_PHASE1	N/A		SPECIAL	NO	SPECIAL_RULE	Phase-1 ingestion; no biological decision applied
EX_glyglu_e	glyglu_e --> 										AUDIT_NOT_RUN_PHASE1	N/A		SPECIAL	NO	SPECIAL_RULE	Phase-1 ingestion; no biological decision applied
EX_glygly_e	glygly_e --> 										AUDIT_NOT_RUN_PHASE1	N/A		SPECIAL	NO	SPECIAL_RULE	Phase-1 ingestion; no biological decision applied
EX_glymet_e	glymet_e --> 										AUDIT_NOT_RUN_PHASE1	N/A		SPECIAL	NO	SPECIAL_RULE	Phase-1 ingestion; no biological decision applied
EX_glyphe_e	glyphe_e --> 										AUDIT_NOT_RUN_PHASE1	N/A		SPECIAL	NO	SPECIAL_RULE	Phase-1 ingestion; no biological decision applied
EX_glyser_e	glyser_e --> 										AUDIT_NOT_RUN_PHASE1	N/A		SPECIAL	NO	SPECIAL_RULE	Phase-1 ingestion; no biological decision applied
EX_gsn_e	gsn_e --> 										AUDIT_NOT_RUN_PHASE1	N/A		SPECIAL	NO	SPECIAL_RULE	Phase-1 ingestion; no biological decision applied
EX_gthox_e	gthox_e --> 										AUDIT_NOT_RUN_PHASE1	N/A		SPECIAL	NO	SPECIAL_RULE	Phase-1 ingestion; no biological decision applied
EX_gthrd_e	gthrd_e --> 										AUDIT_NOT_RUN_PHASE1	N/A		SPECIAL	NO	SPECIAL_RULE	Phase-1 ingestion; no biological decision applied
EX_gua_e	gua_e --> 										AUDIT_NOT_RUN_PHASE1	N/A		SPECIAL	NO	SPECIAL_RULE	Phase-1 ingestion; no biological decision applied
EX_h2_e	h2_e --> 										AUDIT_NOT_RUN_PHASE1	N/A		SPECIAL	NO	SPECIAL_RULE	Phase-1 ingestion; no biological decision applied
EX_h2o2_e	h2o2_e --> 										AUDIT_NOT_RUN_PHASE1	N/A		SPECIAL	NO	SPECIAL_RULE	Phase-1 ingestion; no biological decision applied
EX_h2o_e	h2o_e <=> 										AUDIT_NOT_RUN_PHASE1	N/A		SPECIAL	NO	SPECIAL_RULE	Phase-1 ingestion; no biological decision applied
EX_h2s_e	h2s_e --> 										AUDIT_NOT_RUN_PHASE1	N/A		SPECIAL	NO	SPECIAL_RULE	Phase-1 ingestion; no biological decision applied
EX_h_e	h_e <=> 										AUDIT_NOT_RUN_PHASE1	N/A		SPECIAL	NO	SPECIAL_RULE	Phase-1 ingestion; no biological decision applied
EX_hdca_e	hdca_e --> 										AUDIT_NOT_RUN_PHASE1	N/A		SPECIAL	NO	SPECIAL_RULE	Phase-1 ingestion; no biological decision applied
EX_hdcea_e	hdcea_e --> 										AUDIT_NOT_RUN_PHASE1	N/A		SPECIAL	NO	SPECIAL_RULE	Phase-1 ingestion; no biological decision applied
EX_hg2_e	hg2_e --> 										AUDIT_NOT_RUN_PHASE1	N/A		SPECIAL	NO	SPECIAL_RULE	Phase-1 ingestion; no biological decision applied
EX_his__L_e	his__L_e --> 										AUDIT_NOT_RUN_PHASE1	N/A		SPECIAL	NO	SPECIAL_RULE	Phase-1 ingestion; no biological decision applied
EX_hisgly_e	hisgly_e --> 										AUDIT_NOT_RUN_PHASE1	N/A		SPECIAL	NO	SPECIAL_RULE	Phase-1 ingestion; no biological decision applied
EX_hishis_e	hishis_e --> 										AUDIT_NOT_RUN_PHASE1	N/A		SPECIAL	NO	SPECIAL_RULE	Phase-1 ingestion; no biological decision applied
EX_hom__L_e	hom__L_e --> 										AUDIT_NOT_RUN_PHASE1	N/A		SPECIAL	NO	SPECIAL_RULE	Phase-1 ingestion; no biological decision applied
EX_hpta_e	hpta_e --> 										AUDIT_NOT_RUN_PHASE1	N/A		SPECIAL	NO	SPECIAL_RULE	Phase-1 ingestion; no biological decision applied
EX_hxa_e	hxa_e --> 										AUDIT_NOT_RUN_PHASE1	N/A		SPECIAL	NO	SPECIAL_RULE	Phase-1 ingestion; no biological decision applied
EX_hxan_e	hxan_e --> 										AUDIT_NOT_RUN_PHASE1	N/A		SPECIAL	NO	SPECIAL_RULE	Phase-1 ingestion; no biological decision applied
EX_icit_e	icit_e --> 										AUDIT_NOT_RUN_PHASE1	N/A		SPECIAL	NO	SPECIAL_RULE	Phase-1 ingestion; no biological decision applied
EX_id3acald_e	id3acald_e --> 										AUDIT_NOT_RUN_PHASE1	N/A		SPECIAL	NO	SPECIAL_RULE	Phase-1 ingestion; no biological decision applied
EX_ile__L_e	ile__L_e --> 										AUDIT_NOT_RUN_PHASE1	N/A		SPECIAL	NO	SPECIAL_RULE	Phase-1 ingestion; no biological decision applied
EX_ind3ac_e	ind3ac_e --> 										AUDIT_NOT_RUN_PHASE1	N/A		SPECIAL	NO	SPECIAL_RULE	Phase-1 ingestion; no biological decision applied
EX_indole_e	indole_e --> 										AUDIT_NOT_RUN_PHASE1	N/A		SPECIAL	NO	SPECIAL_RULE	Phase-1 ingestion; no biological decision applied
EX_inost_e	inost_e --> 										AUDIT_NOT_RUN_PHASE1	N/A		SPECIAL	NO	SPECIAL_RULE	Phase-1 ingestion; no biological decision applied
EX_ins_e	ins_e --> 										AUDIT_NOT_RUN_PHASE1	N/A		SPECIAL	NO	SPECIAL_RULE	Phase-1 ingestion; no biological decision applied
EX_istfrnA_e	istfrnA_e --> 										AUDIT_NOT_RUN_PHASE1	N/A		SPECIAL	NO	SPECIAL_RULE	Phase-1 ingestion; no biological decision applied
EX_istfrnB_e	istfrnB_e --> 										AUDIT_NOT_RUN_PHASE1	N/A		SPECIAL	NO	SPECIAL_RULE	Phase-1 ingestion; no biological decision applied
EX_k_e	k_e <=> 										AUDIT_NOT_RUN_PHASE1	N/A		SPECIAL	NO	SPECIAL_RULE	Phase-1 ingestion; no biological decision applied
EX_lac__D_e	lac__D_e --> 										AUDIT_NOT_RUN_PHASE1	N/A		SPECIAL	NO	SPECIAL_RULE	Phase-1 ingestion; no biological decision applied
EX_lcts_e	lcts_e --> 										AUDIT_NOT_RUN_PHASE1	N/A		SPECIAL	NO	SPECIAL_RULE	Phase-1 ingestion; no biological decision applied
EX_leu__L_e	leu__L_e --> 										AUDIT_NOT_RUN_PHASE1	N/A		SPECIAL	NO	SPECIAL_RULE	Phase-1 ingestion; no biological decision applied
EX_leuleu_e	leuleu_e --> 										AUDIT_NOT_RUN_PHASE1	N/A		SPECIAL	NO	SPECIAL_RULE	Phase-1 ingestion; no biological decision applied
EX_lnlc_e	lnlc_e --> 										AUDIT_NOT_RUN_PHASE1	N/A		SPECIAL	NO	SPECIAL_RULE	Phase-1 ingestion; no biological decision applied
EX_lys__L_e	lys__L_e --> 										AUDIT_NOT_RUN_PHASE1	N/A		SPECIAL	NO	SPECIAL_RULE	Phase-1 ingestion; no biological decision applied
EX_m_xyl_e	m_xyl_e --> 										AUDIT_NOT_RUN_PHASE1	N/A		SPECIAL	NO	SPECIAL_RULE	Phase-1 ingestion; no biological decision applied
EX_mal__D_e	mal__D_e --> 										AUDIT_NOT_RUN_PHASE1	N/A		SPECIAL	NO	SPECIAL_RULE	Phase-1 ingestion; no biological decision applied
EX_mal__L_e	mal__L_e --> 										AUDIT_NOT_RUN_PHASE1	N/A		SPECIAL	NO	SPECIAL_RULE	Phase-1 ingestion; no biological decision applied
EX_malt_e	malt_e --> 										AUDIT_NOT_RUN_PHASE1	N/A		SPECIAL	NO	SPECIAL_RULE	Phase-1 ingestion; no biological decision applied
EX_malthp_e	malthp_e --> 										AUDIT_NOT_RUN_PHASE1	N/A		SPECIAL	NO	SPECIAL_RULE	Phase-1 ingestion; no biological decision applied
EX_malthx_e	malthx_e --> 										AUDIT_NOT_RUN_PHASE1	N/A		SPECIAL	NO	SPECIAL_RULE	Phase-1 ingestion; no biological decision applied
EX_malttr_e	malttr_e --> 										AUDIT_NOT_RUN_PHASE1	N/A		SPECIAL	NO	SPECIAL_RULE	Phase-1 ingestion; no biological decision applied
EX_man1p_e	man1p_e --> 										AUDIT_NOT_RUN_PHASE1	N/A		SPECIAL	NO	SPECIAL_RULE	Phase-1 ingestion; no biological decision applied
EX_man_e	man_e --> 										AUDIT_NOT_RUN_PHASE1	N/A		SPECIAL	NO	SPECIAL_RULE	Phase-1 ingestion; no biological decision applied
EX_melib_e	melib_e --> 										AUDIT_NOT_RUN_PHASE1	N/A		SPECIAL	NO	SPECIAL_RULE	Phase-1 ingestion; no biological decision applied
EX_meoh_e	meoh_e --> 										AUDIT_NOT_RUN_PHASE1	N/A		SPECIAL	NO	SPECIAL_RULE	Phase-1 ingestion; no biological decision applied
EX_met_L_ala__L_e	met_L_ala__L_e --> 										AUDIT_NOT_RUN_PHASE1	N/A		SPECIAL	NO	SPECIAL_RULE	Phase-1 ingestion; no biological decision applied
EX_met__D_e	met__D_e --> 										AUDIT_NOT_RUN_PHASE1	N/A		SPECIAL	NO	SPECIAL_RULE	Phase-1 ingestion; no biological decision applied
EX_met__L_e	met__L_e --> 										AUDIT_NOT_RUN_PHASE1	N/A		SPECIAL	NO	SPECIAL_RULE	Phase-1 ingestion; no biological decision applied
EX_metox_e	metox_e --> 										AUDIT_NOT_RUN_PHASE1	N/A		SPECIAL	NO	SPECIAL_RULE	Phase-1 ingestion; no biological decision applied
EX_mg2_e	mg2_e <=> 										AUDIT_NOT_RUN_PHASE1	N/A		SPECIAL	NO	SPECIAL_RULE	Phase-1 ingestion; no biological decision applied
EX_mmet_e	mmet_e --> 										AUDIT_NOT_RUN_PHASE1	N/A		SPECIAL	NO	SPECIAL_RULE	Phase-1 ingestion; no biological decision applied
EX_mn2_e	mn2_e <=> 										AUDIT_NOT_RUN_PHASE1	N/A		SPECIAL	NO	SPECIAL_RULE	Phase-1 ingestion; no biological decision applied
EX_mnl1p_e	mnl1p_e --> 										AUDIT_NOT_RUN_PHASE1	N/A		SPECIAL	NO	SPECIAL_RULE	Phase-1 ingestion; no biological decision applied
EX_mnl_e	mnl_e --> 										AUDIT_NOT_RUN_PHASE1	N/A		SPECIAL	NO	SPECIAL_RULE	Phase-1 ingestion; no biological decision applied
EX_mobd_e	mobd_e <=> 										AUDIT_NOT_RUN_PHASE1	N/A		SPECIAL	NO	SPECIAL_RULE	Phase-1 ingestion; no biological decision applied
EX_mso3_e	mso3_e --> 										AUDIT_NOT_RUN_PHASE1	N/A		SPECIAL	NO	SPECIAL_RULE	Phase-1 ingestion; no biological decision applied
EX_mththf_e	mththf_e --> 										AUDIT_NOT_RUN_PHASE1	N/A		SPECIAL	NO	SPECIAL_RULE	Phase-1 ingestion; no biological decision applied
EX_n2o_e	n2o_e --> 										AUDIT_NOT_RUN_PHASE1	N/A		SPECIAL	NO	SPECIAL_RULE	Phase-1 ingestion; no biological decision applied
EX_na1_e	na1_e <=> 										AUDIT_NOT_RUN_PHASE1	N/A		SPECIAL	NO	SPECIAL_RULE	Phase-1 ingestion; no biological decision applied
EX_nac_e	nac_e --> 										AUDIT_NOT_RUN_PHASE1	N/A		SPECIAL	NO	SPECIAL_RULE	Phase-1 ingestion; no biological decision applied
EX_ncam_e	ncam_e --> 										AUDIT_NOT_RUN_PHASE1	N/A		SPECIAL	NO	SPECIAL_RULE	Phase-1 ingestion; no biological decision applied
EX_nh4_e	nh4_e <=> 										AUDIT_NOT_RUN_PHASE1	N/A		SPECIAL	NO	SPECIAL_RULE	Phase-1 ingestion; no biological decision applied
EX_ni2_e	ni2_e <=> 										AUDIT_NOT_RUN_PHASE1	N/A		SPECIAL	NO	SPECIAL_RULE	Phase-1 ingestion; no biological decision applied
EX_nmn_e	nmn_e --> 										AUDIT_NOT_RUN_PHASE1	N/A		SPECIAL	NO	SPECIAL_RULE	Phase-1 ingestion; no biological decision applied
EX_no2_e	no2_e --> 										AUDIT_NOT_RUN_PHASE1	N/A		SPECIAL	NO	SPECIAL_RULE	Phase-1 ingestion; no biological decision applied
EX_no3_e	no3_e --> 										AUDIT_NOT_RUN_PHASE1	N/A		SPECIAL	NO	SPECIAL_RULE	Phase-1 ingestion; no biological decision applied
EX_no_e	no_e --> 										AUDIT_NOT_RUN_PHASE1	N/A		SPECIAL	NO	SPECIAL_RULE	Phase-1 ingestion; no biological decision applied
EX_nona_e	nona_e --> 										AUDIT_NOT_RUN_PHASE1	N/A		SPECIAL	NO	SPECIAL_RULE	Phase-1 ingestion; no biological decision applied
EX_novbcn_e	novbcn_e --> 										AUDIT_NOT_RUN_PHASE1	N/A		SPECIAL	NO	SPECIAL_RULE	Phase-1 ingestion; no biological decision applied
EX_o2_e	o2_e <=> 										AUDIT_NOT_RUN_PHASE1	N/A		SPECIAL	NO	SPECIAL_RULE	Phase-1 ingestion; no biological decision applied
EX_o2s_e	o2s_e --> 										AUDIT_NOT_RUN_PHASE1	N/A		SPECIAL	NO	SPECIAL_RULE	Phase-1 ingestion; no biological decision applied
EX_ocdca_e	ocdca_e --> 										AUDIT_NOT_RUN_PHASE1	N/A		SPECIAL	NO	SPECIAL_RULE	Phase-1 ingestion; no biological decision applied
EX_ocdcea_e	ocdcea_e --> 										AUDIT_NOT_RUN_PHASE1	N/A		SPECIAL	NO	SPECIAL_RULE	Phase-1 ingestion; no biological decision applied
EX_octa_e	octa_e --> 										AUDIT_NOT_RUN_PHASE1	N/A		SPECIAL	NO	SPECIAL_RULE	Phase-1 ingestion; no biological decision applied
EX_orn__L_e	orn__L_e --> 										AUDIT_NOT_RUN_PHASE1	N/A		SPECIAL	NO	SPECIAL_RULE	Phase-1 ingestion; no biological decision applied
EX_orn_e	orn_e --> 										AUDIT_NOT_RUN_PHASE1	N/A		SPECIAL	NO	SPECIAL_RULE	Phase-1 ingestion; no biological decision applied
EX_oxa_e	oxa_e --> 										AUDIT_NOT_RUN_PHASE1	N/A		SPECIAL	NO	SPECIAL_RULE	Phase-1 ingestion; no biological decision applied
EX_p_xyl_e	p_xyl_e --> 										AUDIT_NOT_RUN_PHASE1	N/A		SPECIAL	NO	SPECIAL_RULE	Phase-1 ingestion; no biological decision applied
EX_pac_e	pac_e --> 										AUDIT_NOT_RUN_PHASE1	N/A		SPECIAL	NO	SPECIAL_RULE	Phase-1 ingestion; no biological decision applied
EX_pacald_e	pacald_e --> 										AUDIT_NOT_RUN_PHASE1	N/A		SPECIAL	NO	SPECIAL_RULE	Phase-1 ingestion; no biological decision applied
EX_pea_e	pea_e --> 										AUDIT_NOT_RUN_PHASE1	N/A		SPECIAL	NO	SPECIAL_RULE	Phase-1 ingestion; no biological decision applied
EX_peamn_e	peamn_e --> 										AUDIT_NOT_RUN_PHASE1	N/A		SPECIAL	NO	SPECIAL_RULE	Phase-1 ingestion; no biological decision applied
EX_phe__L_e	phe__L_e --> 										AUDIT_NOT_RUN_PHASE1	N/A		SPECIAL	NO	SPECIAL_RULE	Phase-1 ingestion; no biological decision applied
EX_phedca_e	phedca_e --> 										AUDIT_NOT_RUN_PHASE1	N/A		SPECIAL	NO	SPECIAL_RULE	Phase-1 ingestion; no biological decision applied
EX_phehpa_e	phehpa_e --> 										AUDIT_NOT_RUN_PHASE1	N/A		SPECIAL	NO	SPECIAL_RULE	Phase-1 ingestion; no biological decision applied
EX_phehxa_e	phehxa_e --> 										AUDIT_NOT_RUN_PHASE1	N/A		SPECIAL	NO	SPECIAL_RULE	Phase-1 ingestion; no biological decision applied
EX_pheme_e	pheme_e --> 										AUDIT_NOT_RUN_PHASE1	N/A		SPECIAL	NO	SPECIAL_RULE	Phase-1 ingestion; no biological decision applied
EX_phenona_e	phenona_e --> 										AUDIT_NOT_RUN_PHASE1	N/A		SPECIAL	NO	SPECIAL_RULE	Phase-1 ingestion; no biological decision applied
EX_pheocta_e	pheocta_e --> 										AUDIT_NOT_RUN_PHASE1	N/A		SPECIAL	NO	SPECIAL_RULE	Phase-1 ingestion; no biological decision applied
EX_phept_e	phept_e --> 										AUDIT_NOT_RUN_PHASE1	N/A		SPECIAL	NO	SPECIAL_RULE	Phase-1 ingestion; no biological decision applied
EX_pi_e	pi_e <=> 										AUDIT_NOT_RUN_PHASE1	N/A		SPECIAL	NO	SPECIAL_RULE	Phase-1 ingestion; no biological decision applied
EX_pnto__R_e	pnto__R_e --> 										AUDIT_NOT_RUN_PHASE1	N/A		SPECIAL	NO	SPECIAL_RULE	Phase-1 ingestion; no biological decision applied
EX_ppa_e	ppa_e --> 										AUDIT_NOT_RUN_PHASE1	N/A		SPECIAL	NO	SPECIAL_RULE	Phase-1 ingestion; no biological decision applied
EX_ppi_e	ppi_e --> 										AUDIT_NOT_RUN_PHASE1	N/A		SPECIAL	NO	SPECIAL_RULE	Phase-1 ingestion; no biological decision applied
EX_ppoh_e	ppoh_e --> 										AUDIT_NOT_RUN_PHASE1	N/A		SPECIAL	NO	SPECIAL_RULE	Phase-1 ingestion; no biological decision applied
EX_pro__L_e	pro__L_e --> 										AUDIT_NOT_RUN_PHASE1	N/A		SPECIAL	NO	SPECIAL_RULE	Phase-1 ingestion; no biological decision applied
EX_progly_e	progly_e --> 										AUDIT_NOT_RUN_PHASE1	N/A		SPECIAL	NO	SPECIAL_RULE	Phase-1 ingestion; no biological decision applied
EX_prohisglu_e	prohisglu_e --> 										AUDIT_NOT_RUN_PHASE1	N/A		SPECIAL	NO	SPECIAL_RULE	Phase-1 ingestion; no biological decision applied
EX_pta_e	pta_e --> 										AUDIT_NOT_RUN_PHASE1	N/A		SPECIAL	NO	SPECIAL_RULE	Phase-1 ingestion; no biological decision applied
EX_ptrc_e	ptrc_e --> 										AUDIT_NOT_RUN_PHASE1	N/A		SPECIAL	NO	SPECIAL_RULE	Phase-1 ingestion; no biological decision applied
EX_ptsla_e	ptsla_e --> 										AUDIT_NOT_RUN_PHASE1	N/A		SPECIAL	NO	SPECIAL_RULE	Phase-1 ingestion; no biological decision applied
EX_pydxn_e	pydxn_e --> 										AUDIT_NOT_RUN_PHASE1	N/A		SPECIAL	NO	SPECIAL_RULE	Phase-1 ingestion; no biological decision applied
EX_pyovd_kt_e	pyovd_kt_e --> 										AUDIT_NOT_RUN_PHASE1	N/A		SPECIAL	NO	SPECIAL_RULE	Phase-1 ingestion; no biological decision applied
EX_pyr_e	pyr_e --> 										AUDIT_NOT_RUN_PHASE1	N/A		SPECIAL	NO	SPECIAL_RULE	Phase-1 ingestion; no biological decision applied
EX_quin_e	quin_e --> 										AUDIT_NOT_RUN_PHASE1	N/A		SPECIAL	NO	SPECIAL_RULE	Phase-1 ingestion; no biological decision applied
EX_rib__D_e	rib__D_e --> 										AUDIT_NOT_RUN_PHASE1	N/A		SPECIAL	NO	SPECIAL_RULE	Phase-1 ingestion; no biological decision applied
EX_rmn_e	rmn_e --> 										AUDIT_NOT_RUN_PHASE1	N/A		SPECIAL	NO	SPECIAL_RULE	Phase-1 ingestion; no biological decision applied
EX_s_e	s_e --> 										AUDIT_NOT_RUN_PHASE1	N/A		SPECIAL	NO	SPECIAL_RULE	Phase-1 ingestion; no biological decision applied
EX_salchs2_e	salchs2_e --> 										AUDIT_NOT_RUN_PHASE1	N/A		SPECIAL	NO	SPECIAL_RULE	Phase-1 ingestion; no biological decision applied
EX_salchs4fe_e	salchs4fe_e --> 										AUDIT_NOT_RUN_PHASE1	N/A		SPECIAL	NO	SPECIAL_RULE	Phase-1 ingestion; no biological decision applied
EX_sbt__D_e	sbt__D_e --> 										AUDIT_NOT_RUN_PHASE1	N/A		SPECIAL	NO	SPECIAL_RULE	Phase-1 ingestion; no biological decision applied
EX_sel_e	sel_e <=> 										AUDIT_NOT_RUN_PHASE1	N/A		SPECIAL	NO	SPECIAL_RULE	Phase-1 ingestion; no biological decision applied
EX_ser__L_e	ser__L_e --> 										AUDIT_NOT_RUN_PHASE1	N/A		SPECIAL	NO	SPECIAL_RULE	Phase-1 ingestion; no biological decision applied
EX_serglugly_e	serglugly_e --> 										AUDIT_NOT_RUN_PHASE1	N/A		SPECIAL	NO	SPECIAL_RULE	Phase-1 ingestion; no biological decision applied
EX_sheme_e	sheme_e --> 										AUDIT_NOT_RUN_PHASE1	N/A		SPECIAL	NO	SPECIAL_RULE	Phase-1 ingestion; no biological decision applied
EX_slnt_e	slnt_e <=> 										AUDIT_NOT_RUN_PHASE1	N/A		SPECIAL	NO	SPECIAL_RULE	Phase-1 ingestion; no biological decision applied
EX_so3_e	so3_e --> 										AUDIT_NOT_RUN_PHASE1	N/A		SPECIAL	NO	SPECIAL_RULE	Phase-1 ingestion; no biological decision applied
EX_so4_e	so4_e <=> 										AUDIT_NOT_RUN_PHASE1	N/A		SPECIAL	NO	SPECIAL_RULE	Phase-1 ingestion; no biological decision applied
EX_spmd_e	spmd_e --> 										AUDIT_NOT_RUN_PHASE1	N/A		SPECIAL	NO	SPECIAL_RULE	Phase-1 ingestion; no biological decision applied
EX_srb__L_e	srb__L_e --> 										AUDIT_NOT_RUN_PHASE1	N/A		SPECIAL	NO	SPECIAL_RULE	Phase-1 ingestion; no biological decision applied
EX_stfrnA_e	stfrnA_e --> 										AUDIT_NOT_RUN_PHASE1	N/A		SPECIAL	NO	SPECIAL_RULE	Phase-1 ingestion; no biological decision applied
EX_stfrnB_e	stfrnB_e --> 										AUDIT_NOT_RUN_PHASE1	N/A		SPECIAL	NO	SPECIAL_RULE	Phase-1 ingestion; no biological decision applied
EX_succ_e	succ_e --> 										AUDIT_NOT_RUN_PHASE1	N/A		SPECIAL	NO	SPECIAL_RULE	Phase-1 ingestion; no biological decision applied
EX_sucr_e	sucr_e --> 										AUDIT_NOT_RUN_PHASE1	N/A		SPECIAL	NO	SPECIAL_RULE	Phase-1 ingestion; no biological decision applied
EX_tartr__D_e	tartr__D_e --> 										AUDIT_NOT_RUN_PHASE1	N/A		SPECIAL	NO	SPECIAL_RULE	Phase-1 ingestion; no biological decision applied
EX_tartr__L_e	tartr__L_e --> 										AUDIT_NOT_RUN_PHASE1	N/A		SPECIAL	NO	SPECIAL_RULE	Phase-1 ingestion; no biological decision applied
EX_taur_e	taur_e --> 										AUDIT_NOT_RUN_PHASE1	N/A		SPECIAL	NO	SPECIAL_RULE	Phase-1 ingestion; no biological decision applied
EX_tcynt_e	tcynt_e --> 										AUDIT_NOT_RUN_PHASE1	N/A		SPECIAL	NO	SPECIAL_RULE	Phase-1 ingestion; no biological decision applied
EX_tet_e	tet_e --> 										AUDIT_NOT_RUN_PHASE1	N/A		SPECIAL	NO	SPECIAL_RULE	Phase-1 ingestion; no biological decision applied
EX_thm_e	thm_e --> 										AUDIT_NOT_RUN_PHASE1	N/A		SPECIAL	NO	SPECIAL_RULE	Phase-1 ingestion; no biological decision applied
EX_thr__L_e	thr__L_e --> 										AUDIT_NOT_RUN_PHASE1	N/A		SPECIAL	NO	SPECIAL_RULE	Phase-1 ingestion; no biological decision applied
EX_thym_e	thym_e --> 										AUDIT_NOT_RUN_PHASE1	N/A		SPECIAL	NO	SPECIAL_RULE	Phase-1 ingestion; no biological decision applied
EX_thymd_e	thymd_e --> 										AUDIT_NOT_RUN_PHASE1	N/A		SPECIAL	NO	SPECIAL_RULE	Phase-1 ingestion; no biological decision applied
EX_tma_e	tma_e --> 										AUDIT_NOT_RUN_PHASE1	N/A		SPECIAL	NO	SPECIAL_RULE	Phase-1 ingestion; no biological decision applied
EX_tmao_e	tmao_e --> 										AUDIT_NOT_RUN_PHASE1	N/A		SPECIAL	NO	SPECIAL_RULE	Phase-1 ingestion; no biological decision applied
EX_tnt_e	tnt_e --> 										AUDIT_NOT_RUN_PHASE1	N/A		SPECIAL	NO	SPECIAL_RULE	Phase-1 ingestion; no biological decision applied
EX_tol_e	tol_e --> 										AUDIT_NOT_RUN_PHASE1	N/A		SPECIAL	NO	SPECIAL_RULE	Phase-1 ingestion; no biological decision applied
EX_tre_e	tre_e --> 										AUDIT_NOT_RUN_PHASE1	N/A		SPECIAL	NO	SPECIAL_RULE	Phase-1 ingestion; no biological decision applied
EX_trp__L_e	trp__L_e --> 										AUDIT_NOT_RUN_PHASE1	N/A		SPECIAL	NO	SPECIAL_RULE	Phase-1 ingestion; no biological decision applied
EX_tsul_e	tsul_e --> 										AUDIT_NOT_RUN_PHASE1	N/A		SPECIAL	NO	SPECIAL_RULE	Phase-1 ingestion; no biological decision applied
EX_ttdca_e	ttdca_e --> 										AUDIT_NOT_RUN_PHASE1	N/A		SPECIAL	NO	SPECIAL_RULE	Phase-1 ingestion; no biological decision applied
EX_ttdcea_e	ttdcea_e --> 										AUDIT_NOT_RUN_PHASE1	N/A		SPECIAL	NO	SPECIAL_RULE	Phase-1 ingestion; no biological decision applied
EX_tton_e	tton_e --> 										AUDIT_NOT_RUN_PHASE1	N/A		SPECIAL	NO	SPECIAL_RULE	Phase-1 ingestion; no biological decision applied
EX_ttrcyc_e	ttrcyc_e --> 										AUDIT_NOT_RUN_PHASE1	N/A		SPECIAL	NO	SPECIAL_RULE	Phase-1 ingestion; no biological decision applied
EX_tyr__L_e	tyr__L_e --> 										AUDIT_NOT_RUN_PHASE1	N/A		SPECIAL	NO	SPECIAL_RULE	Phase-1 ingestion; no biological decision applied
EX_udcpdp_e	udcpdp_e --> 										AUDIT_NOT_RUN_PHASE1	N/A		SPECIAL	NO	SPECIAL_RULE	Phase-1 ingestion; no biological decision applied
EX_udcpp_e	udcpp_e --> 										AUDIT_NOT_RUN_PHASE1	N/A		SPECIAL	NO	SPECIAL_RULE	Phase-1 ingestion; no biological decision applied
EX_ump_e	ump_e --> 										AUDIT_NOT_RUN_PHASE1	N/A		SPECIAL	NO	SPECIAL_RULE	Phase-1 ingestion; no biological decision applied
EX_ura_e	ura_e --> 										AUDIT_NOT_RUN_PHASE1	N/A		SPECIAL	NO	SPECIAL_RULE	Phase-1 ingestion; no biological decision applied
EX_urea_e	urea_e --> 										AUDIT_NOT_RUN_PHASE1	N/A		SPECIAL	NO	SPECIAL_RULE	Phase-1 ingestion; no biological decision applied
EX_uri_e	uri_e --> 										AUDIT_NOT_RUN_PHASE1	N/A		SPECIAL	NO	SPECIAL_RULE	Phase-1 ingestion; no biological decision applied
EX_vacc_e	vacc_e --> 										AUDIT_NOT_RUN_PHASE1	N/A		SPECIAL	NO	SPECIAL_RULE	Phase-1 ingestion; no biological decision applied
EX_val__L_e	val__L_e --> 										AUDIT_NOT_RUN_PHASE1	N/A		SPECIAL	NO	SPECIAL_RULE	Phase-1 ingestion; no biological decision applied
EX_xan_e	xan_e --> 										AUDIT_NOT_RUN_PHASE1	N/A		SPECIAL	NO	SPECIAL_RULE	Phase-1 ingestion; no biological decision applied
EX_xtsn_e	xtsn_e --> 										AUDIT_NOT_RUN_PHASE1	N/A		SPECIAL	NO	SPECIAL_RULE	Phase-1 ingestion; no biological decision applied
EX_xyl__D_e	xyl__D_e --> 										AUDIT_NOT_RUN_PHASE1	N/A		SPECIAL	NO	SPECIAL_RULE	Phase-1 ingestion; no biological decision applied
EX_xylan4_e	xylan4_e --> 										AUDIT_NOT_RUN_PHASE1	N/A		SPECIAL	NO	SPECIAL_RULE	Phase-1 ingestion; no biological decision applied
EX_xylan8_e	xylan8_e --> 										AUDIT_NOT_RUN_PHASE1	N/A		SPECIAL	NO	SPECIAL_RULE	Phase-1 ingestion; no biological decision applied
EX_zn2_e	zn2_e <=> 										AUDIT_NOT_RUN_PHASE1	N/A		SPECIAL	NO	SPECIAL_RULE	Phase-1 ingestion; no biological decision applied
12DGR140tipp	12dgr140_p --> 12dgr140_c										AUDIT_NOT_RUN_PHASE1	REVIEW		LOW	NO	REVIEW	Phase-1 ingestion; no biological decision applied
12DGR160tipp	12dgr160_p --> 12dgr160_c										AUDIT_NOT_RUN_PHASE1	REVIEW		LOW	NO	REVIEW	Phase-1 ingestion; no biological decision applied
12DGR180tipp	12dgr180_p --> 12dgr180_c										AUDIT_NOT_RUN_PHASE1	REVIEW		LOW	NO	REVIEW	Phase-1 ingestion; no biological decision applied
12DGR181tipp	12dgr181_p --> 12dgr181_c										AUDIT_NOT_RUN_PHASE1	REVIEW		LOW	NO	REVIEW	Phase-1 ingestion; no biological decision applied
13PPDH	3hppnl_c + h_c + nadh_c <=> 13ppd_c + nad_c				1.1.1.202						AUDIT_NOT_RUN_PHASE1	N/A		LOW	NO	REVIEW	Phase-1 ingestion; no biological decision applied
1P2CBXLR	1p2cbxl_c + 2.0 h_c + nadph_c --> nadp_c + pro__L_c										AUDIT_NOT_RUN_PHASE1	N/A		LOW	NO	REVIEW	Phase-1 ingestion; no biological decision applied
1PY4h3cAH	1py4h3c_c + h2o_c + h_c --> 25dop_c + nh4_c										AUDIT_NOT_RUN_PHASE1	N/A		LOW	NO	REVIEW	Phase-1 ingestion; no biological decision applied
23CTI1	decoa_c --> dc2coa_c + h_c		EHJ92213_1		4.2.1.17						AUDIT_NOT_RUN_PHASE1	N/A		MEDIUM	NO	KEEP_FLAGGED	Phase-1 ingestion; no biological decision applied
23CTI2	dded3coa_c --> dd2coa_c		EHJ92213_1		4.2.1.17						AUDIT_NOT_RUN_PHASE1	N/A		MEDIUM	NO	KEEP_FLAGGED	Phase-1 ingestion; no biological decision applied
23CTI3	dd_3_6_coa_c --> dd6_2_coa_c		EHJ92213_1		4.2.1.17						AUDIT_NOT_RUN_PHASE1	N/A		MEDIUM	NO	KEEP_FLAGGED	Phase-1 ingestion; no biological decision applied
23DK5MPPISO	dkmpp_c <=> hkmpp_c		EHJ94829_1		3.1.3.77;5.3.2.5						AUDIT_NOT_RUN_PHASE1	N/A		MEDIUM	NO	KEEP_FLAGGED	Phase-1 ingestion; no biological decision applied
24DECOAR	dec4_2_coa_c + h_c + nadph_c --> dc2coa_c + nadp_c		EHJ92441_1		1.3.1.34						AUDIT_NOT_RUN_PHASE1	N/A		MEDIUM	NO	KEEP_FLAGGED	Phase-1 ingestion; no biological decision applied
25DKGLCNt2rpp	25dkglcn_p + h_p <=> 25dkglcn_c + h_c										AUDIT_NOT_RUN_PHASE1	REVIEW		LOW	NO	REVIEW	Phase-1 ingestion; no biological decision applied
25DKGLCNtex	25dkglcn_e <=> 25dkglcn_p										AUDIT_NOT_RUN_PHASE1	REVIEW		LOW	NO	REVIEW	Phase-1 ingestion; no biological decision applied
26DAHtex	26dap__M_e <=> 26dap__M_p										AUDIT_NOT_RUN_PHASE1	REVIEW		LOW	NO	REVIEW	Phase-1 ingestion; no biological decision applied
2AACLPGT161	2agpg161_c + hdeACP_c --> ACP_c + pg161_c		EHJ93835_1								AUDIT_NOT_RUN_PHASE1	N/A		MEDIUM	NO	KEEP_FLAGGED	Phase-1 ingestion; no biological decision applied
2AACLPPEAT161	2agpe161_c + hdeACP_c --> ACP_c + pe161_c		EHJ93835_1								AUDIT_NOT_RUN_PHASE1	N/A		MEDIUM	NO	KEEP_FLAGGED	Phase-1 ingestion; no biological decision applied
2AGPE120tipp	2agpe120_p --> 2agpe120_c										AUDIT_NOT_RUN_PHASE1	REVIEW		LOW	NO	REVIEW	Phase-1 ingestion; no biological decision applied
2AGPE140tipp	2agpe140_p --> 2agpe140_c										AUDIT_NOT_RUN_PHASE1	REVIEW		LOW	NO	REVIEW	Phase-1 ingestion; no biological decision applied
2AGPE141tipp	2agpe141_p --> 2agpe141_c										AUDIT_NOT_RUN_PHASE1	REVIEW		LOW	NO	REVIEW	Phase-1 ingestion; no biological decision applied
2AGPE160tipp	2agpe160_p --> 2agpe160_c										AUDIT_NOT_RUN_PHASE1	REVIEW		LOW	NO	REVIEW	Phase-1 ingestion; no biological decision applied
2AGPE161tipp	2agpe161_p --> 2agpe161_c										AUDIT_NOT_RUN_PHASE1	REVIEW		LOW	NO	REVIEW	Phase-1 ingestion; no biological decision applied
2AGPE180tipp	2agpe180_p --> 2agpe180_c										AUDIT_NOT_RUN_PHASE1	REVIEW		LOW	NO	REVIEW	Phase-1 ingestion; no biological decision applied
2AGPE181tipp	2agpe181_p --> 2agpe181_c										AUDIT_NOT_RUN_PHASE1	REVIEW		LOW	NO	REVIEW	Phase-1 ingestion; no biological decision applied
2AGPEAT120	2agpe120_c + atp_c + ddca_c --> amp_c + pe120_c + ppi_c										AUDIT_NOT_RUN_PHASE1	N/A		LOW	NO	REVIEW	Phase-1 ingestion; no biological decision applied
2AGPEAT140	2agpe140_c + atp_c + ttdca_c --> amp_c + pe140_c + ppi_c										AUDIT_NOT_RUN_PHASE1	N/A		LOW	NO	REVIEW	Phase-1 ingestion; no biological decision applied
2AGPEAT141	2agpe141_c + atp_c + ttdcea_c --> amp_c + pe141_c + ppi_c										AUDIT_NOT_RUN_PHASE1	N/A		LOW	NO	REVIEW	Phase-1 ingestion; no biological decision applied
2AGPEAT160	2agpe160_c + atp_c + hdca_c --> amp_c + pe160_c + ppi_c				2.3.1.40						AUDIT_NOT_RUN_PHASE1	N/A		LOW	NO	REVIEW	Phase-1 ingestion; no biological decision applied
2AGPEAT161	2agpe161_c + atp_c + hdcea_c --> amp_c + pe161_c + ppi_c										AUDIT_NOT_RUN_PHASE1	N/A		LOW	NO	REVIEW	Phase-1 ingestion; no biological decision applied
2AGPEAT180	2agpe180_c + atp_c + ocdca_c --> amp_c + pe180_c + ppi_c				2.3.1.40						AUDIT_NOT_RUN_PHASE1	N/A		LOW	NO	REVIEW	Phase-1 ingestion; no biological decision applied
2AGPEAT181	2agpe181_c + atp_c + ocdcea_c --> amp_c + pe181_c + ppi_c										AUDIT_NOT_RUN_PHASE1	N/A		LOW	NO	REVIEW	Phase-1 ingestion; no biological decision applied
2AGPG120tipp	2agpg120_p --> 2agpg120_c										AUDIT_NOT_RUN_PHASE1	REVIEW		LOW	NO	REVIEW	Phase-1 ingestion; no biological decision applied
2AGPG140tipp	2agpg140_p --> 2agpg140_c										AUDIT_NOT_RUN_PHASE1	REVIEW		LOW	NO	REVIEW	Phase-1 ingestion; no biological decision applied
2AGPG141tipp	2agpg141_p --> 2agpg141_c										AUDIT_NOT_RUN_PHASE1	REVIEW		LOW	NO	REVIEW	Phase-1 ingestion; no biological decision applied
2AGPG160tipp	2agpg160_p --> 2agpg160_c										AUDIT_NOT_RUN_PHASE1	REVIEW		LOW	NO	REVIEW	Phase-1 ingestion; no biological decision applied
2AGPG161tipp	2agpg161_p --> 2agpg161_c										AUDIT_NOT_RUN_PHASE1	REVIEW		LOW	NO	REVIEW	Phase-1 ingestion; no biological decision applied
2AGPG180tipp	2agpg180_p --> 2agpg180_c										AUDIT_NOT_RUN_PHASE1	REVIEW		LOW	NO	REVIEW	Phase-1 ingestion; no biological decision applied
2AGPG181tipp	2agpg181_p --> 2agpg181_c										AUDIT_NOT_RUN_PHASE1	REVIEW		LOW	NO	REVIEW	Phase-1 ingestion; no biological decision applied
2AGPGAT120	2agpg120_c + atp_c + ddca_c --> amp_c + pg120_c + ppi_c										AUDIT_NOT_RUN_PHASE1	N/A		LOW	NO	REVIEW	Phase-1 ingestion; no biological decision applied
2AGPGAT140	2agpg140_c + atp_c + ttdca_c --> amp_c + pg140_c + ppi_c										AUDIT_NOT_RUN_PHASE1	N/A		LOW	NO	REVIEW	Phase-1 ingestion; no biological decision applied
2AGPGAT141	2agpg141_c + atp_c + ttdcea_c --> amp_c + pg141_c + ppi_c										AUDIT_NOT_RUN_PHASE1	N/A		LOW	NO	REVIEW	Phase-1 ingestion; no biological decision applied
2AGPGAT160	2agpg160_c + atp_c + hdca_c --> amp_c + pg160_c + ppi_c										AUDIT_NOT_RUN_PHASE1	N/A		LOW	NO	REVIEW	Phase-1 ingestion; no biological decision applied
2AGPGAT161	2agpg161_c + atp_c + hdcea_c --> amp_c + pg161_c + ppi_c										AUDIT_NOT_RUN_PHASE1	N/A		LOW	NO	REVIEW	Phase-1 ingestion; no biological decision applied
2AGPGAT180	2agpg180_c + atp_c + ocdca_c --> amp_c + pg180_c + ppi_c										AUDIT_NOT_RUN_PHASE1	N/A		LOW	NO	REVIEW	Phase-1 ingestion; no biological decision applied
2AGPGAT181	2agpg181_c + atp_c + ocdcea_c --> amp_c + pg181_c + ppi_c										AUDIT_NOT_RUN_PHASE1	N/A		LOW	NO	REVIEW	Phase-1 ingestion; no biological decision applied
2DHGLCK	2dhglcn_c + atp_c + 2.0 h_c --> 6p2dhglcn_c + adp_c				2.7.1.13						AUDIT_NOT_RUN_PHASE1	N/A		LOW	NO	REVIEW	Phase-1 ingestion; no biological decision applied
2INSD	2ins_c --> dkdi_c + h2o_c		EHJ94643_1	[UNRESOLVED:FF32_03940]	4.2.1.44			NO	NO_MAPPING		AUDIT_NOT_RUN_PHASE1	N/A		MEDIUM	NO	KEEP_FLAGGED	Phase-1 ingestion; no biological decision applied
2MAHMP	2mahmp_c + h2o_c --> 4ampm_c + h_c + pi_c										AUDIT_NOT_RUN_PHASE1	N/A		LOW	NO	REVIEW	Phase-1 ingestion; no biological decision applied
2S6HCCi	akg_c + h_c + ichor_c --> 2shchc_c + co2_c + pyr_c		EHJ94721_1		2.2.1.9;2.5.1.64;4.1.1.71;4.1.3.-;4.2.99.20						AUDIT_NOT_RUN_PHASE1	N/A		MEDIUM	NO	KEEP_FLAGGED	Phase-1 ingestion; no biological decision applied
3AIBT2	ala__L_c + mmtsa_c <=> 3aib_c + pyr_c		EHJ94732_1								AUDIT_NOT_RUN_PHASE1	N/A		MEDIUM	NO	KEEP_FLAGGED	Phase-1 ingestion; no biological decision applied
3AMPt6	3amp_e + h_e <=> 3amp_c + h_c										AUDIT_NOT_RUN_PHASE1	REVIEW		LOW	NO	REVIEW	Phase-1 ingestion; no biological decision applied
3AMPtex	3amp_e <=> 3amp_p										AUDIT_NOT_RUN_PHASE1	REVIEW		LOW	NO	REVIEW	Phase-1 ingestion; no biological decision applied
3CMPt6	3cmp_e + h_e <=> 3cmp_c + h_c										AUDIT_NOT_RUN_PHASE1	REVIEW		LOW	NO	REVIEW	Phase-1 ingestion; no biological decision applied
3CMPtex	3cmp_e <=> 3cmp_p										AUDIT_NOT_RUN_PHASE1	REVIEW		LOW	NO	REVIEW	Phase-1 ingestion; no biological decision applied
3GMPtex	3gmp_e <=> 3gmp_p										AUDIT_NOT_RUN_PHASE1	REVIEW		LOW	NO	REVIEW	Phase-1 ingestion; no biological decision applied
3GMPtex_1	3gmp_e <=> 3gmp_c										AUDIT_NOT_RUN_PHASE1	REVIEW		LOW	NO	REVIEW	Phase-1 ingestion; no biological decision applied
3HPTNCOAR	3hptcoa_c + nadp_c --> 3oxptcoa_c + h_c + nadph_c		EHJ92213_1		4.2.1.17						AUDIT_NOT_RUN_PHASE1	N/A		MEDIUM	NO	KEEP_FLAGGED	Phase-1 ingestion; no biological decision applied
3MBt2pp	3mb_p + h_p --> 3mb_c + h_c		EHJ92902_1								AUDIT_NOT_RUN_PHASE1	REVIEW		MEDIUM	NO	KEEP_FLAGGED	Phase-1 ingestion; no biological decision applied
3MBt4pp	3mb_p + na1_p --> 3mb_c + na1_c		EHJ92902_1								AUDIT_NOT_RUN_PHASE1	REVIEW		MEDIUM	NO	KEEP_FLAGGED	Phase-1 ingestion; no biological decision applied
3MBtex	3mb_e <=> 3mb_p										AUDIT_NOT_RUN_PHASE1	REVIEW		LOW	NO	REVIEW	Phase-1 ingestion; no biological decision applied
3NTD4pp	3cmp_p + h2o_p --> cytd_p + pi_p		EHJ92757_1		3.1.3.6;3.1.3.5						AUDIT_NOT_RUN_PHASE1	N/A		MEDIUM	NO	KEEP_FLAGGED	Phase-1 ingestion; no biological decision applied
3NTD7pp	3amp_p + h2o_p --> adn_p + pi_p		EHJ92757_1		3.1.3.6;3.1.3.5						AUDIT_NOT_RUN_PHASE1	N/A		MEDIUM	NO	KEEP_FLAGGED	Phase-1 ingestion; no biological decision applied
3NUCLE1	3amp_c + h2o_c --> adn_c + pi_c			[UNRESOLVED:FF32_01615]	3.1.3.6			NO	NO_MAPPING		AUDIT_NOT_RUN_PHASE1	N/A		LOW	NO	REVIEW	Phase-1 ingestion; no biological decision applied
3NUCLE2	3ump_c + h2o_c --> pi_c + uri_c			[UNRESOLVED:FF32_01615]	3.1.3.6			NO	NO_MAPPING		AUDIT_NOT_RUN_PHASE1	N/A		LOW	NO	REVIEW	Phase-1 ingestion; no biological decision applied
3NUCLE3	3cmp_c + h2o_c --> cytd_c + pi_c			[UNRESOLVED:FF32_01615]	3.1.3.6			NO	NO_MAPPING		AUDIT_NOT_RUN_PHASE1	N/A		LOW	NO	REVIEW	Phase-1 ingestion; no biological decision applied
3NUCLE4	3gmp_c + h2o_c --> gsn_c + pi_c			[UNRESOLVED:FF32_01615]	3.1.3.6			NO	NO_MAPPING		AUDIT_NOT_RUN_PHASE1	N/A		LOW	NO	REVIEW	Phase-1 ingestion; no biological decision applied
3OADPCOAT	3oxoadp_c + succoa_c --> oxadpcoa_c + succ_c		EHJ93965_1		2.8.3.6						AUDIT_NOT_RUN_PHASE1	N/A		MEDIUM	NO	KEEP_FLAGGED	Phase-1 ingestion; no biological decision applied
3OXCOAT	coa_c + oxadpcoa_c --> accoa_c + succoa_c		EHJ93968_1 or EHJ93969_1 or EHJ94568_1	[UNRESOLVED:FF32_04570]	2.3.1.16;2.3.1.174			NO	NO_MAPPING		AUDIT_NOT_RUN_PHASE1	N/A		MEDIUM	NO	KEEP_FLAGGED	Phase-1 ingestion; no biological decision applied
3PEPTabcpp	LalaDgluMdap_p + atp_c + h2o_c --> LalaDgluMdap_c + adp_c + h_c + pi_c		EHJ91817_1 or EHJ91818_1 or EHJ91819_1 or EHJ91820_1 or (EHJ92037_1 and EHJ93725_1) or (EHJ91818_1 and EHJ91819_1 and EHJ91820_1)	[UNRESOLVED:Csal_2999] and [UNRESOLVED:Csal_3000] and [UNRESOLVED:Csal_3001] and [UNRESOLVED:Csal_3002]				NO	NO_MAPPING		AUDIT_NOT_RUN_PHASE1	REVIEW		MEDIUM	NO	KEEP_FLAGGED	Phase-1 ingestion; no biological decision applied
3PEPTtex	LalaDgluMdap_e <=> LalaDgluMdap_p			[UNRESOLVED:Csal_2569]				NO	NO_MAPPING		AUDIT_NOT_RUN_PHASE1	REVIEW		LOW	NO	REVIEW	Phase-1 ingestion; no biological decision applied
3UMPt6	3ump_e + h_e <=> 3ump_c + h_c										AUDIT_NOT_RUN_PHASE1	REVIEW		LOW	NO	REVIEW	Phase-1 ingestion; no biological decision applied
3UMPtex	3ump_e <=> 3ump_p										AUDIT_NOT_RUN_PHASE1	REVIEW		LOW	NO	REVIEW	Phase-1 ingestion; no biological decision applied
4HBZt3pp	4hbz_c + h_p --> 4hbz_p + h_c										AUDIT_NOT_RUN_PHASE1	REVIEW		LOW	NO	REVIEW	Phase-1 ingestion; no biological decision applied
4HDPROO	4hpro_DC_c + 2.0 ficytc_c --> 1py4h3c_c + 2.0 focytc_c + h_c										AUDIT_NOT_RUN_PHASE1	N/A		LOW	NO	REVIEW	Phase-1 ingestion; no biological decision applied
4HGLSD	4hglusa_c + h2o_c + nad_c <=> e4hglu_c + 2.0 h_c + nadh_c				1.2.1.-;1.2.1.88						AUDIT_NOT_RUN_PHASE1	N/A		LOW	NO	REVIEW	Phase-1 ingestion; no biological decision applied
4HPROE	4hpro_LT_c <=> 4hpro_DC_c		EHJ92680_1		5.1.1.8						AUDIT_NOT_RUN_PHASE1	N/A		MEDIUM	NO	KEEP_FLAGGED	Phase-1 ingestion; no biological decision applied
4HPRO_LT_Et	4hpro_LT_e <=> 4hpro_LT_c										AUDIT_NOT_RUN_PHASE1	REVIEW		LOW	NO	REVIEW	Phase-1 ingestion; no biological decision applied
4HTHRA	4hthr_c <=> gcald_c + gly_c		EHJ93409_1								AUDIT_NOT_RUN_PHASE1	N/A		MEDIUM	NO	KEEP_FLAGGED	Phase-1 ingestion; no biological decision applied
4HTHRS	h2o_c + phthr_c --> 4hthr_c + pi_c		EHJ93824_1	EHJ93824_1	4.2.3.-;4.2.3.1			YES	COMPLETE_HIGH		AUDIT_NOT_RUN_PHASE1	N/A		HIGH	NO	AUTO_KEEP	Phase-1 ingestion; no biological decision applied
4PCPpp	LalaDgluMdapDala_p + h2o_p --> LalaDgluMdap_p + ala__D_p										AUDIT_NOT_RUN_PHASE1	N/A		LOW	NO	REVIEW	Phase-1 ingestion; no biological decision applied
4PEPTabcpp	LalaDgluMdapDala_p + atp_c + h2o_c --> LalaDgluMdapDala_c + adp_c + h_c + pi_c		EHJ91817_1 or EHJ91818_1 or EHJ91819_1 or EHJ91820_1 or (EHJ92037_1 and EHJ93725_1) or (EHJ91818_1 and EHJ91819_1 and EHJ91820_1)	[UNRESOLVED:Csal_2999] and [UNRESOLVED:Csal_3000] and [UNRESOLVED:Csal_3001] and [UNRESOLVED:Csal_3002]				NO	NO_MAPPING		AUDIT_NOT_RUN_PHASE1	REVIEW		MEDIUM	NO	KEEP_FLAGGED	Phase-1 ingestion; no biological decision applied
4PEPTtex	LalaDgluMdapDala_e <=> LalaDgluMdapDala_p			[UNRESOLVED:Csal_2569]				NO	NO_MAPPING		AUDIT_NOT_RUN_PHASE1	REVIEW		LOW	NO	REVIEW	Phase-1 ingestion; no biological decision applied
5DGLCNR	5dglcn_c + h_c + nadph_c <=> glcn_c + nadp_c			[UNRESOLVED:Csal_1129]	1.1.1.-;1.1.1.69			NO	CONFLICT		AUDIT_NOT_RUN_PHASE1	N/A		LOW	NO	REVIEW	Phase-1 ingestion; no biological decision applied
5DH4DGLCD	5dh4dglc_c + h_c --> 25dop_c + co2_c + h2o_c		EHJ93396_1		4.2.1.41						AUDIT_NOT_RUN_PHASE1	N/A		MEDIUM	NO	KEEP_FLAGGED	Phase-1 ingestion; no biological decision applied
5DKGR	glcn_c + nad_c <=> 5dglcn_c + h_c + nadh_c		EHJ93380_1		1.1.1.69						AUDIT_NOT_RUN_PHASE1	N/A		MEDIUM	NO	KEEP_FLAGGED	Phase-1 ingestion; no biological decision applied
5DOAN	dad_5_c + h2o_c --> 5drib_c + ade_c			EHJ91707_1				YES	COMPLETE_HIGH		AUDIT_NOT_RUN_PHASE1	N/A		LOW	NO	REVIEW	Phase-1 ingestion; no biological decision applied
5HPUDICDC_c	5houdic_c + h_c --> alltn_c + co2_c		EHJ92874_1		4.1.1.97						AUDIT_NOT_RUN_PHASE1	N/A		SPECIAL	NO	SPECIAL_RULE	Phase-1 ingestion; no biological decision applied
6ATHAtexi	6atha_e --> 6atha_p										AUDIT_NOT_RUN_PHASE1	REVIEW		LOW	NO	REVIEW	Phase-1 ingestion; no biological decision applied
AAC24DABA	aac24dab_c + h2o_c --> 24dab_c + ac_c + h_c										AUDIT_NOT_RUN_PHASE1	N/A		LOW	NO	REVIEW	Phase-1 ingestion; no biological decision applied
AACOAR_syn	aacoa_c + h_c + nadph_c <=> 3hbcoa__R_c + nadp_c		EHJ93844_1		1.1.1.36						AUDIT_NOT_RUN_PHASE1	N/A		MEDIUM	NO	KEEP_FLAGGED	Phase-1 ingestion; no biological decision applied
AACPS2	ACP_c + atp_c + ttdcea_c --> amp_c + ppi_c + tdeACP_c				6.2.1.20						AUDIT_NOT_RUN_PHASE1	N/A		LOW	NO	REVIEW	Phase-1 ingestion; no biological decision applied
AACPS4	ACP_c + atp_c + hdcea_c --> amp_c + hdeACP_c + ppi_c										AUDIT_NOT_RUN_PHASE1	N/A		LOW	NO	REVIEW	Phase-1 ingestion; no biological decision applied
AACPS7	ACP_c + atp_c + ddca_c --> amp_c + ddcaACP_c + ppi_c			[UNRESOLVED:FF32_10120]				NO	NO_MAPPING		AUDIT_NOT_RUN_PHASE1	N/A		LOW	NO	REVIEW	Phase-1 ingestion; no biological decision applied
AACPS9	ACP_c + atp_c + octa_c --> amp_c + ocACP_c + ppi_c			[UNRESOLVED:FF32_10120]				NO	NO_MAPPING		AUDIT_NOT_RUN_PHASE1	N/A		LOW	NO	REVIEW	Phase-1 ingestion; no biological decision applied
AACTOOR	aact_c + h2o_c + o2_c --> h2o2_c + mthgxl_c + nh4_c				1.4.3.21;1.4.3.4;1.4.3.6						AUDIT_NOT_RUN_PHASE1	N/A		LOW	NO	REVIEW	Phase-1 ingestion; no biological decision applied
AADa	aad_c + coa_c <=> accoa_c + amp_c		EHJ92232_1 or EHJ92906_1		6.2.1.1						AUDIT_NOT_RUN_PHASE1	N/A		MEDIUM	NO	KEEP_FLAGGED	Phase-1 ingestion; no biological decision applied
AADb	ac_c + atp_c --> aad_c + ppi_c		EHJ92232_1 or EHJ92906_1		6.2.1.1						AUDIT_NOT_RUN_PHASE1	N/A		MEDIUM	NO	KEEP_FLAGGED	Phase-1 ingestion; no biological decision applied
AALDH	nadh_c + pacald_c <=> nad_c + pea_c		EHJ92844_1		1.1.1.1						AUDIT_NOT_RUN_PHASE1	N/A		MEDIUM	NO	KEEP_FLAGGED	Phase-1 ingestion; no biological decision applied
ABTA	4abut_c + akg_c --> glu__L_c + sucsal_c			[UNRESOLVED:FF32_03725] or [UNRESOLVED:FF32_04420] or [UNRESOLVED:FF32_09580]	2.6.1.19			NO	NO_MAPPING		AUDIT_NOT_RUN_PHASE1	N/A		LOW	NO	REVIEW	Phase-1 ingestion; no biological decision applied
ABUTD	4abutn_c + h2o_c + nad_c --> 4abut_c + 2.0 h_c + nadh_c		EHJ94704_1 or EHJ94867_1	[UNRESOLVED:Csal_0348] or [UNRESOLVED:Csal_2460] or EHJ92845_1	1.2.1.-;1.2.1.19;1.2.1.3			NO	CONFLICT		AUDIT_NOT_RUN_PHASE1	N/A		MEDIUM	NO	KEEP_FLAGGED	Phase-1 ingestion; no biological decision applied
ABUTtex	4abut_e <=> 4abut_p										AUDIT_NOT_RUN_PHASE1	REVIEW		LOW	NO	REVIEW	Phase-1 ingestion; no biological decision applied
ACACCT	acac_c + accoa_c --> aacoa_c + ac_c		EHJ93965_1 or EHJ93966_1	[UNRESOLVED:FF32_07610]	2.8.3.8;2.8.3.9			NO	NO_MAPPING		AUDIT_NOT_RUN_PHASE1	N/A		MEDIUM	NO	KEEP_FLAGGED	Phase-1 ingestion; no biological decision applied
ACACT10	3oddcoa_c + coa_c --> accoa_c + dcacoa_c		EHJ92212_1		2.3.1.16						AUDIT_NOT_RUN_PHASE1	N/A		MEDIUM	NO	KEEP_FLAGGED	Phase-1 ingestion; no biological decision applied
ACACT11	3ohcoa_c + coa_c --> accoa_c + btcoa_c		EHJ92212_1		2.3.1.16;2.3.1.9						AUDIT_NOT_RUN_PHASE1	N/A		MEDIUM	NO	KEEP_FLAGGED	Phase-1 ingestion; no biological decision applied
ACACT12	3ohdcoa_c + coa_c --> accoa_c + tdcoa_c		EHJ92212_1		2.3.1.16;2.3.1.155						AUDIT_NOT_RUN_PHASE1	N/A		MEDIUM	NO	KEEP_FLAGGED	Phase-1 ingestion; no biological decision applied
ACACT13	3odcoa_c + coa_c --> accoa_c + occoa_c		EHJ92212_1		2.3.1.16						AUDIT_NOT_RUN_PHASE1	N/A		MEDIUM	NO	KEEP_FLAGGED	Phase-1 ingestion; no biological decision applied
ACACT1r	2.0 accoa_c <=> aacoa_c + coa_c		EHJ92212_1 or EHJ92220_1 or EHJ92234_1 or EHJ92250_1 or EHJ93884_1 or EHJ93968_1 or EHJ93969_1 or EHJ94568_1	EHJ94568_1 and EHJ93884_1	2.3.1.9;2.3.1.16;2.3.1.174			NO	COMPLETE_REVIEW		AUDIT_NOT_RUN_PHASE1	N/A		MEDIUM	NO	KEEP_FLAGGED	Phase-1 ingestion; no biological decision applied
ACACT2r	accoa_c + btcoa_c <=> 3ohcoa_c + coa_c		EHJ92212_1 or EHJ93969_1	EHJ92212_1	2.3.1.16;2.3.1.9			YES	COMPLETE_HIGH		AUDIT_NOT_RUN_PHASE1	N/A		HIGH	NO	AUTO_KEEP	Phase-1 ingestion; no biological decision applied
ACACT3r	accoa_c + hxcoa_c <=> 3oocoa_c + coa_c		EHJ92220_1 or EHJ93884_1	EHJ92212_1	2.3.1.9			YES	COMPLETE_HIGH		AUDIT_NOT_RUN_PHASE1	N/A		HIGH	NO	AUTO_KEEP	Phase-1 ingestion; no biological decision applied
ACACT4r	accoa_c + occoa_c <=> 3odcoa_c + coa_c		EHJ92212_1 or EHJ93969_1	EHJ92212_1	2.3.1.16;2.3.1.9			YES	COMPLETE_HIGH		AUDIT_NOT_RUN_PHASE1	N/A		HIGH	NO	AUTO_KEEP	Phase-1 ingestion; no biological decision applied
ACACT5r	accoa_c + dcacoa_c <=> 3oddcoa_c + coa_c		EHJ92220_1 or EHJ93884_1	EHJ92212_1	2.3.1.9			YES	COMPLETE_HIGH		AUDIT_NOT_RUN_PHASE1	N/A		HIGH	NO	AUTO_KEEP	Phase-1 ingestion; no biological decision applied
ACACT6r	accoa_c + ddcacoa_c <=> 3otdcoa_c + coa_c		EHJ92212_1 or EHJ93969_1	EHJ92212_1	2.3.1.16;2.3.1.9			YES	COMPLETE_HIGH		AUDIT_NOT_RUN_PHASE1	N/A		HIGH	NO	AUTO_KEEP	Phase-1 ingestion; no biological decision applied
ACACT6r_1	accoa_c + ddcoa_c <=> 3otdcoa_c + coa_c										AUDIT_NOT_RUN_PHASE1	N/A		LOW	NO	REVIEW	Phase-1 ingestion; no biological decision applied
ACACT7r	accoa_c + tdcoa_c <=> 3ohdcoa_c + coa_c		EHJ92212_1 or EHJ93969_1	EHJ92212_1	2.3.1.155;2.3.1.16;2.3.1.9			YES	COMPLETE_HIGH		AUDIT_NOT_RUN_PHASE1	N/A		HIGH	NO	AUTO_KEEP	Phase-1 ingestion; no biological decision applied
ACACT8	3oocoa_c + coa_c --> accoa_c + hxcoa_c		EHJ92212_1		2.3.1.16						AUDIT_NOT_RUN_PHASE1	N/A		MEDIUM	NO	KEEP_FLAGGED	Phase-1 ingestion; no biological decision applied
ACACT8r	3ohodcoa_c + coa_c <=> accoa_c + pmtcoa_c		EHJ93772_1	EHJ92212_1				YES	COMPLETE_HIGH		AUDIT_NOT_RUN_PHASE1	N/A		HIGH	NO	AUTO_KEEP	Phase-1 ingestion; no biological decision applied
ACACT9	3otdcoa_c + coa_c --> accoa_c + ddcacoa_c		EHJ92212_1		2.3.1.16						AUDIT_NOT_RUN_PHASE1	N/A		MEDIUM	NO	KEEP_FLAGGED	Phase-1 ingestion; no biological decision applied
ACACt2pp	acac_p + h_p <=> acac_c + h_c		EHJ92981_1								AUDIT_NOT_RUN_PHASE1	REVIEW		MEDIUM	NO	KEEP_FLAGGED	Phase-1 ingestion; no biological decision applied
ACACtex	acac_e <=> acac_p										AUDIT_NOT_RUN_PHASE1	REVIEW		LOW	NO	REVIEW	Phase-1 ingestion; no biological decision applied
ACALDt	acald_e <=> acald_c		spontaneous								AUDIT_NOT_RUN_PHASE1	REVIEW		MEDIUM	NO	KEEP_FLAGGED	Phase-1 ingestion; no biological decision applied
ACALDtex	acald_e <=> acald_p			[UNRESOLVED:Csal_2569]				NO	NO_MAPPING		AUDIT_NOT_RUN_PHASE1	REVIEW		LOW	NO	REVIEW	Phase-1 ingestion; no biological decision applied
ACALDtpp	acald_p <=> acald_c		spontaneous								AUDIT_NOT_RUN_PHASE1	REVIEW		MEDIUM	NO	KEEP_FLAGGED	Phase-1 ingestion; no biological decision applied
ACCOAC	accoa_c + atp_c + hco3_c --> adp_c + h_c + malcoa_c + pi_c		EHJ91601_1 or EHJ91649_1 or (EHJ91601_1 and EHJ91602_1) or (EHJ91601_1 and EHJ91602_1 and EHJ91956_1) or (EHJ91601_1 and EHJ91956_1 and EHJ93768_1)	EHJ91601_1 and [UNRESOLVED:HB_MODEL_ID:EHJ91600_1]	6.4.1.2;2.1.3.15;6.3.4.14			NO	COMPLETE_HIGH		AUDIT_NOT_RUN_PHASE1	N/A		HIGH	NO	AUTO_KEEP	Phase-1 ingestion; no biological decision applied
ACCOAL	atp_c + coa_c + ppa_c --> adp_c + pi_c + ppcoa_c		EHJ92906_1		6.2.1.13;6.2.1.1						AUDIT_NOT_RUN_PHASE1	N/A		MEDIUM	NO	KEEP_FLAGGED	Phase-1 ingestion; no biological decision applied
ACGAM1Ptex	acgam1p_e <=> acgam1p_p										AUDIT_NOT_RUN_PHASE1	REVIEW		LOW	NO	REVIEW	Phase-1 ingestion; no biological decision applied
ACGAMK	acgam_c + atp_c --> acgam6p_c + adp_c + h_c				2.7.1.59						AUDIT_NOT_RUN_PHASE1	N/A		LOW	NO	REVIEW	Phase-1 ingestion; no biological decision applied
ACGAtex	acgam_e <=> acgam_p										AUDIT_NOT_RUN_PHASE1	REVIEW		LOW	NO	REVIEW	Phase-1 ingestion; no biological decision applied
ACGK	acglu_c + atp_c --> acg5p_c + adp_c		EHJ93804_1	EHJ93804_1	2.7.2.8			YES	COMPLETE_HIGH		AUDIT_NOT_RUN_PHASE1	N/A		HIGH	NO	AUTO_KEEP	Phase-1 ingestion; no biological decision applied
ACGLUtd	acglu_c <=> acglu_e										AUDIT_NOT_RUN_PHASE1	REVIEW		LOW	NO	REVIEW	Phase-1 ingestion; no biological decision applied
ACGS	accoa_c + glu__L_c --> acglu_c + coa_c + h_c		EHJ91365_1 or EHJ93535_1 or EHJ93536_1	[UNRESOLVED:Csal_0713]	2.3.1.1;2.3.1.35			NO	NO_MAPPING		AUDIT_NOT_RUN_PHASE1	N/A		MEDIUM	NO	KEEP_FLAGGED	Phase-1 ingestion; no biological decision applied
ACHBS	2obut_c + h_c + pyr_c --> 2ahbut_c + co2_c		EHJ94842_1 or (EHJ93034_1 and EHJ93035_1)	EHJ93035_1 and EHJ93034_1 and [UNRESOLVED:HB_MODEL_ID:EHJ94518_1]	2.2.1.6			NO	COMPLETE_REVIEW		AUDIT_NOT_RUN_PHASE1	N/A		MEDIUM	NO	KEEP_FLAGGED	Phase-1 ingestion; no biological decision applied
ACHBS2	2hetdp_c + 2obut_c --> 2ahbut_c + h_c + thmpp_c										AUDIT_NOT_RUN_PHASE1	N/A		LOW	NO	REVIEW	Phase-1 ingestion; no biological decision applied
ACKr	ac_c + atp_c <=> actp_c + adp_c		EHJ91549_1 or EHJ93308_1	[UNRESOLVED:FF32_10640] or [UNRESOLVED:FF32_16255]	2.7.2.1;2.7.2.15			NO	NO_MAPPING		AUDIT_NOT_RUN_PHASE1	N/A		MEDIUM	NO	KEEP_FLAGGED	Phase-1 ingestion; no biological decision applied
ACLS	h_c + 2.0 pyr_c --> alac__S_c + co2_c		EHJ94842_1 or (EHJ93034_1 and EHJ93035_1)	EHJ93035_1 and EHJ93034_1 and [UNRESOLVED:HB_MODEL_ID:EHJ94518_1]	2.2.1.6			NO	COMPLETE_REVIEW		AUDIT_NOT_RUN_PHASE1	N/A		MEDIUM	NO	KEEP_FLAGGED	Phase-1 ingestion; no biological decision applied
ACLS_b	alac__S_c + thmpp_c <=> hethmpp_c + pyr_c										AUDIT_NOT_RUN_PHASE1	N/A		LOW	NO	REVIEW	Phase-1 ingestion; no biological decision applied
ACLS_d	hethmpp_c + lpam_c <=> adhlam_c + thmpp_c										AUDIT_NOT_RUN_PHASE1	N/A		LOW	NO	REVIEW	Phase-1 ingestion; no biological decision applied
ACLSa_1	2.0 h_c + pyr_c + thmpp_c --> 2hetdp_c + co2_c										AUDIT_NOT_RUN_PHASE1	N/A		LOW	NO	REVIEW	Phase-1 ingestion; no biological decision applied
ACLSb	2ahethmpp_c + pyr_c --> alac__S_c + thmpp_c		EHJ93034_1 or EHJ93035_1		2.2.1.6						AUDIT_NOT_RUN_PHASE1	N/A		MEDIUM	NO	KEEP_FLAGGED	Phase-1 ingestion; no biological decision applied
ACLSb_1	2hetdp_c + pyr_c --> alac__S_c + h_c + thmpp_c										AUDIT_NOT_RUN_PHASE1	N/A		LOW	NO	REVIEW	Phase-1 ingestion; no biological decision applied
ACM6PH	acmum6p_c + h2o_c --> acgam6p_c + lac__D_c				4.2.1.126						AUDIT_NOT_RUN_PHASE1	N/A		LOW	NO	REVIEW	Phase-1 ingestion; no biological decision applied
ACMANAtex	acmana_e <=> acmana_p										AUDIT_NOT_RUN_PHASE1	REVIEW		LOW	NO	REVIEW	Phase-1 ingestion; no biological decision applied
ACMUMtex	acmum_e --> acmum_p										AUDIT_NOT_RUN_PHASE1	REVIEW		LOW	NO	REVIEW	Phase-1 ingestion; no biological decision applied
ACOAD10f	fad_c + 2.0 h_c + hptcoa_c <=> fadh2_c + hp2coa_c		EHJ91541_1		1.3.8.7;1.3.8.8						AUDIT_NOT_RUN_PHASE1	N/A		MEDIUM	NO	KEEP_FLAGGED	Phase-1 ingestion; no biological decision applied
ACOAD11f	fad_c + nonacoa_c <=> fadh2_c + 2.0 h_c + nona2coa_c		EHJ91541_1		1.3.8.7;1.3.8.8						AUDIT_NOT_RUN_PHASE1	N/A		MEDIUM	NO	KEEP_FLAGGED	Phase-1 ingestion; no biological decision applied
ACOAD12f	fad_c + 2.0 h_c + pdcacoa_c <=> fadh2_c + pdca2coa_c		EHJ91541_1 or EHJ92230_1		1.3.8.7;1.3.8.8;1.3.99.41						AUDIT_NOT_RUN_PHASE1	N/A		MEDIUM	NO	KEEP_FLAGGED	Phase-1 ingestion; no biological decision applied
ACOAD13f	fad_c + 2.0 h_c + pnonacoa_c <=> fadh2_c + pnona2coa_c		EHJ91541_1 or EHJ92230_1		1.3.8.7;1.3.8.8;1.3.99.41						AUDIT_NOT_RUN_PHASE1	N/A		MEDIUM	NO	KEEP_FLAGGED	Phase-1 ingestion; no biological decision applied
ACOAD14f	fad_c + 2.0 h_c + poctacoa_c <=> fadh2_c + pocta2coa_c		EHJ91541_1 or EHJ92230_1		1.3.8.7;1.3.8.8;1.3.99.41						AUDIT_NOT_RUN_PHASE1	N/A		MEDIUM	NO	KEEP_FLAGGED	Phase-1 ingestion; no biological decision applied
ACOAD15f	fad_c + 2.0 h_c + phpcoa_c <=> fadh2_c + php2coa_c		EHJ91541_1 or EHJ92230_1		1.3.8.7;1.3.8.8;1.3.99.41						AUDIT_NOT_RUN_PHASE1	N/A		MEDIUM	NO	KEEP_FLAGGED	Phase-1 ingestion; no biological decision applied
ACOAD16f	fad_c + 2.0 h_c + phxacoa_c <=> fadh2_c + phxa2coa_c		EHJ91541_1 or EHJ92230_1		1.3.8.7;1.3.8.8;1.3.99.41						AUDIT_NOT_RUN_PHASE1	N/A		MEDIUM	NO	KEEP_FLAGGED	Phase-1 ingestion; no biological decision applied
ACOAD17f	fad_c + 2.0 h_c + pptcoa_c <=> fadh2_c + ppt2coa_c		EHJ91541_1 or EHJ92230_1		1.3.8.7;1.3.8.8;1.3.99.41						AUDIT_NOT_RUN_PHASE1	N/A		MEDIUM	NO	KEEP_FLAGGED	Phase-1 ingestion; no biological decision applied
ACOAD18f	fad_c + 2.0 h_c + pbcoa_c <=> fadh2_c + pb2coa_c		EHJ91541_1 or EHJ92230_1		1.3.8.7;1.3.8.8;1.3.99.41						AUDIT_NOT_RUN_PHASE1	N/A		MEDIUM	NO	KEEP_FLAGGED	Phase-1 ingestion; no biological decision applied
ACOAD19f	fad_c + 2.0 h_c + phppcoa_c <=> cinmcoa_c + fadh2_c		EHJ91541_1 or EHJ92230_1		1.3.8.7;1.3.8.8;1.3.99.41						AUDIT_NOT_RUN_PHASE1	N/A		MEDIUM	NO	KEEP_FLAGGED	Phase-1 ingestion; no biological decision applied
ACOAD1f	btcoa_c + fad_c <=> b2coa_c + fadh2_c		EHJ91541_1	EHJ91541_1 or EHJ92230_1	1.3.3.6;1.3.8.1;1.3.8.7;1.3.99.-;1.3.99.3;1.3.8.8			YES	COMPLETE_HIGH		AUDIT_NOT_RUN_PHASE1	N/A		HIGH	NO	AUTO_KEEP	Phase-1 ingestion; no biological decision applied
ACOAD2	h_c + hx2coa_c + nadh_c --> hxcoa_c + nad_c		EHJ91541_1		1.3.1.44;1.3.8.7;1.3.8.8						AUDIT_NOT_RUN_PHASE1	N/A		MEDIUM	NO	KEEP_FLAGGED	Phase-1 ingestion; no biological decision applied
ACOAD20f	6athcoa_c + fad_c + 2.0 h_c <=> 6ath2coa_c + fadh2_c		EHJ91541_1		1.3.8.7;1.3.8.8						AUDIT_NOT_RUN_PHASE1	N/A		MEDIUM	NO	KEEP_FLAGGED	Phase-1 ingestion; no biological decision applied
ACOAD21f	4atbcoa_c + fad_c + 2.0 h_c <=> 4atb2coa_c + fadh2_c		EHJ91541_1		1.3.8.7;1.3.8.8						AUDIT_NOT_RUN_PHASE1	N/A		MEDIUM	NO	KEEP_FLAGGED	Phase-1 ingestion; no biological decision applied
ACOAD22f	fad_c + vacccoa_c <=> fadh2_c + vacc2coa_c		EHJ91541_1		1.3.8.7;1.3.8.8						AUDIT_NOT_RUN_PHASE1	N/A		MEDIUM	NO	KEEP_FLAGGED	Phase-1 ingestion; no biological decision applied
ACOAD23f	fad_c + hdcoa_c <=> fadh2_c + hd2coa_c		EHJ91541_1		1.3.8.7;1.3.8.8						AUDIT_NOT_RUN_PHASE1	N/A		MEDIUM	NO	KEEP_FLAGGED	Phase-1 ingestion; no biological decision applied
ACOAD24f	fad_c + tdecoa_c <=> fadh2_c + tde2coa_c		EHJ91541_1		1.3.8.7;1.3.8.8						AUDIT_NOT_RUN_PHASE1	N/A		MEDIUM	NO	KEEP_FLAGGED	Phase-1 ingestion; no biological decision applied
ACOAD25f	ddecoa_c + fad_c + h_c <=> dde2coa_c + fadh2_c		EHJ91541_1		1.3.8.7;1.3.8.8						AUDIT_NOT_RUN_PHASE1	N/A		MEDIUM	NO	KEEP_FLAGGED	Phase-1 ingestion; no biological decision applied
ACOAD26f	fad_c + odecoa_c <=> fadh2_c + ode2coa_c		EHJ91541_1		1.3.8.7;1.3.8.8						AUDIT_NOT_RUN_PHASE1	N/A		MEDIUM	NO	KEEP_FLAGGED	Phase-1 ingestion; no biological decision applied
ACOAD27f	fad_c + hdd7coa_c <=> fadh2_c + hdd7_2_coa_c		EHJ91541_1		1.3.8.7;1.3.8.8						AUDIT_NOT_RUN_PHASE1	N/A		MEDIUM	NO	KEEP_FLAGGED	Phase-1 ingestion; no biological decision applied
ACOAD28f	fad_c + tded5coa_c <=> fadh2_c + tded5_2_coa_c		EHJ91541_1		1.3.8.7;1.3.8.8						AUDIT_NOT_RUN_PHASE1	N/A		MEDIUM	NO	KEEP_FLAGGED	Phase-1 ingestion; no biological decision applied
ACOAD29f	fad_c + 2.0 h_c + ptslacoa_c <=> fadh2_c + ptsla2coa_c		EHJ91541_1		1.3.8.7;1.3.8.8						AUDIT_NOT_RUN_PHASE1	N/A		MEDIUM	NO	KEEP_FLAGGED	Phase-1 ingestion; no biological decision applied
ACOAD2f	fad_c + hxcoa_c <=> fadh2_c + hx2coa_c		EHJ91541_1 or EHJ93249_1	EHJ91541_1 or EHJ92230_1	1.3.99.3;1.3.8.7;1.3.8.8;1.3.99.41			YES	COMPLETE_HIGH		AUDIT_NOT_RUN_PHASE1	N/A		HIGH	NO	AUTO_KEEP	Phase-1 ingestion; no biological decision applied
ACOAD3	nad_c + occoa_c --> h_c + nadh_c + oc2coa_c		EHJ91541_1		1.3.99.3;1.3.8.7;1.3.8.8						AUDIT_NOT_RUN_PHASE1	N/A		MEDIUM	NO	KEEP_FLAGGED	Phase-1 ingestion; no biological decision applied
ACOAD30f	fad_c + h_c + hdd4coa_c <=> fadh2_c + hdd4_2_coa_c		EHJ91541_1		1.3.8.7;1.3.8.8						AUDIT_NOT_RUN_PHASE1	N/A		MEDIUM	NO	KEEP_FLAGGED	Phase-1 ingestion; no biological decision applied
ACOAD31f	fad_c + lnlccoa_c <=> fadh2_c + 2.0 h_c + lnlc2coa_c		EHJ91541_1		1.3.8.7;1.3.8.8						AUDIT_NOT_RUN_PHASE1	N/A		MEDIUM	NO	KEEP_FLAGGED	Phase-1 ingestion; no biological decision applied
ACOAD32f	fad_c + hd_7_10_coa_c <=> fadh2_c + hd710_2_coa_c		EHJ91541_1		1.3.8.7;1.3.8.8						AUDIT_NOT_RUN_PHASE1	N/A		MEDIUM	NO	KEEP_FLAGGED	Phase-1 ingestion; no biological decision applied
ACOAD33f	fad_c + td_5_8_coa_c <=> fadh2_c + td58_2_coa_c		EHJ91541_1		1.3.8.7;1.3.8.8						AUDIT_NOT_RUN_PHASE1	N/A		MEDIUM	NO	KEEP_FLAGGED	Phase-1 ingestion; no biological decision applied
ACOAD34f	dec4coa_c + fad_c + 2.0 h_c <=> dec4_2_coa_c + fadh2_c		EHJ91541_1		1.3.8.7;1.3.8.8						AUDIT_NOT_RUN_PHASE1	N/A		MEDIUM	NO	KEEP_FLAGGED	Phase-1 ingestion; no biological decision applied
ACOAD3f	fad_c + occoa_c <=> fadh2_c + oc2coa_c		EHJ91541_1 or EHJ93249_1	EHJ91541_1 or EHJ92230_1	1.3.3.6;1.3.8.7;1.3.8.8;1.3.99.-;1.3.99.3;1.3.99.41			YES	COMPLETE_HIGH		AUDIT_NOT_RUN_PHASE1	N/A		HIGH	NO	AUTO_KEEP	Phase-1 ingestion; no biological decision applied
ACOAD4	dcacoa_c + nad_c --> dc2coa_c + h_c + nadh_c		EHJ91541_1		1.3.99.3;1.3.8.7;1.3.8.8						AUDIT_NOT_RUN_PHASE1	N/A		MEDIUM	NO	KEEP_FLAGGED	Phase-1 ingestion; no biological decision applied
ACOAD4f	dcacoa_c + fad_c <=> dc2coa_c + fadh2_c		EHJ91541_1 or EHJ93249_1	EHJ91541_1 or EHJ92230_1	1.3.99.3;1.3.8.7;1.3.8.8;1.3.99.41			YES	COMPLETE_HIGH		AUDIT_NOT_RUN_PHASE1	N/A		HIGH	NO	AUTO_KEEP	Phase-1 ingestion; no biological decision applied
ACOAD5	ddcacoa_c + nad_c --> dd2coa_c + h_c + nadh_c		EHJ91541_1		1.3.8.7;1.3.8.8						AUDIT_NOT_RUN_PHASE1	N/A		MEDIUM	NO	KEEP_FLAGGED	Phase-1 ingestion; no biological decision applied
ACOAD5f	ddcacoa_c + fad_c <=> dd2coa_c + fadh2_c		EHJ91541_1 or EHJ93249_1	EHJ91541_1 or EHJ92230_1	1.3.3.6;1.3.8.7;1.3.8.8;1.3.99.-;1.3.99.3;1.3.99.41			YES	COMPLETE_HIGH		AUDIT_NOT_RUN_PHASE1	N/A		HIGH	NO	AUTO_KEEP	Phase-1 ingestion; no biological decision applied
ACOAD6	nad_c + tdcoa_c --> h_c + nadh_c + td2coa_c		EHJ91541_1		1.3.99.3;1.3.8.7;1.3.8.8						AUDIT_NOT_RUN_PHASE1	N/A		MEDIUM	NO	KEEP_FLAGGED	Phase-1 ingestion; no biological decision applied
ACOAD6f	fad_c + tdcoa_c <=> fadh2_c + td2coa_c		EHJ91541_1 or EHJ93249_1	EHJ91541_1 or EHJ92230_1	1.3.3.6;1.3.8.7;1.3.8.8;1.3.8.9;1.3.99.-;1.3.99.3;1.3.99.41			YES	COMPLETE_HIGH		AUDIT_NOT_RUN_PHASE1	N/A		HIGH	NO	AUTO_KEEP	Phase-1 ingestion; no biological decision applied
ACOAD7	nad_c + pmtcoa_c --> h_c + hdd2coa_c + nadh_c		EHJ91541_1		1.3.8.7;1.3.8.8						AUDIT_NOT_RUN_PHASE1	N/A		MEDIUM	NO	KEEP_FLAGGED	Phase-1 ingestion; no biological decision applied
ACOAD7f	fad_c + pmtcoa_c <=> fadh2_c + hdd2coa_c		EHJ91541_1 or EHJ92230_1	EHJ91541_1 or EHJ92230_1	1.3.3.6;1.3.8.7;1.3.8.8;1.3.8.9;1.3.99.-;1.3.99.3;1.3.99.41			YES	COMPLETE_HIGH		AUDIT_NOT_RUN_PHASE1	N/A		HIGH	NO	AUTO_KEEP	Phase-1 ingestion; no biological decision applied
ACOAD8f	fad_c + stcoa_c <=> fadh2_c + od2coa_c		EHJ91541_1 or EHJ92230_1	EHJ91541_1 or EHJ92230_1	1.3.8.7;1.3.8.8;1.3.99.41			YES	COMPLETE_HIGH		AUDIT_NOT_RUN_PHASE1	N/A		HIGH	NO	AUTO_KEEP	Phase-1 ingestion; no biological decision applied
ACOADH1	2mbcoa_c + fad_c <-- 2mb2coa_c + fadh2_c				1.3.99.3						AUDIT_NOT_RUN_PHASE1	N/A		LOW	NO	REVIEW	Phase-1 ingestion; no biological decision applied
ACODA	acorn_c + h2o_c --> ac_c + orn_c		EHJ93967_1 or EHJ94542_1	[UNRESOLVED:HB_MODEL_ID:EHJ94542_1] or EHJ93975_1	3.5.1.14;3.5.1.16			NO	COMPLETE_REVIEW		AUDIT_NOT_RUN_PHASE1	N/A		MEDIUM	NO	KEEP_FLAGGED	Phase-1 ingestion; no biological decision applied
ACONCt4pp	acon_C_p + na1_p --> acon_C_c + na1_c		EHJ94406_1 and EHJ94475_1 and EHJ94476_1								AUDIT_NOT_RUN_PHASE1	REVIEW		MEDIUM	NO	KEEP_FLAGGED	Phase-1 ingestion; no biological decision applied
ACONCtex	acon_C_e <=> acon_C_p										AUDIT_NOT_RUN_PHASE1	REVIEW		LOW	NO	REVIEW	Phase-1 ingestion; no biological decision applied
ACONCtupp	acon_C_p --> acon_C_c		EHJ94474_1 and EHJ94476_1								AUDIT_NOT_RUN_PHASE1	REVIEW		MEDIUM	NO	KEEP_FLAGGED	Phase-1 ingestion; no biological decision applied
ACONT	cit_c <=> icit_c		EHJ91904_1 or EHJ92320_1 or EHJ93047_1		4.2.1.3;4.2.1.99						AUDIT_NOT_RUN_PHASE1	N/A		MEDIUM	NO	KEEP_FLAGGED	Phase-1 ingestion; no biological decision applied
ACONTa	cit_c <=> acon_C_c + h2o_c		EHJ91904_1 or EHJ93047_1		4.2.1.3;4.2.1.99						AUDIT_NOT_RUN_PHASE1	N/A		MEDIUM	NO	KEEP_FLAGGED	Phase-1 ingestion; no biological decision applied
ACONTb	acon_C_c + h2o_c <=> icit_c		EHJ91904_1 or EHJ93047_1		4.2.1.3;4.2.1.99						AUDIT_NOT_RUN_PHASE1	N/A		MEDIUM	NO	KEEP_FLAGGED	Phase-1 ingestion; no biological decision applied
ACOTA	acorn_c + akg_c <=> acg5sa_c + glu__L_c		EHJ92626_1 or EHJ94669_1 or EHJ94712_1	EHJ92626_1	2.6.1.11			YES	COMPLETE_HIGH		AUDIT_NOT_RUN_PHASE1	N/A		HIGH	NO	AUTO_KEEP	Phase-1 ingestion; no biological decision applied
ACOXT	accoa_c + oxa_c --> ac_c + oxalcoa_c				2.8.3.19						AUDIT_NOT_RUN_PHASE1	N/A		LOW	NO	REVIEW	Phase-1 ingestion; no biological decision applied
ACP1_FMN	fmn_c + h2o_c --> pi_c + ribflv_c		EHJ91378_1 or EHJ94377_1		3.1.3.102;3.1.3.2;3.1.3.48						AUDIT_NOT_RUN_PHASE1	N/A		MEDIUM	NO	KEEP_FLAGGED	Phase-1 ingestion; no biological decision applied
ACPPAT120	ddcaACP_c + h_c + pi_c --> ACP_c + ddcap_c		EHJ91387_1	EHJ91400_1	2.3.1.274			YES	COMPLETE_HIGH		AUDIT_NOT_RUN_PHASE1	N/A		HIGH	NO	AUTO_KEEP	Phase-1 ingestion; no biological decision applied
ACPPAT141	h_c + pi_c + tdeACP_c --> ACP_c + ttdceap_c		EHJ91387_1	EHJ91400_1	2.3.1.274			YES	COMPLETE_HIGH		AUDIT_NOT_RUN_PHASE1	N/A		HIGH	NO	AUTO_KEEP	Phase-1 ingestion; no biological decision applied
ACPPAT161	h_c + hdeACP_c + pi_c --> ACP_c + hdceap_c		EHJ91387_1	EHJ91400_1	2.3.1.274			YES	COMPLETE_HIGH		AUDIT_NOT_RUN_PHASE1	N/A		HIGH	NO	AUTO_KEEP	Phase-1 ingestion; no biological decision applied
ACS	ac_c + atp_c + coa_c --> accoa_c + amp_c + ppi_c		EHJ92232_1 or EHJ92906_1 or EHJ94566_1	EHJ92906_1	6.2.1.1			YES	COMPLETE_HIGH		AUDIT_NOT_RUN_PHASE1	N/A		HIGH	NO	AUTO_KEEP	Phase-1 ingestion; no biological decision applied
ACS2	atp_c + coa_c + ppa_c --> amp_c + ppcoa_c + ppi_c		EHJ91807_1	EHJ92906_1	6.2.1.17			YES	COMPLETE_HIGH		AUDIT_NOT_RUN_PHASE1	N/A		HIGH	NO	AUTO_KEEP	Phase-1 ingestion; no biological decision applied
ACSERHS	acser_c + trdrd_c + tsul_c --> ac_c + cys__L_c + h_c + so3_c + trdox_c		EHJ92483_1		2.5.1.47						AUDIT_NOT_RUN_PHASE1	N/A		MEDIUM	NO	KEEP_FLAGGED	Phase-1 ingestion; no biological decision applied
ACSERL	acser_c + seln_c --> ac_c + selcys_c		EHJ91437_1		2.5.1.47						AUDIT_NOT_RUN_PHASE1	N/A		MEDIUM	NO	KEEP_FLAGGED	Phase-1 ingestion; no biological decision applied
ACSERtex	acser_e <=> acser_p			[UNRESOLVED:Csal_2569]				NO	NO_MAPPING		AUDIT_NOT_RUN_PHASE1	REVIEW		LOW	NO	REVIEW	Phase-1 ingestion; no biological decision applied
ACSERtpp	acser_c --> acser_p		EHJ92108_1 or EHJ92858_1 or EHJ92984_1 or EHJ93469_1	EHJ92984_1				YES	COMPLETE_HIGH		AUDIT_NOT_RUN_PHASE1	REVIEW		HIGH	NO	AUTO_KEEP	Phase-1 ingestion; no biological decision applied
ACSPHAC121d6	R_3hdd6e_c + atp_c + coa_c --> R_3hdd6coa_c + amp_c + ppi_c		EHJ92219_1 or EHJ92294_1		6.2.1.3						AUDIT_NOT_RUN_PHASE1	N/A		MEDIUM	NO	KEEP_FLAGGED	Phase-1 ingestion; no biological decision applied
ACSPHAC141d5	R_3htd5e_c + atp_c + coa_c --> R_3htd5coa_c + amp_c + ppi_c		EHJ92219_1 or EHJ92294_1		6.2.1.3						AUDIT_NOT_RUN_PHASE1	N/A		MEDIUM	NO	KEEP_FLAGGED	Phase-1 ingestion; no biological decision applied
ACSPHACT40	R_3h4atba_c + atp_c + coa_c --> R_3h4atbcoa_c + amp_c + ppi_c		EHJ92294_1		6.2.1.3						AUDIT_NOT_RUN_PHASE1	N/A		MEDIUM	NO	KEEP_FLAGGED	Phase-1 ingestion; no biological decision applied
ACSPHACT60	R_3h6atha_c + atp_c + coa_c --> R_3h6athcoa_c + amp_c + ppi_c		EHJ92294_1		6.2.1.3						AUDIT_NOT_RUN_PHASE1	N/A		MEDIUM	NO	KEEP_FLAGGED	Phase-1 ingestion; no biological decision applied
ACTD	actn__R_c + nad_c --> diact_c + h_c + nadh_c		EHJ93212_1 or EHJ94103_1		1.1.1.303;1.1.99.21						AUDIT_NOT_RUN_PHASE1	N/A		MEDIUM	NO	KEEP_FLAGGED	Phase-1 ingestion; no biological decision applied
ACTD2	actn__R_c + coa_c + nad_c --> acald_c + accoa_c + h_c + nadh_c										AUDIT_NOT_RUN_PHASE1	N/A		LOW	NO	REVIEW	Phase-1 ingestion; no biological decision applied
ACTD_1	diact_c + h_c + nadh_c --> actn__R_c + nad_c		EHJ93844_1		1.1.1.36;1.1.1.303						AUDIT_NOT_RUN_PHASE1	N/A		MEDIUM	NO	KEEP_FLAGGED	Phase-1 ingestion; no biological decision applied
ACTDa	actn__R_c + nadp_c --> diact_c + h_c + nadph_c		EHJ93212_1		1.1.99.21						AUDIT_NOT_RUN_PHASE1	N/A		MEDIUM	NO	KEEP_FLAGGED	Phase-1 ingestion; no biological decision applied
ACt2rpp	ac_p + h_p <=> ac_c + h_c		EHJ92902_1								AUDIT_NOT_RUN_PHASE1	REVIEW		MEDIUM	NO	KEEP_FLAGGED	Phase-1 ingestion; no biological decision applied
ACt4pp	ac_p + na1_p --> ac_c + na1_c		EHJ92902_1	EHJ92902_1 and EHJ94617_1				NO	COMPLETE_REVIEW		AUDIT_NOT_RUN_PHASE1	REVIEW		MEDIUM	NO	KEEP_FLAGGED	Phase-1 ingestion; no biological decision applied
ACtex	ac_e <=> ac_p		EHJ91165_1 or EHJ91859_1 or EHJ94255_1	[UNRESOLVED:Csal_2569]				NO	NO_MAPPING		AUDIT_NOT_RUN_PHASE1	REVIEW		MEDIUM	NO	KEEP_FLAGGED	Phase-1 ingestion; no biological decision applied
ADA	adn_c + h2o_c + h_c --> ins_c + nh4_c		EHJ92937_1 or EHJ93037_1	[UNRESOLVED:Csal_1983]	3.5.4.4			NO	CONFLICT		AUDIT_NOT_RUN_PHASE1	N/A		MEDIUM	NO	KEEP_FLAGGED	Phase-1 ingestion; no biological decision applied
ADCL	4adcho_c --> 4abz_c + h_c + pyr_c		EHJ91392_1	EHJ91392_1	4.1.3.38			YES	COMPLETE_HIGH		AUDIT_NOT_RUN_PHASE1	N/A		HIGH	NO	AUTO_KEEP	Phase-1 ingestion; no biological decision applied
ADCPS1	adcobhex_c + appl_c + atp_c --> adocbi_c + adp_c + h_c + pi_c				6.3.1.10						AUDIT_NOT_RUN_PHASE1	N/A		LOW	NO	REVIEW	Phase-1 ingestion; no biological decision applied
ADCPS2	adcobhex_c + applp_c + atp_c --> adocbip_c + adp_c + h_c + pi_c				6.3.1.10						AUDIT_NOT_RUN_PHASE1	N/A		LOW	NO	REVIEW	Phase-1 ingestion; no biological decision applied
ADCS	chor_c + gln__L_c --> 4adcho_c + glu__L_c		EHJ91445_1 or EHJ92325_1 or (EHJ92325_1 and EHJ92335_1)	[UNRESOLVED:Csal_2692] or EHJ92325_1	2.6.1.85;4.1.3.27			NO	PARTIAL		AUDIT_NOT_RUN_PHASE1	N/A		MEDIUM	NO	KEEP_FLAGGED	Phase-1 ingestion; no biological decision applied
ADD	ade_c + h2o_c + h_c --> hxan_c + nh4_c		EHJ91880_1		3.5.4.2						AUDIT_NOT_RUN_PHASE1	N/A		MEDIUM	NO	KEEP_FLAGGED	Phase-1 ingestion; no biological decision applied
ADEt2rpp	ade_p + h_p <=> ade_c + h_c		EHJ91926_1								AUDIT_NOT_RUN_PHASE1	REVIEW		MEDIUM	NO	KEEP_FLAGGED	Phase-1 ingestion; no biological decision applied
ADEtex	ade_e <=> ade_p			[UNRESOLVED:Csal_2569]				NO	NO_MAPPING		AUDIT_NOT_RUN_PHASE1	REVIEW		LOW	NO	REVIEW	Phase-1 ingestion; no biological decision applied
ADK1	amp_c + atp_c <=> 2.0 adp_c		EHJ91513_1 or EHJ92912_1	EHJ92912_1	2.7.4.3			YES	COMPLETE_HIGH		AUDIT_NOT_RUN_PHASE1	N/A		HIGH	NO	AUTO_KEEP	Phase-1 ingestion; no biological decision applied
ADK3	amp_c + gtp_c <=> adp_c + gdp_c		EHJ92912_1	EHJ92912_1	2.7.4.10;2.7.4.4;2.7.4.3			YES	COMPLETE_HIGH		AUDIT_NOT_RUN_PHASE1	N/A		HIGH	NO	AUTO_KEEP	Phase-1 ingestion; no biological decision applied
ADK4	amp_c + itp_c <=> adp_c + idp_c		EHJ92912_1	EHJ92912_1	2.7.4.3			YES	COMPLETE_HIGH		AUDIT_NOT_RUN_PHASE1	N/A		HIGH	NO	AUTO_KEEP	Phase-1 ingestion; no biological decision applied
ADKd	damp_c + datp_c <=> 2.0 dadp_c				2.7.4.3						AUDIT_NOT_RUN_PHASE1	N/A		LOW	NO	REVIEW	Phase-1 ingestion; no biological decision applied
ADMDC	amet_c + h_c --> ametam_c + co2_c		EHJ92749_1	EHJ92749_1	4.1.1.50			NO	COMPLETE_REVIEW		AUDIT_NOT_RUN_PHASE1	N/A		MEDIUM	NO	KEEP_FLAGGED	Phase-1 ingestion; no biological decision applied
ADNCYC	atp_c --> camp_c + ppi_c		EHJ92905_1 or EHJ93712_1		4.6.1.1						AUDIT_NOT_RUN_PHASE1	N/A		MEDIUM	NO	KEEP_FLAGGED	Phase-1 ingestion; no biological decision applied
ADNK1	adn_c + atp_c --> adp_c + amp_c + h_c		EHJ92912_1	EHJ92912_1	2.7.1.20;2.7.1.74;2.7.4.3			YES	COMPLETE_HIGH		AUDIT_NOT_RUN_PHASE1	N/A		HIGH	NO	AUTO_KEEP	Phase-1 ingestion; no biological decision applied
ADNt2	adn_e + h_e --> adn_c + h_c		EHJ93318_1								AUDIT_NOT_RUN_PHASE1	REVIEW		MEDIUM	NO	KEEP_FLAGGED	Phase-1 ingestion; no biological decision applied
ADNtex	adn_e <=> adn_p										AUDIT_NOT_RUN_PHASE1	REVIEW		LOW	NO	REVIEW	Phase-1 ingestion; no biological decision applied
ADOCBIAH	adocbi_c + h2o_c --> adcobhex_c + appl_c				3.5.1.90						AUDIT_NOT_RUN_PHASE1	N/A		LOW	NO	REVIEW	Phase-1 ingestion; no biological decision applied
ADOCBIK	adocbi_c + atp_c --> adocbip_c + adp_c + h_c		EHJ92113_1 or EHJ92116_1		2.7.1.156;2.7.7.62						AUDIT_NOT_RUN_PHASE1	N/A		MEDIUM	NO	KEEP_FLAGGED	Phase-1 ingestion; no biological decision applied
ADPRDP	adprib_c + h2o_c --> amp_c + 2.0 h_c + r5p_c		EHJ91129_1 or EHJ91222_1 or EHJ94735_1	EHJ91222_1	3.6.1.13			YES	COMPLETE_HIGH		AUDIT_NOT_RUN_PHASE1	N/A		HIGH	NO	AUTO_KEEP	Phase-1 ingestion; no biological decision applied
ADPT	ade_c + prpp_c --> amp_c + ppi_c		EHJ91925_1	EHJ91925_1	2.4.2.7;2.4.2.8			YES	COMPLETE_HIGH		AUDIT_NOT_RUN_PHASE1	N/A		HIGH	NO	AUTO_KEEP	Phase-1 ingestion; no biological decision applied
ADSELK	adsel_c + atp_c --> 3padsel_c + adp_c + h_c		EHJ91225_1 and EHJ91226_1		2.7.1.25;2.7.7.4						AUDIT_NOT_RUN_PHASE1	N/A		MEDIUM	NO	KEEP_FLAGGED	Phase-1 ingestion; no biological decision applied
ADSELR	3padsel_c + trdrd_c --> 2.0 h_c + pap_c + slnt_c + trdox_c		EHJ91114_1 or EHJ92327_1 or EHJ93847_1								AUDIT_NOT_RUN_PHASE1	N/A		MEDIUM	NO	KEEP_FLAGGED	Phase-1 ingestion; no biological decision applied
ADSK	aps_c + atp_c --> adp_c + h_c + paps_c		EHJ91226_1 or (EHJ91225_1 and EHJ91226_1)	[UNRESOLVED:Csal_1687]	2.7.1.25;2.7.7.4			NO	NO_MAPPING		AUDIT_NOT_RUN_PHASE1	N/A		MEDIUM	NO	KEEP_FLAGGED	Phase-1 ingestion; no biological decision applied
ADSL1r	dcamp_c <=> amp_c + fum_c		EHJ93140_1	EHJ93140_1	4.3.2.2			YES	COMPLETE_HIGH		AUDIT_NOT_RUN_PHASE1	N/A		HIGH	NO	AUTO_KEEP	Phase-1 ingestion; no biological decision applied
ADSL2r	25aics_c <=> aicar_c + fum_c		EHJ93140_1	EHJ93140_1	4.3.2.2			YES	COMPLETE_HIGH		AUDIT_NOT_RUN_PHASE1	N/A		HIGH	NO	AUTO_KEEP	Phase-1 ingestion; no biological decision applied
ADSS	asp__L_c + gtp_c + imp_c --> dcamp_c + gdp_c + 2.0 h_c + pi_c		EHJ91283_1	EHJ91283_1	6.3.4.4			YES	COMPLETE_HIGH		AUDIT_NOT_RUN_PHASE1	N/A		HIGH	NO	AUTO_KEEP	Phase-1 ingestion; no biological decision applied
AEPTA	2ameph_c + pyr_c <=> ala__L_c + h_c + pald_c		EHJ94631_1		2.6.1.37						AUDIT_NOT_RUN_PHASE1	N/A		MEDIUM	NO	KEEP_FLAGGED	Phase-1 ingestion; no biological decision applied
AEPtex	2ameph_e <=> 2ameph_p										AUDIT_NOT_RUN_PHASE1	REVIEW		LOW	NO	REVIEW	Phase-1 ingestion; no biological decision applied
AGDC	acgam6p_c + h2o_c --> ac_c + gam6p_c		EHJ91652_1		3.5.1.25;3.4.19.-						AUDIT_NOT_RUN_PHASE1	N/A		MEDIUM	NO	KEEP_FLAGGED	Phase-1 ingestion; no biological decision applied
AGM3PA	anhgm3p_c + h2o_c --> LalaDgluMdap_c + anhgm_c		EHJ92915_1	EHJ92915_1				YES	COMPLETE_HIGH		AUDIT_NOT_RUN_PHASE1	N/A		HIGH	NO	AUTO_KEEP	Phase-1 ingestion; no biological decision applied
AGM3PApp	anhgm3p_p + h2o_p --> LalaDgluMdap_p + anhgm_p		EHJ91274_1	EHJ91274_1	3.5.1.28			YES	COMPLETE_HIGH		AUDIT_NOT_RUN_PHASE1	N/A		HIGH	NO	AUTO_KEEP	Phase-1 ingestion; no biological decision applied
AGM3PH	anhgm3p_c + h2o_c --> acgam_c + anhm3p_c		EHJ91911_1	EHJ91911_1	3.2.1.52			YES	COMPLETE_HIGH		AUDIT_NOT_RUN_PHASE1	N/A		HIGH	NO	AUTO_KEEP	Phase-1 ingestion; no biological decision applied
AGM3Pt2pp	anhgm3p_p + h_p --> anhgm3p_c + h_c		EHJ91517_1	EHJ91517_1				YES	COMPLETE_HIGH		AUDIT_NOT_RUN_PHASE1	REVIEW		HIGH	NO	AUTO_KEEP	Phase-1 ingestion; no biological decision applied
AGM4PA	anhgm4p_c + h2o_c --> LalaDgluMdapDala_c + anhgm_c		EHJ92915_1	EHJ92915_1				YES	COMPLETE_HIGH		AUDIT_NOT_RUN_PHASE1	N/A		HIGH	NO	AUTO_KEEP	Phase-1 ingestion; no biological decision applied
AGM4PApp	anhgm4p_p + h2o_p --> LalaDgluMdapDala_p + anhgm_p		EHJ91274_1	EHJ91274_1	3.5.1.28			YES	COMPLETE_HIGH		AUDIT_NOT_RUN_PHASE1	N/A		HIGH	NO	AUTO_KEEP	Phase-1 ingestion; no biological decision applied
AGM4PCPpp	anhgm4p_p + h2o_p --> ala__D_p + anhgm3p_p										AUDIT_NOT_RUN_PHASE1	N/A		LOW	NO	REVIEW	Phase-1 ingestion; no biological decision applied
AGM4PH	anhgm4p_c + h2o_c --> acgam_c + anhm4p_c		EHJ91911_1	EHJ91911_1	3.2.1.52			YES	COMPLETE_HIGH		AUDIT_NOT_RUN_PHASE1	N/A		HIGH	NO	AUTO_KEEP	Phase-1 ingestion; no biological decision applied
AGM4Pt2pp	anhgm4p_p + h_p --> anhgm4p_c + h_c		EHJ91517_1	EHJ91517_1				YES	COMPLETE_HIGH		AUDIT_NOT_RUN_PHASE1	REVIEW		HIGH	NO	AUTO_KEEP	Phase-1 ingestion; no biological decision applied
AGMDA	agm_c + h2o_c --> Ncbmpts_c + nh4_c				3.5.3.12						AUDIT_NOT_RUN_PHASE1	N/A		LOW	NO	REVIEW	Phase-1 ingestion; no biological decision applied
AGMH	anhgm_c + h2o_c --> acgam_c + anhm_c		EHJ91911_1	EHJ91911_1	3.2.1.52			YES	COMPLETE_HIGH		AUDIT_NOT_RUN_PHASE1	N/A		HIGH	NO	AUTO_KEEP	Phase-1 ingestion; no biological decision applied
AGMt2pp	anhgm_p + h_p --> anhgm_c + h_c		EHJ91517_1	EHJ91517_1				YES	COMPLETE_HIGH		AUDIT_NOT_RUN_PHASE1	REVIEW		HIGH	NO	AUTO_KEEP	Phase-1 ingestion; no biological decision applied
AGMtex	agm_e <=> agm_p										AUDIT_NOT_RUN_PHASE1	REVIEW		LOW	NO	REVIEW	Phase-1 ingestion; no biological decision applied
AGPAT120	1ddecg3p_c + ddcaACP_c --> ACP_c + pa120_c		EHJ94111_1	EHJ94111_1	2.3.1.51			YES	COMPLETE_HIGH		AUDIT_NOT_RUN_PHASE1	N/A		HIGH	NO	AUTO_KEEP	Phase-1 ingestion; no biological decision applied
AGPAT141	1tdec7eg3p_c + tdeACP_c --> ACP_c + pa141_c		EHJ94111_1	EHJ94111_1	2.3.1.51			YES	COMPLETE_HIGH		AUDIT_NOT_RUN_PHASE1	N/A		HIGH	NO	AUTO_KEEP	Phase-1 ingestion; no biological decision applied
AGPAT161	1hdec9eg3p_c + hdeACP_c --> ACP_c + pa161_c		EHJ94111_1	EHJ94111_1	2.3.1.51			YES	COMPLETE_HIGH		AUDIT_NOT_RUN_PHASE1	N/A		HIGH	NO	AUTO_KEEP	Phase-1 ingestion; no biological decision applied
AGPOP	dgdp_c + h_c + pep_c --> dgtp_c + pyr_c		EHJ92146_1		2.7.1.40						AUDIT_NOT_RUN_PHASE1	N/A		MEDIUM	NO	KEEP_FLAGGED	Phase-1 ingestion; no biological decision applied
AGPR	acg5sa_c + nadp_c + pi_c <=> acg5p_c + h_c + nadph_c		EHJ94269_1	[UNRESOLVED:Csal_2714]	1.2.1.38			NO	NO_MAPPING		AUDIT_NOT_RUN_PHASE1	N/A		MEDIUM	NO	KEEP_FLAGGED	Phase-1 ingestion; no biological decision applied
AHCYSNS	ahcys_c + h2o_c --> ade_c + rhcys_c		EHJ91707_1	EHJ91707_1	3.2.2.9			YES	COMPLETE_HIGH		AUDIT_NOT_RUN_PHASE1	N/A		HIGH	NO	AUTO_KEEP	Phase-1 ingestion; no biological decision applied
AHMMPS_1	air_c + h2o_c --> 4ahmmp_c + gcald_c + 0.5 o2_c + pi_c		EHJ94297_1		2.7.1.180						AUDIT_NOT_RUN_PHASE1	N/A		MEDIUM	NO	KEEP_FLAGGED	Phase-1 ingestion; no biological decision applied
AHSERL2	achms_c + h2s_c --> ac_c + h_c + hcys__L_c		EHJ91951_1 or EHJ94589_1	EHJ93185_1	2.5.1.49;2.5.1.-			YES	COMPLETE_HIGH		AUDIT_NOT_RUN_PHASE1	N/A		HIGH	NO	AUTO_KEEP	Phase-1 ingestion; no biological decision applied
AHSERL4	acser_c + trdrd_c + tsul_c --> ac_c + cys__L_c + h_c + so3_c + trdox_c		EHJ91437_1 or EHJ92483_1		2.5.1.47;2.5.1.49;4.2.99.8						AUDIT_NOT_RUN_PHASE1	N/A		MEDIUM	NO	KEEP_FLAGGED	Phase-1 ingestion; no biological decision applied
AI2tex	mththf_e <=> mththf_p										AUDIT_NOT_RUN_PHASE1	REVIEW		LOW	NO	REVIEW	Phase-1 ingestion; no biological decision applied
AI2tpp	mththf_c --> mththf_p		EHJ92328_1								AUDIT_NOT_RUN_PHASE1	REVIEW		MEDIUM	NO	KEEP_FLAGGED	Phase-1 ingestion; no biological decision applied
AICART	10fthf_c + aicar_c <=> fprica_c + thf_c		EHJ91597_1	EHJ91597_1	2.1.2.3;3.5.4.10			YES	COMPLETE_HIGH		AUDIT_NOT_RUN_PHASE1	N/A		HIGH	NO	AUTO_KEEP	Phase-1 ingestion; no biological decision applied
AIRC1	air_c + atp_c + co2_c + h2o_c --> 5aizc_c + adp_c + 2.0 h_c + pi_c		EHJ92468_1 or (EHJ92467_1 and EHJ92468_1)		5.4.99.18;6.3.4.18						AUDIT_NOT_RUN_PHASE1	N/A		MEDIUM	NO	KEEP_FLAGGED	Phase-1 ingestion; no biological decision applied
AIRC2	air_c + atp_c + hco3_c --> 5caiz_c + adp_c + h_c + pi_c		EHJ92467_1	EHJ92467_1	6.3.4.18			YES	COMPLETE_HIGH		AUDIT_NOT_RUN_PHASE1	N/A		HIGH	NO	AUTO_KEEP	Phase-1 ingestion; no biological decision applied
AIRC3	5aizc_c <=> 5caiz_c		EHJ92468_1	EHJ92468_1	5.4.99.18			YES	COMPLETE_HIGH		AUDIT_NOT_RUN_PHASE1	N/A		HIGH	NO	AUTO_KEEP	Phase-1 ingestion; no biological decision applied
AKGDH	akg_c + coa_c + nad_c --> co2_c + nadh_c + succoa_c		EHJ93182_1 or EHJ93750_1 or (EHJ93181_1 and EHJ93182_1 and EHJ93183_1)		1.2.1.52;1.2.4.2;1.8.1.4;2.3.1.61						AUDIT_NOT_RUN_PHASE1	N/A		MEDIUM	NO	KEEP_FLAGGED	Phase-1 ingestion; no biological decision applied
AKGDa	akg_c + h_c + lpam_c --> co2_c + sdhlam_c		EHJ93183_1		1.2.4.2						AUDIT_NOT_RUN_PHASE1	N/A		MEDIUM	NO	KEEP_FLAGGED	Phase-1 ingestion; no biological decision applied
AKGDb	coa_c + sdhlam_c --> dhlam_c + succoa_c		EHJ93182_1		2.3.1.61						AUDIT_NOT_RUN_PHASE1	N/A		MEDIUM	NO	KEEP_FLAGGED	Phase-1 ingestion; no biological decision applied
AKGt2r	akg_e + h_e <=> akg_c + h_c										AUDIT_NOT_RUN_PHASE1	REVIEW		LOW	NO	REVIEW	Phase-1 ingestion; no biological decision applied
ALAALAD	alaala_c + h2o_c --> 2.0 ala__D_c				3.4.13.22						AUDIT_NOT_RUN_PHASE1	N/A		LOW	NO	REVIEW	Phase-1 ingestion; no biological decision applied
ALAALAabcpp	alaala_p + atp_c + h2o_c --> adp_c + alaala_c + h_c + pi_c		EHJ93724_1 or (EHJ92037_1 and EHJ93725_1) or (EHJ92495_1 and EHJ93724_1) or (EHJ92036_1 and EHJ92037_1 and EHJ93626_1 and EHJ93627_1) or (EHJ92037_1 and EHJ92038_1 and EHJ93626_1 and EHJ93627_1) or (EHJ92037_1 and EHJ92038_1 and EHJ93627_1 and EHJ93628_1) or (EHJ92037_1 and EHJ93626_1 and EHJ93627_1 and EHJ93725_1) or (EHJ92037_1 and EHJ92038_1 and EHJ93626_1 and EHJ93627_1 and EHJ93628_1)								AUDIT_NOT_RUN_PHASE1	REVIEW		MEDIUM	NO	KEEP_FLAGGED	Phase-1 ingestion; no biological decision applied
ALAALAr	2.0 ala__D_c + atp_c <=> adp_c + alaala_c + h_c + pi_c		EHJ91357_1 or EHJ91358_1	EHJ91357_1	6.3.2.4			YES	COMPLETE_HIGH		AUDIT_NOT_RUN_PHASE1	N/A		HIGH	NO	AUTO_KEEP	Phase-1 ingestion; no biological decision applied
ALAALAtex	alaala_e <=> alaala_p			[UNRESOLVED:Csal_2569]				NO	NO_MAPPING		AUDIT_NOT_RUN_PHASE1	REVIEW		LOW	NO	REVIEW	Phase-1 ingestion; no biological decision applied
ALAD_L	ala__L_c + h2o_c + nad_c --> h_c + nadh_c + nh4_c + pyr_c		EHJ93794_1	EHJ93794_1	1.4.1.1			YES	COMPLETE_HIGH		AUDIT_NOT_RUN_PHASE1	N/A		HIGH	NO	AUTO_KEEP	Phase-1 ingestion; no biological decision applied
ALAGLUabcpp	LalaLglu_p + atp_c + h2o_c --> LalaLglu_c + adp_c + h_c + pi_c		(EHJ92037_1 and EHJ92038_1 and EHJ93627_1 and EHJ93628_1) or (EHJ92037_1 and EHJ92038_1 and EHJ93626_1 and EHJ93627_1 and EHJ93628_1)								AUDIT_NOT_RUN_PHASE1	REVIEW		MEDIUM	NO	KEEP_FLAGGED	Phase-1 ingestion; no biological decision applied
ALAHISabcpp	alahis_p + atp_c + h2o_c --> adp_c + alahis_c + h_c + pi_c		(EHJ92037_1 and EHJ92038_1 and EHJ93627_1 and EHJ93628_1) or (EHJ92037_1 and EHJ92038_1 and EHJ93626_1 and EHJ93627_1 and EHJ93628_1)								AUDIT_NOT_RUN_PHASE1	REVIEW		MEDIUM	NO	KEEP_FLAGGED	Phase-1 ingestion; no biological decision applied
ALAHIStex	alahis_e <=> alahis_p										AUDIT_NOT_RUN_PHASE1	REVIEW		LOW	NO	REVIEW	Phase-1 ingestion; no biological decision applied
ALALEUabcpp	alaleu_p + atp_c + h2o_c --> adp_c + alaleu_c + h_c + pi_c		(EHJ92037_1 and EHJ92038_1 and EHJ93627_1 and EHJ93628_1) or (EHJ92037_1 and EHJ92038_1 and EHJ93626_1 and EHJ93627_1 and EHJ93628_1)								AUDIT_NOT_RUN_PHASE1	REVIEW		MEDIUM	NO	KEEP_FLAGGED	Phase-1 ingestion; no biological decision applied
ALALEUtex	alaleu_e <=> alaleu_p										AUDIT_NOT_RUN_PHASE1	REVIEW		LOW	NO	REVIEW	Phase-1 ingestion; no biological decision applied
ALAR	ala__L_c <=> ala__D_c		EHJ92752_1 or EHJ93865_1	EHJ92752_1	5.1.1.1			YES	COMPLETE_HIGH		AUDIT_NOT_RUN_PHASE1	N/A		HIGH	NO	AUTO_KEEP	Phase-1 ingestion; no biological decision applied
ALATA_D	akg_c + ala__D_c <=> glu__D_c + pyr_c				2.6.1.21						AUDIT_NOT_RUN_PHASE1	N/A		LOW	NO	REVIEW	Phase-1 ingestion; no biological decision applied
ALATA_D2	ala__D_c + pydx5p_c --> pyam5p_c + pyr_c		EHJ93086_1 or EHJ93409_1 or (EHJ93086_1 and EHJ93409_1)		2.1.2.1						AUDIT_NOT_RUN_PHASE1	N/A		MEDIUM	NO	KEEP_FLAGGED	Phase-1 ingestion; no biological decision applied
ALATA_L	akg_c + ala__L_c <=> glu__L_c + pyr_c		EHJ93113_1 or EHJ93872_1	EHJ93113_1	2.6.1.2			YES	COMPLETE_HIGH		AUDIT_NOT_RUN_PHASE1	N/A		HIGH	NO	AUTO_KEEP	Phase-1 ingestion; no biological decision applied
ALATA_L2	ala__L_c + pydx5p_c --> pyam5p_c + pyr_c		EHJ93086_1 or EHJ93409_1 or (EHJ93086_1 and EHJ93409_1)	EHJ92440_1	2.1.2.1			NO	COMPLETE_REVIEW		AUDIT_NOT_RUN_PHASE1	N/A		MEDIUM	NO	KEEP_FLAGGED	Phase-1 ingestion; no biological decision applied
ALATHRabcpp	alathr_p + atp_c + h2o_c --> adp_c + alathr_c + h_c + pi_c		(EHJ92037_1 and EHJ92038_1 and EHJ93627_1 and EHJ93628_1) or (EHJ92037_1 and EHJ92038_1 and EHJ93626_1 and EHJ93627_1 and EHJ93628_1)								AUDIT_NOT_RUN_PHASE1	REVIEW		MEDIUM	NO	KEEP_FLAGGED	Phase-1 ingestion; no biological decision applied
ALATHRtex	alathr_e <=> alathr_p										AUDIT_NOT_RUN_PHASE1	REVIEW		LOW	NO	REVIEW	Phase-1 ingestion; no biological decision applied
ALATRPabcpp	alatrp_p + atp_c + h2o_c --> adp_c + alatrp_c + h_c + pi_c		(EHJ92037_1 and EHJ92038_1 and EHJ93627_1 and EHJ93628_1) or (EHJ92037_1 and EHJ92038_1 and EHJ93626_1 and EHJ93627_1 and EHJ93628_1)								AUDIT_NOT_RUN_PHASE1	REVIEW		MEDIUM	NO	KEEP_FLAGGED	Phase-1 ingestion; no biological decision applied
ALATRPtex	alatrp_e <=> alatrp_p										AUDIT_NOT_RUN_PHASE1	REVIEW		LOW	NO	REVIEW	Phase-1 ingestion; no biological decision applied
ALAabc	ala__L_e + atp_c + h2o_c --> adp_c + ala__L_c + h_c + pi_c										AUDIT_NOT_RUN_PHASE1	REVIEW		LOW	NO	REVIEW	Phase-1 ingestion; no biological decision applied
ALAabcpp	ala__L_p + atp_c + h2o_c --> adp_c + ala__L_c + h_c + pi_c										AUDIT_NOT_RUN_PHASE1	REVIEW		LOW	NO	REVIEW	Phase-1 ingestion; no biological decision applied
ALAt2r	ala__L_e + h_e <=> ala__L_c + h_c										AUDIT_NOT_RUN_PHASE1	REVIEW		LOW	NO	REVIEW	Phase-1 ingestion; no biological decision applied
ALAt4	ala__L_e + na1_e --> ala__L_c + na1_c		EHJ91692_1 or EHJ92446_1								AUDIT_NOT_RUN_PHASE1	REVIEW		MEDIUM	NO	KEEP_FLAGGED	Phase-1 ingestion; no biological decision applied
ALAt4pp	ala__L_p + na1_p --> ala__L_c + na1_c		EHJ92446_1								AUDIT_NOT_RUN_PHASE1	REVIEW		MEDIUM	NO	KEEP_FLAGGED	Phase-1 ingestion; no biological decision applied
ALAtex	ala__L_e <=> ala__L_p										AUDIT_NOT_RUN_PHASE1	REVIEW		LOW	NO	REVIEW	Phase-1 ingestion; no biological decision applied
ALCD1	meoh_c + nad_c <=> fald_c + h_c + nadh_c		EHJ94597_1		1.1.1.244						AUDIT_NOT_RUN_PHASE1	N/A		MEDIUM	NO	KEEP_FLAGGED	Phase-1 ingestion; no biological decision applied
ALCD19	glyald_c + h_c + nadh_c <=> glyc_c + nad_c		EHJ92726_1 or EHJ92844_1 or EHJ92845_1 or EHJ94683_1		1.1.1.21;1.1.1.72;1.1.1.1;1.1.1.284						AUDIT_NOT_RUN_PHASE1	N/A		MEDIUM	NO	KEEP_FLAGGED	Phase-1 ingestion; no biological decision applied
ALCD19y	glyald_c + h_c + nadph_c <=> glyc_c + nadp_c				1.1.1.2;1.1.1.21;1.1.1.372;1.1.1.72						AUDIT_NOT_RUN_PHASE1	N/A		LOW	NO	REVIEW	Phase-1 ingestion; no biological decision applied
ALCD22_L	lald__L_c + nad_c --> h_c + mthgxl_c + nadh_c				1.1.1.21;1.1.1.6;1.1.1.78						AUDIT_NOT_RUN_PHASE1	N/A		LOW	NO	REVIEW	Phase-1 ingestion; no biological decision applied
ALCD2ir	acald_c + h_c + nadh_c --> etoh_c + nad_c		EHJ92571_1 or EHJ92726_1		1.1.1.1;1.1.1.71;1.1.1.284						AUDIT_NOT_RUN_PHASE1	N/A		MEDIUM	NO	KEEP_FLAGGED	Phase-1 ingestion; no biological decision applied
ALCD2x	etoh_c + nad_c <=> acald_c + h_c + nadh_c		EHJ92726_1 or EHJ92844_1 or EHJ94597_1	EHJ92726_1 or [UNRESOLVED:Csal_1091] or [UNRESOLVED:Csal_1426] or EHJ92844_1	1.1.1.1;1.1.1.71;1.1.1.284			NO	PARTIAL		AUDIT_NOT_RUN_PHASE1	N/A		MEDIUM	NO	KEEP_FLAGGED	Phase-1 ingestion; no biological decision applied
ALCD2y	etoh_c + nadp_c --> acald_c + h_c + nadph_c		EHJ93302_1 or EHJ94321_1		1.1.1.1;1.1.1.184;1.1.1.2;1.1.1.21;1.1.1.71						AUDIT_NOT_RUN_PHASE1	N/A		MEDIUM	NO	KEEP_FLAGGED	Phase-1 ingestion; no biological decision applied
ALCD3ir	h_c + nadh_c + ppal_c <=> nad_c + ppoh_c				1.1.1.1;1.1.1.2;1.1.1.202;1.1.1.21;1.1.1.51						AUDIT_NOT_RUN_PHASE1	N/A		LOW	NO	REVIEW	Phase-1 ingestion; no biological decision applied
ALCD4	btoh_c + nad_c <=> btal_c + h_c + nadh_c		EHJ94597_1		1.1.1.-						AUDIT_NOT_RUN_PHASE1	N/A		MEDIUM	NO	KEEP_FLAGGED	Phase-1 ingestion; no biological decision applied
ALCDpp	etoh_p + pqq_p --> acald_p + pqqh2_p		EHJ94603_1								AUDIT_NOT_RUN_PHASE1	N/A		MEDIUM	NO	KEEP_FLAGGED	Phase-1 ingestion; no biological decision applied
ALDD1	fald_c + h2o_c + nad_c --> for_c + 2.0 h_c + nadh_c		EHJ94867_1		1.2.1.46;1.2.1.3						AUDIT_NOT_RUN_PHASE1	N/A		MEDIUM	NO	KEEP_FLAGGED	Phase-1 ingestion; no biological decision applied
ALDD19xr	h2o_c + nad_c + pacald_c <=> 2.0 h_c + nadh_c + pac_c		EHJ92845_1 or EHJ94510_1 or EHJ94867_1		1.2.1.39;1.2.1.5;1.2.1.3						AUDIT_NOT_RUN_PHASE1	N/A		MEDIUM	NO	KEEP_FLAGGED	Phase-1 ingestion; no biological decision applied
ALDD20x	h2o_c + id3acald_c + nad_c --> 2.0 h_c + ind3ac_c + nadh_c		EHJ92845_1 or EHJ94683_1		1.2.1.3						AUDIT_NOT_RUN_PHASE1	N/A		MEDIUM	NO	KEEP_FLAGGED	Phase-1 ingestion; no biological decision applied
ALDD2x	acald_c + h2o_c + nad_c --> ac_c + 2.0 h_c + nadh_c		EHJ92845_1 or EHJ94510_1 or EHJ94683_1 or EHJ94704_1 or EHJ94844_1 or EHJ94867_1		1.2.1.3;1.2.1.5						AUDIT_NOT_RUN_PHASE1	N/A		MEDIUM	NO	KEEP_FLAGGED	Phase-1 ingestion; no biological decision applied
ALDD2y	acald_c + h2o_c + nadp_c --> ac_c + 2.0 h_c + nadph_c		EHJ92845_1	EHJ92845_1	1.2.1.-;1.2.1.4;1.2.1.5			YES	COMPLETE_HIGH		AUDIT_NOT_RUN_PHASE1	N/A		HIGH	NO	AUTO_KEEP	Phase-1 ingestion; no biological decision applied
ALDD3	h2o_c + nad_c + ppal_c --> 2.0 h_c + nadh_c + ppa_c		EHJ94867_1		1.2.1.3						AUDIT_NOT_RUN_PHASE1	N/A		MEDIUM	NO	KEEP_FLAGGED	Phase-1 ingestion; no biological decision applied
ALDD31	aacald_c + h2o_c + nad_c --> gly_c + 2.0 h_c + nadh_c										AUDIT_NOT_RUN_PHASE1	N/A		LOW	NO	REVIEW	Phase-1 ingestion; no biological decision applied
ALDD31_1	amacald_c + h2o_c + nad_c --> gly_c + 2.0 h_c + nadh_c		EHJ94867_1		1.2.1.3						AUDIT_NOT_RUN_PHASE1	N/A		MEDIUM	NO	KEEP_FLAGGED	Phase-1 ingestion; no biological decision applied
ALDD3y	h2o_c + nadp_c + ppal_c --> 2.0 h_c + nadph_c + ppa_c		EHJ92845_1	EHJ92845_1				YES	COMPLETE_HIGH		AUDIT_NOT_RUN_PHASE1	N/A		HIGH	NO	AUTO_KEEP	Phase-1 ingestion; no biological decision applied
ALDD4	btal_c + h2o_c + nad_c --> but_c + 2.0 h_c + nadh_c		EHJ94867_1		1.2.1.3						AUDIT_NOT_RUN_PHASE1	N/A		MEDIUM	NO	KEEP_FLAGGED	Phase-1 ingestion; no biological decision applied
ALKP	dhap_c + h2o_c --> dha_c + pi_c		EHJ93262_1		3.1.3.-;3.1.3.1;3.1.3.2						AUDIT_NOT_RUN_PHASE1	N/A		MEDIUM	NO	KEEP_FLAGGED	Phase-1 ingestion; no biological decision applied
ALLTAMH	alltt_c + 2.0 h2o_c + 2.0 h_c --> co2_c + 2.0 nh4_c + urdglyc_c			[UNRESOLVED:HB_MODEL_ID:EHJ94843_1]	3.5.3.9			NO	COMPLETE_REVIEW		AUDIT_NOT_RUN_PHASE1	N/A		LOW	NO	REVIEW	Phase-1 ingestion; no biological decision applied
ALLTN	alltn_c + h2o_c --> alltt_c + h_c		EHJ91652_1 or EHJ92866_1		3.5.2.5;3.4.19.-						AUDIT_NOT_RUN_PHASE1	N/A		MEDIUM	NO	KEEP_FLAGGED	Phase-1 ingestion; no biological decision applied
ALLTNt2r	alltn_e + h_e <=> alltn_c + h_c		EHJ92868_1 or EHJ92869_1								AUDIT_NOT_RUN_PHASE1	REVIEW		MEDIUM	NO	KEEP_FLAGGED	Phase-1 ingestion; no biological decision applied
ALLTNt2rpp	alltn_p + h_p <=> alltn_c + h_c			EHJ94760_1 or [UNRESOLVED:Csal_2841] or (EHJ92869_1 and EHJ92868_1)				NO	PARTIAL		AUDIT_NOT_RUN_PHASE1	REVIEW		LOW	NO	REVIEW	Phase-1 ingestion; no biological decision applied
ALLTNtex	alltn_e <=> alltn_p			[UNRESOLVED:Csal_2569]				NO	NO_MAPPING		AUDIT_NOT_RUN_PHASE1	REVIEW		LOW	NO	REVIEW	Phase-1 ingestion; no biological decision applied
ALPHNH	allphn_c + h2o_c + 3.0 h_c --> 2.0 co2_c + 2.0 nh4_c		EHJ91258_1 or EHJ94619_1 or (EHJ94618_1 and EHJ94619_1)		3.5.1.54						AUDIT_NOT_RUN_PHASE1	N/A		MEDIUM	NO	KEEP_FLAGGED	Phase-1 ingestion; no biological decision applied
ALR2	h_c + mthgxl_c + nadph_c --> acetol_c + nadp_c		EHJ93294_1 or EHJ93367_1 or EHJ93462_1 or EHJ93856_1	EHJ93367_1	1.1.1.-;1.1.1.313			NO	COMPLETE_REVIEW		AUDIT_NOT_RUN_PHASE1	N/A		MEDIUM	NO	KEEP_FLAGGED	Phase-1 ingestion; no biological decision applied
ALR3	acetol_c + h_c + nadph_c --> 12ppd__S_c + nadp_c										AUDIT_NOT_RUN_PHASE1	N/A		LOW	NO	REVIEW	Phase-1 ingestion; no biological decision applied
AM3PA	anhm3p_c + h2o_c --> LalaDgluMdap_c + anhm_c		EHJ92915_1	EHJ92915_1				YES	COMPLETE_HIGH		AUDIT_NOT_RUN_PHASE1	N/A		HIGH	NO	AUTO_KEEP	Phase-1 ingestion; no biological decision applied
AM4PA	anhm4p_c + h2o_c --> LalaDgluMdapDala_c + anhm_c		EHJ92915_1	EHJ92915_1				YES	COMPLETE_HIGH		AUDIT_NOT_RUN_PHASE1	N/A		HIGH	NO	AUTO_KEEP	Phase-1 ingestion; no biological decision applied
AMANAPEr	acmanap_c <=> acgam6p_c				5.1.3.9						AUDIT_NOT_RUN_PHASE1	N/A		LOW	NO	REVIEW	Phase-1 ingestion; no biological decision applied
AMANK	acmana_c + atp_c --> acmanap_c + adp_c + h_c				2.7.1.60						AUDIT_NOT_RUN_PHASE1	N/A		LOW	NO	REVIEW	Phase-1 ingestion; no biological decision applied
AMID2	h2o_c + pad_c --> nh4_c + pac_c				3.5.1.11;3.5.1.4						AUDIT_NOT_RUN_PHASE1	N/A		LOW	NO	REVIEW	Phase-1 ingestion; no biological decision applied
AMMQLT8	2dmmql8_c + amet_c --> ahcys_c + h_c + mql8_c		EHJ92947_1 or EHJ93702_1	EHJ92947_1	2.1.1.163;2.1.1.201			YES	COMPLETE_HIGH		AUDIT_NOT_RUN_PHASE1	N/A		HIGH	NO	AUTO_KEEP	Phase-1 ingestion; no biological decision applied
AMMQT8_2	2dmmq8_c + amet_c --> ahcys_c + h_c + mqn8_c		EHJ91449_1 or EHJ92947_1		2.1.1.163;2.1.1.201						AUDIT_NOT_RUN_PHASE1	N/A		MEDIUM	NO	KEEP_FLAGGED	Phase-1 ingestion; no biological decision applied
AMPD2	amp_c + h2o_c --> imp_c + nh3_c										AUDIT_NOT_RUN_PHASE1	N/A		LOW	NO	REVIEW	Phase-1 ingestion; no biological decision applied
AMPEP1	gly_asn__L_c + h2o_c <=> asn__L_c + gly_c		EHJ94223_1		3.4.11.9						AUDIT_NOT_RUN_PHASE1	N/A		MEDIUM	NO	KEEP_FLAGGED	Phase-1 ingestion; no biological decision applied
AMPEP10	gly_asp__L_c + h2o_c <=> asp__L_c + gly_c		EHJ94223_1		3.4.11.9						AUDIT_NOT_RUN_PHASE1	N/A		MEDIUM	NO	KEEP_FLAGGED	Phase-1 ingestion; no biological decision applied
AMPEP11	gly_pro__L_c + h2o_c --> gly_c + h_c + pro__L_c		EHJ94223_1		3.4.11.9						AUDIT_NOT_RUN_PHASE1	N/A		MEDIUM	NO	KEEP_FLAGGED	Phase-1 ingestion; no biological decision applied
AMPEP13	ala_L_asp__L_c + h2o_c <=> ala__L_c + asp__L_c		EHJ94223_1		3.4.11.9						AUDIT_NOT_RUN_PHASE1	N/A		MEDIUM	NO	KEEP_FLAGGED	Phase-1 ingestion; no biological decision applied
AMPEP14	h2o_c + h_c + met_L_ala__L_c <=> ala__L_c + met__L_c		EHJ94223_1		3.4.11.9						AUDIT_NOT_RUN_PHASE1	N/A		MEDIUM	NO	KEEP_FLAGGED	Phase-1 ingestion; no biological decision applied
AMPEP15	h2o_c + prohisglu_c --> glu__L_c + his__L_c + pro__L_c		EHJ94223_1		3.4.11.9						AUDIT_NOT_RUN_PHASE1	N/A		MEDIUM	NO	KEEP_FLAGGED	Phase-1 ingestion; no biological decision applied
AMPEP18	h2o_c + serglugly_c --> glu__L_c + gly_c + ser__L_c		EHJ94223_1		3.4.11.9						AUDIT_NOT_RUN_PHASE1	N/A		MEDIUM	NO	KEEP_FLAGGED	Phase-1 ingestion; no biological decision applied
AMPEP5	ala_L_glu__L_c + h2o_c <=> ala__L_c + glu__L_c		EHJ94223_1		3.4.11.9						AUDIT_NOT_RUN_PHASE1	N/A		MEDIUM	NO	KEEP_FLAGGED	Phase-1 ingestion; no biological decision applied
AMPEP8	gly_glu__L_c + h2o_c <=> glu__L_c + gly_c		EHJ94223_1		3.4.11.9						AUDIT_NOT_RUN_PHASE1	N/A		MEDIUM	NO	KEEP_FLAGGED	Phase-1 ingestion; no biological decision applied
AMPMS2	air_c + h2o_c + nad_c --> 4ampm_c + 2.0 for_c + 3.0 h_c + nadh_c		EHJ93300_1	EHJ93300_1	4.1.99.17			YES	COMPLETE_HIGH		AUDIT_NOT_RUN_PHASE1	N/A		HIGH	NO	AUTO_KEEP	Phase-1 ingestion; no biological decision applied
AMPTASEAH	alahis_c + h2o_c --> ala__L_c + his__L_c		EHJ91286_1 or EHJ93738_1		3.4.11.1;3.4.11.10;3.4.11.2						AUDIT_NOT_RUN_PHASE1	N/A		MEDIUM	NO	KEEP_FLAGGED	Phase-1 ingestion; no biological decision applied
AMPTASEAL	alaleu_c + h2o_c --> ala__L_c + leu__L_c		EHJ91286_1 or EHJ93738_1		3.4.11.1;3.4.11.10;3.4.11.2						AUDIT_NOT_RUN_PHASE1	N/A		MEDIUM	NO	KEEP_FLAGGED	Phase-1 ingestion; no biological decision applied
AMPTASEAT	alathr_c + h2o_c --> ala__L_c + thr__L_c		EHJ91286_1 or EHJ93738_1		3.4.11.1;3.4.11.10;3.4.11.2						AUDIT_NOT_RUN_PHASE1	N/A		MEDIUM	NO	KEEP_FLAGGED	Phase-1 ingestion; no biological decision applied
AMPTASEATRP	alatrp_c + h2o_c --> ala__L_c + trp__L_c		EHJ91286_1 or EHJ93738_1		3.4.11.1;3.4.11.10;3.4.11.2						AUDIT_NOT_RUN_PHASE1	N/A		MEDIUM	NO	KEEP_FLAGGED	Phase-1 ingestion; no biological decision applied
AMPTASECG	cgly_c + h2o_c --> cys__L_c + gly_c		EHJ91286_1 or EHJ92994_1 or EHJ93655_1 or EHJ93738_1 or EHJ94223_1 or (EHJ91503_1 and EHJ93785_1)	EHJ92994_1	3.4.11.1;3.4.11.2;3.4.11.23;3.4.13.-;3.4.13.18;2.8.1.7;3.4.11.10;3.4.11.18;3.4.11.9			YES	COMPLETE_HIGH		AUDIT_NOT_RUN_PHASE1	N/A		HIGH	NO	AUTO_KEEP	Phase-1 ingestion; no biological decision applied
AMPTASEGGLN	glygln_c + h2o_c --> gln__L_c + gly_c		EHJ91286_1 or EHJ93738_1		3.4.11.1;3.4.11.10;3.4.11.2						AUDIT_NOT_RUN_PHASE1	N/A		MEDIUM	NO	KEEP_FLAGGED	Phase-1 ingestion; no biological decision applied
AMPTASEGGLU	glyglu_c + h2o_c --> glu__L_c + gly_c		EHJ91286_1 or EHJ93738_1		3.4.11.1;3.4.11.10;3.4.11.2						AUDIT_NOT_RUN_PHASE1	N/A		MEDIUM	NO	KEEP_FLAGGED	Phase-1 ingestion; no biological decision applied
AMPTASEGM	glymet_c + h2o_c --> gly_c + met__L_c		EHJ91286_1 or EHJ93738_1		3.4.11.1;3.4.11.10;3.4.11.2						AUDIT_NOT_RUN_PHASE1	N/A		MEDIUM	NO	KEEP_FLAGGED	Phase-1 ingestion; no biological decision applied
AMPTASEGS	glyser_c + h2o_c --> gly_c + ser__L_c		EHJ91286_1 or EHJ93738_1		3.4.11.1;3.4.11.10;3.4.11.2						AUDIT_NOT_RUN_PHASE1	N/A		MEDIUM	NO	KEEP_FLAGGED	Phase-1 ingestion; no biological decision applied
AMPTASEHG	h2o_c + hisgly_c --> gly_c + his__L_c		EHJ91286_1 or EHJ93738_1		3.4.11.1;3.4.11.10;3.4.11.2						AUDIT_NOT_RUN_PHASE1	N/A		MEDIUM	NO	KEEP_FLAGGED	Phase-1 ingestion; no biological decision applied
AMPTASEHH	h2o_c + hishis_c --> 2.0 his__L_c		EHJ91286_1 or EHJ93738_1		3.4.11.1;3.4.11.10;3.4.11.2						AUDIT_NOT_RUN_PHASE1	N/A		MEDIUM	NO	KEEP_FLAGGED	Phase-1 ingestion; no biological decision applied
AMPTASEPG	h2o_c + progly_c --> gly_c + pro__L_c		EHJ91286_1 or EHJ92994_1 or EHJ93738_1	EHJ91286_1	3.4.11.1;3.4.11.10;3.4.11.2;3.4.13.18			YES	COMPLETE_HIGH		AUDIT_NOT_RUN_PHASE1	N/A		HIGH	NO	AUTO_KEEP	Phase-1 ingestion; no biological decision applied
ANHGMtex	anhgm_e <=> anhgm_p			[UNRESOLVED:Csal_2569]				NO	NO_MAPPING		AUDIT_NOT_RUN_PHASE1	REVIEW		LOW	NO	REVIEW	Phase-1 ingestion; no biological decision applied
ANHMK	anhm_c + atp_c + h2o_c --> acmum6p_c + adp_c + h_c		EHJ93862_1	EHJ93862_1	2.7.1.170			YES	COMPLETE_HIGH		AUDIT_NOT_RUN_PHASE1	N/A		HIGH	NO	AUTO_KEEP	Phase-1 ingestion; no biological decision applied
ANPRT	anth_c + prpp_c --> ppi_c + pran_c		EHJ91445_1 or EHJ91446_1 or EHJ92334_1	EHJ92334_1	2.4.2.18;4.1.3.27			YES	COMPLETE_HIGH		AUDIT_NOT_RUN_PHASE1	N/A		HIGH	NO	AUTO_KEEP	Phase-1 ingestion; no biological decision applied
ANS	chor_c + gln__L_c --> anth_c + glu__L_c + h_c + pyr_c		EHJ91445_1 or EHJ91446_1 or EHJ92335_1 or (EHJ91445_1 and EHJ91446_1) or (EHJ91446_1 and EHJ92335_1)	EHJ92335_1 and [UNRESOLVED:Csal_2323]	4.1.3.27			NO	CONFLICT		AUDIT_NOT_RUN_PHASE1	N/A		MEDIUM	NO	KEEP_FLAGGED	Phase-1 ingestion; no biological decision applied
ANS2	chor_c + nh4_c --> anth_c + h2o_c + h_c + pyr_c		EHJ91445_1 or EHJ91446_1 or EHJ92335_1 or (EHJ91445_1 and EHJ91446_1)		4.1.3.27						AUDIT_NOT_RUN_PHASE1	N/A		MEDIUM	NO	KEEP_FLAGGED	Phase-1 ingestion; no biological decision applied
ANSN	chor_c + nh3_c --> anth_c + h2o_c + pyr_c		EHJ91445_1 and EHJ91446_1		4.1.3.27						AUDIT_NOT_RUN_PHASE1	N/A		MEDIUM	NO	KEEP_FLAGGED	Phase-1 ingestion; no biological decision applied
AP4AH	ap4a_c + h2o_c --> 2.0 adp_c + 2.0 h_c		EHJ92172_1 or EHJ92738_1	EHJ92738_1	3.6.1.41			YES	COMPLETE_HIGH		AUDIT_NOT_RUN_PHASE1	N/A		HIGH	NO	AUTO_KEEP	Phase-1 ingestion; no biological decision applied
AP4AS	2.0 atp_c + h_c --> ap4a_c + ppi_c		EHJ93817_1	[UNRESOLVED:HB_MODEL_ID:EHJ91266_1] or EHJ93817_1	2.7.7.-;6.1.1.6			NO	COMPLETE_HIGH		AUDIT_NOT_RUN_PHASE1	N/A		HIGH	NO	AUTO_KEEP	Phase-1 ingestion; no biological decision applied
APAT_1	atp_c + ppa_c <=> ppad_c + ppi_c		EHJ92232_1 or EHJ92906_1		6.2.1.1						AUDIT_NOT_RUN_PHASE1	N/A		MEDIUM	NO	KEEP_FLAGGED	Phase-1 ingestion; no biological decision applied
APATr	ala_B_c + pyr_c <=> ala__L_c + msa_c		EHJ94732_1		2.6.1.18						AUDIT_NOT_RUN_PHASE1	N/A		MEDIUM	NO	KEEP_FLAGGED	Phase-1 ingestion; no biological decision applied
APG3PAT120	ddcap_c + glyc3p_c --> 1ddecg3p_c + h_c + pi_c		EHJ92734_1		2.3.1.275						AUDIT_NOT_RUN_PHASE1	N/A		MEDIUM	NO	KEEP_FLAGGED	Phase-1 ingestion; no biological decision applied
APG3PAT141	glyc3p_c + ttdceap_c --> 1tdec7eg3p_c + h_c + pi_c		EHJ92734_1		2.3.1.275						AUDIT_NOT_RUN_PHASE1	N/A		MEDIUM	NO	KEEP_FLAGGED	Phase-1 ingestion; no biological decision applied
APG3PAT161	glyc3p_c + hdceap_c --> 1hdec9eg3p_c + h_c + pi_c		EHJ92734_1		2.3.1.275						AUDIT_NOT_RUN_PHASE1	N/A		MEDIUM	NO	KEEP_FLAGGED	Phase-1 ingestion; no biological decision applied
APH120	ddcap_c + h2o_c --> ddca_c + 2.0 h_c + pi_c		EHJ91724_1	EHJ91724_1	3.6.1.7			YES	COMPLETE_HIGH		AUDIT_NOT_RUN_PHASE1	N/A		HIGH	NO	AUTO_KEEP	Phase-1 ingestion; no biological decision applied
APH141	h2o_c + ttdceap_c --> 2.0 h_c + pi_c + ttdcea_c		EHJ91724_1	EHJ91724_1	3.6.1.7			YES	COMPLETE_HIGH		AUDIT_NOT_RUN_PHASE1	N/A		HIGH	NO	AUTO_KEEP	Phase-1 ingestion; no biological decision applied
APH161	h2o_c + hdceap_c --> 2.0 h_c + hdcea_c + pi_c		EHJ91724_1	EHJ91724_1	3.6.1.7			YES	COMPLETE_HIGH		AUDIT_NOT_RUN_PHASE1	N/A		HIGH	NO	AUTO_KEEP	Phase-1 ingestion; no biological decision applied
APPAT	atp_c + h_c + pan4p_c --> dpcoa_c + ppi_c		EHJ92977_1		2.7.7.3						AUDIT_NOT_RUN_PHASE1	N/A		MEDIUM	NO	KEEP_FLAGGED	Phase-1 ingestion; no biological decision applied
APPLDHr	aact_c + h_c + nadh_c <=> appl_c + nad_c				1.1.1.75;2.3.1.37						AUDIT_NOT_RUN_PHASE1	N/A		LOW	NO	REVIEW	Phase-1 ingestion; no biological decision applied
APRAUR	5apru_c + h_c + nadph_c --> 5aprbu_c + nadp_c		EHJ91117_1 or EHJ93269_1	EHJ91117_1	1.1.1.193;3.5.4.26			YES	COMPLETE_HIGH		AUDIT_NOT_RUN_PHASE1	N/A		HIGH	NO	AUTO_KEEP	Phase-1 ingestion; no biological decision applied
APSR	aps_c + trdrd_c --> amp_c + 2.0 h_c + so3_c + trdox_c		EHJ91114_1 or EHJ92327_1 or EHJ93847_1		1.8.4.10						AUDIT_NOT_RUN_PHASE1	N/A		MEDIUM	NO	KEEP_FLAGGED	Phase-1 ingestion; no biological decision applied
APTNAT	5aptn_c + akg_c <=> glu__L_c + oxptn_c			[UNRESOLVED:FF32_03725]	2.6.1.48			NO	NO_MAPPING		AUDIT_NOT_RUN_PHASE1	N/A		LOW	NO	REVIEW	Phase-1 ingestion; no biological decision applied
ARBTtex	arbt_e --> arbt_p										AUDIT_NOT_RUN_PHASE1	REVIEW		LOW	NO	REVIEW	Phase-1 ingestion; no biological decision applied
ARBabc	arab__L_e + atp_c + h2o_c --> adp_c + arab__L_c + h_c + pi_c				3.6.3.17						AUDIT_NOT_RUN_PHASE1	REVIEW		LOW	NO	REVIEW	Phase-1 ingestion; no biological decision applied
ARBabcpp	arab__L_p + atp_c + h2o_c --> adp_c + arab__L_c + h_c + pi_c		EHJ94889_1 and EHJ94890_1 and EHJ94891_1		3.6.3.17						AUDIT_NOT_RUN_PHASE1	REVIEW		MEDIUM	NO	KEEP_FLAGGED	Phase-1 ingestion; no biological decision applied
ARBt2r	arab__L_e + h_e <=> arab__L_c + h_c										AUDIT_NOT_RUN_PHASE1	REVIEW		LOW	NO	REVIEW	Phase-1 ingestion; no biological decision applied
ARBt3ipp	arab__L_c + h_p --> arab__L_p + h_c										AUDIT_NOT_RUN_PHASE1	REVIEW		LOW	NO	REVIEW	Phase-1 ingestion; no biological decision applied
ARBtex	arab__L_e <=> arab__L_p										AUDIT_NOT_RUN_PHASE1	REVIEW		LOW	NO	REVIEW	Phase-1 ingestion; no biological decision applied
ARGDC	arg__L_c + h_c --> agm_c + co2_c		EHJ93009_1	EHJ93009_1	4.1.1.19			YES	COMPLETE_HIGH		AUDIT_NOT_RUN_PHASE1	N/A		HIGH	NO	AUTO_KEEP	Phase-1 ingestion; no biological decision applied
ARGDCpp	arg__L_p + h_p --> agm_p + co2_p		EHJ93009_1		4.1.1.19						AUDIT_NOT_RUN_PHASE1	N/A		MEDIUM	NO	KEEP_FLAGGED	Phase-1 ingestion; no biological decision applied
ARGDI	arg__L_c + h2o_c --> citr__L_c + nh4_c		EHJ92619_1		3.5.3.6						AUDIT_NOT_RUN_PHASE1	N/A		MEDIUM	NO	KEEP_FLAGGED	Phase-1 ingestion; no biological decision applied
ARGDr	arg__L_c + h2o_c --> citr__L_c + nh4_c		EHJ92619_1		3.5.3.6						AUDIT_NOT_RUN_PHASE1	N/A		MEDIUM	NO	KEEP_FLAGGED	Phase-1 ingestion; no biological decision applied
ARGORNt3	arg__L_e + orn__L_c <=> arg__L_c + orn__L_e										AUDIT_NOT_RUN_PHASE1	REVIEW		LOW	NO	REVIEW	Phase-1 ingestion; no biological decision applied
ARGSL	argsuc_c <=> arg__L_c + fum_c		EHJ94371_1	EHJ94371_1	4.3.2.1			YES	COMPLETE_HIGH		AUDIT_NOT_RUN_PHASE1	N/A		HIGH	NO	AUTO_KEEP	Phase-1 ingestion; no biological decision applied
ARGSS	asp__L_c + atp_c + citr__L_c --> amp_c + argsuc_c + h_c + ppi_c		EHJ91608_1	EHJ91608_1	6.3.4.5			YES	COMPLETE_HIGH		AUDIT_NOT_RUN_PHASE1	N/A		HIGH	NO	AUTO_KEEP	Phase-1 ingestion; no biological decision applied
ARGabc	arg__L_e + atp_c + h2o_c --> adp_c + arg__L_c + h_c + pi_c				3.6.3.21						AUDIT_NOT_RUN_PHASE1	REVIEW		LOW	NO	REVIEW	Phase-1 ingestion; no biological decision applied
ARGabcpp	arg__L_p + atp_c + h2o_c --> adp_c + arg__L_c + h_c + pi_c		EHJ92464_1 or (EHJ92461_1 and EHJ92462_1) or (EHJ92686_1 and EHJ94674_1) or (EHJ92461_1 and EHJ92462_1 and EHJ92463_1 and EHJ92464_1) or (EHJ92461_1 and EHJ92462_1 and EHJ92464_1 and EHJ94511_1) or (EHJ92461_1 and EHJ92464_1 and EHJ94511_1 and EHJ94512_1) or (EHJ94442_1 and EHJ94443_1 and EHJ94444_1 and EHJ94445_1)	(EHJ94929_1 and EHJ94930_1 and EHJ94931_1) or (EHJ94445_1 and [UNRESOLVED:Csal_0121] and EHJ94443_1 and EHJ94442_1)	3.6.3.21			NO	PARTIAL		AUDIT_NOT_RUN_PHASE1	REVIEW		MEDIUM	NO	KEEP_FLAGGED	Phase-1 ingestion; no biological decision applied
ARGt2r	arg__L_e + h_e <=> arg__L_c + h_c		EHJ94710_1								AUDIT_NOT_RUN_PHASE1	REVIEW		MEDIUM	NO	KEEP_FLAGGED	Phase-1 ingestion; no biological decision applied
ARGt3pp	arg__L_c + h_p --> arg__L_p + h_c		EHJ93410_1	EHJ93410_1				YES	COMPLETE_HIGH		AUDIT_NOT_RUN_PHASE1	REVIEW		HIGH	NO	AUTO_KEEP	Phase-1 ingestion; no biological decision applied
ARGt5r	arg__L_e <=> arg__L_c		EHJ94710_1								AUDIT_NOT_RUN_PHASE1	REVIEW		MEDIUM	NO	KEEP_FLAGGED	Phase-1 ingestion; no biological decision applied
ARGtex	arg__L_e <=> arg__L_p			[UNRESOLVED:Csal_2569]				NO	NO_MAPPING		AUDIT_NOT_RUN_PHASE1	REVIEW		LOW	NO	REVIEW	Phase-1 ingestion; no biological decision applied
AROH	Largn_c --> co2_c + h2o_c + phe__L_c		EHJ91631_1		4.2.1.51;4.2.1.91;5.4.99.5						AUDIT_NOT_RUN_PHASE1	N/A		MEDIUM	NO	KEEP_FLAGGED	Phase-1 ingestion; no biological decision applied
ARSR	actn__R_c <=> actn__S_c										AUDIT_NOT_RUN_PHASE1	N/A		LOW	NO	REVIEW	Phase-1 ingestion; no biological decision applied
ARUH	arg__L_c + pyr_c <=> 5g2oxpt_c + ala__L_c		EHJ94515_1		2.6.1.84;2.6.1.-						AUDIT_NOT_RUN_PHASE1	N/A		MEDIUM	NO	KEEP_FLAGGED	Phase-1 ingestion; no biological decision applied
ASAD	aspsa_c + nadp_c + pi_c <=> 4pasp_c + h_c + nadph_c		EHJ91962_1	EHJ91962_1	1.2.1.11			YES	COMPLETE_HIGH		AUDIT_NOT_RUN_PHASE1	N/A		HIGH	NO	AUTO_KEEP	Phase-1 ingestion; no biological decision applied
ASNN	asn__L_c + h2o_c --> asp__L_c + nh4_c		EHJ92815_1	[UNRESOLVED:HB_MODEL_ID:EHJ91893_1]	3.5.1.1;3.5.1.38;3.5.5.4			NO	COMPLETE_HIGH		AUDIT_NOT_RUN_PHASE1	N/A		HIGH	NO	AUTO_KEEP	Phase-1 ingestion; no biological decision applied
ASNNpp	asn__L_p + h2o_p --> asp__L_p + nh4_p		EHJ92815_1		3.5.1.1;3.5.1.38;3.5.5.4						AUDIT_NOT_RUN_PHASE1	N/A		MEDIUM	NO	KEEP_FLAGGED	Phase-1 ingestion; no biological decision applied
ASNtex	asn__L_e <=> asn__L_p			[UNRESOLVED:Csal_2569]				NO	NO_MAPPING		AUDIT_NOT_RUN_PHASE1	REVIEW		LOW	NO	REVIEW	Phase-1 ingestion; no biological decision applied
ASO3t4pp	aso3_c + na1_p --> aso3_p + na1_c		EHJ92239_1								AUDIT_NOT_RUN_PHASE1	REVIEW		MEDIUM	NO	KEEP_FLAGGED	Phase-1 ingestion; no biological decision applied
ASO3tex	aso3_e <=> aso3_p										AUDIT_NOT_RUN_PHASE1	REVIEW		LOW	NO	REVIEW	Phase-1 ingestion; no biological decision applied
ASO4rt2rpp	aso4_p + h_p <=> aso4_c + h_c										AUDIT_NOT_RUN_PHASE1	REVIEW		LOW	NO	REVIEW	Phase-1 ingestion; no biological decision applied
ASO4t4pp	aso4_c + na1_p --> aso4_p + na1_c		EHJ92239_1								AUDIT_NOT_RUN_PHASE1	REVIEW		MEDIUM	NO	KEEP_FLAGGED	Phase-1 ingestion; no biological decision applied
ASP1DC	asp__L_c + h_c --> ala_B_c + co2_c		EHJ93424_1 or EHJ93883_1	EHJ93883_1	4.1.1.11;4.1.1.15			YES	COMPLETE_HIGH		AUDIT_NOT_RUN_PHASE1	N/A		HIGH	NO	AUTO_KEEP	Phase-1 ingestion; no biological decision applied
ASPCT	asp__L_c + cbp_c --> cbasp_c + h_c + pi_c		EHJ94210_1	EHJ94210_1	2.1.3.2			YES	COMPLETE_HIGH		AUDIT_NOT_RUN_PHASE1	N/A		HIGH	NO	AUTO_KEEP	Phase-1 ingestion; no biological decision applied
ASPK	asp__L_c + atp_c <=> 4pasp_c + adp_c		EHJ93566_1	EHJ93566_1	2.7.2.4			YES	COMPLETE_HIGH		AUDIT_NOT_RUN_PHASE1	N/A		HIGH	NO	AUTO_KEEP	Phase-1 ingestion; no biological decision applied
ASPO1	asp__L_c + h2o_c + o2_c --> h2o2_c + nh4_c + oaa_c		EHJ92310_1		1.4.3.16;1.4.3.2						AUDIT_NOT_RUN_PHASE1	N/A		MEDIUM	NO	KEEP_FLAGGED	Phase-1 ingestion; no biological decision applied
ASPO3	asp__L_c + q8_c --> h_c + iasp_c + q8h2_c		EHJ92310_1	EHJ93185_1	1.4.3.16			YES	COMPLETE_HIGH		AUDIT_NOT_RUN_PHASE1	N/A		HIGH	NO	AUTO_KEEP	Phase-1 ingestion; no biological decision applied
ASPO4	asp__L_c + mqn8_c --> h_c + iasp_c + mql8_c		EHJ92310_1	EHJ93185_1	1.4.3.16			YES	COMPLETE_HIGH		AUDIT_NOT_RUN_PHASE1	N/A		HIGH	NO	AUTO_KEEP	Phase-1 ingestion; no biological decision applied
ASPO5	asp__L_c + fum_c --> h_c + iasp_c + succ_c		EHJ92310_1	EHJ93185_1	1.5.99.-;1.4.3.16			YES	COMPLETE_HIGH		AUDIT_NOT_RUN_PHASE1	N/A		HIGH	NO	AUTO_KEEP	Phase-1 ingestion; no biological decision applied
ASPO6	asp__L_c + o2_c --> h2o2_c + h_c + iasp_c		EHJ92310_1	EHJ93185_1	1.4.3.16			YES	COMPLETE_HIGH		AUDIT_NOT_RUN_PHASE1	N/A		HIGH	NO	AUTO_KEEP	Phase-1 ingestion; no biological decision applied
ASPSALy	aspsa_c + h2o_c + nadp_c --> asp__L_c + 2.0 h_c + nadph_c		EHJ92799_1								AUDIT_NOT_RUN_PHASE1	N/A		MEDIUM	NO	KEEP_FLAGGED	Phase-1 ingestion; no biological decision applied
ASPTA	akg_c + asp__L_c <=> glu__L_c + oaa_c		EHJ91945_1 or EHJ94515_1	EHJ94515_1 or EHJ91945_1	2.6.1.1;2.6.1.-			NO	COMPLETE_REVIEW		AUDIT_NOT_RUN_PHASE1	N/A		MEDIUM	NO	KEEP_FLAGGED	Phase-1 ingestion; no biological decision applied
ASPabc	asp__L_e + atp_c + h2o_c --> adp_c + asp__L_c + h_c + pi_c				3.6.3.21						AUDIT_NOT_RUN_PHASE1	REVIEW		LOW	NO	REVIEW	Phase-1 ingestion; no biological decision applied
ASPabcpp	asp__L_p + atp_c + h2o_c --> adp_c + asp__L_c + h_c + pi_c		EHJ94273_1 or EHJ94762_1 or EHJ94763_1 or (EHJ92688_1 and EHJ94762_1) or (EHJ92688_1 and EHJ94763_1) or (EHJ94442_1 and EHJ94443_1 and EHJ94444_1 and EHJ94445_1)	(EHJ94929_1 and EHJ94930_1 and EHJ94931_1) or (EHJ94445_1 and [UNRESOLVED:Csal_0121] and EHJ94443_1 and EHJ94442_1)	3.6.3.21			NO	PARTIAL		AUDIT_NOT_RUN_PHASE1	REVIEW		MEDIUM	NO	KEEP_FLAGGED	Phase-1 ingestion; no biological decision applied
ASPtex	asp__L_e <=> asp__L_p			[UNRESOLVED:Csal_2569]				NO	NO_MAPPING		AUDIT_NOT_RUN_PHASE1	REVIEW		LOW	NO	REVIEW	Phase-1 ingestion; no biological decision applied
ASPtpp	asp__L_p <=> asp__L_c										AUDIT_NOT_RUN_PHASE1	REVIEW		LOW	NO	REVIEW	Phase-1 ingestion; no biological decision applied
ASR	aso4_c + 2.0 gthrd_c + 2.0 h_c --> aso3_c + gthox_c + h2o_c		EHJ92237_1 or EHJ92241_1 or EHJ92267_1		1.20.4.1						AUDIT_NOT_RUN_PHASE1	N/A		MEDIUM	NO	KEEP_FLAGGED	Phase-1 ingestion; no biological decision applied
ASR2	aso4_c + 2.0 h_c + trdrd_c --> aso3_c + h2o_c + trdox_c		EHJ92267_1		1.20.4.-;1.20.4.1;1.20.4.4						AUDIT_NOT_RUN_PHASE1	N/A		MEDIUM	NO	KEEP_FLAGGED	Phase-1 ingestion; no biological decision applied
AST	arg__L_c + succoa_c --> coa_c + h_c + sucarg_c		EHJ92624_1 or EHJ92625_1	EHJ92624_1 and EHJ92625_1	2.3.1.109			YES	COMPLETE_HIGH		AUDIT_NOT_RUN_PHASE1	N/A		HIGH	NO	AUTO_KEEP	Phase-1 ingestion; no biological decision applied
ATAH_1	alltt_c + h2o_c <=> urdglyc_c + urea_c										AUDIT_NOT_RUN_PHASE1	N/A		LOW	NO	REVIEW	Phase-1 ingestion; no biological decision applied
ATHRDHr	athr__L_c + nadp_c <=> 2aobut_c + h_c + nadph_c		EHJ93346_1 or EHJ93462_1 or EHJ94668_1	EHJ94668_1	1.1.1.381;1.1.1.313			YES	COMPLETE_HIGH		AUDIT_NOT_RUN_PHASE1	N/A		HIGH	NO	AUTO_KEEP	Phase-1 ingestion; no biological decision applied
ATPHs	atp_c + h2o_c + h_c --> itp_c + nh4_c		spontaneous		3.5.4.17;3.5.4.18						AUDIT_NOT_RUN_PHASE1	N/A		SPECIAL	NO	SPECIAL_RULE	Phase-1 ingestion; no biological decision applied
ATPPRT	atp_c + prpp_c --> ppi_c + prbatp_c		EHJ91282_1 and EHJ91327_1	EHJ91327_1 or EHJ91282_1	2.4.2.17			YES	COMPLETE_HIGH		AUDIT_NOT_RUN_PHASE1	N/A		HIGH	NO	AUTO_KEEP	Phase-1 ingestion; no biological decision applied
ATPS4rpp	adp_c + 4.0 h_p + pi_c --> atp_c + h2o_c + 3.0 h_c		(EHJ94280_1 and EHJ94281_1 and EHJ94284_1 and EHJ94285_1 and EHJ94286_1) or (EHJ91556_1 and EHJ94280_1 and EHJ94281_1 and EHJ94284_1 and EHJ94285_1 and EHJ94286_1) or (EHJ94280_1 and EHJ94281_1 and EHJ94283_1 and EHJ94284_1 and EHJ94285_1 and EHJ94286_1) or (EHJ94280_1 and EHJ94281_1 and EHJ94282_1 and EHJ94283_1 and EHJ94284_1 and EHJ94285_1 and EHJ94286_1 and EHJ94287_1)	EHJ94287_1 and EHJ94286_1 and EHJ94285_1 and EHJ94284_1 and EHJ94283_1 and EHJ94282_1 and EHJ94281_1 and EHJ94280_1	3.6.3.14			YES	COMPLETE_HIGH		AUDIT_NOT_RUN_PHASE1	REVIEW		HIGH	NO	AUTO_KEEP	Phase-1 ingestion; no biological decision applied
BDH	bhb_c + nad_c <=> acac_c + h_c + nadh_c		EHJ91702_1		1.1.1.30						AUDIT_NOT_RUN_PHASE1	N/A		MEDIUM	NO	KEEP_FLAGGED	Phase-1 ingestion; no biological decision applied
BEF	betald_c + fad_c + h2o_c --> fadh2_c + glyb_c + h_c		EHJ91542_1		1.1.99.1;1.2.1.8						AUDIT_NOT_RUN_PHASE1	N/A		MEDIUM	NO	KEEP_FLAGGED	Phase-1 ingestion; no biological decision applied
BETALDHx	betald_c + h2o_c + nad_c --> glyb_c + 2.0 h_c + nadh_c		EHJ91543_1 or EHJ94867_1	EHJ91543_1 or [UNRESOLVED:Csal_1706] or [UNRESOLVED:Csal_2844] or EHJ92660_1	1.2.1.8;1.2.1.3			NO	CONFLICT		AUDIT_NOT_RUN_PHASE1	N/A		MEDIUM	NO	KEEP_FLAGGED	Phase-1 ingestion; no biological decision applied
BETALDHy	betald_c + h2o_c + nadp_c --> glyb_c + 2.0 h_c + nadph_c		EHJ91543_1 or EHJ94867_1	EHJ91543_1 or [UNRESOLVED:Csal_1706] or [UNRESOLVED:Csal_2844] or EHJ92660_1	1.2.1.8;1.2.1.3			NO	CONFLICT		AUDIT_NOT_RUN_PHASE1	N/A		MEDIUM	NO	KEEP_FLAGGED	Phase-1 ingestion; no biological decision applied
BHBtpp	bhb_p + h_p --> bhb_c + h_c										AUDIT_NOT_RUN_PHASE1	REVIEW		LOW	NO	REVIEW	Phase-1 ingestion; no biological decision applied
BPNT	h2o_c + pap_c --> amp_c + pi_c		EHJ94932_1	EHJ94932_1	3.1.3.7;3.1.3.97			YES	COMPLETE_HIGH		AUDIT_NOT_RUN_PHASE1	N/A		HIGH	NO	AUTO_KEEP	Phase-1 ingestion; no biological decision applied
BTDD_RR	btd_RR_c + nad_c <=> actn__R_c + h_c + nadh_c				1.1.1.4						AUDIT_NOT_RUN_PHASE1	N/A		LOW	NO	REVIEW	Phase-1 ingestion; no biological decision applied
BTDDtpp	btd_RR_p <=> btd_RR_c										AUDIT_NOT_RUN_PHASE1	REVIEW		LOW	NO	REVIEW	Phase-1 ingestion; no biological decision applied
BTS	btal_c + h_c + nadh_c --> 1btol_c + nad_c		EHJ93462_1 or EHJ93856_1		1.1.1.-;1.1.1.313						AUDIT_NOT_RUN_PHASE1	N/A		MEDIUM	NO	KEEP_FLAGGED	Phase-1 ingestion; no biological decision applied
BTS2	cys__L_c + dtbt_c <=> ala__L_c + btn_c + 2.0 h_c										AUDIT_NOT_RUN_PHASE1	N/A		LOW	NO	REVIEW	Phase-1 ingestion; no biological decision applied
BTS4	amet_c + dtbt_c + s_c --> btn_c + dad_5_c + h_c + met__L_c		EHJ93681_1		2.8.1.6						AUDIT_NOT_RUN_PHASE1	N/A		MEDIUM	NO	KEEP_FLAGGED	Phase-1 ingestion; no biological decision applied
BTS_nadph	btal_c + h_c + nadph_c --> 1btol_c + nadp_c				1.1.1.-;1.1.1.1;1.1.1.188;1.1.1.2;1.1.1.21						AUDIT_NOT_RUN_PHASE1	N/A		LOW	NO	REVIEW	Phase-1 ingestion; no biological decision applied
BUP	3uib_c + h2o_c + 2.0 h_c --> 3aib_c + co2_c + nh4_c										AUDIT_NOT_RUN_PHASE1	N/A		LOW	NO	REVIEW	Phase-1 ingestion; no biological decision applied
BUP2	3uib_c + h2o_c + 2.0 h_c --> 3aib__D_c + co2_c + nh4_c										AUDIT_NOT_RUN_PHASE1	N/A		LOW	NO	REVIEW	Phase-1 ingestion; no biological decision applied
BUPN	cala_c + h2o_c + 2.0 h_c --> ala_B_c + co2_c + nh4_c				3.5.1.6						AUDIT_NOT_RUN_PHASE1	N/A		LOW	NO	REVIEW	Phase-1 ingestion; no biological decision applied
BUTCT	accoa_c + but_c --> ac_c + btcoa_c		EHJ93965_1 or EHJ93966_1		2.8.3.8						AUDIT_NOT_RUN_PHASE1	N/A		MEDIUM	NO	KEEP_FLAGGED	Phase-1 ingestion; no biological decision applied
BUTCT2	acac_c + btcoa_c --> aacoa_c + but_c										AUDIT_NOT_RUN_PHASE1	N/A		LOW	NO	REVIEW	Phase-1 ingestion; no biological decision applied
BUTSO3abcpp	atp_c + butso3_p + h2o_c --> adp_c + butso3_c + h_c + pi_c										AUDIT_NOT_RUN_PHASE1	REVIEW		LOW	NO	REVIEW	Phase-1 ingestion; no biological decision applied
BUTSO3tex	butso3_e <=> butso3_p										AUDIT_NOT_RUN_PHASE1	REVIEW		LOW	NO	REVIEW	Phase-1 ingestion; no biological decision applied
BUTt2rpp	but_p + h_p <=> but_c + h_c		EHJ92902_1 or EHJ92981_1								AUDIT_NOT_RUN_PHASE1	REVIEW		MEDIUM	NO	KEEP_FLAGGED	Phase-1 ingestion; no biological decision applied
BUTt4pp	but_p + na1_p --> but_c + na1_c		EHJ92902_1								AUDIT_NOT_RUN_PHASE1	REVIEW		MEDIUM	NO	KEEP_FLAGGED	Phase-1 ingestion; no biological decision applied
BUTtex	but_e <=> but_p										AUDIT_NOT_RUN_PHASE1	REVIEW		LOW	NO	REVIEW	Phase-1 ingestion; no biological decision applied
BZt1pp	bz_p + h_p <=> bz_c + h_c										AUDIT_NOT_RUN_PHASE1	REVIEW		LOW	NO	REVIEW	Phase-1 ingestion; no biological decision applied
BZtex	bz_e <=> bz_p										AUDIT_NOT_RUN_PHASE1	REVIEW		LOW	NO	REVIEW	Phase-1 ingestion; no biological decision applied
CA2abcpp	atp_c + ca2_p + h2o_c --> adp_c + ca2_c + h_c + pi_c		EHJ91790_1		3.6.3.-;3.6.3.8						AUDIT_NOT_RUN_PHASE1	REVIEW		MEDIUM	NO	KEEP_FLAGGED	Phase-1 ingestion; no biological decision applied
CA2tex	ca2_e <=> ca2_p			[UNRESOLVED:Csal_2569]	3.6.3.8			NO	NO_MAPPING		AUDIT_NOT_RUN_PHASE1	REVIEW		LOW	NO	REVIEW	Phase-1 ingestion; no biological decision applied
CARNabcpp	atp_c + carn_p + h2o_c --> adp_c + carn_c + h_c + pi_c		(EHJ92037_1 and EHJ92038_1 and EHJ93627_1 and EHJ93628_1) or (EHJ92037_1 and EHJ92038_1 and EHJ93626_1 and EHJ93627_1 and EHJ93628_1)								AUDIT_NOT_RUN_PHASE1	REVIEW		MEDIUM	NO	KEEP_FLAGGED	Phase-1 ingestion; no biological decision applied
CARNtex	carn_e <=> carn_p										AUDIT_NOT_RUN_PHASE1	REVIEW		LOW	NO	REVIEW	Phase-1 ingestion; no biological decision applied
CAT	2.0 h2o2_c --> 2.0 h2o_c + o2_c		EHJ93013_1 or EHJ93196_1 or EHJ94615_1	EHJ93196_1 or [UNRESOLVED:Csal_1100] or EHJ94615_1	1.11.1.21;1.11.1.6			NO	PARTIAL		AUDIT_NOT_RUN_PHASE1	N/A		MEDIUM	NO	KEEP_FLAGGED	Phase-1 ingestion; no biological decision applied
CATpp	2.0 h2o2_p --> 2.0 h2o_p + o2_p		EHJ93196_1		1.11.1.6;1.11.1.21						AUDIT_NOT_RUN_PHASE1	N/A		MEDIUM	NO	KEEP_FLAGGED	Phase-1 ingestion; no biological decision applied
CAt6pp	ca2_c + na1_p <=> ca2_p + na1_c		EHJ91886_1 or EHJ93922_1	EHJ91886_1				YES	COMPLETE_HIGH		AUDIT_NOT_RUN_PHASE1	REVIEW		HIGH	NO	AUTO_KEEP	Phase-1 ingestion; no biological decision applied
CBMKr	atp_c + co2_c + nh4_c <=> adp_c + cbp_c + 2.0 h_c		EHJ92621_1		2.7.2.2						AUDIT_NOT_RUN_PHASE1	N/A		MEDIUM	NO	KEEP_FLAGGED	Phase-1 ingestion; no biological decision applied
CBPAH	Ncbmpts_c + 2.0 h2o_c + h_c --> hco3_c + nh4_c + ptrc_c		EHJ91368_1 or EHJ93624_1								AUDIT_NOT_RUN_PHASE1	N/A		MEDIUM	NO	KEEP_FLAGGED	Phase-1 ingestion; no biological decision applied
CBPS	2.0 atp_c + gln__L_c + h2o_c + hco3_c --> 2.0 adp_c + cbp_c + glu__L_c + 2.0 h_c + pi_c		EHJ93901_1 or EHJ93902_1 or EHJ94210_1 or (EHJ93901_1 and EHJ93902_1)	EHJ93901_1 and EHJ93902_1	6.3.5.5;2.1.3.2;6.3.4.16			YES	COMPLETE_HIGH		AUDIT_NOT_RUN_PHASE1	N/A		HIGH	NO	AUTO_KEEP	Phase-1 ingestion; no biological decision applied
CD2abcpp	atp_c + cd2_c + h2o_c --> adp_c + cd2_p + h_c + pi_c		EHJ92788_1		3.6.3.3;3.6.3.46						AUDIT_NOT_RUN_PHASE1	REVIEW		MEDIUM	NO	KEEP_FLAGGED	Phase-1 ingestion; no biological decision applied
CD2t3pp	cd2_c + h_p --> cd2_p + h_c										AUDIT_NOT_RUN_PHASE1	REVIEW		LOW	NO	REVIEW	Phase-1 ingestion; no biological decision applied
CD2t4	cd2_c + h_e + k_e --> cd2_e + h_c + k_c										AUDIT_NOT_RUN_PHASE1	REVIEW		LOW	NO	REVIEW	Phase-1 ingestion; no biological decision applied
CD2t4pp	cd2_c + h_p + k_p --> cd2_p + h_c + k_c		EHJ91151_1 or EHJ91546_1 or EHJ92265_1 or (EHJ91151_1 and EHJ91546_1)								AUDIT_NOT_RUN_PHASE1	REVIEW		MEDIUM	NO	KEEP_FLAGGED	Phase-1 ingestion; no biological decision applied
CD2t5	cd2_c + h_p --> cd2_e + h_c		EHJ94665_1 and EHJ94767_1								AUDIT_NOT_RUN_PHASE1	REVIEW		MEDIUM	NO	KEEP_FLAGGED	Phase-1 ingestion; no biological decision applied
CD2t6	cd2_p + h_p --> cd2_e + h_c		EHJ94665_1 and EHJ94767_1								AUDIT_NOT_RUN_PHASE1	REVIEW		MEDIUM	NO	KEEP_FLAGGED	Phase-1 ingestion; no biological decision applied
CD2tex	cd2_e <=> cd2_p										AUDIT_NOT_RUN_PHASE1	REVIEW		LOW	NO	REVIEW	Phase-1 ingestion; no biological decision applied
CD2tpp	cd2_p --> cd2_c										AUDIT_NOT_RUN_PHASE1	REVIEW		LOW	NO	REVIEW	Phase-1 ingestion; no biological decision applied
CD6P	ctp_c + f6p_c --> cdp_c + fdp_c + h_c		EHJ91606_1		2.7.1.90						AUDIT_NOT_RUN_PHASE1	N/A		MEDIUM	NO	KEEP_FLAGGED	Phase-1 ingestion; no biological decision applied
CDGUNPD	cdigmp_c + h2o_c --> 5pg35pg_c + h_c		EHJ91479_1 or EHJ91611_1 or EHJ91614_1 or EHJ93593_1 or EHJ93927_1 or EHJ94147_1 or EHJ94182_1 or EHJ94370_1 or EHJ94778_1		2.7.13.3;3.1.4.52						AUDIT_NOT_RUN_PHASE1	N/A		MEDIUM	NO	KEEP_FLAGGED	Phase-1 ingestion; no biological decision applied
CDPMEK	4c2me_c + atp_c --> 2p4c2me_c + adp_c + h_c		EHJ92540_1	EHJ92540_1	2.7.1.148			YES	COMPLETE_HIGH		AUDIT_NOT_RUN_PHASE1	N/A		HIGH	NO	AUTO_KEEP	Phase-1 ingestion; no biological decision applied
CEPA	cellb_c + pi_c <=> g1p_c + glc__D_c				2.4.1.20						AUDIT_NOT_RUN_PHASE1	N/A		LOW	NO	REVIEW	Phase-1 ingestion; no biological decision applied
CGLYabcpp	atp_c + cgly_p + h2o_c --> adp_c + cgly_c + h_c + pi_c		(EHJ92037_1 and EHJ93725_1) or (EHJ92036_1 and EHJ92037_1 and EHJ93626_1 and EHJ93627_1) or (EHJ92037_1 and EHJ92038_1 and EHJ93626_1 and EHJ93627_1) or (EHJ92037_1 and EHJ92038_1 and EHJ93627_1 and EHJ93628_1) or (EHJ92037_1 and EHJ93626_1 and EHJ93627_1 and EHJ93725_1) or (EHJ92037_1 and EHJ92038_1 and EHJ93626_1 and EHJ93627_1 and EHJ93628_1)	EHJ91817_1				YES	COMPLETE_HIGH		AUDIT_NOT_RUN_PHASE1	REVIEW		HIGH	NO	AUTO_KEEP	Phase-1 ingestion; no biological decision applied
CGLYtex	cgly_e <=> cgly_p			[UNRESOLVED:Csal_2569]				NO	NO_MAPPING		AUDIT_NOT_RUN_PHASE1	REVIEW		LOW	NO	REVIEW	Phase-1 ingestion; no biological decision applied
CH4St	ch4s_e <=> ch4s_c										AUDIT_NOT_RUN_PHASE1	REVIEW		LOW	NO	REVIEW	Phase-1 ingestion; no biological decision applied
CHLabc	atp_c + chol_e + h2o_c --> adp_c + chol_c + h_c + pi_c		EHJ91835_1								AUDIT_NOT_RUN_PHASE1	REVIEW		MEDIUM	NO	KEEP_FLAGGED	Phase-1 ingestion; no biological decision applied
CHLabcpp	atp_c + chol_p + h2o_c --> adp_c + chol_c + h_c + pi_c		EHJ91834_1 and EHJ91835_1 and EHJ91836_1 and EHJ91837_1	([UNRESOLVED:Csal_2356] and [UNRESOLVED:Csal_2355] and [UNRESOLVED:Csal_2354] and [UNRESOLVED:Csal_2353]) or (EHJ91834_1 and EHJ91835_1 and EHJ91836_1 and EHJ91837_1)				NO	PARTIAL		AUDIT_NOT_RUN_PHASE1	REVIEW		MEDIUM	NO	KEEP_FLAGGED	Phase-1 ingestion; no biological decision applied
CHLt2	chol_e + h_e <=> chol_c + h_c		EHJ92842_1								AUDIT_NOT_RUN_PHASE1	REVIEW		MEDIUM	NO	KEEP_FLAGGED	Phase-1 ingestion; no biological decision applied
CHLt2pp	chol_p + h_p --> chol_c + h_c		EHJ92842_1	[UNRESOLVED:Csal_0219] or EHJ91545_1 or [UNRESOLVED:Csal_2457] or [UNRESOLVED:Csal_0223]				NO	PARTIAL		AUDIT_NOT_RUN_PHASE1	REVIEW		MEDIUM	NO	KEEP_FLAGGED	Phase-1 ingestion; no biological decision applied
CHLt3pp	chol_c + h_p --> chol_p + h_c		EHJ92974_1								AUDIT_NOT_RUN_PHASE1	REVIEW		MEDIUM	NO	KEEP_FLAGGED	Phase-1 ingestion; no biological decision applied
CHLtex	chol_e <=> chol_p			[UNRESOLVED:Csal_2569]				NO	NO_MAPPING		AUDIT_NOT_RUN_PHASE1	REVIEW		LOW	NO	REVIEW	Phase-1 ingestion; no biological decision applied
CHOLD	chol_c + nad_c --> betald_c + h_c + nadh_c		EHJ91542_1 or EHJ92656_1	EHJ91542_1	1.1.1.-;1.1.1.1;1.1.99.1;1.2.1.8			YES	COMPLETE_HIGH		AUDIT_NOT_RUN_PHASE1	N/A		HIGH	NO	AUTO_KEEP	Phase-1 ingestion; no biological decision applied
CHOLt4ipp	chol_p + na1_p --> chol_c + na1_c		EHJ92717_1 or EHJ94539_1								AUDIT_NOT_RUN_PHASE1	REVIEW		MEDIUM	NO	KEEP_FLAGGED	Phase-1 ingestion; no biological decision applied
CHORM	chor_c --> pphn_c		EHJ91631_1	EHJ91631_1	5.4.99.5;4.2.1.51			YES	COMPLETE_HIGH		AUDIT_NOT_RUN_PHASE1	N/A		HIGH	NO	AUTO_KEEP	Phase-1 ingestion; no biological decision applied
CHORS	3psme_c --> chor_c + pi_c		EHJ92374_1	EHJ92374_1	4.2.3.5			YES	COMPLETE_HIGH		AUDIT_NOT_RUN_PHASE1	N/A		HIGH	NO	AUTO_KEEP	Phase-1 ingestion; no biological decision applied
CHORt2	chor_e + h_e <=> chor_c + h_c										AUDIT_NOT_RUN_PHASE1	REVIEW		LOW	NO	REVIEW	Phase-1 ingestion; no biological decision applied
CHRPL	chor_c --> 4hbz_c + pyr_c		EHJ94342_1	EHJ94342_1	4.1.3.40			YES	COMPLETE_HIGH		AUDIT_NOT_RUN_PHASE1	N/A		HIGH	NO	AUTO_KEEP	Phase-1 ingestion; no biological decision applied
CHTBStex	chtbs_e <=> chtbs_p										AUDIT_NOT_RUN_PHASE1	REVIEW		LOW	NO	REVIEW	Phase-1 ingestion; no biological decision applied
CINNMCOAH	cinmcoa_c + h2o_c --> cinnm_c + coa_c + h_c										AUDIT_NOT_RUN_PHASE1	N/A		LOW	NO	REVIEW	Phase-1 ingestion; no biological decision applied
CINNMtex	cinnm_e <=> cinnm_p										AUDIT_NOT_RUN_PHASE1	REVIEW		LOW	NO	REVIEW	Phase-1 ingestion; no biological decision applied
CINNMtpp	cinnm_c <=> cinnm_p										AUDIT_NOT_RUN_PHASE1	REVIEW		LOW	NO	REVIEW	Phase-1 ingestion; no biological decision applied
CITt4pp_1	cit_p + na1_p --> cit_c + na1_c		EHJ94406_1 and EHJ94475_1 and EHJ94476_1								AUDIT_NOT_RUN_PHASE1	REVIEW		MEDIUM	NO	KEEP_FLAGGED	Phase-1 ingestion; no biological decision applied
CITtex	cit_e <=> cit_p			[UNRESOLVED:Csal_2569]				NO	NO_MAPPING		AUDIT_NOT_RUN_PHASE1	REVIEW		LOW	NO	REVIEW	Phase-1 ingestion; no biological decision applied
CITtupp	cit_p --> cit_c		EHJ94474_1 and EHJ94476_1								AUDIT_NOT_RUN_PHASE1	REVIEW		MEDIUM	NO	KEEP_FLAGGED	Phase-1 ingestion; no biological decision applied
CLBtex	cellb_e <=> cellb_p										AUDIT_NOT_RUN_PHASE1	REVIEW		LOW	NO	REVIEW	Phase-1 ingestion; no biological decision applied
CLPNH120pp	clpn120_p + h2o_p --> h_p + pa120_p + pg120_p										AUDIT_NOT_RUN_PHASE1	N/A		LOW	NO	REVIEW	Phase-1 ingestion; no biological decision applied
CLPNH140pp	clpn140_p + h2o_p --> h_p + pa140_p + pg140_p										AUDIT_NOT_RUN_PHASE1	N/A		LOW	NO	REVIEW	Phase-1 ingestion; no biological decision applied
CLPNH141pp	clpn141_p + h2o_p --> h_p + pa141_p + pg141_p										AUDIT_NOT_RUN_PHASE1	N/A		LOW	NO	REVIEW	Phase-1 ingestion; no biological decision applied
CLPNH160pp	clpn160_p + h2o_p --> h_p + pa160_p + pg160_p										AUDIT_NOT_RUN_PHASE1	N/A		LOW	NO	REVIEW	Phase-1 ingestion; no biological decision applied
CLPNH161pp	clpn161_p + h2o_p --> h_p + pa161_p + pg161_p										AUDIT_NOT_RUN_PHASE1	N/A		LOW	NO	REVIEW	Phase-1 ingestion; no biological decision applied
CLPNH180pp	clpn180_p + h2o_p --> h_p + pa180_p + pg180_p										AUDIT_NOT_RUN_PHASE1	N/A		LOW	NO	REVIEW	Phase-1 ingestion; no biological decision applied
CLPNH181pp	clpn181_p + h2o_p --> h_p + pa181_p + pg181_p										AUDIT_NOT_RUN_PHASE1	N/A		LOW	NO	REVIEW	Phase-1 ingestion; no biological decision applied
CLPNS120pp	2.0 pg120_p <=> clpn120_p + glyc_p		EHJ91720_1 or EHJ92909_1 or EHJ94094_1								AUDIT_NOT_RUN_PHASE1	N/A		MEDIUM	NO	KEEP_FLAGGED	Phase-1 ingestion; no biological decision applied
CLPNS140pp	2.0 pg140_p <=> clpn140_p + glyc_p		EHJ91720_1 or EHJ92909_1 or EHJ94094_1								AUDIT_NOT_RUN_PHASE1	N/A		MEDIUM	NO	KEEP_FLAGGED	Phase-1 ingestion; no biological decision applied
CLPNS141pp	2.0 pg141_p <=> clpn141_p + glyc_p		EHJ91720_1 or EHJ92909_1 or EHJ94094_1								AUDIT_NOT_RUN_PHASE1	N/A		MEDIUM	NO	KEEP_FLAGGED	Phase-1 ingestion; no biological decision applied
CLPNS160pp	2.0 pg160_p <=> clpn160_p + glyc_p		EHJ91720_1 or EHJ92909_1 or EHJ94094_1								AUDIT_NOT_RUN_PHASE1	N/A		MEDIUM	NO	KEEP_FLAGGED	Phase-1 ingestion; no biological decision applied
CLPNS161pp	2.0 pg161_p <=> clpn161_p + glyc_p		EHJ91720_1 or EHJ92909_1 or EHJ94094_1								AUDIT_NOT_RUN_PHASE1	N/A		MEDIUM	NO	KEEP_FLAGGED	Phase-1 ingestion; no biological decision applied
CLPNS180pp	2.0 pg180_p <=> clpn180_p + glyc_p		EHJ91720_1 or EHJ92909_1 or EHJ94094_1								AUDIT_NOT_RUN_PHASE1	N/A		MEDIUM	NO	KEEP_FLAGGED	Phase-1 ingestion; no biological decision applied
CLPNS181pp	2.0 pg181_p <=> clpn181_p + glyc_p		EHJ91720_1 or EHJ92909_1 or EHJ94094_1								AUDIT_NOT_RUN_PHASE1	N/A		MEDIUM	NO	KEEP_FLAGGED	Phase-1 ingestion; no biological decision applied
CLt3_2pp	2.0 cl_p + h_c --> 2.0 cl_c + h_p		EHJ94268_1	EHJ94268_1				YES	COMPLETE_HIGH		AUDIT_NOT_RUN_PHASE1	REVIEW		HIGH	NO	AUTO_KEEP	Phase-1 ingestion; no biological decision applied
CLtex	cl_e <=> cl_p			[UNRESOLVED:Csal_2569]				NO	NO_MAPPING		AUDIT_NOT_RUN_PHASE1	REVIEW		LOW	NO	REVIEW	Phase-1 ingestion; no biological decision applied
CMCBTFU	fcmcbtt_c --> cmcbtt_c + fe3_c + h_c										AUDIT_NOT_RUN_PHASE1	N/A		LOW	NO	REVIEW	Phase-1 ingestion; no biological decision applied
CO2t	co2_e <=> co2_c		spontaneous								AUDIT_NOT_RUN_PHASE1	REVIEW		MEDIUM	NO	KEEP_FLAGGED	Phase-1 ingestion; no biological decision applied
CO2tex	co2_e <=> co2_p		EHJ91165_1 or EHJ91859_1 or EHJ94255_1 or spontaneous	[UNRESOLVED:Csal_2569]				NO	NO_MAPPING		AUDIT_NOT_RUN_PHASE1	REVIEW		MEDIUM	NO	KEEP_FLAGGED	Phase-1 ingestion; no biological decision applied
CO2tpp	co2_p <=> co2_c		spontaneous	[UNRESOLVED:spontaneos]				NO	NO_MAPPING		AUDIT_NOT_RUN_PHASE1	REVIEW		MEDIUM	NO	KEEP_FLAGGED	Phase-1 ingestion; no biological decision applied
COALCDH	confrl_c + nad_c --> conialdh_c + h_c + nadh_c		EHJ92555_1								AUDIT_NOT_RUN_PHASE1	N/A		MEDIUM	NO	KEEP_FLAGGED	Phase-1 ingestion; no biological decision applied
COALDDH	conialdh_c + h2o_c + nad_c --> fer_c + 2.0 h_c + nadh_c		EHJ92764_1		1.2.1.68						AUDIT_NOT_RUN_PHASE1	N/A		MEDIUM	NO	KEEP_FLAGGED	Phase-1 ingestion; no biological decision applied
COBALT2abcpp	atp_c + cobalt2_c + h2o_c --> adp_c + cobalt2_p + h_c + pi_c			[UNRESOLVED:HB_MODEL_ID:EHJ93821_1]				NO	COMPLETE_HIGH		AUDIT_NOT_RUN_PHASE1	REVIEW		LOW	NO	REVIEW	Phase-1 ingestion; no biological decision applied
COBALT2t3pp	cobalt2_c + h_p --> cobalt2_p + h_c			[UNRESOLVED:Csal_0395]				NO	NO_MAPPING		AUDIT_NOT_RUN_PHASE1	REVIEW		LOW	NO	REVIEW	Phase-1 ingestion; no biological decision applied
COBALT2tex	cobalt2_e <=> cobalt2_p			[UNRESOLVED:Csal_2569]				NO	NO_MAPPING		AUDIT_NOT_RUN_PHASE1	REVIEW		LOW	NO	REVIEW	Phase-1 ingestion; no biological decision applied
COBALT2tpp	cobalt2_p --> cobalt2_c			EHJ92790_1				NO	COMPLETE_REVIEW		AUDIT_NOT_RUN_PHASE1	REVIEW		LOW	NO	REVIEW	Phase-1 ingestion; no biological decision applied
COBALTt4pp	cobalt2_c + h_p + k_p --> cobalt2_p + h_c + k_c		EHJ91151_1 or EHJ91546_1 or EHJ92265_1 or (EHJ91151_1 and EHJ91546_1)								AUDIT_NOT_RUN_PHASE1	REVIEW		MEDIUM	NO	KEEP_FLAGGED	Phase-1 ingestion; no biological decision applied
COBALTt5	cobalt2_c <=> cobalt2_e										AUDIT_NOT_RUN_PHASE1	REVIEW		LOW	NO	REVIEW	Phase-1 ingestion; no biological decision applied
CONFRLtex	confrl_e <=> confrl_p										AUDIT_NOT_RUN_PHASE1	REVIEW		LOW	NO	REVIEW	Phase-1 ingestion; no biological decision applied
CONFRLtpp	confrl_p <=> confrl_c										AUDIT_NOT_RUN_PHASE1	REVIEW		LOW	NO	REVIEW	Phase-1 ingestion; no biological decision applied
COabc	atp_c + cobalt2_e + h2o_c --> adp_c + cobalt2_c + h_c + pi_c		EHJ92396_1								AUDIT_NOT_RUN_PHASE1	REVIEW		MEDIUM	NO	KEEP_FLAGGED	Phase-1 ingestion; no biological decision applied
CPK1	cmp_c + ctp_c <=> 2.0 cdp_c		EHJ91513_1 or EHJ92912_1		2.7.4.3						AUDIT_NOT_RUN_PHASE1	N/A		MEDIUM	NO	KEEP_FLAGGED	Phase-1 ingestion; no biological decision applied
CPPPGO	cpppg3_c + 2.0 h_c + o2_c --> 2.0 co2_c + 2.0 h2o_c + pppg9_c		EHJ93670_1	EHJ93670_1	1.3.3.3			YES	COMPLETE_HIGH		AUDIT_NOT_RUN_PHASE1	N/A		HIGH	NO	AUTO_KEEP	Phase-1 ingestion; no biological decision applied
CPPPGO2	2.0 amet_c + cpppg3_c --> 2.0 co2_c + 2.0 dad_5_c + 2.0 met__L_c + pppg9_c		EHJ91677_1 or EHJ92896_1 or EHJ94256_1	EHJ94256_1	1.3.98.3;1.3.99.22			YES	COMPLETE_HIGH		AUDIT_NOT_RUN_PHASE1	N/A		HIGH	NO	AUTO_KEEP	Phase-1 ingestion; no biological decision applied
CRNDH	crn_c + nad_c --> dhcrn_c + h_c + nadh_c		EHJ94526_1		1.1.1.108						AUDIT_NOT_RUN_PHASE1	N/A		MEDIUM	NO	KEEP_FLAGGED	Phase-1 ingestion; no biological decision applied
CRNtex	crn_e <=> crn_p										AUDIT_NOT_RUN_PHASE1	REVIEW		LOW	NO	REVIEW	Phase-1 ingestion; no biological decision applied
CRO4t3	cro4_c + h_e --> cro4_e + h_c		EHJ93353_1								AUDIT_NOT_RUN_PHASE1	REVIEW		MEDIUM	NO	KEEP_FLAGGED	Phase-1 ingestion; no biological decision applied
CRO4tex	cro4_e <=> cro4_p										AUDIT_NOT_RUN_PHASE1	REVIEW		LOW	NO	REVIEW	Phase-1 ingestion; no biological decision applied
CS	accoa_c + h2o_c + oaa_c --> cit_c + coa_c + h_c		EHJ93188_1	EHJ93188_1	2.3.3.1;2.3.3.16;2.3.3.3			YES	COMPLETE_HIGH		AUDIT_NOT_RUN_PHASE1	N/A		HIGH	NO	AUTO_KEEP	Phase-1 ingestion; no biological decision applied
CSND	csn_c + h2o_c + h_c --> nh4_c + ura_c		EHJ92937_1 or EHJ94759_1	[UNRESOLVED:Csal_2506]	3.5.4.1			NO	NO_MAPPING		AUDIT_NOT_RUN_PHASE1	N/A		MEDIUM	NO	KEEP_FLAGGED	Phase-1 ingestion; no biological decision applied
CSNt2pp	csn_p + h_p --> csn_c + h_c			EHJ94760_1 or [UNRESOLVED:Csal_2841] or (EHJ92869_1 and EHJ92868_1)				NO	PARTIAL		AUDIT_NOT_RUN_PHASE1	REVIEW		LOW	NO	REVIEW	Phase-1 ingestion; no biological decision applied
CSNtex	csn_e <=> csn_p			[UNRESOLVED:Csal_2569]				NO	NO_MAPPING		AUDIT_NOT_RUN_PHASE1	REVIEW		LOW	NO	REVIEW	Phase-1 ingestion; no biological decision applied
CT6PT	ctp_c + tag6p__D_c --> cdp_c + h_c + tagdp__D_c		EHJ91606_1		2.7.1.90						AUDIT_NOT_RUN_PHASE1	N/A		MEDIUM	NO	KEEP_FLAGGED	Phase-1 ingestion; no biological decision applied
CTECOAI6	tdecoa_c --> td2coa_c		EHJ93246_1 or EHJ94459_1 or EHJ94565_1	EHJ92213_1	5.3.3.8			YES	COMPLETE_HIGH		AUDIT_NOT_RUN_PHASE1	N/A		HIGH	NO	AUTO_KEEP	Phase-1 ingestion; no biological decision applied
CTECOAI7	hdcoa_c --> hdd2coa_c		EHJ93246_1 or EHJ94459_1 or EHJ94565_1	EHJ92213_1	5.3.3.8			YES	COMPLETE_HIGH		AUDIT_NOT_RUN_PHASE1	N/A		HIGH	NO	AUTO_KEEP	Phase-1 ingestion; no biological decision applied
CTECOAI8	odecoa_c --> od2coa_c		EHJ93246_1 or EHJ94459_1 or EHJ94565_1	EHJ92213_1	5.3.3.8			YES	COMPLETE_HIGH		AUDIT_NOT_RUN_PHASE1	N/A		HIGH	NO	AUTO_KEEP	Phase-1 ingestion; no biological decision applied
CTI1	tde_2Z_coa_c <=> td2coa_c										AUDIT_NOT_RUN_PHASE1	N/A		LOW	NO	REVIEW	Phase-1 ingestion; no biological decision applied
CTPS1	atp_c + nh4_c + utp_c --> adp_c + ctp_c + 2.0 h_c + pi_c		EHJ93575_1		6.3.4.2						AUDIT_NOT_RUN_PHASE1	N/A		MEDIUM	NO	KEEP_FLAGGED	Phase-1 ingestion; no biological decision applied
CTPS2	atp_c + gln__L_c + h2o_c + utp_c --> adp_c + ctp_c + glu__L_c + 2.0 h_c + pi_c		EHJ93575_1	EHJ93575_1	6.3.4.2			YES	COMPLETE_HIGH		AUDIT_NOT_RUN_PHASE1	N/A		HIGH	NO	AUTO_KEEP	Phase-1 ingestion; no biological decision applied
CU2abcpp	atp_c + cu2_c + h2o_c --> adp_c + cu2_p + h_c + pi_c		EHJ92788_1 or EHJ92893_1	[UNRESOLVED:HB_MODEL_ID:EHJ93821_1]	3.6.3.-;3.6.3.4			NO	COMPLETE_HIGH		AUDIT_NOT_RUN_PHASE1	REVIEW		HIGH	NO	AUTO_KEEP	Phase-1 ingestion; no biological decision applied
CU2t4pp	cu2_c + h_p + k_p --> cu2_p + h_c + k_c										AUDIT_NOT_RUN_PHASE1	REVIEW		LOW	NO	REVIEW	Phase-1 ingestion; no biological decision applied
CU2tex	cu2_e <=> cu2_p			[UNRESOLVED:Csal_2569]				NO	NO_MAPPING		AUDIT_NOT_RUN_PHASE1	REVIEW		LOW	NO	REVIEW	Phase-1 ingestion; no biological decision applied
CU2tpp	cu2_p --> cu2_c			EHJ92790_1				NO	COMPLETE_REVIEW		AUDIT_NOT_RUN_PHASE1	REVIEW		LOW	NO	REVIEW	Phase-1 ingestion; no biological decision applied
CUabcpp	atp_c + cu2_p + h2o_c --> adp_c + cu2_c + h_c + pi_c		EHJ92893_1		3.6.3.4						AUDIT_NOT_RUN_PHASE1	REVIEW		MEDIUM	NO	KEEP_FLAGGED	Phase-1 ingestion; no biological decision applied
CYANST	cyan_c + tsul_c --> h_c + so3_c + tcynt_c		EHJ91080_1 or EHJ91268_1 or EHJ94217_1		2.8.1.1						AUDIT_NOT_RUN_PHASE1	N/A		MEDIUM	NO	KEEP_FLAGGED	Phase-1 ingestion; no biological decision applied
CYANtex	cyan_e <=> cyan_p										AUDIT_NOT_RUN_PHASE1	REVIEW		LOW	NO	REVIEW	Phase-1 ingestion; no biological decision applied
CYO1_KT	2.0 ficytc_c + 2.0 h_c + q8h2_c --> 2.0 focytc_c + 2.0 h_p + q8_c		EHJ91337_1 and EHJ91338_1 and EHJ91339_1								AUDIT_NOT_RUN_PHASE1	REVIEW		MEDIUM	NO	KEEP_FLAGGED	Phase-1 ingestion; no biological decision applied
CYO4pp	2.0 ficytc_c + pqqh2_p --> 2.0 focytc_c + pqq_p										AUDIT_NOT_RUN_PHASE1	REVIEW		LOW	NO	REVIEW	Phase-1 ingestion; no biological decision applied
CYSDDS	cys__D_c + h2o_c --> h2s_c + nh4_c + pyr_c		EHJ94647_1		4.4.1.15;3.5.99.7						AUDIT_NOT_RUN_PHASE1	N/A		MEDIUM	NO	KEEP_FLAGGED	Phase-1 ingestion; no biological decision applied
CYSDS	cys__L_c + h2o_c --> h2s_c + nh4_c + pyr_c		EHJ93848_1 or EHJ94647_1		4.4.1.1;4.4.1.28;4.4.1.8;3.5.99.7;4.4.1.13						AUDIT_NOT_RUN_PHASE1	N/A		MEDIUM	NO	KEEP_FLAGGED	Phase-1 ingestion; no biological decision applied
CYSDSF	cys__L_c --> ala__L_c + s_c		EHJ93655_1		2.8.1.7						AUDIT_NOT_RUN_PHASE1	N/A		MEDIUM	NO	KEEP_FLAGGED	Phase-1 ingestion; no biological decision applied
CYSS	acser_c + h2s_c --> ac_c + cys__L_c + h_c		EHJ91437_1 or EHJ92483_1	[UNRESOLVED:Csal_1467] or [UNRESOLVED:Csal_1086]	2.5.1.47;2.5.1.65			NO	NO_MAPPING		AUDIT_NOT_RUN_PHASE1	N/A		MEDIUM	NO	KEEP_FLAGGED	Phase-1 ingestion; no biological decision applied
CYSS_2	acser_c + h2s_c --> ac_c + cys__L_c + h_c		EHJ92483_1		2.5.1.47;2.5.1.65						AUDIT_NOT_RUN_PHASE1	N/A		MEDIUM	NO	KEEP_FLAGGED	Phase-1 ingestion; no biological decision applied
CYSTA	akg_c + cys__L_c <=> glu__L_c + mercppyr_c		EHJ91945_1		2.6.1.1;2.6.1.3						AUDIT_NOT_RUN_PHASE1	N/A		MEDIUM	NO	KEEP_FLAGGED	Phase-1 ingestion; no biological decision applied
CYSTL	cyst__L_c + h2o_c --> hcys__L_c + nh4_c + pyr_c		EHJ93848_1	EHJ93848_1	4.4.1.8;4.4.1.13			YES	COMPLETE_HIGH		AUDIT_NOT_RUN_PHASE1	N/A		HIGH	NO	AUTO_KEEP	Phase-1 ingestion; no biological decision applied
CYSTS	hcys__L_c + ser__L_c --> cyst__L_c + h2o_c				4.2.1.22						AUDIT_NOT_RUN_PHASE1	N/A		LOW	NO	REVIEW	Phase-1 ingestion; no biological decision applied
CYSabc	atp_c + cys__L_e + h2o_c --> adp_c + cys__L_c + h_c + pi_c				3.6.3.21						AUDIT_NOT_RUN_PHASE1	REVIEW		LOW	NO	REVIEW	Phase-1 ingestion; no biological decision applied
CYSabc2pp	atp_c + cys__L_c + h2o_c --> adp_c + cys__L_p + h_c + pi_c		EHJ91883_1 and EHJ93002_1	(EHJ94929_1 and EHJ94930_1 and EHJ94931_1) or (EHJ94445_1 and [UNRESOLVED:Csal_0121] and EHJ94443_1 and EHJ94442_1)	3.6.3.21			NO	PARTIAL		AUDIT_NOT_RUN_PHASE1	REVIEW		MEDIUM	NO	KEEP_FLAGGED	Phase-1 ingestion; no biological decision applied
CYSabcpp	atp_c + cys__L_p + h2o_c --> adp_c + cys__L_c + h_c + pi_c				3.6.3.21						AUDIT_NOT_RUN_PHASE1	REVIEW		LOW	NO	REVIEW	Phase-1 ingestion; no biological decision applied
CYStex	cys__L_e <=> cys__L_p			[UNRESOLVED:Csal_2569]				NO	NO_MAPPING		AUDIT_NOT_RUN_PHASE1	REVIEW		LOW	NO	REVIEW	Phase-1 ingestion; no biological decision applied
CYStpp	cys__L_c --> cys__L_p		EHJ92108_1 or EHJ92858_1 or EHJ92984_1 or EHJ93469_1	EHJ92984_1				YES	COMPLETE_HIGH		AUDIT_NOT_RUN_PHASE1	REVIEW		HIGH	NO	AUTO_KEEP	Phase-1 ingestion; no biological decision applied
CYTBD	2.0 h_c + 0.5 o2_c + q8h2_c --> h2o_c + 2.0 h_e + q8_c										AUDIT_NOT_RUN_PHASE1	REVIEW		LOW	NO	REVIEW	Phase-1 ingestion; no biological decision applied
CYTBD2pp	2.0 h_c + mql8_c + 0.5 o2_c --> h2o_c + 2.0 h_p + mqn8_c		(EHJ91881_1 and EHJ93002_1) or (EHJ93005_1 and EHJ93006_1)	EHJ91884_1 and EHJ91885_1				YES	COMPLETE_HIGH		AUDIT_NOT_RUN_PHASE1	REVIEW		HIGH	NO	AUTO_KEEP	Phase-1 ingestion; no biological decision applied
CYTBDpp	2.0 h_c + 0.5 o2_c + q8h2_c --> h2o_c + 2.0 h_p + q8_c		(EHJ93005_1 and EHJ93006_1) or (EHJ94557_1 and EHJ94558_1) or (EHJ93004_1 and EHJ93005_1 and EHJ93006_1)	EHJ91884_1 and EHJ91885_1				YES	COMPLETE_HIGH		AUDIT_NOT_RUN_PHASE1	REVIEW		HIGH	NO	AUTO_KEEP	Phase-1 ingestion; no biological decision applied
CYTBO3_4pp	4.0 h_c + 0.5 o2_c + q8h2_c --> h2o_c + 4.0 h_p + q8_c		EHJ93311_1 and EHJ93312_1 and EHJ93313_1 and EHJ93314_1	EHJ93314_1 and [UNRESOLVED:Csal_0955] and EHJ93312_1 and EHJ93311_1 and EHJ93310_1				NO	CONFLICT		AUDIT_NOT_RUN_PHASE1	REVIEW		MEDIUM	NO	KEEP_FLAGGED	Phase-1 ingestion; no biological decision applied
CYTCAA3pp	2.0 focytc_c + 2.0 h_c + 0.5 o2_c --> 2.0 ficytc_c + h2o_c + 2.0 h_p		EHJ91866_1 and EHJ91867_1 and EHJ91868_1 and EHJ91869_1								AUDIT_NOT_RUN_PHASE1	REVIEW		MEDIUM	NO	KEEP_FLAGGED	Phase-1 ingestion; no biological decision applied
CYTD	cytd_c + h2o_c + h_c --> nh4_c + uri_c		EHJ93323_1	EHJ93323_1	3.5.4.5			YES	COMPLETE_HIGH		AUDIT_NOT_RUN_PHASE1	N/A		HIGH	NO	AUTO_KEEP	Phase-1 ingestion; no biological decision applied
CYTDt2	cytd_e + h_e --> cytd_c + h_c		EHJ93318_1								AUDIT_NOT_RUN_PHASE1	REVIEW		MEDIUM	NO	KEEP_FLAGGED	Phase-1 ingestion; no biological decision applied
CYTDtex	cytd_e <=> cytd_p										AUDIT_NOT_RUN_PHASE1	REVIEW		LOW	NO	REVIEW	Phase-1 ingestion; no biological decision applied
CYTK1	atp_c + cmp_c <=> adp_c + cdp_c		EHJ91513_1 or EHJ91633_1	EHJ91633_1	2.7.4.14;2.7.4.25;2.7.4.3			YES	COMPLETE_HIGH		AUDIT_NOT_RUN_PHASE1	N/A		HIGH	NO	AUTO_KEEP	Phase-1 ingestion; no biological decision applied
CYTK2	atp_c + dcmp_c <=> adp_c + dcdp_c		EHJ91513_1 or EHJ91633_1	EHJ91633_1	2.7.4.13;2.7.4.14;2.7.4.25;2.7.4.3			YES	COMPLETE_HIGH		AUDIT_NOT_RUN_PHASE1	N/A		HIGH	NO	AUTO_KEEP	Phase-1 ingestion; no biological decision applied
CYTK2_1	ctp_c + dcmp_c <=> cdp_c + dcdp_c		EHJ91513_1 or EHJ92912_1		2.7.4.3						AUDIT_NOT_RUN_PHASE1	N/A		MEDIUM	NO	KEEP_FLAGGED	Phase-1 ingestion; no biological decision applied
CYTMQOR3pp	2.0 ficytC_c + h_c + mql8_c --> 2.0 focytC_c + 3.0 h_p + mqn8_c										AUDIT_NOT_RUN_PHASE1	REVIEW		LOW	NO	REVIEW	Phase-1 ingestion; no biological decision applied
Clt	cl_e <=> cl_c		EHJ94268_1								AUDIT_NOT_RUN_PHASE1	REVIEW		MEDIUM	NO	KEEP_FLAGGED	Phase-1 ingestion; no biological decision applied
Cobalt2abcppI	atp_c + cobalt2_p + h2o_c --> adp_c + cobalt2_c + h_c + pi_c		EHJ92495_1 and EHJ94694_1								AUDIT_NOT_RUN_PHASE1	REVIEW		MEDIUM	NO	KEEP_FLAGGED	Phase-1 ingestion; no biological decision applied
Cuabc	atp_c + cu2_e + h2o_c --> adp_c + cu2_c + h_c + pi_c		EHJ92893_1		3.6.3.4						AUDIT_NOT_RUN_PHASE1	REVIEW		MEDIUM	NO	KEEP_FLAGGED	Phase-1 ingestion; no biological decision applied
Cut1	atp_c + cu2_c + h2o_c --> adp_c + cu2_e + h_c + pi_c		EHJ92893_1		3.6.3.-;3.6.3.4						AUDIT_NOT_RUN_PHASE1	REVIEW		MEDIUM	NO	KEEP_FLAGGED	Phase-1 ingestion; no biological decision applied
D3AIBT	3aib__D_c + pyr_c <=> 2mop_c + ala__L_c										AUDIT_NOT_RUN_PHASE1	N/A		LOW	NO	REVIEW	Phase-1 ingestion; no biological decision applied
D4DGCD	5d4dglcr_c + h_c --> 25dop_c + co2_c + h2o_c										AUDIT_NOT_RUN_PHASE1	N/A		LOW	NO	REVIEW	Phase-1 ingestion; no biological decision applied
D5KGK	atp_c + d5kg_c --> adp_c + d5kgp_c + h_c		EHJ94635_1 or EHJ94641_1		2.7.1.92						AUDIT_NOT_RUN_PHASE1	N/A		MEDIUM	NO	KEEP_FLAGGED	Phase-1 ingestion; no biological decision applied
D5KGPA	d5kgp_c --> dhap_c + msa_c				4.1.2.29						AUDIT_NOT_RUN_PHASE1	N/A		LOW	NO	REVIEW	Phase-1 ingestion; no biological decision applied
DAAD	ala__D_c + fad_c + h2o_c --> fadh2_c + nh4_c + pyr_c		EHJ94689_1	[UNRESOLVED:Csal_1318] and EHJ92682_1	1.4.99.1			NO	PARTIAL		AUDIT_NOT_RUN_PHASE1	N/A		MEDIUM	NO	KEEP_FLAGGED	Phase-1 ingestion; no biological decision applied
DAAD7	fad_c + pro__D_c --> 1p2cbxl_c + fadh2_c										AUDIT_NOT_RUN_PHASE1	N/A		LOW	NO	REVIEW	Phase-1 ingestion; no biological decision applied
DABAAT2	24dab_c + akg_c + h_c <=> aspsa_c + glu__L_c		EHJ91753_1 or EHJ94678_1		2.6.1.76						AUDIT_NOT_RUN_PHASE1	N/A		MEDIUM	NO	KEEP_FLAGGED	Phase-1 ingestion; no biological decision applied
DACL	abg4_c + h2o_c + h_c <=> 4abz_c + glu__D_c										AUDIT_NOT_RUN_PHASE1	N/A		LOW	NO	REVIEW	Phase-1 ingestion; no biological decision applied
DADA	dad_2_c + h2o_c + h_c --> din_c + nh4_c		EHJ91880_1	[UNRESOLVED:Csal_1983]	3.5.4.4;3.5.4.2			NO	CONFLICT		AUDIT_NOT_RUN_PHASE1	N/A		MEDIUM	NO	KEEP_FLAGGED	Phase-1 ingestion; no biological decision applied
DADK	atp_c + damp_c <=> adp_c + dadp_c		EHJ91513_1 or EHJ92912_1	EHJ92912_1	2.7.4.11;2.7.4.13;2.7.4.3			YES	COMPLETE_HIGH		AUDIT_NOT_RUN_PHASE1	N/A		HIGH	NO	AUTO_KEEP	Phase-1 ingestion; no biological decision applied
DADNt2	dad_2_e + h_e --> dad_2_c + h_c		EHJ93318_1								AUDIT_NOT_RUN_PHASE1	REVIEW		MEDIUM	NO	KEEP_FLAGGED	Phase-1 ingestion; no biological decision applied
DAGK120	12dgr120_c + atp_c --> adp_c + h_c + pa120_c		EHJ92972_1	EHJ92972_1	2.7.1.107			YES	COMPLETE_HIGH		AUDIT_NOT_RUN_PHASE1	N/A		HIGH	NO	AUTO_KEEP	Phase-1 ingestion; no biological decision applied
DAGK140	12dgr140_c + atp_c --> adp_c + h_c + pa140_c		EHJ92972_1	EHJ92972_1	2.7.1.107			YES	COMPLETE_HIGH		AUDIT_NOT_RUN_PHASE1	N/A		HIGH	NO	AUTO_KEEP	Phase-1 ingestion; no biological decision applied
DAGK141	12dgr141_c + atp_c --> adp_c + h_c + pa141_c		EHJ92972_1	EHJ92972_1	2.7.1.107			YES	COMPLETE_HIGH		AUDIT_NOT_RUN_PHASE1	N/A		HIGH	NO	AUTO_KEEP	Phase-1 ingestion; no biological decision applied
DAGK160	12dgr160_c + atp_c --> adp_c + h_c + pa160_c		EHJ91287_1 or EHJ92972_1	EHJ92972_1	2.7.1.107			YES	COMPLETE_HIGH		AUDIT_NOT_RUN_PHASE1	N/A		HIGH	NO	AUTO_KEEP	Phase-1 ingestion; no biological decision applied
DAGK161	12dgr161_c + atp_c --> adp_c + h_c + pa161_c		EHJ92972_1	EHJ92972_1	2.7.1.107			YES	COMPLETE_HIGH		AUDIT_NOT_RUN_PHASE1	N/A		HIGH	NO	AUTO_KEEP	Phase-1 ingestion; no biological decision applied
DAGK180	12dgr180_c + atp_c --> adp_c + h_c + pa180_c		EHJ92972_1	EHJ92972_1	2.7.1.107			YES	COMPLETE_HIGH		AUDIT_NOT_RUN_PHASE1	N/A		HIGH	NO	AUTO_KEEP	Phase-1 ingestion; no biological decision applied
DAGK181	12dgr181_c + atp_c --> adp_c + h_c + pa181_c		EHJ92972_1	EHJ92972_1	2.7.1.107			YES	COMPLETE_HIGH		AUDIT_NOT_RUN_PHASE1	N/A		HIGH	NO	AUTO_KEEP	Phase-1 ingestion; no biological decision applied
DALAabcpp	ala__D_p + atp_c + h2o_c --> adp_c + ala__D_c + h_c + pi_c		EHJ91458_1 and EHJ91460_1 and EHJ92565_1								AUDIT_NOT_RUN_PHASE1	REVIEW		MEDIUM	NO	KEEP_FLAGGED	Phase-1 ingestion; no biological decision applied
DALAt2r	ala__D_e + h_e <=> ala__D_c + h_c										AUDIT_NOT_RUN_PHASE1	REVIEW		LOW	NO	REVIEW	Phase-1 ingestion; no biological decision applied
DALAtex	ala__D_e <=> ala__D_p			[UNRESOLVED:Csal_2569]				NO	NO_MAPPING		AUDIT_NOT_RUN_PHASE1	REVIEW		LOW	NO	REVIEW	Phase-1 ingestion; no biological decision applied
DAPDC	26dap__M_c + h_c --> co2_c + lys__L_c		EHJ94373_1	EHJ94373_1	4.1.1.20			YES	COMPLETE_HIGH		AUDIT_NOT_RUN_PHASE1	N/A		HIGH	NO	AUTO_KEEP	Phase-1 ingestion; no biological decision applied
DAPE	26dap_LL_c <=> 26dap__M_c		EHJ94374_1	EHJ94374_1	5.1.1.7			YES	COMPLETE_HIGH		AUDIT_NOT_RUN_PHASE1	N/A		HIGH	NO	AUTO_KEEP	Phase-1 ingestion; no biological decision applied
DARBabcpp	arab__D_p + atp_c + h2o_c --> adp_c + arab__D_c + h_c + pi_c										AUDIT_NOT_RUN_PHASE1	REVIEW		LOW	NO	REVIEW	Phase-1 ingestion; no biological decision applied
DARBt3ipp	arab__D_c + h_p --> arab__D_p + h_c										AUDIT_NOT_RUN_PHASE1	REVIEW		LOW	NO	REVIEW	Phase-1 ingestion; no biological decision applied
DARBtex	arab__D_e <=> arab__D_p										AUDIT_NOT_RUN_PHASE1	REVIEW		LOW	NO	REVIEW	Phase-1 ingestion; no biological decision applied
DASYN120	ctp_c + h_c + pa120_c --> cdpdddecg_c + ppi_c		EHJ93779_1	EHJ93779_1	2.7.7.41			YES	COMPLETE_HIGH		AUDIT_NOT_RUN_PHASE1	N/A		HIGH	NO	AUTO_KEEP	Phase-1 ingestion; no biological decision applied
DASYN140	ctp_c + h_c + pa140_c --> cdpdtdecg_c + ppi_c		EHJ93779_1	EHJ93779_1	2.7.7.41			YES	COMPLETE_HIGH		AUDIT_NOT_RUN_PHASE1	N/A		HIGH	NO	AUTO_KEEP	Phase-1 ingestion; no biological decision applied
DASYN141	ctp_c + h_c + pa141_c --> cdpdtdec7eg_c + ppi_c		EHJ93779_1	EHJ93779_1	2.7.7.41			YES	COMPLETE_HIGH		AUDIT_NOT_RUN_PHASE1	N/A		HIGH	NO	AUTO_KEEP	Phase-1 ingestion; no biological decision applied
DASYN160	ctp_c + h_c + pa160_c --> cdpdhdecg_c + ppi_c		EHJ93779_1	EHJ93779_1	2.7.7.41			YES	COMPLETE_HIGH		AUDIT_NOT_RUN_PHASE1	N/A		HIGH	NO	AUTO_KEEP	Phase-1 ingestion; no biological decision applied
DASYN161	ctp_c + h_c + pa161_c --> cdpdhdec9eg_c + ppi_c		EHJ93779_1	EHJ93779_1	2.7.7.41			YES	COMPLETE_HIGH		AUDIT_NOT_RUN_PHASE1	N/A		HIGH	NO	AUTO_KEEP	Phase-1 ingestion; no biological decision applied
DASYN180	ctp_c + h_c + pa180_c --> cdpdodecg_c + ppi_c		EHJ93779_1	EHJ93779_1	2.7.7.41			YES	COMPLETE_HIGH		AUDIT_NOT_RUN_PHASE1	N/A		HIGH	NO	AUTO_KEEP	Phase-1 ingestion; no biological decision applied
DASYN181	ctp_c + h_c + pa181_c --> cdpdodec11eg_c + ppi_c		EHJ93779_1	EHJ93779_1	2.7.7.41			YES	COMPLETE_HIGH		AUDIT_NOT_RUN_PHASE1	N/A		HIGH	NO	AUTO_KEEP	Phase-1 ingestion; no biological decision applied
DATPHs	datp_c + h2o_c + h_c --> ditp_c + nh4_c		spontaneous								AUDIT_NOT_RUN_PHASE1	N/A		SPECIAL	NO	SPECIAL_RULE	Phase-1 ingestion; no biological decision applied
DB4PS	ru5p__D_c --> db4p_c + for_c		EHJ91118_1 or EHJ93267_1	[UNRESOLVED:Csal_2584]	4.1.99.12;3.5.4.25			NO	CONFLICT		AUDIT_NOT_RUN_PHASE1	N/A		MEDIUM	NO	KEEP_FLAGGED	Phase-1 ingestion; no biological decision applied
DC6PH	chtbs6p_c + h2o_c --> acgam6p_c + acgam_c										AUDIT_NOT_RUN_PHASE1	N/A		LOW	NO	REVIEW	Phase-1 ingestion; no biological decision applied
DCAtex	dca_e <=> dca_p			[UNRESOLVED:Csal_2569]				NO	NO_MAPPING		AUDIT_NOT_RUN_PHASE1	REVIEW		LOW	NO	REVIEW	Phase-1 ingestion; no biological decision applied
DCTPD	dctp_c + h2o_c + h_c --> dutp_c + nh4_c		EHJ91939_1	EHJ91939_1	3.5.4.13			YES	COMPLETE_HIGH		AUDIT_NOT_RUN_PHASE1	N/A		HIGH	NO	AUTO_KEEP	Phase-1 ingestion; no biological decision applied
DCTPD2	ctp_c + h2o_c + h_c --> nh4_c + utp_c		EHJ91939_1		3.5.4.13						AUDIT_NOT_RUN_PHASE1	N/A		MEDIUM	NO	KEEP_FLAGGED	Phase-1 ingestion; no biological decision applied
DCYTD	dcyt_c + h2o_c + h_c --> duri_c + nh4_c		EHJ93323_1	EHJ93323_1	3.5.4.5			YES	COMPLETE_HIGH		AUDIT_NOT_RUN_PHASE1	N/A		HIGH	NO	AUTO_KEEP	Phase-1 ingestion; no biological decision applied
DCYTt2	dcyt_e + h_e --> dcyt_c + h_c		EHJ93318_1								AUDIT_NOT_RUN_PHASE1	REVIEW		MEDIUM	NO	KEEP_FLAGGED	Phase-1 ingestion; no biological decision applied
DDCAtexi	ddca_e --> ddca_p			[UNRESOLVED:Csal_3004]				NO	NO_MAPPING		AUDIT_NOT_RUN_PHASE1	REVIEW		LOW	NO	REVIEW	Phase-1 ingestion; no biological decision applied
DDGALK	2dh3dgal_c + atp_c --> 2dh3dgal6p_c + adp_c + h_c			[UNRESOLVED:Csal_2605]	2.7.1.178;2.7.1.58			NO	NO_MAPPING		AUDIT_NOT_RUN_PHASE1	N/A		LOW	NO	REVIEW	Phase-1 ingestion; no biological decision applied
DDGLK	2ddglcn_c + atp_c --> 2ddg6p_c + adp_c + h_c			EHJ91213_1	2.7.1.178;2.7.1.45			YES	COMPLETE_HIGH		AUDIT_NOT_RUN_PHASE1	N/A		LOW	NO	REVIEW	Phase-1 ingestion; no biological decision applied
DDPA	e4p_c + h2o_c + pep_c --> 2dda7p_c + pi_c		EHJ91423_1 or EHJ93759_1	EHJ93759_1 or EHJ91423_1	2.5.1.54			NO	COMPLETE_REVIEW		AUDIT_NOT_RUN_PHASE1	N/A		MEDIUM	NO	KEEP_FLAGGED	Phase-1 ingestion; no biological decision applied
DDPGA	4h2oglt_c <=> glx_c + pyr_c		EHJ92135_1		4.1.3.16;4.1.3.42;4.1.2.14						AUDIT_NOT_RUN_PHASE1	N/A		MEDIUM	NO	KEEP_FLAGGED	Phase-1 ingestion; no biological decision applied
DDPGALA	2dh3dgal6p_c <=> g3p_c + pyr_c		EHJ92132_1	EHJ92132_1	4.1.2.21;4.1.2.55			YES	COMPLETE_HIGH		AUDIT_NOT_RUN_PHASE1	N/A		HIGH	NO	AUTO_KEEP	Phase-1 ingestion; no biological decision applied
DEXTRINt2	dextrin_e + h_e --> dextrin_c + h_c										AUDIT_NOT_RUN_PHASE1	REVIEW		LOW	NO	REVIEW	Phase-1 ingestion; no biological decision applied
DGK1	atp_c + dgmp_c <=> adp_c + dgdp_c		EHJ94330_1	EHJ94330_1	2.7.4.12;2.7.4.13;2.7.4.8			YES	COMPLETE_HIGH		AUDIT_NOT_RUN_PHASE1	N/A		HIGH	NO	AUTO_KEEP	Phase-1 ingestion; no biological decision applied
DGSNtex	dgsn_e <=> dgsn_p			[UNRESOLVED:Csal_2569]				NO	NO_MAPPING		AUDIT_NOT_RUN_PHASE1	REVIEW		LOW	NO	REVIEW	Phase-1 ingestion; no biological decision applied
DGUNC	2.0 gtp_c --> cdigmp_c + 2.0 ppi_c		EHJ91202_1 or EHJ92027_1 or EHJ92966_1 or EHJ93594_1 or EHJ94120_1								AUDIT_NOT_RUN_PHASE1	N/A		MEDIUM	NO	KEEP_FLAGGED	Phase-1 ingestion; no biological decision applied
DHAD1	23dhmb_c --> 3mob_c + h2o_c		EHJ91127_1 or EHJ92472_1 or EHJ94877_1 or EHJ94886_1	[UNRESOLVED:Csal_1142] or EHJ92472_1 or EHJ94877_1	4.2.1.9			NO	PARTIAL		AUDIT_NOT_RUN_PHASE1	N/A		MEDIUM	NO	KEEP_FLAGGED	Phase-1 ingestion; no biological decision applied
DHAD2	23dhmp_c --> 3mop_c + h2o_c		EHJ91127_1 or EHJ92472_1 or EHJ94877_1 or EHJ94886_1	[UNRESOLVED:Csal_1142] or EHJ94877_1 or EHJ92472_1	4.2.1.9			NO	PARTIAL		AUDIT_NOT_RUN_PHASE1	N/A		MEDIUM	NO	KEEP_FLAGGED	Phase-1 ingestion; no biological decision applied
DHAK	atp_c + dha_c --> adp_c + dhap_c + h_c				2.7.1.29						AUDIT_NOT_RUN_PHASE1	N/A		LOW	NO	REVIEW	Phase-1 ingestion; no biological decision applied
DHAPT	dha_c + pep_c --> dhap_c + pyr_c				2.7.1.121						AUDIT_NOT_RUN_PHASE1	N/A		LOW	NO	REVIEW	Phase-1 ingestion; no biological decision applied
DHAt	dha_e <=> dha_c										AUDIT_NOT_RUN_PHASE1	REVIEW		LOW	NO	REVIEW	Phase-1 ingestion; no biological decision applied
DHDPRx_r	23dhdp_c + h_c + nadh_c --> nad_c + thdp_c		EHJ93904_1		1.3.1.26;1.17.1.8						AUDIT_NOT_RUN_PHASE1	N/A		MEDIUM	NO	KEEP_FLAGGED	Phase-1 ingestion; no biological decision applied
DHDPRy	23dhdp_c + h_c + nadph_c --> nadp_c + thdp_c		EHJ93904_1	EHJ93904_1	1.3.1.26;1.17.1.8			YES	COMPLETE_HIGH		AUDIT_NOT_RUN_PHASE1	N/A		HIGH	NO	AUTO_KEEP	Phase-1 ingestion; no biological decision applied
DHDPS	aspsa_c + pyr_c --> 23dhdp_c + 2.0 h2o_c + h_c		EHJ92519_1 or EHJ92681_1 or EHJ92922_1	EHJ92922_1 or EHJ92681_1	4.3.3.7			NO	COMPLETE_REVIEW		AUDIT_NOT_RUN_PHASE1	N/A		MEDIUM	NO	KEEP_FLAGGED	Phase-1 ingestion; no biological decision applied
DHFR	dhf_c + h_c + nadph_c <=> nadp_c + thf_c		EHJ91163_1 or EHJ94682_1	EHJ91163_1	1.5.1.3			YES	COMPLETE_HIGH		AUDIT_NOT_RUN_PHASE1	N/A		HIGH	NO	AUTO_KEEP	Phase-1 ingestion; no biological decision applied
DHFS	atp_c + dhpt_c + glu__L_c --> adp_c + dhf_c + h_c + pi_c		EHJ91955_1	EHJ91955_1	6.3.2.12;6.3.2.17			YES	COMPLETE_HIGH		AUDIT_NOT_RUN_PHASE1	N/A		HIGH	NO	AUTO_KEEP	Phase-1 ingestion; no biological decision applied
DHMPTRx	dhmpt_c + h_c + nadh_c --> nad_c + thmnp_c										AUDIT_NOT_RUN_PHASE1	N/A		LOW	NO	REVIEW	Phase-1 ingestion; no biological decision applied
DHNAOT4	dhna_c + h_c + octdp_c --> 2dmmql8_c + co2_c + ppi_c		EHJ94719_1		2.5.1.74						AUDIT_NOT_RUN_PHASE1	N/A		MEDIUM	NO	KEEP_FLAGGED	Phase-1 ingestion; no biological decision applied
DHNCOAS	h_c + sbzcoa_c --> 14dhncoa_c + h2o_c		EHJ94728_1		4.1.3.36						AUDIT_NOT_RUN_PHASE1	N/A		MEDIUM	NO	KEEP_FLAGGED	Phase-1 ingestion; no biological decision applied
DHNCOAT	14dhncoa_c + h2o_c --> coa_c + dhna_c + h_c										AUDIT_NOT_RUN_PHASE1	N/A		LOW	NO	REVIEW	Phase-1 ingestion; no biological decision applied
DHNPA_1	dhnpt_c --> 2ahhmp_c + gcald_c		EHJ92735_1 or EHJ94464_1		2.7.6.3;4.1.2.25						AUDIT_NOT_RUN_PHASE1	N/A		MEDIUM	NO	KEEP_FLAGGED	Phase-1 ingestion; no biological decision applied
DHORD2	dhor__S_c + q8_c --> orot_c + q8h2_c		EHJ93122_1	EHJ93122_1	1.3.5.2			YES	COMPLETE_HIGH		AUDIT_NOT_RUN_PHASE1	N/A		HIGH	NO	AUTO_KEEP	Phase-1 ingestion; no biological decision applied
DHORD5	dhor__S_c + mqn8_c --> mql8_c + orot_c		EHJ93122_1	EHJ93122_1	1.3.5.2			YES	COMPLETE_HIGH		AUDIT_NOT_RUN_PHASE1	N/A		HIGH	NO	AUTO_KEEP	Phase-1 ingestion; no biological decision applied
DHORDfum	dhor__S_c + fum_c --> orot_c + succ_c		EHJ93122_1		1.3.98.1;1.3.5.2						AUDIT_NOT_RUN_PHASE1	N/A		MEDIUM	NO	KEEP_FLAGGED	Phase-1 ingestion; no biological decision applied
DHORTS	dhor__S_c + h2o_c <=> cbasp_c + h_c		EHJ91706_1 or EHJ94210_1	EHJ91706_1	3.5.2.3;2.1.3.2			YES	COMPLETE_HIGH		AUDIT_NOT_RUN_PHASE1	N/A		HIGH	NO	AUTO_KEEP	Phase-1 ingestion; no biological decision applied
DHPACCOAHIT	2dhphaccoa_c + coa_c + 2.0 h2o_c --> 3hadpcoa_c + accoa_c + h2_c + h_c		EHJ93968_1 and EHJ94459_1								AUDIT_NOT_RUN_PHASE1	N/A		MEDIUM	NO	KEEP_FLAGGED	Phase-1 ingestion; no biological decision applied
DHPM1	56dura_c + h2o_c --> cala_c + h_c		EHJ91652_1 or EHJ94773_1		3.5.2.2;3.4.19.-						AUDIT_NOT_RUN_PHASE1	N/A		MEDIUM	NO	KEEP_FLAGGED	Phase-1 ingestion; no biological decision applied
DHPM2	56dthm_c + h2o_c --> 3uib_c + h_c		EHJ91652_1 or EHJ94773_1		3.5.2.2;3.4.19.-						AUDIT_NOT_RUN_PHASE1	N/A		MEDIUM	NO	KEEP_FLAGGED	Phase-1 ingestion; no biological decision applied
DHPPDA	25dhpp_c + h2o_c + h_c --> 5apru_c + nh4_c										AUDIT_NOT_RUN_PHASE1	N/A		LOW	NO	REVIEW	Phase-1 ingestion; no biological decision applied
DHPPDA2	25drapp_c + h2o_c + h_c --> 5apru_c + nh4_c		EHJ91117_1 or EHJ93269_1	EHJ91117_1	3.5.4.26;1.1.1.193			YES	COMPLETE_HIGH		AUDIT_NOT_RUN_PHASE1	N/A		HIGH	NO	AUTO_KEEP	Phase-1 ingestion; no biological decision applied
DHPS	2ahhmp_c + 4abz_c --> dhpt_c + h2o_c		EHJ93896_1								AUDIT_NOT_RUN_PHASE1	N/A		MEDIUM	NO	KEEP_FLAGGED	Phase-1 ingestion; no biological decision applied
DHPTDCs2	dhptd_c --> mdhdhf_c		spontaneous	[UNRESOLVED:spontaneos]				NO	NO_MAPPING		AUDIT_NOT_RUN_PHASE1	N/A		SPECIAL	NO	SPECIAL_RULE	Phase-1 ingestion; no biological decision applied
DHQS	2dda7p_c --> 3dhq_c + pi_c		EHJ93579_1	EHJ93579_1	4.2.3.4			YES	COMPLETE_HIGH		AUDIT_NOT_RUN_PHASE1	N/A		HIGH	NO	AUTO_KEEP	Phase-1 ingestion; no biological decision applied
DHQTi	3dhq_c --> 3dhsk_c + h2o_c		EHJ93036_1 or EHJ94363_1	EHJ94363_1 or [UNRESOLVED:Csal_2283]	4.2.1.10			NO	PARTIAL		AUDIT_NOT_RUN_PHASE1	N/A		MEDIUM	NO	KEEP_FLAGGED	Phase-1 ingestion; no biological decision applied
DINStex	din_e <=> din_p			[UNRESOLVED:Csal_2569]				NO	NO_MAPPING		AUDIT_NOT_RUN_PHASE1	REVIEW		LOW	NO	REVIEW	Phase-1 ingestion; no biological decision applied
DIPEPabc1	ala_L_asp__L_e + atp_c + h2o_c --> adp_c + ala_L_asp__L_c + h_c + pi_c		EHJ92037_1 and EHJ93628_1								AUDIT_NOT_RUN_PHASE1	REVIEW		MEDIUM	NO	KEEP_FLAGGED	Phase-1 ingestion; no biological decision applied
DIPEPabc10	atp_c + gly_glu__L_e + h2o_c --> adp_c + gly_glu__L_c + h_c + pi_c		EHJ92037_1 and EHJ93628_1								AUDIT_NOT_RUN_PHASE1	REVIEW		MEDIUM	NO	KEEP_FLAGGED	Phase-1 ingestion; no biological decision applied
DIPEPabc12	atp_c + h2o_c + met_L_ala__L_e --> adp_c + h_c + met_L_ala__L_c + pi_c		EHJ92037_1 and EHJ93628_1								AUDIT_NOT_RUN_PHASE1	REVIEW		MEDIUM	NO	KEEP_FLAGGED	Phase-1 ingestion; no biological decision applied
DIPEPabc13	atp_c + gly_asp__L_e + h2o_c --> adp_c + gly_asp__L_c + h_c + pi_c		EHJ92037_1 and EHJ93628_1								AUDIT_NOT_RUN_PHASE1	REVIEW		MEDIUM	NO	KEEP_FLAGGED	Phase-1 ingestion; no biological decision applied
DIPEPabc14	atp_c + gly_pro__L_e + h2o_c --> adp_c + gly_pro__L_c + h_c + pi_c		EHJ92037_1 and EHJ93628_1								AUDIT_NOT_RUN_PHASE1	REVIEW		MEDIUM	NO	KEEP_FLAGGED	Phase-1 ingestion; no biological decision applied
DIPEPabc15	atp_c + cgly_e + h2o_c --> adp_c + cgly_c + h_c + pi_c		EHJ92037_1 and EHJ93628_1								AUDIT_NOT_RUN_PHASE1	REVIEW		MEDIUM	NO	KEEP_FLAGGED	Phase-1 ingestion; no biological decision applied
DIPEPabc3	ala_L_glu__L_e + atp_c + h2o_c --> adp_c + ala_L_glu__L_c + h_c + pi_c		EHJ92037_1 and EHJ93628_1								AUDIT_NOT_RUN_PHASE1	REVIEW		MEDIUM	NO	KEEP_FLAGGED	Phase-1 ingestion; no biological decision applied
DIPEPabc8	atp_c + gly_asn__L_e + h2o_c --> adp_c + gly_asn__L_c + h_c + pi_c		EHJ92037_1 and EHJ93628_1								AUDIT_NOT_RUN_PHASE1	REVIEW		MEDIUM	NO	KEEP_FLAGGED	Phase-1 ingestion; no biological decision applied
DKDID	dkdi_c + h2o_c <-- d5kg_c + h_c		EHJ94635_1 and EHJ94642_1		3.7.1.-						AUDIT_NOT_RUN_PHASE1	N/A		MEDIUM	NO	KEEP_FLAGGED	Phase-1 ingestion; no biological decision applied
DKGLCNR3	25dkglcn_c + h_c + nadph_c --> 2dhglcn_c + nadp_c		EHJ93367_1		1.1.1.274						AUDIT_NOT_RUN_PHASE1	N/A		MEDIUM	NO	KEEP_FLAGGED	Phase-1 ingestion; no biological decision applied
DLCYSR	cys__L_c <=> cys__D_c										AUDIT_NOT_RUN_PHASE1	N/A		LOW	NO	REVIEW	Phase-1 ingestion; no biological decision applied
DLYSAD	fad_c + h2o_c + lys__D_c --> 6a2ohxnt_c + fadh2_c + nh4_c										AUDIT_NOT_RUN_PHASE1	N/A		LOW	NO	REVIEW	Phase-1 ingestion; no biological decision applied
DLYSPYRAT	lys__D_c + pyr_c <=> 6a2ohxnt_c + ala__D_c										AUDIT_NOT_RUN_PHASE1	N/A		LOW	NO	REVIEW	Phase-1 ingestion; no biological decision applied
DMATT	dmpp_c + ipdp_c --> grdp_c + ppi_c			EHJ94454_1	2.5.1.1			YES	COMPLETE_HIGH		AUDIT_NOT_RUN_PHASE1	N/A		LOW	NO	REVIEW	Phase-1 ingestion; no biological decision applied
DMPPS	h2mb4p_c + h_c + nadh_c --> dmpp_c + h2o_c + nad_c		EHJ91634_1 or EHJ94941_1	EHJ94941_1	1.17.1.2;1.17.7.4			YES	COMPLETE_HIGH		AUDIT_NOT_RUN_PHASE1	N/A		HIGH	NO	AUTO_KEEP	Phase-1 ingestion; no biological decision applied
DMSOR1pp	dmso_p + mql8_c --> dms_p + h2o_p + mqn8_c		EHJ91673_1 or (EHJ91672_1 and EHJ91673_1 and EHJ91674_1)								AUDIT_NOT_RUN_PHASE1	REVIEW		MEDIUM	NO	KEEP_FLAGGED	Phase-1 ingestion; no biological decision applied
DMSOR2pp	2dmmql8_c + dmso_p --> 2dmmq8_c + dms_p + h2o_p		EHJ91672_1 and EHJ91673_1 and EHJ91674_1								AUDIT_NOT_RUN_PHASE1	REVIEW		MEDIUM	NO	KEEP_FLAGGED	Phase-1 ingestion; no biological decision applied
DMSOtex	dmso_e <=> dmso_p										AUDIT_NOT_RUN_PHASE1	REVIEW		LOW	NO	REVIEW	Phase-1 ingestion; no biological decision applied
DMStex	dms_e <=> dms_p										AUDIT_NOT_RUN_PHASE1	REVIEW		LOW	NO	REVIEW	Phase-1 ingestion; no biological decision applied
DNADDP	dnad_c + h2o_c --> amp_c + 2.0 h_c + nicrnt_c		EHJ91303_1 or EHJ91811_1		3.6.1.22;3.6.1.9						AUDIT_NOT_RUN_PHASE1	N/A		MEDIUM	NO	KEEP_FLAGGED	Phase-1 ingestion; no biological decision applied
DNMPPA	dhpmp_c + h2o_c --> dhnpt_c + pi_c		EHJ91156_1 or EHJ91399_1 or EHJ91722_1 or EHJ93220_1 or EHJ93707_1		3.6.1.-;2.7.7.1;5.6.2.4						AUDIT_NOT_RUN_PHASE1	N/A		MEDIUM	NO	KEEP_FLAGGED	Phase-1 ingestion; no biological decision applied
DNTPPA	ahdt_c + h2o_c --> dhpmp_c + h_c + ppi_c		EHJ91156_1 or EHJ91367_1 or EHJ91409_1 or EHJ91722_1 or EHJ93220_1 or EHJ93707_1	EHJ91367_1	3.6.1.67;2.7.7.1;3.6.1.-;3.6.1.55;5.6.2.4			YES	COMPLETE_HIGH		AUDIT_NOT_RUN_PHASE1	N/A		HIGH	NO	AUTO_KEEP	Phase-1 ingestion; no biological decision applied
DOPDH	25dop_c + h2o_c + nadp_c <=> akg_c + 2.0 h_c + nadph_c		EHJ93388_1		1.2.1.26						AUDIT_NOT_RUN_PHASE1	N/A		MEDIUM	NO	KEEP_FLAGGED	Phase-1 ingestion; no biological decision applied
DPCOAK	atp_c + dpcoa_c --> adp_c + coa_c + h_c		EHJ91640_1	EHJ91640_1	2.7.1.24			YES	COMPLETE_HIGH		AUDIT_NOT_RUN_PHASE1	N/A		HIGH	NO	AUTO_KEEP	Phase-1 ingestion; no biological decision applied
DPR	2dhp_c + h_c + nadph_c --> nadp_c + pant__R_c		EHJ91466_1 or EHJ93283_1	EHJ91466_1	1.1.1.169;1.1.1.86			YES	COMPLETE_HIGH		AUDIT_NOT_RUN_PHASE1	N/A		HIGH	NO	AUTO_KEEP	Phase-1 ingestion; no biological decision applied
DRBK	atp_c + drib_c --> 2dr5p_c + adp_c + h_c				2.7.1.15						AUDIT_NOT_RUN_PHASE1	N/A		LOW	NO	REVIEW	Phase-1 ingestion; no biological decision applied
DRIBabc	atp_c + drib_e + h2o_c --> adp_c + drib_c + h_c + pi_c										AUDIT_NOT_RUN_PHASE1	REVIEW		LOW	NO	REVIEW	Phase-1 ingestion; no biological decision applied
DRIBtex_1	5drib_c --> 5drib_e										AUDIT_NOT_RUN_PHASE1	REVIEW		LOW	NO	REVIEW	Phase-1 ingestion; no biological decision applied
DRPA	2dr5p_c --> acald_c + g3p_c		EHJ93319_1	EHJ93319_1	4.1.2.4			YES	COMPLETE_HIGH		AUDIT_NOT_RUN_PHASE1	N/A		HIGH	NO	AUTO_KEEP	Phase-1 ingestion; no biological decision applied
DSERDHr	nadp_c + ser__D_c <=> 2amsa_c + h_c + nadph_c		EHJ93346_1		1.1.1.313						AUDIT_NOT_RUN_PHASE1	N/A		MEDIUM	NO	KEEP_FLAGGED	Phase-1 ingestion; no biological decision applied
DTMPK	atp_c + dtmp_c <=> adp_c + dtdp_c		EHJ91394_1	EHJ91394_1	2.7.4.12;2.7.4.13;2.7.4.9			YES	COMPLETE_HIGH		AUDIT_NOT_RUN_PHASE1	N/A		HIGH	NO	AUTO_KEEP	Phase-1 ingestion; no biological decision applied
DURAD	56dura_c + nadp_c <=> h_c + nadph_c + ura_c		EHJ94771_1 and EHJ94772_1		1.3.1.2;1.3.1.1						AUDIT_NOT_RUN_PHASE1	N/A		MEDIUM	NO	KEEP_FLAGGED	Phase-1 ingestion; no biological decision applied
DURAD2	56dthm_c + nadp_c <=> h_c + nadph_c + thym_c		EHJ94771_1 and EHJ94772_1		1.3.1.2;1.3.1.1						AUDIT_NOT_RUN_PHASE1	N/A		MEDIUM	NO	KEEP_FLAGGED	Phase-1 ingestion; no biological decision applied
DURIPP	duri_c + pi_c <=> 2dr1p_c + ura_c		EHJ93320_1 or EHJ93322_1	EHJ93320_1	2.4.2.1;2.4.2.2;2.4.2.3;2.4.2.4			YES	COMPLETE_HIGH		AUDIT_NOT_RUN_PHASE1	N/A		HIGH	NO	AUTO_KEEP	Phase-1 ingestion; no biological decision applied
DURIt2	duri_e + h_e --> duri_c + h_c		EHJ93318_1								AUDIT_NOT_RUN_PHASE1	REVIEW		MEDIUM	NO	KEEP_FLAGGED	Phase-1 ingestion; no biological decision applied
DUTPDP	dutp_c + h2o_c --> dump_c + h_c + ppi_c		EHJ93802_1	EHJ93802_1	3.6.1.-;3.6.1.23;3.6.1.9			YES	COMPLETE_HIGH		AUDIT_NOT_RUN_PHASE1	N/A		HIGH	NO	AUTO_KEEP	Phase-1 ingestion; no biological decision applied
DXPRIi	dxyl5p_c + h_c + nadph_c --> 2me4p_c + nadp_c		EHJ93778_1	EHJ93778_1	1.1.1.267			YES	COMPLETE_HIGH		AUDIT_NOT_RUN_PHASE1	N/A		HIGH	NO	AUTO_KEEP	Phase-1 ingestion; no biological decision applied
DXPS	g3p_c + h_c + pyr_c --> co2_c + dxyl5p_c		EHJ94453_1	EHJ94453_1	2.2.1.7			YES	COMPLETE_HIGH		AUDIT_NOT_RUN_PHASE1	N/A		HIGH	NO	AUTO_KEEP	Phase-1 ingestion; no biological decision applied
DXYLK	atp_c + dxyl_c --> adp_c + dxyl5p_c + h_c		EHJ92124_1		2.7.1.-;2.7.1.17						AUDIT_NOT_RUN_PHASE1	N/A		MEDIUM	NO	KEEP_FLAGGED	Phase-1 ingestion; no biological decision applied
DXYLUDtpp	dxyl_p + h_p --> dxyl_c + h_c										AUDIT_NOT_RUN_PHASE1	REVIEW		LOW	NO	REVIEW	Phase-1 ingestion; no biological decision applied
D_LACt2	h_e + lac__D_e <=> h_c + lac__D_c		EHJ92879_1								AUDIT_NOT_RUN_PHASE1	REVIEW		MEDIUM	NO	KEEP_FLAGGED	Phase-1 ingestion; no biological decision applied
E4PD	e4p_c + h2o_c + nad_c <=> 4per_c + 2.0 h_c + nadh_c		EHJ92281_1 or EHJ94199_1	[UNRESOLVED:Csal_0372]	1.2.1.72;1.2.1.-;1.2.1.12			NO	CONFLICT		AUDIT_NOT_RUN_PHASE1	N/A		MEDIUM	NO	KEEP_FLAGGED	Phase-1 ingestion; no biological decision applied
ECOAH1	3hbcoa_c <=> b2coa_c + h2o_c		EHJ92213_1 or EHJ93246_1 or EHJ94459_1 or EHJ94565_1	EHJ92213_1 or EHJ91463_1 or [UNRESOLVED:Csal_3188]	4.2.1.150;4.2.1.17;4.2.1.55			NO	PARTIAL		AUDIT_NOT_RUN_PHASE1	N/A		MEDIUM	NO	KEEP_FLAGGED	Phase-1 ingestion; no biological decision applied
ECOAH12	2mp2coa_c + h2o_c --> 3hibutcoa_c		EHJ92009_1 or EHJ92213_1 or EHJ93246_1 or EHJ93773_1		4.2.1.17						AUDIT_NOT_RUN_PHASE1	N/A		MEDIUM	NO	KEEP_FLAGGED	Phase-1 ingestion; no biological decision applied
ECOAH14	h2o_c + hp2coa_c <=> 3hhpcoa_c		EHJ92213_1		4.2.1.17						AUDIT_NOT_RUN_PHASE1	N/A		MEDIUM	NO	KEEP_FLAGGED	Phase-1 ingestion; no biological decision applied
ECOAH15	h2o_c + nona2coa_c <=> 3hnonacoa_c		EHJ92213_1		4.2.1.17						AUDIT_NOT_RUN_PHASE1	N/A		MEDIUM	NO	KEEP_FLAGGED	Phase-1 ingestion; no biological decision applied
ECOAH16	h2o_c + pdca2coa_c <=> 3hpdecacoa_c		EHJ92213_1		4.2.1.17						AUDIT_NOT_RUN_PHASE1	N/A		MEDIUM	NO	KEEP_FLAGGED	Phase-1 ingestion; no biological decision applied
ECOAH17	h2o_c + pnona2coa_c <=> 3hpnonacoa_c		EHJ92213_1		4.2.1.17						AUDIT_NOT_RUN_PHASE1	N/A		MEDIUM	NO	KEEP_FLAGGED	Phase-1 ingestion; no biological decision applied
ECOAH18	h2o_c + pocta2coa_c <=> 3hpoctacoa_c		EHJ92213_1		4.2.1.17						AUDIT_NOT_RUN_PHASE1	N/A		MEDIUM	NO	KEEP_FLAGGED	Phase-1 ingestion; no biological decision applied
ECOAH19	h2o_c + php2coa_c <=> 3hphpcoa_c		EHJ92213_1		4.2.1.17						AUDIT_NOT_RUN_PHASE1	N/A		MEDIUM	NO	KEEP_FLAGGED	Phase-1 ingestion; no biological decision applied
ECOAH1_1	3hbycoa_c <=> b2coa_c + h2o_c				4.2.1.150;4.2.1.17;4.2.1.55						AUDIT_NOT_RUN_PHASE1	N/A		LOW	NO	REVIEW	Phase-1 ingestion; no biological decision applied
ECOAH2	3hhcoa_c <=> h2o_c + hx2coa_c		EHJ92213_1 or EHJ93246_1 or EHJ94459_1 or EHJ94565_1	EHJ92213_1 or EHJ91463_1 or [UNRESOLVED:Csal_3188]	4.2.1.17;4.2.1.74			NO	PARTIAL		AUDIT_NOT_RUN_PHASE1	N/A		MEDIUM	NO	KEEP_FLAGGED	Phase-1 ingestion; no biological decision applied
ECOAH20	h2o_c + phxa2coa_c <=> 3hphxacoa_c		EHJ92213_1		4.2.1.17						AUDIT_NOT_RUN_PHASE1	N/A		MEDIUM	NO	KEEP_FLAGGED	Phase-1 ingestion; no biological decision applied
ECOAH21	h2o_c + ppt2coa_c <=> 3hpptcoa_c		EHJ92213_1		4.2.1.17						AUDIT_NOT_RUN_PHASE1	N/A		MEDIUM	NO	KEEP_FLAGGED	Phase-1 ingestion; no biological decision applied
ECOAH22	h2o_c + pb2coa_c <=> 3hpbcoa_c		EHJ92213_1		4.2.1.17						AUDIT_NOT_RUN_PHASE1	N/A		MEDIUM	NO	KEEP_FLAGGED	Phase-1 ingestion; no biological decision applied
ECOAH23	6ath2coa_c + h2o_c <=> 3h6athcoa_c		EHJ92213_1		4.2.1.17						AUDIT_NOT_RUN_PHASE1	N/A		MEDIUM	NO	KEEP_FLAGGED	Phase-1 ingestion; no biological decision applied
ECOAH24	4atb2coa_c + h2o_c <=> 3h4atbcoa_c		EHJ92213_1		4.2.1.17						AUDIT_NOT_RUN_PHASE1	N/A		MEDIUM	NO	KEEP_FLAGGED	Phase-1 ingestion; no biological decision applied
ECOAH25	3hvacccoa_c <=> h2o_c + vacc2coa_c		EHJ92213_1		4.2.1.17						AUDIT_NOT_RUN_PHASE1	N/A		MEDIUM	NO	KEEP_FLAGGED	Phase-1 ingestion; no biological decision applied
ECOAH26	3hhdccoa_c <=> h2o_c + hd2coa_c		EHJ92213_1		4.2.1.17						AUDIT_NOT_RUN_PHASE1	N/A		MEDIUM	NO	KEEP_FLAGGED	Phase-1 ingestion; no biological decision applied
ECOAH27	3htdccoa_c <=> h2o_c + tde2coa_c		EHJ92213_1		4.2.1.17						AUDIT_NOT_RUN_PHASE1	N/A		MEDIUM	NO	KEEP_FLAGGED	Phase-1 ingestion; no biological decision applied
ECOAH28	3hddccoa_c <=> dde2coa_c + h2o_c		EHJ92213_1		4.2.1.17						AUDIT_NOT_RUN_PHASE1	N/A		MEDIUM	NO	KEEP_FLAGGED	Phase-1 ingestion; no biological decision applied
ECOAH29	3hodecoa_c <=> h2o_c + ode2coa_c		EHJ92213_1		4.2.1.17						AUDIT_NOT_RUN_PHASE1	N/A		MEDIUM	NO	KEEP_FLAGGED	Phase-1 ingestion; no biological decision applied
ECOAH3	3hocoa_c <=> h2o_c + oc2coa_c		EHJ92213_1 or EHJ93246_1 or EHJ94459_1 or EHJ94565_1	EHJ92213_1 or EHJ91463_1 or [UNRESOLVED:Csal_3188]	4.2.1.17;4.2.1.74			NO	PARTIAL		AUDIT_NOT_RUN_PHASE1	N/A		MEDIUM	NO	KEEP_FLAGGED	Phase-1 ingestion; no biological decision applied
ECOAH30	3hhdd7coa_c <=> h2o_c + hdd7_2_coa_c		EHJ92213_1		4.2.1.17						AUDIT_NOT_RUN_PHASE1	N/A		MEDIUM	NO	KEEP_FLAGGED	Phase-1 ingestion; no biological decision applied
ECOAH31	3hdd5coa_c <=> h2o_c + tded5_2_coa_c		EHJ92213_1		4.2.1.17						AUDIT_NOT_RUN_PHASE1	N/A		MEDIUM	NO	KEEP_FLAGGED	Phase-1 ingestion; no biological decision applied
ECOAH32	3hptslacoa_c <=> h2o_c + ptsla2coa_c		EHJ92213_1		4.2.1.17						AUDIT_NOT_RUN_PHASE1	N/A		MEDIUM	NO	KEEP_FLAGGED	Phase-1 ingestion; no biological decision applied
ECOAH33	3hhdd4coa_c <=> h2o_c + hdd4_2_coa_c		EHJ92213_1		4.2.1.17						AUDIT_NOT_RUN_PHASE1	N/A		MEDIUM	NO	KEEP_FLAGGED	Phase-1 ingestion; no biological decision applied
ECOAH34	3hlnlccoa_c <=> h2o_c + lnlc2coa_c		EHJ92213_1		4.2.1.17						AUDIT_NOT_RUN_PHASE1	N/A		MEDIUM	NO	KEEP_FLAGGED	Phase-1 ingestion; no biological decision applied
ECOAH35	3hhd710coa_c <=> h2o_c + hd710_2_coa_c		EHJ92213_1		4.2.1.17						AUDIT_NOT_RUN_PHASE1	N/A		MEDIUM	NO	KEEP_FLAGGED	Phase-1 ingestion; no biological decision applied
ECOAH36	3hhd58coa_c <=> h2o_c + td58_2_coa_c		EHJ92213_1		4.2.1.17						AUDIT_NOT_RUN_PHASE1	N/A		MEDIUM	NO	KEEP_FLAGGED	Phase-1 ingestion; no biological decision applied
ECOAH37	3hdd6coa_c <=> dd6_2_coa_c + h2o_c		EHJ92213_1		4.2.1.17						AUDIT_NOT_RUN_PHASE1	N/A		MEDIUM	NO	KEEP_FLAGGED	Phase-1 ingestion; no biological decision applied
ECOAH38	3hdec4coa_c <=> dec4_2_coa_c + h2o_c		EHJ92213_1		4.2.1.17						AUDIT_NOT_RUN_PHASE1	N/A		MEDIUM	NO	KEEP_FLAGGED	Phase-1 ingestion; no biological decision applied
ECOAH4	3hdcoa_c <=> dc2coa_c + h2o_c		EHJ92213_1 or EHJ93246_1 or EHJ94459_1 or EHJ94565_1	EHJ92213_1 or EHJ91463_1 or [UNRESOLVED:Csal_3188]	4.2.1.17;4.2.1.74			NO	PARTIAL		AUDIT_NOT_RUN_PHASE1	N/A		MEDIUM	NO	KEEP_FLAGGED	Phase-1 ingestion; no biological decision applied
ECOAH5	3hddcoa_c <=> dd2coa_c + h2o_c		EHJ92213_1 or EHJ93246_1 or EHJ94459_1 or EHJ94565_1	EHJ92213_1 or EHJ91463_1 or [UNRESOLVED:Csal_3188]	4.2.1.17;4.2.1.74			NO	PARTIAL		AUDIT_NOT_RUN_PHASE1	N/A		MEDIUM	NO	KEEP_FLAGGED	Phase-1 ingestion; no biological decision applied
ECOAH5_1	3hddcoa_c <=> h2o_c + trans_dd2coa_c				4.2.1.17;4.2.1.74						AUDIT_NOT_RUN_PHASE1	N/A		LOW	NO	REVIEW	Phase-1 ingestion; no biological decision applied
ECOAH6	3htdcoa_c <=> h2o_c + td2coa_c		EHJ92213_1 or EHJ93246_1 or EHJ94459_1 or EHJ94565_1	EHJ92213_1 or EHJ91463_1 or [UNRESOLVED:Csal_3188]	4.2.1.17;4.2.1.74			NO	PARTIAL		AUDIT_NOT_RUN_PHASE1	N/A		MEDIUM	NO	KEEP_FLAGGED	Phase-1 ingestion; no biological decision applied
ECOAH7	3hhdcoa_c <=> h2o_c + hdd2coa_c		EHJ92213_1 or EHJ93246_1 or EHJ94459_1 or EHJ94565_1	EHJ92213_1 or EHJ91463_1 or [UNRESOLVED:Csal_3188]	4.2.1.17;4.2.1.74			NO	PARTIAL		AUDIT_NOT_RUN_PHASE1	N/A		MEDIUM	NO	KEEP_FLAGGED	Phase-1 ingestion; no biological decision applied
ECOAH8	3hodcoa_c <=> h2o_c + od2coa_c		EHJ92213_1 or EHJ93246_1 or EHJ94459_1 or EHJ94565_1	EHJ92213_1 or EHJ91463_1 or [UNRESOLVED:Csal_3188]	4.2.1.134;4.2.1.17			NO	PARTIAL		AUDIT_NOT_RUN_PHASE1	N/A		MEDIUM	NO	KEEP_FLAGGED	Phase-1 ingestion; no biological decision applied
ECOAH9ir	2mb2coa_c + h2o_c --> 3hmbcoa_c		EHJ92213_1		4.2.1.17						AUDIT_NOT_RUN_PHASE1	N/A		MEDIUM	NO	KEEP_FLAGGED	Phase-1 ingestion; no biological decision applied
ECTOH	ecto__L_c + h2o_c --> aac24dab_c		EHJ92803_1								AUDIT_NOT_RUN_PHASE1	N/A		MEDIUM	NO	KEEP_FLAGGED	Phase-1 ingestion; no biological decision applied
ECTOabcpp	atp_c + ecto__L_p + h2o_c --> adp_c + ecto__L_c + h_c + pi_c										AUDIT_NOT_RUN_PHASE1	REVIEW		LOW	NO	REVIEW	Phase-1 ingestion; no biological decision applied
ECTOtex	ecto__L_e <=> ecto__L_p										AUDIT_NOT_RUN_PHASE1	REVIEW		LOW	NO	REVIEW	Phase-1 ingestion; no biological decision applied
EDA	2ddg6p_c --> g3p_c + pyr_c		EHJ92135_1	EHJ92135_1	4.1.2.14;4.1.2.55			YES	COMPLETE_HIGH		AUDIT_NOT_RUN_PHASE1	N/A		HIGH	NO	AUTO_KEEP	Phase-1 ingestion; no biological decision applied
EDD	6pgc_c --> 2ddg6p_c + h2o_c		EHJ92120_1	EHJ92120_1	4.2.1.12			YES	COMPLETE_HIGH		AUDIT_NOT_RUN_PHASE1	N/A		HIGH	NO	AUTO_KEEP	Phase-1 ingestion; no biological decision applied
ENO	2pg_c <=> h2o_c + pep_c		EHJ93573_1	EHJ93573_1	4.2.1.11			YES	COMPLETE_HIGH		AUDIT_NOT_RUN_PHASE1	N/A		HIGH	NO	AUTO_KEEP	Phase-1 ingestion; no biological decision applied
ENOPH	dkmpp_c + h2o_c --> dhmtp_c + pi_c		EHJ94829_1		3.1.3.77						AUDIT_NOT_RUN_PHASE1	N/A		MEDIUM	NO	KEEP_FLAGGED	Phase-1 ingestion; no biological decision applied
ETHAAL	etha_c --> acald_c + nh4_c		EHJ93695_1 or (EHJ93694_1 and EHJ93695_1)		4.3.1.7						AUDIT_NOT_RUN_PHASE1	N/A		MEDIUM	NO	KEEP_FLAGGED	Phase-1 ingestion; no biological decision applied
ETHAt2pp	etha_p + h_p --> etha_c + h_c										AUDIT_NOT_RUN_PHASE1	REVIEW		LOW	NO	REVIEW	Phase-1 ingestion; no biological decision applied
ETHAtex	etha_e <=> etha_p			[UNRESOLVED:Csal_2569]				NO	NO_MAPPING		AUDIT_NOT_RUN_PHASE1	REVIEW		LOW	NO	REVIEW	Phase-1 ingestion; no biological decision applied
ETOHtex	etoh_e <=> etoh_p			[UNRESOLVED:Csal_2569]				NO	NO_MAPPING		AUDIT_NOT_RUN_PHASE1	REVIEW		LOW	NO	REVIEW	Phase-1 ingestion; no biological decision applied
ETOHtrpp	etoh_p <=> etoh_c		spontaneous								AUDIT_NOT_RUN_PHASE1	REVIEW		MEDIUM	NO	KEEP_FLAGGED	Phase-1 ingestion; no biological decision applied
F1PP	f1p_c + h2o_c --> fru_c + pi_c		EHJ92796_1		3.8.1.2						AUDIT_NOT_RUN_PHASE1	N/A		MEDIUM	NO	KEEP_FLAGGED	Phase-1 ingestion; no biological decision applied
F6PP	f6p_c + h2o_c --> fru_c + pi_c		EHJ92796_1 or EHJ93171_1		3.8.1.2						AUDIT_NOT_RUN_PHASE1	N/A		MEDIUM	NO	KEEP_FLAGGED	Phase-1 ingestion; no biological decision applied
FA120ACPHi	ddcaACP_c + h2o_c --> ACP_c + ddca_c + h_c			EHJ92299_1	3.1.2.21			YES	COMPLETE_HIGH		AUDIT_NOT_RUN_PHASE1	N/A		LOW	NO	REVIEW	Phase-1 ingestion; no biological decision applied
FA141ACPHi	h2o_c + tdeACP_c --> ACP_c + h_c + ttdcea_c			EHJ92299_1	3.1.2.14			YES	COMPLETE_HIGH		AUDIT_NOT_RUN_PHASE1	N/A		LOW	NO	REVIEW	Phase-1 ingestion; no biological decision applied
FA161ACPHi	h2o_c + hdeACP_c --> ACP_c + h_c + hdcea_c			EHJ92299_1	3.1.2.14			YES	COMPLETE_HIGH		AUDIT_NOT_RUN_PHASE1	N/A		LOW	NO	REVIEW	Phase-1 ingestion; no biological decision applied
FA80ACPHi	h2o_c + ocACP_c --> ACP_c + h_c + octa_c			EHJ92299_1	3.1.2.21			YES	COMPLETE_HIGH		AUDIT_NOT_RUN_PHASE1	N/A		LOW	NO	REVIEW	Phase-1 ingestion; no biological decision applied
FACOAE100	dcacoa_c + h2o_c --> coa_c + dca_c + h_c		EHJ92938_1		3.1.2.2;3.1.2.20						AUDIT_NOT_RUN_PHASE1	N/A		MEDIUM	NO	KEEP_FLAGGED	Phase-1 ingestion; no biological decision applied
FACOAE120	ddcacoa_c + h2o_c --> coa_c + ddca_c + h_c		EHJ92938_1		3.1.2.2;3.1.2.20						AUDIT_NOT_RUN_PHASE1	N/A		MEDIUM	NO	KEEP_FLAGGED	Phase-1 ingestion; no biological decision applied
FACOAE140	h2o_c + tdcoa_c --> coa_c + h_c + ttdca_c		EHJ92938_1 or EHJ92982_1		3.1.2.2;3.1.2.20						AUDIT_NOT_RUN_PHASE1	N/A		MEDIUM	NO	KEEP_FLAGGED	Phase-1 ingestion; no biological decision applied
FACOAE141	h2o_c + tdecoa_c --> coa_c + h_c + ttdcea_c		EHJ92938_1		3.1.2.20						AUDIT_NOT_RUN_PHASE1	N/A		MEDIUM	NO	KEEP_FLAGGED	Phase-1 ingestion; no biological decision applied
FACOAE160	h2o_c + pmtcoa_c --> coa_c + h_c + hdca_c		EHJ92938_1 or EHJ92982_1		3.1.2.2;3.1.2.22;3.1.2.20						AUDIT_NOT_RUN_PHASE1	N/A		MEDIUM	NO	KEEP_FLAGGED	Phase-1 ingestion; no biological decision applied
FACOAE161	h2o_c + hdcoa_c --> coa_c + h_c + hdcea_c		EHJ92938_1 or EHJ92982_1		3.1.2.20						AUDIT_NOT_RUN_PHASE1	N/A		MEDIUM	NO	KEEP_FLAGGED	Phase-1 ingestion; no biological decision applied
FACOAE180	h2o_c + stcoa_c --> coa_c + h_c + ocdca_c		EHJ92938_1		3.1.2.2;3.1.2.20						AUDIT_NOT_RUN_PHASE1	N/A		MEDIUM	NO	KEEP_FLAGGED	Phase-1 ingestion; no biological decision applied
FACOAE181	h2o_c + odecoa_c --> coa_c + h_c + ocdcea_c		EHJ92938_1		3.1.2.20						AUDIT_NOT_RUN_PHASE1	N/A		MEDIUM	NO	KEEP_FLAGGED	Phase-1 ingestion; no biological decision applied
FACOAE1829Z12Z	h2o_c + lnlccoa_c --> coa_c + h_c + lnlc_c		EHJ92938_1		3.1.2.-;3.1.2.2;3.1.2.20						AUDIT_NOT_RUN_PHASE1	N/A		MEDIUM	NO	KEEP_FLAGGED	Phase-1 ingestion; no biological decision applied
FACOAE50	h2o_c + ptcoa_c --> coa_c + h_c + pta_c		EHJ92938_1		3.1.2.20						AUDIT_NOT_RUN_PHASE1	N/A		MEDIUM	NO	KEEP_FLAGGED	Phase-1 ingestion; no biological decision applied
FACOAE60	h2o_c + hxcoa_c --> coa_c + h_c + hxa_c		EHJ92938_1		3.1.2.20						AUDIT_NOT_RUN_PHASE1	N/A		MEDIUM	NO	KEEP_FLAGGED	Phase-1 ingestion; no biological decision applied
FACOAE70	h2o_c + hptcoa_c --> coa_c + h_c + hpta_c		EHJ92938_1		3.1.2.20						AUDIT_NOT_RUN_PHASE1	N/A		MEDIUM	NO	KEEP_FLAGGED	Phase-1 ingestion; no biological decision applied
FACOAE80	h2o_c + occoa_c --> coa_c + h_c + octa_c		EHJ92938_1		3.1.2.20						AUDIT_NOT_RUN_PHASE1	N/A		MEDIUM	NO	KEEP_FLAGGED	Phase-1 ingestion; no biological decision applied
FACOAE90	h2o_c + nonacoa_c --> coa_c + h_c + nona_c		EHJ92938_1		3.1.2.20						AUDIT_NOT_RUN_PHASE1	N/A		MEDIUM	NO	KEEP_FLAGGED	Phase-1 ingestion; no biological decision applied
FACOAL100t2pp	atp_c + coa_c + dca_p + h_p --> amp_c + dcacoa_c + h_c + ppi_c		EHJ92232_1 or EHJ92294_1	EHJ92294_1				YES	COMPLETE_HIGH		AUDIT_NOT_RUN_PHASE1	REVIEW		HIGH	NO	AUTO_KEEP	Phase-1 ingestion; no biological decision applied
FACOAL120t2pp	atp_c + coa_c + ddca_p + h_p --> amp_c + ddcacoa_c + h_c + ppi_c		EHJ92232_1 or EHJ92294_1	EHJ92294_1				YES	COMPLETE_HIGH		AUDIT_NOT_RUN_PHASE1	REVIEW		HIGH	NO	AUTO_KEEP	Phase-1 ingestion; no biological decision applied
FACOAL140	atp_c + coa_c + ttdca_c --> amp_c + ppi_c + tdcoa_c		EHJ92294_1 or EHJ94809_1		6.2.1.3						AUDIT_NOT_RUN_PHASE1	N/A		MEDIUM	NO	KEEP_FLAGGED	Phase-1 ingestion; no biological decision applied
FACOAL140t2pp	atp_c + coa_c + h_p + ttdca_p --> amp_c + h_c + ppi_c + tdcoa_c		EHJ92232_1 or EHJ92294_1	EHJ92294_1				YES	COMPLETE_HIGH		AUDIT_NOT_RUN_PHASE1	REVIEW		HIGH	NO	AUTO_KEEP	Phase-1 ingestion; no biological decision applied
FACOAL141	atp_c + coa_c + ttdcea_c --> amp_c + ppi_c + tdecoa_c		EHJ92294_1		6.2.1.3						AUDIT_NOT_RUN_PHASE1	N/A		MEDIUM	NO	KEEP_FLAGGED	Phase-1 ingestion; no biological decision applied
FACOAL141t2pp	atp_c + coa_c + h_p + ttdcea_p --> amp_c + h_c + ppi_c + tdecoa_c		EHJ92232_1 or EHJ92294_1	EHJ92294_1				YES	COMPLETE_HIGH		AUDIT_NOT_RUN_PHASE1	REVIEW		HIGH	NO	AUTO_KEEP	Phase-1 ingestion; no biological decision applied
FACOAL160	atp_c + coa_c + hdca_c --> amp_c + pmtcoa_c + ppi_c		EHJ92294_1 or EHJ93690_1 or EHJ94809_1		6.2.1.3						AUDIT_NOT_RUN_PHASE1	N/A		MEDIUM	NO	KEEP_FLAGGED	Phase-1 ingestion; no biological decision applied
FACOAL160t2pp	atp_c + coa_c + h_p + hdca_p --> amp_c + h_c + pmtcoa_c + ppi_c		EHJ92232_1 or EHJ92294_1	EHJ92294_1				YES	COMPLETE_HIGH		AUDIT_NOT_RUN_PHASE1	REVIEW		HIGH	NO	AUTO_KEEP	Phase-1 ingestion; no biological decision applied
FACOAL161	atp_c + coa_c + hdcea_c --> amp_c + hdcoa_c + ppi_c		EHJ92294_1 or EHJ94809_1		6.2.1.3						AUDIT_NOT_RUN_PHASE1	N/A		MEDIUM	NO	KEEP_FLAGGED	Phase-1 ingestion; no biological decision applied
FACOAL161t2pp	atp_c + coa_c + h_p + hdcea_p --> amp_c + h_c + hdcoa_c + ppi_c		EHJ92232_1 or EHJ92294_1	EHJ92294_1				YES	COMPLETE_HIGH		AUDIT_NOT_RUN_PHASE1	REVIEW		HIGH	NO	AUTO_KEEP	Phase-1 ingestion; no biological decision applied
FACOAL180	atp_c + coa_c + ocdca_c --> amp_c + ppi_c + stcoa_c		EHJ92294_1		6.2.1.3						AUDIT_NOT_RUN_PHASE1	N/A		MEDIUM	NO	KEEP_FLAGGED	Phase-1 ingestion; no biological decision applied
FACOAL180t2pp	atp_c + coa_c + h_p + ocdca_p --> amp_c + h_c + ppi_c + stcoa_c		EHJ92232_1 or EHJ92294_1	EHJ92294_1				YES	COMPLETE_HIGH		AUDIT_NOT_RUN_PHASE1	REVIEW		HIGH	NO	AUTO_KEEP	Phase-1 ingestion; no biological decision applied
FACOAL181	atp_c + coa_c + ocdcea_c --> amp_c + odecoa_c + ppi_c		EHJ92294_1 or EHJ93690_1 or EHJ94809_1		6.2.1.3						AUDIT_NOT_RUN_PHASE1	N/A		MEDIUM	NO	KEEP_FLAGGED	Phase-1 ingestion; no biological decision applied
FACOAL1812	atp_c + coa_c + vacc_c --> amp_c + ppi_c + vacccoa_c		EHJ92294_1		6.2.1.3						AUDIT_NOT_RUN_PHASE1	N/A		MEDIUM	NO	KEEP_FLAGGED	Phase-1 ingestion; no biological decision applied
FACOAL181d11tpp	atp_c + coa_c + h_p + vacc_p --> amp_c + h_c + ppi_c + vacccoa_c		EHJ92232_1 or EHJ92294_1								AUDIT_NOT_RUN_PHASE1	REVIEW		MEDIUM	NO	KEEP_FLAGGED	Phase-1 ingestion; no biological decision applied
FACOAL181d6t2pp	atp_c + coa_c + h_p + ptsla_p --> amp_c + h_c + ppi_c + ptslacoa_c		EHJ92232_1 or EHJ92294_1								AUDIT_NOT_RUN_PHASE1	REVIEW		MEDIUM	NO	KEEP_FLAGGED	Phase-1 ingestion; no biological decision applied
FACOAL181t2pp	atp_c + coa_c + h_p + ocdcea_p --> amp_c + h_c + odecoa_c + ppi_c		EHJ92232_1 or EHJ92294_1	EHJ92294_1				YES	COMPLETE_HIGH		AUDIT_NOT_RUN_PHASE1	REVIEW		HIGH	NO	AUTO_KEEP	Phase-1 ingestion; no biological decision applied
FACOAL1821	atp_c + coa_c + lnlc_c --> amp_c + lnlccoa_c + ppi_c		EHJ92294_1		6.2.1.3						AUDIT_NOT_RUN_PHASE1	N/A		MEDIUM	NO	KEEP_FLAGGED	Phase-1 ingestion; no biological decision applied
FACOAL182t2pp	atp_c + coa_c + h_p + lnlc_p --> amp_c + h_c + lnlccoa_c + ppi_c		EHJ92232_1 or EHJ92294_1								AUDIT_NOT_RUN_PHASE1	REVIEW		MEDIUM	NO	KEEP_FLAGGED	Phase-1 ingestion; no biological decision applied
FACOAL50i	atp_c + coa_c + pta_c --> amp_c + ppi_c + ptcoa_c		EHJ92294_1		6.2.1.3						AUDIT_NOT_RUN_PHASE1	N/A		MEDIUM	NO	KEEP_FLAGGED	Phase-1 ingestion; no biological decision applied
FACOAL60i	atp_c + coa_c + hxa_c --> amp_c + hxcoa_c + ppi_c		EHJ92294_1		6.2.1.3						AUDIT_NOT_RUN_PHASE1	N/A		MEDIUM	NO	KEEP_FLAGGED	Phase-1 ingestion; no biological decision applied
FACOAL60t2pp	atp_c + coa_c + h_p + hxa_p --> amp_c + h_c + hxcoa_c + ppi_c		EHJ92232_1 or EHJ92294_1	EHJ92294_1				YES	COMPLETE_HIGH		AUDIT_NOT_RUN_PHASE1	REVIEW		HIGH	NO	AUTO_KEEP	Phase-1 ingestion; no biological decision applied
FACOAL80	atp_c + coa_c + octa_c --> amp_c + occoa_c + ppi_c		EHJ92294_1 or EHJ93690_1		6.2.1.3						AUDIT_NOT_RUN_PHASE1	N/A		MEDIUM	NO	KEEP_FLAGGED	Phase-1 ingestion; no biological decision applied
FACOAL80t2pp	atp_c + coa_c + h_p + octa_p --> amp_c + h_c + occoa_c + ppi_c		EHJ92232_1 or EHJ92294_1	EHJ92294_1				YES	COMPLETE_HIGH		AUDIT_NOT_RUN_PHASE1	REVIEW		HIGH	NO	AUTO_KEEP	Phase-1 ingestion; no biological decision applied
FACOAL90i	atp_c + coa_c + nona_c --> amp_c + nonacoa_c + ppi_c		EHJ92294_1		6.2.1.3						AUDIT_NOT_RUN_PHASE1	N/A		MEDIUM	NO	KEEP_FLAGGED	Phase-1 ingestion; no biological decision applied
FACOAL_70_c	atp_c + coa_c + hpta_c --> amp_c + hptcoa_c + ppi_c		EHJ92294_1		6.2.1.3						AUDIT_NOT_RUN_PHASE1	N/A		MEDIUM	NO	KEEP_FLAGGED	Phase-1 ingestion; no biological decision applied
FADRx	fad_c + h_c + nadh_c --> fadh2_c + nad_c		EHJ93762_1	EHJ93762_1	1.5.1.36;1.5.1.37;1.5.1.45			YES	COMPLETE_HIGH		AUDIT_NOT_RUN_PHASE1	N/A		HIGH	NO	AUTO_KEEP	Phase-1 ingestion; no biological decision applied
FADt	fad_c --> fad_p		EHJ91767_1								AUDIT_NOT_RUN_PHASE1	REVIEW		MEDIUM	NO	KEEP_FLAGGED	Phase-1 ingestion; no biological decision applied
FADtex	fad_p <=> fad_e										AUDIT_NOT_RUN_PHASE1	REVIEW		LOW	NO	REVIEW	Phase-1 ingestion; no biological decision applied
FALDH2	hmgth_c + nad_c <=> Sfglutth_c + h_c + nadh_c		EHJ92726_1		1.1.1.-;1.1.1.284						AUDIT_NOT_RUN_PHASE1	N/A		MEDIUM	NO	KEEP_FLAGGED	Phase-1 ingestion; no biological decision applied
FALDep	fald_c + h_p --> fald_e + h_c										AUDIT_NOT_RUN_PHASE1	REVIEW		LOW	NO	REVIEW	Phase-1 ingestion; no biological decision applied
FALDtex	fald_e <=> fald_p			[UNRESOLVED:Csal_2569]				NO	NO_MAPPING		AUDIT_NOT_RUN_PHASE1	REVIEW		LOW	NO	REVIEW	Phase-1 ingestion; no biological decision applied
FALDtpp	fald_p <=> fald_c		spontaneous	[UNRESOLVED:spontaneos]				NO	NO_MAPPING		AUDIT_NOT_RUN_PHASE1	REVIEW		MEDIUM	NO	KEEP_FLAGGED	Phase-1 ingestion; no biological decision applied
FALGTHLs	fald_c + gthrd_c <=> hmgth_c		spontaneous		4.4.1.22						AUDIT_NOT_RUN_PHASE1	N/A		SPECIAL	NO	SPECIAL_RULE	Phase-1 ingestion; no biological decision applied
FAO1	atp_c + 7.0 coa_c + 6.0 fad_c + 6.0 h2o_c + 6.0 nad_c + ttdca_c --> 7.0 accoa_c + amp_c + 6.0 fadh2_c + 6.0 h_c + 6.0 nadh_c + ppi_c										AUDIT_NOT_RUN_PHASE1	N/A		LOW	NO	REVIEW	Phase-1 ingestion; no biological decision applied
FAO3	atp_c + 9.0 coa_c + 8.0 fad_c + 8.0 h2o_c + 8.0 nad_c + ocdca_c --> 9.0 accoa_c + amp_c + 8.0 fadh2_c + 8.0 h_c + 8.0 nadh_c + ppi_c										AUDIT_NOT_RUN_PHASE1	N/A		LOW	NO	REVIEW	Phase-1 ingestion; no biological decision applied
FAS100	3.0 h_c + malcoa_c + 2.0 nadph_c + octa_c --> co2_c + coa_c + dca_c + h2o_c + 2.0 nadp_c		EHJ92976_1		2.3.1.85						AUDIT_NOT_RUN_PHASE1	N/A		MEDIUM	NO	KEEP_FLAGGED	Phase-1 ingestion; no biological decision applied
FAS120	dca_c + 3.0 h_c + malcoa_c + 2.0 nadph_c --> co2_c + coa_c + ddca_c + h2o_c + 2.0 nadp_c		EHJ92976_1		2.3.1.85						AUDIT_NOT_RUN_PHASE1	N/A		MEDIUM	NO	KEEP_FLAGGED	Phase-1 ingestion; no biological decision applied
FAS140	ddca_c + 3.0 h_c + malcoa_c + 2.0 nadph_c --> co2_c + coa_c + h2o_c + 2.0 nadp_c + ttdca_c		EHJ92976_1		2.3.1.85						AUDIT_NOT_RUN_PHASE1	N/A		MEDIUM	NO	KEEP_FLAGGED	Phase-1 ingestion; no biological decision applied
FAS160	3.0 h_c + malcoa_c + 2.0 nadph_c + ttdca_c --> co2_c + coa_c + h2o_c + hdca_c + 2.0 nadp_c		EHJ92976_1		2.3.1.85						AUDIT_NOT_RUN_PHASE1	N/A		MEDIUM	NO	KEEP_FLAGGED	Phase-1 ingestion; no biological decision applied
FAS161	4.0 h_c + malcoa_c + 3.0 nadph_c + o2_c + ttdca_c --> co2_c + coa_c + 3.0 h2o_c + hdcea_c + 3.0 nadp_c		EHJ92976_1								AUDIT_NOT_RUN_PHASE1	N/A		MEDIUM	NO	KEEP_FLAGGED	Phase-1 ingestion; no biological decision applied
FAS180	3.0 h_c + hdca_c + malcoa_c + 2.0 nadph_c --> co2_c + coa_c + h2o_c + 2.0 nadp_c + ocdca_c		EHJ92976_1		2.3.1.85						AUDIT_NOT_RUN_PHASE1	N/A		MEDIUM	NO	KEEP_FLAGGED	Phase-1 ingestion; no biological decision applied
FAS181	4.0 h_c + hdca_c + malcoa_c + 3.0 nadph_c + o2_c --> co2_c + coa_c + 3.0 h2o_c + 3.0 nadp_c + ocdcea_c		EHJ92976_1								AUDIT_NOT_RUN_PHASE1	N/A		MEDIUM	NO	KEEP_FLAGGED	Phase-1 ingestion; no biological decision applied
FAS80_L	accoa_c + 8.0 h_c + 3.0 malcoa_c + 6.0 nadph_c --> 3.0 co2_c + 4.0 coa_c + 2.0 h2o_c + 6.0 nadp_c + octa_c		EHJ92976_1		2.3.1.85						AUDIT_NOT_RUN_PHASE1	N/A		MEDIUM	NO	KEEP_FLAGGED	Phase-1 ingestion; no biological decision applied
FASC141ACP	ddcaACP_c + 2.0 h_c + malACP_c + nadph_c --> ACP_c + co2_c + h2o_c + nadp_c + tdeACP_c		EHJ93844_1		1.1.1.36						AUDIT_NOT_RUN_PHASE1	N/A		MEDIUM	NO	KEEP_FLAGGED	Phase-1 ingestion; no biological decision applied
FBA	fdp_c <=> dhap_c + g3p_c		EHJ94201_1 or EHJ94746_1	EHJ94201_1 or (EHJ94746_1 and [UNRESOLVED:Csal_0376])	4.1.2.13			NO	PARTIAL		AUDIT_NOT_RUN_PHASE1	N/A		MEDIUM	NO	KEEP_FLAGGED	Phase-1 ingestion; no biological decision applied
FBA2	f1p_c <=> dhap_c + glyald_c		EHJ94201_1		4.1.2.13						AUDIT_NOT_RUN_PHASE1	N/A		MEDIUM	NO	KEEP_FLAGGED	Phase-1 ingestion; no biological decision applied
FBA3	s17bp_c <=> dhap_c + e4p_c		EHJ94201_1	[UNRESOLVED:FF32_06510]	4.1.2.-;4.1.2.13			NO	NO_MAPPING		AUDIT_NOT_RUN_PHASE1	N/A		MEDIUM	NO	KEEP_FLAGGED	Phase-1 ingestion; no biological decision applied
FCLPA	fc1p_c <=> dhap_c + lald__L_c				4.1.2.17						AUDIT_NOT_RUN_PHASE1	N/A		LOW	NO	REVIEW	Phase-1 ingestion; no biological decision applied
FCLT	fe2_c + ppp9_c --> 2.0 h_c + pheme_c		EHJ92415_1	[UNRESOLVED:Csal_0897]	4.99.1.1;4.98.1.1			NO	CONFLICT		AUDIT_NOT_RUN_PHASE1	N/A		MEDIUM	NO	KEEP_FLAGGED	Phase-1 ingestion; no biological decision applied
FDH	for_c + nad_c --> co2_c + nadh_c		EHJ92336_1 or EHJ94783_1 or EHJ94789_1 or EHJ94791_1		1.2.1.2;1.17.1.9						AUDIT_NOT_RUN_PHASE1	N/A		MEDIUM	NO	KEEP_FLAGGED	Phase-1 ingestion; no biological decision applied
FDH4pp	for_p + 2.0 h_c + q8_c --> co2_p + h_p + q8h2_c		EHJ94791_1	(EHJ92337_1 and EHJ92336_1) or (EHJ94789_1 and EHJ94790_1 and EHJ94791_1)				YES	COMPLETE_HIGH		AUDIT_NOT_RUN_PHASE1	REVIEW		HIGH	NO	AUTO_KEEP	Phase-1 ingestion; no biological decision applied
FDH4pp_1	for_p + 2.0 h_c + q8_c --> co2_c + h_p + q8h2_c		EHJ94791_1		1.2.2.1						AUDIT_NOT_RUN_PHASE1	REVIEW		MEDIUM	NO	KEEP_FLAGGED	Phase-1 ingestion; no biological decision applied
FDH5pp	for_p + 2.0 h_c + mqn8_c --> co2_p + h_p + mql8_c		EHJ94791_1	(EHJ92337_1 and EHJ92336_1) or (EHJ94789_1 and EHJ94790_1 and EHJ94791_1)				YES	COMPLETE_HIGH		AUDIT_NOT_RUN_PHASE1	REVIEW		HIGH	NO	AUTO_KEEP	Phase-1 ingestion; no biological decision applied
FDH5pp_1	for_p + 2.0 h_c + mqn8_c --> co2_c + h_p + mql8_c		EHJ94791_1		1.2.2.1						AUDIT_NOT_RUN_PHASE1	REVIEW		MEDIUM	NO	KEEP_FLAGGED	Phase-1 ingestion; no biological decision applied
FDH5r2pp	for_p + 3.0 h_c + mqn8_c --> co2_p + 2.0 h_p + mql8_c		EHJ94789_1		1.2.2.1						AUDIT_NOT_RUN_PHASE1	REVIEW		MEDIUM	NO	KEEP_FLAGGED	Phase-1 ingestion; no biological decision applied
FDMO4	butso3_c + fmnh2_c + o2_c --> btal_c + fmn_c + h2o_c + h_c + so3_c				1.14.14.5						AUDIT_NOT_RUN_PHASE1	N/A		LOW	NO	REVIEW	Phase-1 ingestion; no biological decision applied
FDMO4_1	fmnRD_c + o2_c + taur_c --> amacald_c + fmn_c + h2o_c + h_c + so3_c										AUDIT_NOT_RUN_PHASE1	N/A		LOW	NO	REVIEW	Phase-1 ingestion; no biological decision applied
FE2Gabcpp	fe2_p + gtp_c + h2o_c --> fe2_c + gdp_c + h_c + pi_c										AUDIT_NOT_RUN_PHASE1	REVIEW		LOW	NO	REVIEW	Phase-1 ingestion; no biological decision applied
FE2abc	atp_c + fe2_e + h2o_c --> adp_c + fe2_c + h_c + pi_c										AUDIT_NOT_RUN_PHASE1	REVIEW		LOW	NO	REVIEW	Phase-1 ingestion; no biological decision applied
FE2abcpp	atp_c + fe2_p + h2o_c --> adp_c + fe2_c + h_c + pi_c										AUDIT_NOT_RUN_PHASE1	REVIEW		LOW	NO	REVIEW	Phase-1 ingestion; no biological decision applied
FE2t	fe2_e --> fe2_c		EHJ91432_1 or EHJ94295_1								AUDIT_NOT_RUN_PHASE1	REVIEW		MEDIUM	NO	KEEP_FLAGGED	Phase-1 ingestion; no biological decision applied
FE2t3pp	fe2_c + h_p --> fe2_p + h_c										AUDIT_NOT_RUN_PHASE1	REVIEW		LOW	NO	REVIEW	Phase-1 ingestion; no biological decision applied
FE2t4pp	fe2_c + h_p + k_p --> fe2_p + h_c + k_c		EHJ91151_1 or EHJ91546_1 or (EHJ91151_1 and EHJ91546_1)								AUDIT_NOT_RUN_PHASE1	REVIEW		MEDIUM	NO	KEEP_FLAGGED	Phase-1 ingestion; no biological decision applied
FE2tex	fe2_e <=> fe2_p			[UNRESOLVED:Csal_2569]				NO	NO_MAPPING		AUDIT_NOT_RUN_PHASE1	REVIEW		LOW	NO	REVIEW	Phase-1 ingestion; no biological decision applied
FE2tpp	fe2_p --> fe2_c			EHJ92790_1				NO	COMPLETE_REVIEW		AUDIT_NOT_RUN_PHASE1	REVIEW		LOW	NO	REVIEW	Phase-1 ingestion; no biological decision applied
FE3DCIT2abcpp	atp_c + fe3dcit_p + h2o_c --> adp_c + fe3dcit_c + h_c + pi_c										AUDIT_NOT_RUN_PHASE1	REVIEW		LOW	NO	REVIEW	Phase-1 ingestion; no biological decision applied
FE3DCITCH	2.0 cit_c + fe3_c <=> fe3dcit_c		spontaneous								AUDIT_NOT_RUN_PHASE1	N/A		MEDIUM	NO	KEEP_FLAGGED	Phase-1 ingestion; no biological decision applied
FE3DCITR3	2.0 fe3dcit_c + fmnh2_c --> 4.0 cit_c + 2.0 fe2_c + fmn_c + 2.0 h_c		EHJ94427_1		1.18.1.2						AUDIT_NOT_RUN_PHASE1	N/A		MEDIUM	NO	KEEP_FLAGGED	Phase-1 ingestion; no biological decision applied
FE3DCITR5	2.0 fe3dcit_c + nadph_c --> 4.0 cit_c + 2.0 fe2_c + h_c + nadp_c										AUDIT_NOT_RUN_PHASE1	N/A		LOW	NO	REVIEW	Phase-1 ingestion; no biological decision applied
FE3DCITabc	atp_c + fe3dcit_e + h2o_c --> adp_c + 2.0 cit_c + fe3_c + h_c + pi_c										AUDIT_NOT_RUN_PHASE1	REVIEW		LOW	NO	REVIEW	Phase-1 ingestion; no biological decision applied
FE3DCITabcpp	atp_c + fe3dcit_p + h2o_c --> adp_c + 2.0 cit_c + fe3_c + h_c + pi_c			EHJ92674_1 and EHJ92675_1 and EHJ92676_1				NO	COMPLETE_REVIEW		AUDIT_NOT_RUN_PHASE1	REVIEW		LOW	NO	REVIEW	Phase-1 ingestion; no biological decision applied
FE3DCITexs	2.0 cit_e + fe3_e --> fe3dcit_e		spontaneous								AUDIT_NOT_RUN_PHASE1	N/A		SPECIAL	NO	SPECIAL_RULE	Phase-1 ingestion; no biological decision applied
FE3DCITtonex	fe3dcit_e + h_p --> fe3dcit_p + h_c		EHJ91733_1 or (EHJ91416_1 and EHJ91733_1) or (EHJ91416_1 and EHJ91733_1 and EHJ94544_1) or (EHJ91733_1 and EHJ91734_1 and EHJ94544_1)	[UNRESOLVED:Csal_1619] and EHJ91416_1 and [UNRESOLVED:HB_MODEL_ID:EHJ91414_1]				NO	PARTIAL		AUDIT_NOT_RUN_PHASE1	REVIEW		MEDIUM	NO	KEEP_FLAGGED	Phase-1 ingestion; no biological decision applied
FE3Gabcpp	fe3_p + gtp_c + h2o_c --> fe3_c + gdp_c + h_c + pi_c										AUDIT_NOT_RUN_PHASE1	REVIEW		LOW	NO	REVIEW	Phase-1 ingestion; no biological decision applied
FE3HOXexs	fe3_e + fe3hox_un_e --> fe3hox_e		spontaneous								AUDIT_NOT_RUN_PHASE1	N/A		SPECIAL	NO	SPECIAL_RULE	Phase-1 ingestion; no biological decision applied
FE3PYOVDL2	fe3_e + pyovd_kt_e <=> fe3pyovd_kt_e		spontaneous								AUDIT_NOT_RUN_PHASE1	N/A		MEDIUM	NO	KEEP_FLAGGED	Phase-1 ingestion; no biological decision applied
FE3Ri	fadh2_c + 2.0 fe3_c --> fad_c + 2.0 fe2_c + 2.0 h_c			EHJ93762_1				YES	COMPLETE_HIGH		AUDIT_NOT_RUN_PHASE1	N/A		LOW	NO	REVIEW	Phase-1 ingestion; no biological decision applied
FE3abc	atp_c + fe3_e + h2o_c --> adp_c + fe3_c + h_c + pi_c				3.6.3.30						AUDIT_NOT_RUN_PHASE1	REVIEW		LOW	NO	REVIEW	Phase-1 ingestion; no biological decision applied
FE3abcpp	atp_c + fe3_p + h2o_c --> adp_c + fe3_c + h_c + pi_c		EHJ93000_1 or (EHJ93000_1 and EHJ94820_1) or (EHJ92999_1 and EHJ93000_1 and EHJ93001_1)		3.6.3.30						AUDIT_NOT_RUN_PHASE1	REVIEW		MEDIUM	NO	KEEP_FLAGGED	Phase-1 ingestion; no biological decision applied
FE3tex	fe3_e <=> fe3_p			[UNRESOLVED:Csal_2569]				NO	NO_MAPPING		AUDIT_NOT_RUN_PHASE1	REVIEW		LOW	NO	REVIEW	Phase-1 ingestion; no biological decision applied
FEDCabc	atp_c + 2.0 cit_e + fe3_e + h2o_c --> adp_c + 2.0 cit_c + fe3_c + h_c + pi_c										AUDIT_NOT_RUN_PHASE1	REVIEW		LOW	NO	REVIEW	Phase-1 ingestion; no biological decision applied
FEENTERR4	2.0 feenter_c + nadph_c --> 2.0 enter_c + 2.0 fe2_c + h_c + nadp_c										AUDIT_NOT_RUN_PHASE1	N/A		LOW	NO	REVIEW	Phase-1 ingestion; no biological decision applied
FEENTERtex	enter_p + h_p --> enter_e + h_c		EHJ93204_1								AUDIT_NOT_RUN_PHASE1	REVIEW		MEDIUM	NO	KEEP_FLAGGED	Phase-1 ingestion; no biological decision applied
FEENTERtonex	feenter_e + h_p --> feenter_p + h_c		EHJ91733_1 or EHJ91734_1 or (EHJ91416_1 and EHJ91733_1) or (EHJ91733_1 and EHJ91734_1) or (EHJ91417_1 and EHJ91733_1 and EHJ91734_1)								AUDIT_NOT_RUN_PHASE1	REVIEW		MEDIUM	NO	KEEP_FLAGGED	Phase-1 ingestion; no biological decision applied
FEOXAMR1	fadh2_c + 2.0 feoxam_c --> fad_c + 2.0 fe2_c + 2.0 feoxam_un_c + 2.0 h_c		EHJ93762_1	[UNRESOLVED:Csal_3257]				NO	NO_MAPPING		AUDIT_NOT_RUN_PHASE1	N/A		MEDIUM	NO	KEEP_FLAGGED	Phase-1 ingestion; no biological decision applied
FEOXAMR2	2.0 feoxam_c + fmnh2_c --> 2.0 fe2_c + 2.0 feoxam_un_c + fmn_c + 2.0 h_c		EHJ93762_1	[UNRESOLVED:Csal_3257]				NO	NO_MAPPING		AUDIT_NOT_RUN_PHASE1	N/A		MEDIUM	NO	KEEP_FLAGGED	Phase-1 ingestion; no biological decision applied
FEOXAMR3	2.0 feoxam_c + rbflvrd_c --> 2.0 fe2_c + 2.0 feoxam_un_c + 2.0 h_c + ribflv_c		EHJ93762_1	[UNRESOLVED:Csal_3257]				NO	NO_MAPPING		AUDIT_NOT_RUN_PHASE1	N/A		MEDIUM	NO	KEEP_FLAGGED	Phase-1 ingestion; no biological decision applied
FEOXAMUtex	feoxam_un_p + h_p --> feoxam_un_e + h_c										AUDIT_NOT_RUN_PHASE1	REVIEW		LOW	NO	REVIEW	Phase-1 ingestion; no biological decision applied
FEOXAMUtpp	feoxam_un_c + h_p --> feoxam_un_p + h_c										AUDIT_NOT_RUN_PHASE1	REVIEW		LOW	NO	REVIEW	Phase-1 ingestion; no biological decision applied
FEOXAMabcpp	atp_c + feoxam_p + h2o_c --> adp_c + feoxam_c + h_c + pi_c			EHJ93443_1				NO	COMPLETE_REVIEW		AUDIT_NOT_RUN_PHASE1	REVIEW		LOW	NO	REVIEW	Phase-1 ingestion; no biological decision applied
FEOXAMtonex	feoxam_e + h_p --> feoxam_p + h_c		EHJ91733_1 or (EHJ91734_1 and EHJ93412_1) or (EHJ91416_1 and EHJ91733_1 and EHJ93412_1) or (EHJ91733_1 and EHJ91734_1 and EHJ93412_1) or (EHJ91417_1 and EHJ91733_1 and EHJ91734_1 and EHJ93416_1)	[UNRESOLVED:HB_MODEL_ID:EHJ92677_1] and [UNRESOLVED:Csal_1619] and EHJ91416_1 and [UNRESOLVED:HB_MODEL_ID:EHJ91414_1]				NO	PARTIAL		AUDIT_NOT_RUN_PHASE1	REVIEW		MEDIUM	NO	KEEP_FLAGGED	Phase-1 ingestion; no biological decision applied
FEROc	4.0 fe2_c + 4.0 h_c + o2_c --> 4.0 fe3_c + 2.0 h2o_c		EHJ91868_1 or EHJ92164_1 or EHJ92165_1		1.16.3.1						AUDIT_NOT_RUN_PHASE1	N/A		MEDIUM	NO	KEEP_FLAGGED	Phase-1 ingestion; no biological decision applied
FEROpp	4.0 fe2_p + 4.0 h_p + o2_p --> 4.0 fe3_p + 2.0 h2o_p		EHJ91868_1 or EHJ92164_1 or EHJ92165_1		1.16.3.1						AUDIT_NOT_RUN_PHASE1	N/A		MEDIUM	NO	KEEP_FLAGGED	Phase-1 ingestion; no biological decision applied
FERtex	fer_e <=> fer_p										AUDIT_NOT_RUN_PHASE1	REVIEW		LOW	NO	REVIEW	Phase-1 ingestion; no biological decision applied
FERtpp	fer_p <=> fer_c										AUDIT_NOT_RUN_PHASE1	REVIEW		LOW	NO	REVIEW	Phase-1 ingestion; no biological decision applied
FLVR	h_c + nadph_c + ribflv_c --> nadp_c + rbflvrd_c		EHJ93762_1	EHJ93762_1	1.5.1.30;1.5.1.41			YES	COMPLETE_HIGH		AUDIT_NOT_RUN_PHASE1	N/A		HIGH	NO	AUTO_KEEP	Phase-1 ingestion; no biological decision applied
FLVRx	h_c + nadh_c + ribflv_c --> nad_c + rbflvrd_c		EHJ93762_1	EHJ93762_1	1.5.1.36;1.5.1.41			YES	COMPLETE_HIGH		AUDIT_NOT_RUN_PHASE1	N/A		HIGH	NO	AUTO_KEEP	Phase-1 ingestion; no biological decision applied
FMNAT	atp_c + fmn_c + h_c --> fad_c + ppi_c		EHJ94937_1	EHJ94937_1	2.7.7.2			YES	COMPLETE_HIGH		AUDIT_NOT_RUN_PHASE1	N/A		HIGH	NO	AUTO_KEEP	Phase-1 ingestion; no biological decision applied
FMNRx	fmn_c + h_c + nadh_c --> fmnh2_c + nad_c		EHJ93762_1	EHJ93762_1	1.5.1.-;1.5.1.36;1.5.1.39;1.5.1.41;1.5.1.42			YES	COMPLETE_HIGH		AUDIT_NOT_RUN_PHASE1	N/A		HIGH	NO	AUTO_KEEP	Phase-1 ingestion; no biological decision applied
FMNRx2	fmn_c + h_c + nadph_c --> fmnh2_c + nadp_c		EHJ92238_1 or EHJ93762_1	EHJ93762_1	1.5.1.-;1.5.1.38;1.5.1.39			YES	COMPLETE_HIGH		AUDIT_NOT_RUN_PHASE1	N/A		HIGH	NO	AUTO_KEEP	Phase-1 ingestion; no biological decision applied
FMNRy	fmn_c + h_c + nadph_c --> fmnRD_c + nadp_c		EHJ92526_1								AUDIT_NOT_RUN_PHASE1	N/A		MEDIUM	NO	KEEP_FLAGGED	Phase-1 ingestion; no biological decision applied
FMNt	fmn_c --> fmn_p		EHJ91767_1								AUDIT_NOT_RUN_PHASE1	REVIEW		MEDIUM	NO	KEEP_FLAGGED	Phase-1 ingestion; no biological decision applied
FMNtex	fmn_p <=> fmn_e										AUDIT_NOT_RUN_PHASE1	REVIEW		LOW	NO	REVIEW	Phase-1 ingestion; no biological decision applied
FNRR3	fdxo_2_2_c + h2_c --> fdxrd_c + 2.0 h_c		EHJ94786_1								AUDIT_NOT_RUN_PHASE1	N/A		MEDIUM	NO	KEEP_FLAGGED	Phase-1 ingestion; no biological decision applied
FOLD3	2ahhmd_c + 4abz_c --> dhpt_c + ppi_c		EHJ93896_1		2.5.1.15						AUDIT_NOT_RUN_PHASE1	N/A		MEDIUM	NO	KEEP_FLAGGED	Phase-1 ingestion; no biological decision applied
FOLR2	fol_c + h_c + nadph_c --> dhf_c + nadp_c		EHJ91163_1	[UNRESOLVED:FF32_18575]	1.5.1.3			NO	NO_MAPPING		AUDIT_NOT_RUN_PHASE1	N/A		MEDIUM	NO	KEEP_FLAGGED	Phase-1 ingestion; no biological decision applied
FOMETRi	5fthf_c + h_c --> h2o_c + methf_c		EHJ91693_1	EHJ91693_1 or EHJ92916_1	2.1.2.10			YES	COMPLETE_HIGH		AUDIT_NOT_RUN_PHASE1	N/A		HIGH	NO	AUTO_KEEP	Phase-1 ingestion; no biological decision applied
FORGLUIH2	forglu_c + h2o_c + h_c --> Nforglu_c + nh4_c										AUDIT_NOT_RUN_PHASE1	N/A		LOW	NO	REVIEW	Phase-1 ingestion; no biological decision applied
FORt	for_e <=> for_c										AUDIT_NOT_RUN_PHASE1	REVIEW		LOW	NO	REVIEW	Phase-1 ingestion; no biological decision applied
FORt2	for_e + h_e <=> for_c + h_c										AUDIT_NOT_RUN_PHASE1	REVIEW		LOW	NO	REVIEW	Phase-1 ingestion; no biological decision applied
FORtex	for_e <=> for_p										AUDIT_NOT_RUN_PHASE1	REVIEW		LOW	NO	REVIEW	Phase-1 ingestion; no biological decision applied
FRD2	fum_c + mql8_c --> mqn8_c + succ_c		(EHJ94724_1 and EHJ94725_1 and EHJ94727_1) or (EHJ94724_1 and EHJ94725_1 and EHJ94726_1 and EHJ94727_1)	EHJ93185_1	1.3.5.1			YES	COMPLETE_HIGH		AUDIT_NOT_RUN_PHASE1	N/A		HIGH	NO	AUTO_KEEP	Phase-1 ingestion; no biological decision applied
FRD3	2dmmql8_c + fum_c --> 2dmmq8_c + succ_c		(EHJ94724_1 and EHJ94725_1 and EHJ94727_1) or (EHJ94724_1 and EHJ94725_1 and EHJ94726_1 and EHJ94727_1)	EHJ93185_1	1.3.99.1;1.3.5.1			YES	COMPLETE_HIGH		AUDIT_NOT_RUN_PHASE1	N/A		HIGH	NO	AUTO_KEEP	Phase-1 ingestion; no biological decision applied
FRUK	atp_c + f1p_c --> adp_c + fdp_c + h_c			EHJ92150_1	2.7.1.56			YES	COMPLETE_HIGH		AUDIT_NOT_RUN_PHASE1	N/A		LOW	NO	REVIEW	Phase-1 ingestion; no biological decision applied
FRUURt2rpp	fruur_p + h_p <=> fruur_c + h_c										AUDIT_NOT_RUN_PHASE1	REVIEW		LOW	NO	REVIEW	Phase-1 ingestion; no biological decision applied
FRUURtex	fruur_e <=> fruur_p										AUDIT_NOT_RUN_PHASE1	REVIEW		LOW	NO	REVIEW	Phase-1 ingestion; no biological decision applied
FRUtex	fru_e <=> fru_p			[UNRESOLVED:Csal_2569]				NO	NO_MAPPING		AUDIT_NOT_RUN_PHASE1	REVIEW		LOW	NO	REVIEW	Phase-1 ingestion; no biological decision applied
FTHFCL	5fthf_c + atp_c --> adp_c + methf_c + pi_c		EHJ94226_1	EHJ94226_1	6.3.3.2			YES	COMPLETE_HIGH		AUDIT_NOT_RUN_PHASE1	N/A		HIGH	NO	AUTO_KEEP	Phase-1 ingestion; no biological decision applied
FTHFD	10fthf_c + h2o_c --> for_c + h_c + thf_c		EHJ91916_1	[UNRESOLVED:Csal_1002]	3.5.1.10			NO	NO_MAPPING		AUDIT_NOT_RUN_PHASE1	N/A		MEDIUM	NO	KEEP_FLAGGED	Phase-1 ingestion; no biological decision applied
FUM	fum_c + h2o_c <=> mal__L_c		EHJ91719_1 or EHJ91933_1	EHJ91933_1	4.2.1.2			YES	COMPLETE_HIGH		AUDIT_NOT_RUN_PHASE1	N/A		HIGH	NO	AUTO_KEEP	Phase-1 ingestion; no biological decision applied
FUMt1pp	fum_p <=> fum_c										AUDIT_NOT_RUN_PHASE1	REVIEW		LOW	NO	REVIEW	Phase-1 ingestion; no biological decision applied
FUMt2r	fum_e + h_e <=> fum_c + h_c										AUDIT_NOT_RUN_PHASE1	REVIEW		LOW	NO	REVIEW	Phase-1 ingestion; no biological decision applied
FUMtex	fum_e <=> fum_p			[UNRESOLVED:Csal_2569]				NO	NO_MAPPING		AUDIT_NOT_RUN_PHASE1	REVIEW		LOW	NO	REVIEW	Phase-1 ingestion; no biological decision applied
G1PACT	accoa_c + gam1p_c --> acgam1p_c + coa_c + h_c		EHJ92747_1 or EHJ94298_1	EHJ94298_1 or [UNRESOLVED:HB_MODEL_ID:EHJ92880_1]	2.3.1.157;2.3.1.4;2.7.7.23			NO	COMPLETE_HIGH		AUDIT_NOT_RUN_PHASE1	N/A		HIGH	NO	AUTO_KEEP	Phase-1 ingestion; no biological decision applied
G1PP	g1p_c + h2o_c --> glc__D_c + pi_c		EHJ92796_1		3.1.3.10;3.8.1.2						AUDIT_NOT_RUN_PHASE1	N/A		MEDIUM	NO	KEEP_FLAGGED	Phase-1 ingestion; no biological decision applied
G1Ptex	g1p_e <=> g1p_p										AUDIT_NOT_RUN_PHASE1	REVIEW		LOW	NO	REVIEW	Phase-1 ingestion; no biological decision applied
G1SAT	glu1sa_c <=> 5aop_c		EHJ94265_1	EHJ94265_1	5.4.3.8			YES	COMPLETE_HIGH		AUDIT_NOT_RUN_PHASE1	N/A		HIGH	NO	AUTO_KEEP	Phase-1 ingestion; no biological decision applied
G2PP	glyc2p_c + h2o_c --> glyc_c + pi_c		EHJ93440_1 or EHJ93651_1	EHJ91647_1	3.1.3.19;3.1.3.25			YES	COMPLETE_HIGH		AUDIT_NOT_RUN_PHASE1	N/A		HIGH	NO	AUTO_KEEP	Phase-1 ingestion; no biological decision applied
G3PAT120	ddcaACP_c + glyc3p_c --> 1ddecg3p_c + ACP_c			[UNRESOLVED:Csal_0861] or EHJ91400_1	2.3.1.15			NO	PARTIAL		AUDIT_NOT_RUN_PHASE1	N/A		LOW	NO	REVIEW	Phase-1 ingestion; no biological decision applied
G3PAT141	glyc3p_c + tdeACP_c --> 1tdec7eg3p_c + ACP_c			[UNRESOLVED:Csal_0861] or EHJ91400_1	2.3.1.15			NO	PARTIAL		AUDIT_NOT_RUN_PHASE1	N/A		LOW	NO	REVIEW	Phase-1 ingestion; no biological decision applied
G3PAT161	glyc3p_c + hdeACP_c --> 1hdec9eg3p_c + ACP_c			[UNRESOLVED:Csal_0861] or EHJ91400_1	2.3.1.15			NO	PARTIAL		AUDIT_NOT_RUN_PHASE1	N/A		LOW	NO	REVIEW	Phase-1 ingestion; no biological decision applied
G3PCabcpp	atp_c + g3pc_p + h2o_c --> adp_c + g3pc_c + h_c + pi_c			EHJ93976_1 and EHJ93977_1 and EHJ93978_1 and [UNRESOLVED:HB_MODEL_ID:EHJ93979_1]				NO	COMPLETE_REVIEW		AUDIT_NOT_RUN_PHASE1	REVIEW		LOW	NO	REVIEW	Phase-1 ingestion; no biological decision applied
G3PCtex	g3pc_e <=> g3pc_p			[UNRESOLVED:Csal_2569]				NO	NO_MAPPING		AUDIT_NOT_RUN_PHASE1	REVIEW		LOW	NO	REVIEW	Phase-1 ingestion; no biological decision applied
G3PD1ir	dhap_c + h_c + nadh_c <=> glyc3p_c + nad_c		EHJ91294_1		1.1.1.8;1.1.1.94						AUDIT_NOT_RUN_PHASE1	N/A		MEDIUM	NO	KEEP_FLAGGED	Phase-1 ingestion; no biological decision applied
G3PD2	glyc3p_c + nadp_c <=> dhap_c + h_c + nadph_c		EHJ91294_1	EHJ91294_1	1.1.1.94			YES	COMPLETE_HIGH		AUDIT_NOT_RUN_PHASE1	N/A		HIGH	NO	AUTO_KEEP	Phase-1 ingestion; no biological decision applied
G3PD4	glyc3p_c + mqn7_c --> dhap_c + mql7_c										AUDIT_NOT_RUN_PHASE1	N/A		LOW	NO	REVIEW	Phase-1 ingestion; no biological decision applied
G3PD5	glyc3p_c + q8_c --> dhap_c + q8h2_c			[UNRESOLVED:Csal_2106]	1.1.5.3			NO	NO_MAPPING		AUDIT_NOT_RUN_PHASE1	N/A		LOW	NO	REVIEW	Phase-1 ingestion; no biological decision applied
G3PD6	glyc3p_c + mqn8_c --> dhap_c + mql8_c			[UNRESOLVED:Csal_2106]				NO	NO_MAPPING		AUDIT_NOT_RUN_PHASE1	N/A		LOW	NO	REVIEW	Phase-1 ingestion; no biological decision applied
G3PEabcpp	atp_c + g3pe_p + h2o_c --> adp_c + g3pe_c + h_c + pi_c			EHJ93976_1 and EHJ93977_1 and EHJ93978_1 and [UNRESOLVED:HB_MODEL_ID:EHJ93979_1]				NO	COMPLETE_REVIEW		AUDIT_NOT_RUN_PHASE1	REVIEW		LOW	NO	REVIEW	Phase-1 ingestion; no biological decision applied
G3PEtex	g3pe_e <=> g3pe_p			[UNRESOLVED:Csal_2569]				NO	NO_MAPPING		AUDIT_NOT_RUN_PHASE1	REVIEW		LOW	NO	REVIEW	Phase-1 ingestion; no biological decision applied
G3PGabcpp	atp_c + g3pg_p + h2o_c --> adp_c + g3pg_c + h_c + pi_c			EHJ93976_1 and EHJ93977_1 and EHJ93978_1 and [UNRESOLVED:HB_MODEL_ID:EHJ93979_1]				NO	COMPLETE_REVIEW		AUDIT_NOT_RUN_PHASE1	REVIEW		LOW	NO	REVIEW	Phase-1 ingestion; no biological decision applied
G3PGtex	g3pg_e <=> g3pg_p			[UNRESOLVED:Csal_2569]				NO	NO_MAPPING		AUDIT_NOT_RUN_PHASE1	REVIEW		LOW	NO	REVIEW	Phase-1 ingestion; no biological decision applied
G3PIabcpp	atp_c + g3pi_p + h2o_c --> adp_c + g3pi_c + h_c + pi_c			EHJ93976_1 and EHJ93977_1 and EHJ93978_1 and [UNRESOLVED:HB_MODEL_ID:EHJ93979_1]				NO	COMPLETE_REVIEW		AUDIT_NOT_RUN_PHASE1	REVIEW		LOW	NO	REVIEW	Phase-1 ingestion; no biological decision applied
G3PItex	g3pi_e <=> g3pi_p			[UNRESOLVED:Csal_2569]				NO	NO_MAPPING		AUDIT_NOT_RUN_PHASE1	REVIEW		LOW	NO	REVIEW	Phase-1 ingestion; no biological decision applied
G3PSabcpp	atp_c + g3ps_p + h2o_c --> adp_c + g3ps_c + h_c + pi_c			EHJ93976_1 and EHJ93977_1 and EHJ93978_1 and [UNRESOLVED:HB_MODEL_ID:EHJ93979_1]				NO	COMPLETE_REVIEW		AUDIT_NOT_RUN_PHASE1	REVIEW		LOW	NO	REVIEW	Phase-1 ingestion; no biological decision applied
G3PStex	g3ps_e <=> g3ps_p			[UNRESOLVED:Csal_2569]				NO	NO_MAPPING		AUDIT_NOT_RUN_PHASE1	REVIEW		LOW	NO	REVIEW	Phase-1 ingestion; no biological decision applied
G5SD	glu5p_c + h_c + nadph_c --> glu5sa_c + nadp_c + pi_c		EHJ92025_1	EHJ92025_1	1.2.1.41			YES	COMPLETE_HIGH		AUDIT_NOT_RUN_PHASE1	N/A		HIGH	NO	AUTO_KEEP	Phase-1 ingestion; no biological decision applied
G6PBDH	g6p_B_c + nadp_c --> 6pgl_c + h_c + nadph_c		EHJ92137_1		1.1.1.363;1.1.1.49						AUDIT_NOT_RUN_PHASE1	N/A		MEDIUM	NO	KEEP_FLAGGED	Phase-1 ingestion; no biological decision applied
G6PDH2r	g6p_c + nadp_c <=> 6pgl_c + h_c + nadph_c		EHJ92137_1	EHJ92137_1	1.1.1.363;1.1.1.49			YES	COMPLETE_HIGH		AUDIT_NOT_RUN_PHASE1	N/A		HIGH	NO	AUTO_KEEP	Phase-1 ingestion; no biological decision applied
G6PI	g6p_c <=> g6p_B_c		EHJ91241_1 or EHJ92152_1		5.1.3.15;5.3.1.9						AUDIT_NOT_RUN_PHASE1	N/A		MEDIUM	NO	KEEP_FLAGGED	Phase-1 ingestion; no biological decision applied
G6PI3	g6p_B_c <=> f6p_c		EHJ91241_1 or EHJ92152_1		5.3.1.9						AUDIT_NOT_RUN_PHASE1	N/A		MEDIUM	NO	KEEP_FLAGGED	Phase-1 ingestion; no biological decision applied
G6PP	g6p_c + h2o_c --> glc__D_c + pi_c		EHJ92796_1 or EHJ93171_1		3.1.3.58;3.1.3.9;3.8.1.2						AUDIT_NOT_RUN_PHASE1	N/A		MEDIUM	NO	KEEP_FLAGGED	Phase-1 ingestion; no biological decision applied
GALCTD	galct__D_c --> 5dh4dglc_c + h2o_c		EHJ93392_1 or EHJ93398_1		4.2.1.42						AUDIT_NOT_RUN_PHASE1	N/A		MEDIUM	NO	KEEP_FLAGGED	Phase-1 ingestion; no biological decision applied
GALCTD_1	galctr__D_c --> 5d4dglcr_c + h2o_c		EHJ93398_1		4.2.1.42						AUDIT_NOT_RUN_PHASE1	N/A		MEDIUM	NO	KEEP_FLAGGED	Phase-1 ingestion; no biological decision applied
GALCTND	galctn__D_c --> 2dh3dgal_c + h2o_c		EHJ92130_1	EHJ92130_1	4.2.1.140;4.2.1.6			YES	COMPLETE_HIGH		AUDIT_NOT_RUN_PHASE1	N/A		HIGH	NO	AUTO_KEEP	Phase-1 ingestion; no biological decision applied
GALCTNt2pp	galctn__D_p + h_p --> galctn__D_c + h_c										AUDIT_NOT_RUN_PHASE1	REVIEW		LOW	NO	REVIEW	Phase-1 ingestion; no biological decision applied
GALCTNtex	galctn__D_e <=> galctn__D_p			[UNRESOLVED:Csal_2569]				NO	NO_MAPPING		AUDIT_NOT_RUN_PHASE1	REVIEW		LOW	NO	REVIEW	Phase-1 ingestion; no biological decision applied
GALCTRt2	galctr__D_e + h_e --> galctr__D_c + h_c										AUDIT_NOT_RUN_PHASE1	REVIEW		LOW	NO	REVIEW	Phase-1 ingestion; no biological decision applied
GALM1	glc__bD_c <=> glc__D_c		EHJ94888_1		5.1.3.3						AUDIT_NOT_RUN_PHASE1	N/A		MEDIUM	NO	KEEP_FLAGGED	Phase-1 ingestion; no biological decision applied
GALM2	gal_bD_c --> gal_c		EHJ94888_1		5.1.3.3						AUDIT_NOT_RUN_PHASE1	N/A		MEDIUM	NO	KEEP_FLAGGED	Phase-1 ingestion; no biological decision applied
GALTtex	galt_e <=> galt_p										AUDIT_NOT_RUN_PHASE1	REVIEW		LOW	NO	REVIEW	Phase-1 ingestion; no biological decision applied
GALURDH	galur_c + h2o_c + nad_c <=> galct__D_c + 2.0 h_c + nadh_c										AUDIT_NOT_RUN_PHASE1	N/A		LOW	NO	REVIEW	Phase-1 ingestion; no biological decision applied
GALURt2rpp	galur_p + h_p <=> galur_c + h_c		EHJ92856_1 and EHJ93393_1 and EHJ93395_1								AUDIT_NOT_RUN_PHASE1	REVIEW		MEDIUM	NO	KEEP_FLAGGED	Phase-1 ingestion; no biological decision applied
GALURtex	galur_e <=> galur_p										AUDIT_NOT_RUN_PHASE1	REVIEW		LOW	NO	REVIEW	Phase-1 ingestion; no biological decision applied
GALUi	g1p_c + h_c + utp_c --> ppi_c + udpg_c		EHJ91742_1	EHJ91742_1	2.7.7.64;2.7.7.9			YES	COMPLETE_HIGH		AUDIT_NOT_RUN_PHASE1	N/A		HIGH	NO	AUTO_KEEP	Phase-1 ingestion; no biological decision applied
GALabcpp	atp_c + gal_p + h2o_c --> adp_c + gal_c + h_c + pi_c				3.6.3.17						AUDIT_NOT_RUN_PHASE1	REVIEW		LOW	NO	REVIEW	Phase-1 ingestion; no biological decision applied
GALtex	gal_e <=> gal_p										AUDIT_NOT_RUN_PHASE1	REVIEW		LOW	NO	REVIEW	Phase-1 ingestion; no biological decision applied
GAMtex	gam_e <=> gam_p										AUDIT_NOT_RUN_PHASE1	REVIEW		LOW	NO	REVIEW	Phase-1 ingestion; no biological decision applied
GAPD	g3p_c + nad_c + pi_c <=> 13dpg_c + h_c + nadh_c		EHJ92004_1 or EHJ92145_1 or EHJ92281_1	[UNRESOLVED:Csal_0372] or EHJ92145_1 or EHJ92281_1 or EHJ92004_1	1.2.1.12;1.2.1.59;1.2.1.-			NO	CONFLICT		AUDIT_NOT_RUN_PHASE1	N/A		MEDIUM	NO	KEEP_FLAGGED	Phase-1 ingestion; no biological decision applied
GARFT	10fthf_c + gar_c <=> fgam_c + h_c + thf_c		EHJ91938_1	EHJ91938_1	2.1.2.2			YES	COMPLETE_HIGH		AUDIT_NOT_RUN_PHASE1	N/A		HIGH	NO	AUTO_KEEP	Phase-1 ingestion; no biological decision applied
GCALDD	gcald_c + h2o_c + nad_c --> glyclt_c + 2.0 h_c + nadh_c		EHJ94867_1	EHJ92845_1	1.2.1.21;1.2.1.3			YES	COMPLETE_HIGH		AUDIT_NOT_RUN_PHASE1	N/A		HIGH	NO	AUTO_KEEP	Phase-1 ingestion; no biological decision applied
GCCa	gly_c + h_c + lpro_c --> alpro_c + co2_c				1.4.4.2						AUDIT_NOT_RUN_PHASE1	N/A		LOW	NO	REVIEW	Phase-1 ingestion; no biological decision applied
GCCb	alpro_c + thf_c --> dhlpro_c + mlthf_c + nh4_c				2.1.2.10						AUDIT_NOT_RUN_PHASE1	N/A		LOW	NO	REVIEW	Phase-1 ingestion; no biological decision applied
GCCc	dhlpro_c + nad_c --> h_c + lpro_c + nadh_c				1.8.1.4						AUDIT_NOT_RUN_PHASE1	N/A		LOW	NO	REVIEW	Phase-1 ingestion; no biological decision applied
GCDH	glutcoa_c <=> b2coa_c + co2_c + h_c		EHJ93591_1		1.3.8.6						AUDIT_NOT_RUN_PHASE1	N/A		MEDIUM	NO	KEEP_FLAGGED	Phase-1 ingestion; no biological decision applied
GCVHADPr	gcvHL_nhLA_c + nad_c --> gcvHL_ADPr_c + ncam_c										AUDIT_NOT_RUN_PHASE1	N/A		LOW	NO	REVIEW	Phase-1 ingestion; no biological decision applied
GCVHRADPr	gcvHL_ADPr_c + h2o_c --> adprib_c + gcvHL_nhLA_c + h_c										AUDIT_NOT_RUN_PHASE1	N/A		LOW	NO	REVIEW	Phase-1 ingestion; no biological decision applied
GDBTALDH	gdbtal_c + h2o_c + nad_c --> 4gudbutn_c + 2.0 h_c + nadh_c				1.2.1.54						AUDIT_NOT_RUN_PHASE1	N/A		LOW	NO	REVIEW	Phase-1 ingestion; no biological decision applied
GDOCBIK	adocbi_c + gtp_c <=> adocbip_c + gdp_c + h_c										AUDIT_NOT_RUN_PHASE1	N/A		LOW	NO	REVIEW	Phase-1 ingestion; no biological decision applied
GDPDPK	atp_c + gdp_c --> amp_c + h_c + ppgpp_c		EHJ91439_1 or EHJ94332_1	EHJ91439_1 or EHJ94332_1	2.7.6.5;3.1.7.2			YES	COMPLETE_HIGH		AUDIT_NOT_RUN_PHASE1	N/A		HIGH	NO	AUTO_KEEP	Phase-1 ingestion; no biological decision applied
GDPMNP	gdpmann_c + h2o_c --> gmp_c + 2.0 h_c + man1p_c				3.6.1.-;3.6.1.21						AUDIT_NOT_RUN_PHASE1	N/A		LOW	NO	REVIEW	Phase-1 ingestion; no biological decision applied
GDPTPDP	gdptp_c + h2o_c --> gtp_c + ppi_c		EHJ94332_1	EHJ94332_1	3.1.7.2			YES	COMPLETE_HIGH		AUDIT_NOT_RUN_PHASE1	N/A		HIGH	NO	AUTO_KEEP	Phase-1 ingestion; no biological decision applied
GF6PTA	f6p_c + gln__L_c --> gam6p_c + glu__L_c		EHJ94299_1	EHJ94299_1	2.6.1.16			YES	COMPLETE_HIGH		AUDIT_NOT_RUN_PHASE1	N/A		HIGH	NO	AUTO_KEEP	Phase-1 ingestion; no biological decision applied
GG15DAPAH	ggaptn_c + h2o_c --> 5aptn_c + glu__L_c		EHJ93329_1 or EHJ93331_1 or EHJ94702_1		3.5.1.94						AUDIT_NOT_RUN_PHASE1	N/A		MEDIUM	NO	KEEP_FLAGGED	Phase-1 ingestion; no biological decision applied
GG15DAPDxr	ggbdapal_c + h2o_c + nad_c <=> ggaptn_c + 2.0 h_c + nadh_c		EHJ94704_1								AUDIT_NOT_RUN_PHASE1	N/A		MEDIUM	NO	KEEP_FLAGGED	Phase-1 ingestion; no biological decision applied
GG15DAPO	gg15dap_c + h2o_c + o2_c --> ggbdapal_c + h2o2_c + nh4_c										AUDIT_NOT_RUN_PHASE1	N/A		LOW	NO	REVIEW	Phase-1 ingestion; no biological decision applied
GG15DAPS	15dap_c + atp_c + glu__L_c --> adp_c + gg15dap_c + h_c + pi_c										AUDIT_NOT_RUN_PHASE1	N/A		LOW	NO	REVIEW	Phase-1 ingestion; no biological decision applied
GGDAPAH	ggala_B_c + h2o_c --> ala_B_c + glu__L_c		EHJ93329_1 or EHJ93331_1 or EHJ94702_1		3.5.1.94						AUDIT_NOT_RUN_PHASE1	N/A		MEDIUM	NO	KEEP_FLAGGED	Phase-1 ingestion; no biological decision applied
GGDAPDxr	ggbamppal_c + h2o_c + nad_c <=> ggala_B_c + 2.0 h_c + nadh_c		EHJ94704_1								AUDIT_NOT_RUN_PHASE1	N/A		MEDIUM	NO	KEEP_FLAGGED	Phase-1 ingestion; no biological decision applied
GGDAPO	gg13dampp_c + h2o_c + o2_c --> ggbamppal_c + h2o2_c + nh4_c										AUDIT_NOT_RUN_PHASE1	N/A		LOW	NO	REVIEW	Phase-1 ingestion; no biological decision applied
GGDAPS	13dampp_c + atp_c + glu__L_c --> adp_c + gg13dampp_c + h_c + pi_c										AUDIT_NOT_RUN_PHASE1	N/A		LOW	NO	REVIEW	Phase-1 ingestion; no biological decision applied
GGGABADr	ggbutal_c + h2o_c + nadp_c <=> gg4abut_c + 2.0 h_c + nadph_c		EHJ94704_1	EHJ94704_1	1.2.1.-;1.2.1.99			YES	COMPLETE_HIGH		AUDIT_NOT_RUN_PHASE1	N/A		HIGH	NO	AUTO_KEEP	Phase-1 ingestion; no biological decision applied
GGGABADxr	ggbutal_c + h2o_c + nad_c <=> gg4abut_c + 2.0 h_c + nadh_c		EHJ94704_1		1.2.1.99						AUDIT_NOT_RUN_PHASE1	N/A		MEDIUM	NO	KEEP_FLAGGED	Phase-1 ingestion; no biological decision applied
GGGABAH	gg4abut_c + h2o_c --> 4abut_c + glu__L_c		EHJ93329_1 or EHJ93331_1 or EHJ94702_1		3.5.1.94						AUDIT_NOT_RUN_PHASE1	N/A		MEDIUM	NO	KEEP_FLAGGED	Phase-1 ingestion; no biological decision applied
GGPTRCO	ggptrc_c + h2o_c + o2_c --> ggbutal_c + h2o2_c + nh4_c										AUDIT_NOT_RUN_PHASE1	N/A		LOW	NO	REVIEW	Phase-1 ingestion; no biological decision applied
GGPTRCS	atp_c + glu__L_c + ptrc_c --> adp_c + ggptrc_c + h_c + pi_c				6.3.1.11						AUDIT_NOT_RUN_PHASE1	N/A		LOW	NO	REVIEW	Phase-1 ingestion; no biological decision applied
GGSPMDO	ggspmd_c + h2o_c + o2_c --> 13dampp_c + ggbutal_c + h2o2_c										AUDIT_NOT_RUN_PHASE1	N/A		LOW	NO	REVIEW	Phase-1 ingestion; no biological decision applied
GGSPMDS	atp_c + glu__L_c + spmd_c --> adp_c + ggspmd_c + h_c + pi_c										AUDIT_NOT_RUN_PHASE1	N/A		LOW	NO	REVIEW	Phase-1 ingestion; no biological decision applied
GHMT2r	ser__L_c + thf_c <=> gly_c + h2o_c + mlthf_c		EHJ91706_1 or EHJ93086_1	EHJ93086_1	2.1.2.1;3.5.2.3			YES	COMPLETE_HIGH		AUDIT_NOT_RUN_PHASE1	N/A		HIGH	NO	AUTO_KEEP	Phase-1 ingestion; no biological decision applied
GK1	atp_c + gmp_c <=> adp_c + gdp_c		EHJ94330_1	EHJ94330_1	2.7.4.8			YES	COMPLETE_HIGH		AUDIT_NOT_RUN_PHASE1	N/A		HIGH	NO	AUTO_KEEP	Phase-1 ingestion; no biological decision applied
GLCDpp	glc__D_p + h2o_p + q8_c --> glcn_p + h_p + q8h2_c		EHJ92709_1 or EHJ93458_1								AUDIT_NOT_RUN_PHASE1	REVIEW		MEDIUM	NO	KEEP_FLAGGED	Phase-1 ingestion; no biological decision applied
GLCNtex	glcn_e <=> glcn_p			[UNRESOLVED:Csal_2569]				NO	NO_MAPPING		AUDIT_NOT_RUN_PHASE1	REVIEW		LOW	NO	REVIEW	Phase-1 ingestion; no biological decision applied
GLCOAS	atp_c + coa_c + glutar_c --> adp_c + glutcoa_c + pi_c		EHJ93179_1		6.2.1.6;6.2.1.5						AUDIT_NOT_RUN_PHASE1	N/A		MEDIUM	NO	KEEP_FLAGGED	Phase-1 ingestion; no biological decision applied
GLCOASYNT	S_gtrdhdlp_c + coa_c --> dhlam_c + glutcoa_c		EHJ93182_1 or EHJ93183_1		2.3.1.61;1.2.4.2						AUDIT_NOT_RUN_PHASE1	N/A		MEDIUM	NO	KEEP_FLAGGED	Phase-1 ingestion; no biological decision applied
GLCRD	glcr_c --> 5dh4dglc_c + h2o_c		EHJ93397_1	EHJ93397_1 and [UNRESOLVED:Csal_2486]	4.2.1.40			NO	CONFLICT		AUDIT_NOT_RUN_PHASE1	N/A		MEDIUM	NO	KEEP_FLAGGED	Phase-1 ingestion; no biological decision applied
GLCRD_1	glcr_c --> 5d4dglcr_c + h2o_c		EHJ93397_1		4.2.1.40						AUDIT_NOT_RUN_PHASE1	N/A		MEDIUM	NO	KEEP_FLAGGED	Phase-1 ingestion; no biological decision applied
GLCURDH	glcur_c + h2o_c + nad_c <=> glcr_c + 2.0 h_c + nadh_c										AUDIT_NOT_RUN_PHASE1	N/A		LOW	NO	REVIEW	Phase-1 ingestion; no biological decision applied
GLCURt2rpp	glcur_p + h_p <=> glcur_c + h_c		EHJ92856_1 and EHJ93393_1 and EHJ93395_1								AUDIT_NOT_RUN_PHASE1	REVIEW		MEDIUM	NO	KEEP_FLAGGED	Phase-1 ingestion; no biological decision applied
GLCURtex	glcur_e <=> glcur_p										AUDIT_NOT_RUN_PHASE1	REVIEW		LOW	NO	REVIEW	Phase-1 ingestion; no biological decision applied
GLCabc	atp_c + glc__D_e + h2o_c --> adp_c + glc__D_c + h_c + pi_c				3.6.3.17						AUDIT_NOT_RUN_PHASE1	REVIEW		LOW	NO	REVIEW	Phase-1 ingestion; no biological decision applied
GLCabcpp	atp_c + glc__D_p + h2o_c --> adp_c + glc__D_c + h_c + pi_c				3.6.3.17						AUDIT_NOT_RUN_PHASE1	REVIEW		LOW	NO	REVIEW	Phase-1 ingestion; no biological decision applied
GLCtex	glc__D_e <=> glc__D_p		EHJ91165_1	[UNRESOLVED:Csal_0254]				NO	NO_MAPPING		AUDIT_NOT_RUN_PHASE1	REVIEW		MEDIUM	NO	KEEP_FLAGGED	Phase-1 ingestion; no biological decision applied
GLNS	atp_c + glu__L_c + nh4_c --> adp_c + gln__L_c + h_c + pi_c		EHJ91086_1 or EHJ93994_1	EHJ93994_1 or EHJ94701_1	6.3.1.2			YES	COMPLETE_HIGH		AUDIT_NOT_RUN_PHASE1	N/A		HIGH	NO	AUTO_KEEP	Phase-1 ingestion; no biological decision applied
GLNabc	atp_c + gln__L_e + h2o_c --> adp_c + gln__L_c + h_c + pi_c				3.6.3.21						AUDIT_NOT_RUN_PHASE1	REVIEW		LOW	NO	REVIEW	Phase-1 ingestion; no biological decision applied
GLNabcpp	atp_c + gln__L_p + h2o_c --> adp_c + gln__L_c + h_c + pi_c		(EHJ92686_1 and EHJ94674_1) or (EHJ94271_1 and EHJ94272_1 and EHJ94273_1)	(EHJ94929_1 and EHJ94930_1 and EHJ94931_1) or (EHJ94445_1 and [UNRESOLVED:Csal_0121] and EHJ94443_1 and EHJ94442_1)	3.6.3.21			NO	PARTIAL		AUDIT_NOT_RUN_PHASE1	REVIEW		MEDIUM	NO	KEEP_FLAGGED	Phase-1 ingestion; no biological decision applied
GLNtex	gln__L_e <=> gln__L_p		EHJ91165_1	[UNRESOLVED:Csal_2569]				NO	NO_MAPPING		AUDIT_NOT_RUN_PHASE1	REVIEW		MEDIUM	NO	KEEP_FLAGGED	Phase-1 ingestion; no biological decision applied
GLTPD	galt1p_c + nad_c <=> h_c + nadh_c + tag6p__D_c				1.1.1.251						AUDIT_NOT_RUN_PHASE1	N/A		LOW	NO	REVIEW	Phase-1 ingestion; no biological decision applied
GLU5K	atp_c + glu__L_c --> adp_c + glu5p_c		EHJ93948_1	EHJ93948_1	2.7.2.11			YES	COMPLETE_HIGH		AUDIT_NOT_RUN_PHASE1	N/A		HIGH	NO	AUTO_KEEP	Phase-1 ingestion; no biological decision applied
GLUCYS	atp_c + cys__L_c + glu__L_c --> adp_c + glucys_c + h_c + pi_c			[UNRESOLVED:HB_MODEL_ID:EHJ91141_1]	6.3.2.2			NO	COMPLETE_HIGH		AUDIT_NOT_RUN_PHASE1	N/A		LOW	NO	REVIEW	Phase-1 ingestion; no biological decision applied
GLUDC	glu__L_c + h_c --> 4abut_c + co2_c		EHJ93424_1		4.1.1.15						AUDIT_NOT_RUN_PHASE1	N/A		MEDIUM	NO	KEEP_FLAGGED	Phase-1 ingestion; no biological decision applied
GLUDxi	glu__L_c + h2o_c + nad_c <=> akg_c + h_c + nadh_c + nh4_c		EHJ93123_1		1.4.1.2;1.4.1.3;1.4.1.4						AUDIT_NOT_RUN_PHASE1	N/A		MEDIUM	NO	KEEP_FLAGGED	Phase-1 ingestion; no biological decision applied
GLUDy	glu__L_c + h2o_c + nadp_c <=> akg_c + h_c + nadph_c + nh4_c		EHJ94549_1	EHJ93123_1	1.4.1.13;1.4.1.3;1.4.1.4			YES	COMPLETE_HIGH		AUDIT_NOT_RUN_PHASE1	N/A		HIGH	NO	AUTO_KEEP	Phase-1 ingestion; no biological decision applied
GLUN	gln__L_c + h2o_c --> glu__L_c + nh4_c		EHJ92052_1 or EHJ92325_1		1.4.1.13;1.4.7.1;3.5.1.2;3.5.1.38;4.3.3.6;6.3.4.2;6.3.5.2;6.3.5.4;6.3.5.5;2.6.1.85						AUDIT_NOT_RUN_PHASE1	N/A		MEDIUM	NO	KEEP_FLAGGED	Phase-1 ingestion; no biological decision applied
GLUNpp	gln__L_p + h2o_p --> glu__L_p + nh4_p		EHJ93022_1 or EHJ93902_1		1.4.1.13;1.4.7.1;3.5.1.2;3.5.1.38;4.3.3.6;6.3.4.2;6.3.5.2;6.3.5.4;6.3.5.5						AUDIT_NOT_RUN_PHASE1	N/A		MEDIUM	NO	KEEP_FLAGGED	Phase-1 ingestion; no biological decision applied
GLUPRT	gln__L_c + h2o_c + prpp_c --> glu__L_c + ppi_c + pram_c		EHJ91952_1	EHJ91952_1	2.4.2.14			YES	COMPLETE_HIGH		AUDIT_NOT_RUN_PHASE1	N/A		HIGH	NO	AUTO_KEEP	Phase-1 ingestion; no biological decision applied
GLUR	glu__D_c <=> glu__L_c		EHJ93125_1 or EHJ93477_1	EHJ93125_1	5.1.1.3			YES	COMPLETE_HIGH		AUDIT_NOT_RUN_PHASE1	N/A		HIGH	NO	AUTO_KEEP	Phase-1 ingestion; no biological decision applied
GLUSy	akg_c + gln__L_c + h_c + nadph_c --> 2.0 glu__L_c + nadp_c		EHJ93576_1 and EHJ93577_1	EHJ93577_1 and EHJ93576_1	1.4.1.13			YES	COMPLETE_HIGH		AUDIT_NOT_RUN_PHASE1	N/A		HIGH	NO	AUTO_KEEP	Phase-1 ingestion; no biological decision applied
GLUTCOADHc	fad_c + glutcoa_c + h_c --> b2coa_c + co2_c + fadh2_c		EHJ93591_1		1.3.8.6;1.3.99.7						AUDIT_NOT_RUN_PHASE1	N/A		MEDIUM	NO	KEEP_FLAGGED	Phase-1 ingestion; no biological decision applied
GLUTRR	glutrna_c + h_c + nadph_c --> glu1sa_c + nadp_c + trnaglu_c		EHJ92537_1	EHJ92537_1	1.2.1.70			YES	COMPLETE_HIGH		AUDIT_NOT_RUN_PHASE1	N/A		HIGH	NO	AUTO_KEEP	Phase-1 ingestion; no biological decision applied
GLUTRS	atp_c + glu__L_c + trnaglu_c --> amp_c + glutrna_c + ppi_c		EHJ93190_1 or EHJ93874_1	EHJ93190_1	6.1.1.-;6.1.1.17;6.1.1.24			YES	COMPLETE_HIGH		AUDIT_NOT_RUN_PHASE1	N/A		HIGH	NO	AUTO_KEEP	Phase-1 ingestion; no biological decision applied
GLUabc	atp_c + glu__L_e + h2o_c --> adp_c + glu__L_c + h_c + pi_c				3.6.3.21						AUDIT_NOT_RUN_PHASE1	REVIEW		LOW	NO	REVIEW	Phase-1 ingestion; no biological decision applied
GLUabcpp	atp_c + glu__L_p + h2o_c --> adp_c + glu__L_c + h_c + pi_c		EHJ94273_1 or EHJ94762_1 or EHJ94763_1 or (EHJ92688_1 and EHJ94762_1) or (EHJ92688_1 and EHJ94763_1) or (EHJ94442_1 and EHJ94443_1 and EHJ94444_1 and EHJ94445_1)	(EHJ94929_1 and EHJ94930_1 and EHJ94931_1) or (EHJ94445_1 and [UNRESOLVED:Csal_0121] and EHJ94443_1 and EHJ94442_1)	3.6.3.21			NO	PARTIAL		AUDIT_NOT_RUN_PHASE1	REVIEW		MEDIUM	NO	KEEP_FLAGGED	Phase-1 ingestion; no biological decision applied
GLUt2rpp	glu__L_p + h_p <=> glu__L_c + h_c		EHJ94382_1 and EHJ94383_1								AUDIT_NOT_RUN_PHASE1	REVIEW		MEDIUM	NO	KEEP_FLAGGED	Phase-1 ingestion; no biological decision applied
GLUt4pp	glu__L_p + na1_p --> glu__L_c + na1_c		EHJ94382_1 and EHJ94383_1								AUDIT_NOT_RUN_PHASE1	REVIEW		MEDIUM	NO	KEEP_FLAGGED	Phase-1 ingestion; no biological decision applied
GLUtex	glu__L_e <=> glu__L_p		EHJ91165_1	[UNRESOLVED:Csal_2569]				NO	NO_MAPPING		AUDIT_NOT_RUN_PHASE1	REVIEW		MEDIUM	NO	KEEP_FLAGGED	Phase-1 ingestion; no biological decision applied
GLXO1	glx_c + h2o_c + nad_c --> 2.0 h_c + nadh_c + oxa_c		EHJ94867_1		1.2.1.3						AUDIT_NOT_RUN_PHASE1	N/A		MEDIUM	NO	KEEP_FLAGGED	Phase-1 ingestion; no biological decision applied
GLYALDDr	glyald_c + h2o_c + nad_c <=> glyc__R_c + 2.0 h_c + nadh_c		EHJ92845_1 or EHJ94683_1 or EHJ94867_1		1.2.1.3						AUDIT_NOT_RUN_PHASE1	N/A		MEDIUM	NO	KEEP_FLAGGED	Phase-1 ingestion; no biological decision applied
GLYAT	accoa_c + gly_c <=> 2aobut_c + coa_c				2.3.1.29;2.3.1.37						AUDIT_NOT_RUN_PHASE1	N/A		LOW	NO	REVIEW	Phase-1 ingestion; no biological decision applied
GLYBACT1r	coa_c + dhcrncoa_c <=> accoa_c + glybcoa_c		EHJ93884_1 or EHJ94527_1		2.3.1.9						AUDIT_NOT_RUN_PHASE1	N/A		MEDIUM	NO	KEEP_FLAGGED	Phase-1 ingestion; no biological decision applied
GLYBCOAT	glybcoa_c + h2o_c --> coa_c + glyb_c + h_c										AUDIT_NOT_RUN_PHASE1	N/A		LOW	NO	REVIEW	Phase-1 ingestion; no biological decision applied
GLYBabc	atp_c + glyb_e + h2o_c --> adp_c + glyb_c + h_c + pi_c		EHJ92713_1 and EHJ92714_1 and EHJ92715_1								AUDIT_NOT_RUN_PHASE1	REVIEW		MEDIUM	NO	KEEP_FLAGGED	Phase-1 ingestion; no biological decision applied
GLYBabcpp	atp_c + glyb_p + h2o_c --> adp_c + glyb_c + h_c + pi_c		EHJ91545_1 or (EHJ91834_1 and EHJ91835_1) or (EHJ91834_1 and EHJ91835_1 and EHJ91836_1) or (EHJ91834_1 and EHJ91835_1 and EHJ91836_1 and EHJ91837_1)								AUDIT_NOT_RUN_PHASE1	REVIEW		MEDIUM	NO	KEEP_FLAGGED	Phase-1 ingestion; no biological decision applied
GLYBt2r	glyb_e + h_e <=> glyb_c + h_c		EHJ92968_1								AUDIT_NOT_RUN_PHASE1	REVIEW		MEDIUM	NO	KEEP_FLAGGED	Phase-1 ingestion; no biological decision applied
GLYBt3pp	glyb_c + h_p --> glyb_p + h_c		EHJ92974_1								AUDIT_NOT_RUN_PHASE1	REVIEW		MEDIUM	NO	KEEP_FLAGGED	Phase-1 ingestion; no biological decision applied
GLYBtex	glyb_e <=> glyb_p			[UNRESOLVED:Csal_2569]				NO	NO_MAPPING		AUDIT_NOT_RUN_PHASE1	REVIEW		LOW	NO	REVIEW	Phase-1 ingestion; no biological decision applied
GLYBti4pp	glyb_p + na1_p --> glyb_c + na1_c		EHJ92717_1 or EHJ94539_1								AUDIT_NOT_RUN_PHASE1	REVIEW		MEDIUM	NO	KEEP_FLAGGED	Phase-1 ingestion; no biological decision applied
GLYC2Pabcpp	atp_c + glyc2p_p + h2o_c --> adp_c + glyc2p_c + h_c + pi_c			EHJ93976_1 and EHJ93977_1 and EHJ93978_1 and [UNRESOLVED:HB_MODEL_ID:EHJ93979_1]				NO	COMPLETE_REVIEW		AUDIT_NOT_RUN_PHASE1	REVIEW		LOW	NO	REVIEW	Phase-1 ingestion; no biological decision applied
GLYC2Ptex	glyc2p_e <=> glyc2p_p			[UNRESOLVED:Csal_2569]				NO	NO_MAPPING		AUDIT_NOT_RUN_PHASE1	REVIEW		LOW	NO	REVIEW	Phase-1 ingestion; no biological decision applied
GLYC3Pabc	atp_c + glyc3p_e + h2o_c --> adp_c + glyc3p_c + h_c + pi_c		EHJ94850_1 or (EHJ94836_1 and EHJ94851_1 and EHJ94852_1)		3.6.3.20						AUDIT_NOT_RUN_PHASE1	REVIEW		MEDIUM	NO	KEEP_FLAGGED	Phase-1 ingestion; no biological decision applied
GLYC3Pabcpp	atp_c + glyc3p_p + h2o_c --> adp_c + glyc3p_c + h_c + pi_c		EHJ92125_1 and EHJ93976_1 and EHJ93977_1 and EHJ93978_1	EHJ93976_1 and EHJ93977_1 and EHJ93978_1 and [UNRESOLVED:HB_MODEL_ID:EHJ93979_1]	3.6.3.20			NO	COMPLETE_REVIEW		AUDIT_NOT_RUN_PHASE1	REVIEW		MEDIUM	NO	KEEP_FLAGGED	Phase-1 ingestion; no biological decision applied
GLYC3Ptex	glyc3p_e <=> glyc3p_p			[UNRESOLVED:Csal_2569]				NO	NO_MAPPING		AUDIT_NOT_RUN_PHASE1	REVIEW		LOW	NO	REVIEW	Phase-1 ingestion; no biological decision applied
GLYCK	atp_c + glyc__R_c --> 3pg_c + adp_c + h_c		EHJ92992_1	EHJ92992_1	2.7.1.31			YES	COMPLETE_HIGH		AUDIT_NOT_RUN_PHASE1	N/A		HIGH	NO	AUTO_KEEP	Phase-1 ingestion; no biological decision applied
GLYCL	gly_c + nad_c + thf_c --> co2_c + mlthf_c + nadh_c + nh4_c		EHJ93750_1 or (EHJ91690_1 and EHJ91691_1) or (EHJ91690_1 and EHJ91691_1 and EHJ93181_1) or (EHJ91690_1 and EHJ91693_1 and EHJ93181_1)	EHJ91690_1	1.4.4.2;1.8.1.4;2.1.2.10			YES	COMPLETE_HIGH		AUDIT_NOT_RUN_PHASE1	N/A		HIGH	NO	AUTO_KEEP	Phase-1 ingestion; no biological decision applied
GLYCLTDx	glx_c + h_c + nadh_c --> glyclt_c + nad_c		EHJ91725_1 or EHJ92805_1	EHJ91725_1	1.1.1.26;1.1.1.29;1.1.1.79			YES	COMPLETE_HIGH		AUDIT_NOT_RUN_PHASE1	N/A		HIGH	NO	AUTO_KEEP	Phase-1 ingestion; no biological decision applied
GLYCLTDy	glx_c + h_c + nadph_c --> glyclt_c + nadp_c		EHJ92805_1	EHJ91725_1	1.1.1.79			YES	COMPLETE_HIGH		AUDIT_NOT_RUN_PHASE1	N/A		HIGH	NO	AUTO_KEEP	Phase-1 ingestion; no biological decision applied
GLYCLTt2rpp	glyclt_p + h_p <=> glyclt_c + h_c			EHJ92879_1				YES	COMPLETE_HIGH		AUDIT_NOT_RUN_PHASE1	REVIEW		LOW	NO	REVIEW	Phase-1 ingestion; no biological decision applied
GLYCLTtex	glyclt_e <=> glyclt_p			[UNRESOLVED:Csal_2569]				NO	NO_MAPPING		AUDIT_NOT_RUN_PHASE1	REVIEW		LOW	NO	REVIEW	Phase-1 ingestion; no biological decision applied
GLYCOLDHpp	glycol_p + h_p + pqq_p --> gcald_p + pqqh2_p		EHJ94603_1								AUDIT_NOT_RUN_PHASE1	N/A		MEDIUM	NO	KEEP_FLAGGED	Phase-1 ingestion; no biological decision applied
GLYCOLtex	glycol_e <=> glycol_p										AUDIT_NOT_RUN_PHASE1	REVIEW		LOW	NO	REVIEW	Phase-1 ingestion; no biological decision applied
GLYCTO1	glyclt_c + o2_c --> glx_c + h2o2_c		EHJ92332_1 or (EHJ92882_1 and EHJ92883_1 and EHJ92884_1)	[UNRESOLVED:Csal_2687] and EHJ92883_1 and EHJ92884_1	1.1.3.15;1.1.99.14;1.1.99.39			NO	CONFLICT		AUDIT_NOT_RUN_PHASE1	N/A		MEDIUM	NO	KEEP_FLAGGED	Phase-1 ingestion; no biological decision applied
GLYCTO2	glyclt_c + q8_c --> glx_c + q8h2_c		EHJ92882_1 and EHJ92884_1		1.1.99.14						AUDIT_NOT_RUN_PHASE1	N/A		MEDIUM	NO	KEEP_FLAGGED	Phase-1 ingestion; no biological decision applied
GLYCTO3	glyclt_c + mqn8_c --> glx_c + mql8_c		EHJ92332_1 or (EHJ92882_1 and EHJ92884_1)	[UNRESOLVED:Csal_2687] and EHJ92883_1 and EHJ92884_1	1.1.99.14;1.1.99.39			NO	CONFLICT		AUDIT_NOT_RUN_PHASE1	N/A		MEDIUM	NO	KEEP_FLAGGED	Phase-1 ingestion; no biological decision applied
GLYCTO4	2dmmq8_c + glyclt_c --> 2dmmql8_c + glx_c		EHJ92882_1 and EHJ92884_1	[UNRESOLVED:Csal_2687] and EHJ92883_1 and EHJ92884_1	1.1.99.14			NO	CONFLICT		AUDIT_NOT_RUN_PHASE1	N/A		MEDIUM	NO	KEEP_FLAGGED	Phase-1 ingestion; no biological decision applied
GLYCtex	glyc_e <=> glyc_p			[UNRESOLVED:Csal_2569]				NO	NO_MAPPING		AUDIT_NOT_RUN_PHASE1	REVIEW		LOW	NO	REVIEW	Phase-1 ingestion; no biological decision applied
GLYCtpp	glyc_c <=> glyc_p		spontaneous								AUDIT_NOT_RUN_PHASE1	REVIEW		MEDIUM	NO	KEEP_FLAGGED	Phase-1 ingestion; no biological decision applied
GLYDHDA	gly_c + h2o_c + nad_c <=> glx_c + h_c + nadh_c + nh4_c		EHJ93794_1		1.4.1.1;1.4.1.10						AUDIT_NOT_RUN_PHASE1	N/A		MEDIUM	NO	KEEP_FLAGGED	Phase-1 ingestion; no biological decision applied
GLYGLNabcpp	atp_c + glygln_p + h2o_c --> adp_c + glygln_c + h_c + pi_c		(EHJ92037_1 and EHJ92038_1 and EHJ93627_1 and EHJ93628_1) or (EHJ92037_1 and EHJ92038_1 and EHJ93626_1 and EHJ93627_1 and EHJ93628_1)								AUDIT_NOT_RUN_PHASE1	REVIEW		MEDIUM	NO	KEEP_FLAGGED	Phase-1 ingestion; no biological decision applied
GLYGLNtex	glygln_e <=> glygln_p										AUDIT_NOT_RUN_PHASE1	REVIEW		LOW	NO	REVIEW	Phase-1 ingestion; no biological decision applied
GLYGLUabcpp	atp_c + glyglu_p + h2o_c --> adp_c + glyglu_c + h_c + pi_c		(EHJ92037_1 and EHJ92038_1 and EHJ93627_1 and EHJ93628_1) or (EHJ92037_1 and EHJ92038_1 and EHJ93626_1 and EHJ93627_1 and EHJ93628_1)								AUDIT_NOT_RUN_PHASE1	REVIEW		MEDIUM	NO	KEEP_FLAGGED	Phase-1 ingestion; no biological decision applied
GLYGLUtex	glyglu_e <=> glyglu_p										AUDIT_NOT_RUN_PHASE1	REVIEW		LOW	NO	REVIEW	Phase-1 ingestion; no biological decision applied
GLYGLYCNc	glygly_c + h2o_c --> 2.0 gly_c		EHJ91286_1 or EHJ93738_1		3.4.11.1;3.4.11.10;3.4.11.2						AUDIT_NOT_RUN_PHASE1	N/A		MEDIUM	NO	KEEP_FLAGGED	Phase-1 ingestion; no biological decision applied
GLYGLYabcpp	atp_c + glygly_p + h2o_c --> adp_c + glygly_c + h_c + pi_c		(EHJ92037_1 and EHJ92038_1 and EHJ93627_1 and EHJ93628_1) or (EHJ92037_1 and EHJ92038_1 and EHJ93626_1 and EHJ93627_1 and EHJ93628_1)								AUDIT_NOT_RUN_PHASE1	REVIEW		MEDIUM	NO	KEEP_FLAGGED	Phase-1 ingestion; no biological decision applied
GLYGLYtex	glygly_e <=> glygly_p										AUDIT_NOT_RUN_PHASE1	REVIEW		LOW	NO	REVIEW	Phase-1 ingestion; no biological decision applied
GLYK	atp_c + glyc_c --> adp_c + glyc3p_c + h_c		EHJ91533_1	EHJ91533_1	2.7.1.30			YES	COMPLETE_HIGH		AUDIT_NOT_RUN_PHASE1	N/A		HIGH	NO	AUTO_KEEP	Phase-1 ingestion; no biological decision applied
GLYK1	atp_c + glyc_c --> adp_c + glyc3p_c + h_c		EHJ91533_1		2.7.1.30						AUDIT_NOT_RUN_PHASE1	N/A		MEDIUM	NO	KEEP_FLAGGED	Phase-1 ingestion; no biological decision applied
GLYMETabcpp	atp_c + glymet_p + h2o_c --> adp_c + glymet_c + h_c + pi_c		(EHJ92037_1 and EHJ92038_1 and EHJ93627_1 and EHJ93628_1) or (EHJ92037_1 and EHJ92038_1 and EHJ93626_1 and EHJ93627_1 and EHJ93628_1)								AUDIT_NOT_RUN_PHASE1	REVIEW		MEDIUM	NO	KEEP_FLAGGED	Phase-1 ingestion; no biological decision applied
GLYMETtex	glymet_e <=> glymet_p										AUDIT_NOT_RUN_PHASE1	REVIEW		LOW	NO	REVIEW	Phase-1 ingestion; no biological decision applied
GLYO1	gly_c + h2o_c + o2_c --> glx_c + h2o2_c + nh4_c		EHJ93044_1		1.4.3.19;1.4.3.3						AUDIT_NOT_RUN_PHASE1	N/A		MEDIUM	NO	KEEP_FLAGGED	Phase-1 ingestion; no biological decision applied
GLYOX	h2o_c + lgt__S_c --> gthrd_c + h_c + lac__D_c		EHJ91104_1 or EHJ91815_1 or EHJ94818_1	EHJ91815_1	3.1.2.6			YES	COMPLETE_HIGH		AUDIT_NOT_RUN_PHASE1	N/A		HIGH	NO	AUTO_KEEP	Phase-1 ingestion; no biological decision applied
GLYOX3	h2o_c + mthgxl_c --> h_c + lac__D_c		EHJ93099_1		4.2.1.130						AUDIT_NOT_RUN_PHASE1	N/A		MEDIUM	NO	KEEP_FLAGGED	Phase-1 ingestion; no biological decision applied
GLYPHEHYc	glyphe_c + h2o_c --> gly_c + phe__L_c		EHJ91286_1 or EHJ93738_1		3.4.11.2;3.4.13.-;3.4.11.1;3.4.11.10						AUDIT_NOT_RUN_PHASE1	N/A		MEDIUM	NO	KEEP_FLAGGED	Phase-1 ingestion; no biological decision applied
GLYPHEabcpp	atp_c + glyphe_p + h2o_c --> adp_c + glyphe_c + h_c + pi_c		(EHJ92037_1 and EHJ92038_1 and EHJ93627_1 and EHJ93628_1) or (EHJ92037_1 and EHJ92038_1 and EHJ93626_1 and EHJ93627_1 and EHJ93628_1)								AUDIT_NOT_RUN_PHASE1	REVIEW		MEDIUM	NO	KEEP_FLAGGED	Phase-1 ingestion; no biological decision applied
GLYPHEtex	glyphe_e <=> glyphe_p										AUDIT_NOT_RUN_PHASE1	REVIEW		LOW	NO	REVIEW	Phase-1 ingestion; no biological decision applied
GLYSERabcpp	atp_c + glyser_p + h2o_c --> adp_c + glyser_c + h_c + pi_c		(EHJ92037_1 and EHJ92038_1 and EHJ93627_1 and EHJ93628_1) or (EHJ92037_1 and EHJ92038_1 and EHJ93626_1 and EHJ93627_1 and EHJ93628_1)								AUDIT_NOT_RUN_PHASE1	REVIEW		MEDIUM	NO	KEEP_FLAGGED	Phase-1 ingestion; no biological decision applied
GLYSERtex	glyser_e <=> glyser_p										AUDIT_NOT_RUN_PHASE1	REVIEW		LOW	NO	REVIEW	Phase-1 ingestion; no biological decision applied
GLYabc	atp_c + gly_e + h2o_c --> adp_c + gly_c + h_c + pi_c										AUDIT_NOT_RUN_PHASE1	REVIEW		LOW	NO	REVIEW	Phase-1 ingestion; no biological decision applied
GLYabcpp	atp_c + gly_p + h2o_c --> adp_c + gly_c + h_c + pi_c										AUDIT_NOT_RUN_PHASE1	REVIEW		LOW	NO	REVIEW	Phase-1 ingestion; no biological decision applied
GLYt4	gly_e + na1_e --> gly_c + na1_c		EHJ94185_1								AUDIT_NOT_RUN_PHASE1	REVIEW		MEDIUM	NO	KEEP_FLAGGED	Phase-1 ingestion; no biological decision applied
GLYt4pp	gly_p + na1_p --> gly_c + na1_c			EHJ93385_1				NO	COMPLETE_REVIEW		AUDIT_NOT_RUN_PHASE1	REVIEW		LOW	NO	REVIEW	Phase-1 ingestion; no biological decision applied
GLYtex	gly_e <=> gly_p			[UNRESOLVED:Csal_2569]				NO	NO_MAPPING		AUDIT_NOT_RUN_PHASE1	REVIEW		LOW	NO	REVIEW	Phase-1 ingestion; no biological decision applied
GMPS	atp_c + nh4_c + xmp_c --> amp_c + gmp_c + 2.0 h_c + ppi_c		EHJ91088_1 or EHJ93027_1 or EHJ93523_1		6.3.5.2						AUDIT_NOT_RUN_PHASE1	N/A		MEDIUM	NO	KEEP_FLAGGED	Phase-1 ingestion; no biological decision applied
GMPS2	atp_c + gln__L_c + h2o_c + xmp_c --> amp_c + glu__L_c + gmp_c + 2.0 h_c + ppi_c		EHJ91088_1 or EHJ93027_1 or EHJ93523_1	EHJ93523_1	6.3.5.2			YES	COMPLETE_HIGH		AUDIT_NOT_RUN_PHASE1	N/A		HIGH	NO	AUTO_KEEP	Phase-1 ingestion; no biological decision applied
GNK	atp_c + glcn_c --> 6pgc_c + adp_c + h_c		EHJ93229_1	EHJ93229_1	2.7.1.12			YES	COMPLETE_HIGH		AUDIT_NOT_RUN_PHASE1	N/A		HIGH	NO	AUTO_KEEP	Phase-1 ingestion; no biological decision applied
GNP	6pgc_c + h2o_c --> glcn_c + pi_c		EHJ91211_1 or EHJ92796_1		3.8.1.2						AUDIT_NOT_RUN_PHASE1	N/A		MEDIUM	NO	KEEP_FLAGGED	Phase-1 ingestion; no biological decision applied
GPDDA1	g3pc_c + h2o_c --> chol_c + glyc3p_c + h_c			EHJ91529_1 or EHJ91906_1	3.1.4.2;3.1.4.46			YES	COMPLETE_HIGH		AUDIT_NOT_RUN_PHASE1	N/A		LOW	NO	REVIEW	Phase-1 ingestion; no biological decision applied
GPDDA1_1	g3pc_e + h2o_e --> chol_e + glyc3p_e + h_e		EHJ91906_1 or EHJ92518_1		3.1.4.2						AUDIT_NOT_RUN_PHASE1	N/A		MEDIUM	NO	KEEP_FLAGGED	Phase-1 ingestion; no biological decision applied
GPDDA2	g3pe_c + h2o_c --> etha_c + glyc3p_c + h_c			EHJ91529_1 or EHJ91906_1	3.1.4.2;3.1.4.46			YES	COMPLETE_HIGH		AUDIT_NOT_RUN_PHASE1	N/A		LOW	NO	REVIEW	Phase-1 ingestion; no biological decision applied
GPDDA2_1	g3pg_e + h2o_e --> glyc3p_e + glyc_e + h_e		EHJ91906_1 or EHJ92518_1								AUDIT_NOT_RUN_PHASE1	N/A		MEDIUM	NO	KEEP_FLAGGED	Phase-1 ingestion; no biological decision applied
GPDDA3	g3ps_c + h2o_c --> glyc3p_c + h_c + ser__L_c			EHJ91529_1 or EHJ91906_1	3.1.4.46			YES	COMPLETE_HIGH		AUDIT_NOT_RUN_PHASE1	N/A		LOW	NO	REVIEW	Phase-1 ingestion; no biological decision applied
GPDDA3_1	g3ps_e + h2o_e --> glyc3p_e + h_e + ser__L_e		EHJ91906_1 or EHJ92518_1								AUDIT_NOT_RUN_PHASE1	N/A		MEDIUM	NO	KEEP_FLAGGED	Phase-1 ingestion; no biological decision applied
GPDDA4	g3pg_c + h2o_c --> glyc3p_c + glyc_c + h_c			EHJ91529_1 or EHJ91906_1	3.1.4.46			YES	COMPLETE_HIGH		AUDIT_NOT_RUN_PHASE1	N/A		LOW	NO	REVIEW	Phase-1 ingestion; no biological decision applied
GPDDA4_1	g3pg_e + h2o_c --> glyc3p_c + glyc_c + h_c		EHJ91906_1 or EHJ92518_1								AUDIT_NOT_RUN_PHASE1	REVIEW		MEDIUM	NO	KEEP_FLAGGED	Phase-1 ingestion; no biological decision applied
GPDDA5	g3pi_c + h2o_c --> glyc3p_c + h_c + inost_c		EHJ91529_1 or EHJ91906_1 or EHJ92518_1	EHJ91529_1 or EHJ91906_1	3.1.4.44			YES	COMPLETE_HIGH		AUDIT_NOT_RUN_PHASE1	N/A		HIGH	NO	AUTO_KEEP	Phase-1 ingestion; no biological decision applied
GRTT	grdp_c + ipdp_c --> frdp_c + ppi_c			EHJ94454_1	2.5.1.10			YES	COMPLETE_HIGH		AUDIT_NOT_RUN_PHASE1	N/A		LOW	NO	REVIEW	Phase-1 ingestion; no biological decision applied
GRXR	grxox_c + 2.0 gthrd_c --> grxrd_c + gthox_c		EHJ91700_1 or EHJ92305_1	EHJ91700_1 or EHJ92305_1	1.8.4.2			YES	COMPLETE_HIGH		AUDIT_NOT_RUN_PHASE1	N/A		HIGH	NO	AUTO_KEEP	Phase-1 ingestion; no biological decision applied
GSNt3pp	gsn_c + h_p --> gsn_p + h_c										AUDIT_NOT_RUN_PHASE1	REVIEW		LOW	NO	REVIEW	Phase-1 ingestion; no biological decision applied
GSNtex	gsn_e <=> gsn_p			[UNRESOLVED:Csal_2569]				NO	NO_MAPPING		AUDIT_NOT_RUN_PHASE1	REVIEW		LOW	NO	REVIEW	Phase-1 ingestion; no biological decision applied
GSPMDA	gtspmd_c + h2o_c --> gthrd_c + spmd_c				3.5.1.-;3.5.1.78						AUDIT_NOT_RUN_PHASE1	N/A		LOW	NO	REVIEW	Phase-1 ingestion; no biological decision applied
GSPMDS	atp_c + gthrd_c + spmd_c --> adp_c + gtspmd_c + h_c + pi_c				6.3.1.8;6.3.1.9						AUDIT_NOT_RUN_PHASE1	N/A		LOW	NO	REVIEW	Phase-1 ingestion; no biological decision applied
GTHOr	gthox_c + h_c + nadph_c <=> 2.0 gthrd_c + nadp_c		EHJ91751_1	EHJ91751_1	1.8.1.7			YES	COMPLETE_HIGH		AUDIT_NOT_RUN_PHASE1	N/A		HIGH	NO	AUTO_KEEP	Phase-1 ingestion; no biological decision applied
GTHPe	2.0 gthrd_e + h2o2_e --> gthox_e + 2.0 h2o_e		EHJ92631_1		1.11.1.9						AUDIT_NOT_RUN_PHASE1	N/A		MEDIUM	NO	KEEP_FLAGGED	Phase-1 ingestion; no biological decision applied
GTHPi	2.0 gthrd_c + h2o2_c --> gthox_c + 2.0 h2o_c			EHJ92631_1	1.11.1.9			YES	COMPLETE_HIGH		AUDIT_NOT_RUN_PHASE1	N/A		LOW	NO	REVIEW	Phase-1 ingestion; no biological decision applied
GTHRDH_syn	gthrd_c + h2o_c --> cgly_c + glu__L_c				3.4.19.-;3.4.19.13						AUDIT_NOT_RUN_PHASE1	N/A		LOW	NO	REVIEW	Phase-1 ingestion; no biological decision applied
GTHRDHpp	gthrd_p + h2o_p --> cgly_p + glu__L_p		EHJ91907_1	[UNRESOLVED:Csal_2329] or [UNRESOLVED:Csal_1012]	3.4.19.-;3.4.19.13;2.3.2.2			NO	NO_MAPPING		AUDIT_NOT_RUN_PHASE1	N/A		MEDIUM	NO	KEEP_FLAGGED	Phase-1 ingestion; no biological decision applied
GTHRDabc2pp	atp_c + gthrd_c + h2o_c --> adp_c + gthrd_p + h_c + pi_c		EHJ92700_1 or (EHJ91883_1 and EHJ93002_1)	EHJ91883_1 and [UNRESOLVED:Csal_1998]				NO	PARTIAL		AUDIT_NOT_RUN_PHASE1	REVIEW		MEDIUM	NO	KEEP_FLAGGED	Phase-1 ingestion; no biological decision applied
GTHRDabcpp	atp_c + gthrd_p + h2o_c --> adp_c + gthrd_c + h_c + pi_c		EHJ93627_1 and EHJ93629_1 and EHJ93726_1								AUDIT_NOT_RUN_PHASE1	REVIEW		MEDIUM	NO	KEEP_FLAGGED	Phase-1 ingestion; no biological decision applied
GTHRDt2_1	atp_c + gthrd_e + h2o_c --> adp_c + gthrd_c + h_c + pi_c		EHJ93629_1 or EHJ93724_1 or (EHJ91228_1 and EHJ94930_1) or (EHJ94273_1 and EHJ94930_1)								AUDIT_NOT_RUN_PHASE1	REVIEW		MEDIUM	NO	KEEP_FLAGGED	Phase-1 ingestion; no biological decision applied
GTHRDtex	gthrd_e <=> gthrd_p			[UNRESOLVED:Csal_2569]				NO	NO_MAPPING		AUDIT_NOT_RUN_PHASE1	REVIEW		LOW	NO	REVIEW	Phase-1 ingestion; no biological decision applied
GTHS	atp_c + glucys_c + gly_c --> adp_c + gthrd_c + h_c + pi_c		EHJ94213_1	EHJ94213_1	6.3.2.3			YES	COMPLETE_HIGH		AUDIT_NOT_RUN_PHASE1	N/A		HIGH	NO	AUTO_KEEP	Phase-1 ingestion; no biological decision applied
GTPCI	gtp_c + h2o_c --> ahdt_c + for_c + h_c		EHJ91595_1 or EHJ94588_1	EHJ91595_1	3.5.4.16			YES	COMPLETE_HIGH		AUDIT_NOT_RUN_PHASE1	N/A		HIGH	NO	AUTO_KEEP	Phase-1 ingestion; no biological decision applied
GTPCII	gtp_c + 3.0 h2o_c --> 25dhpp_c + for_c + 2.0 h_c + ppi_c		EHJ91118_1 or EHJ93267_1		3.5.4.25;4.1.99.12						AUDIT_NOT_RUN_PHASE1	N/A		MEDIUM	NO	KEEP_FLAGGED	Phase-1 ingestion; no biological decision applied
GTPCII2	gtp_c + 3.0 h2o_c --> 25drapp_c + for_c + 2.0 h_c + ppi_c		EHJ91118_1 or EHJ93267_1 or EHJ94448_1	EHJ94448_1 or EHJ93267_1 or [UNRESOLVED:Csal_2584]	3.5.4.25;4.1.99.12			NO	CONFLICT		AUDIT_NOT_RUN_PHASE1	N/A		MEDIUM	NO	KEEP_FLAGGED	Phase-1 ingestion; no biological decision applied
GTPDPDP	gdptp_c + h2o_c --> h_c + pi_c + ppgpp_c		EHJ93766_1	EHJ93766_1	3.6.1.11;3.6.1.40			YES	COMPLETE_HIGH		AUDIT_NOT_RUN_PHASE1	N/A		HIGH	NO	AUTO_KEEP	Phase-1 ingestion; no biological decision applied
GTPDPK	atp_c + gtp_c --> amp_c + gdptp_c + h_c		EHJ91439_1	EHJ91439_1	2.7.6.5			YES	COMPLETE_HIGH		AUDIT_NOT_RUN_PHASE1	N/A		HIGH	NO	AUTO_KEEP	Phase-1 ingestion; no biological decision applied
GTPHs	gtp_c + h2o_c + h_c --> nh4_c + xtp_c		spontaneous								AUDIT_NOT_RUN_PHASE1	N/A		SPECIAL	NO	SPECIAL_RULE	Phase-1 ingestion; no biological decision applied
GUACYC	gtp_c --> 35cgmp_c + ppi_c		EHJ91202_1 or EHJ92027_1 or EHJ92602_1 or EHJ93594_1 or EHJ94440_1		4.6.1.1;4.6.1.2						AUDIT_NOT_RUN_PHASE1	N/A		MEDIUM	NO	KEEP_FLAGGED	Phase-1 ingestion; no biological decision applied
GUAD	gua_c + h2o_c + h_c --> nh4_c + xan_c		EHJ91877_1	EHJ91877_1	3.5.4.3			YES	COMPLETE_HIGH		AUDIT_NOT_RUN_PHASE1	N/A		HIGH	NO	AUTO_KEEP	Phase-1 ingestion; no biological decision applied
GUAPRT	gua_c + prpp_c --> gmp_c + ppi_c		EHJ91910_1 or EHJ91924_1 or EHJ91925_1	EHJ91910_1	2.4.2.22;2.4.2.7;2.4.2.8			YES	COMPLETE_HIGH		AUDIT_NOT_RUN_PHASE1	N/A		HIGH	NO	AUTO_KEEP	Phase-1 ingestion; no biological decision applied
GUAt	gua_e <=> gua_c										AUDIT_NOT_RUN_PHASE1	REVIEW		LOW	NO	REVIEW	Phase-1 ingestion; no biological decision applied
GUAt2r	gua_e + h_e --> gua_c + h_c										AUDIT_NOT_RUN_PHASE1	REVIEW		LOW	NO	REVIEW	Phase-1 ingestion; no biological decision applied
GUAtex	gua_e <=> gua_p										AUDIT_NOT_RUN_PHASE1	REVIEW		LOW	NO	REVIEW	Phase-1 ingestion; no biological decision applied
GUDBUTNAH	4gudbutn_c + h2o_c --> 4abut_c + urea_c				3.5.3.7;3.5.3.17						AUDIT_NOT_RUN_PHASE1	N/A		LOW	NO	REVIEW	Phase-1 ingestion; no biological decision applied
GalMr	glc__aD_c <=> glc__bD_c		EHJ94888_1		5.1.3.3						AUDIT_NOT_RUN_PHASE1	N/A		MEDIUM	NO	KEEP_FLAGGED	Phase-1 ingestion; no biological decision applied
H2ASE_syn	h_c + nadph_c <=> h2_c + nadp_c				1.12.1.3;1.12.1.5						AUDIT_NOT_RUN_PHASE1	N/A		LOW	NO	REVIEW	Phase-1 ingestion; no biological decision applied
H2O2tex	h2o2_e <=> h2o2_p		EHJ91165_1 or spontaneous								AUDIT_NOT_RUN_PHASE1	REVIEW		MEDIUM	NO	KEEP_FLAGGED	Phase-1 ingestion; no biological decision applied
H2Ot	h2o_e <=> h2o_c		spontaneous								AUDIT_NOT_RUN_PHASE1	REVIEW		MEDIUM	NO	KEEP_FLAGGED	Phase-1 ingestion; no biological decision applied
H2Otex	h2o_e <=> h2o_p		EHJ91165_1 or EHJ91859_1 or EHJ94255_1 or spontaneous	[UNRESOLVED:spontaneos] or [UNRESOLVED:Csal_2260] or [UNRESOLVED:Csal_2519] or [UNRESOLVED:Csal_2589]				NO	NO_MAPPING		AUDIT_NOT_RUN_PHASE1	REVIEW		MEDIUM	NO	KEEP_FLAGGED	Phase-1 ingestion; no biological decision applied
H2Otpp	h2o_p <=> h2o_c		spontaneous	[UNRESOLVED:spontaneos]				NO	NO_MAPPING		AUDIT_NOT_RUN_PHASE1	REVIEW		MEDIUM	NO	KEEP_FLAGGED	Phase-1 ingestion; no biological decision applied
H2SO	h2s_c + 2.0 o2_c --> 2.0 h_c + so4_c		spontaneous								AUDIT_NOT_RUN_PHASE1	N/A		MEDIUM	NO	KEEP_FLAGGED	Phase-1 ingestion; no biological decision applied
H2St1	h2s_c <=> h2s_e		spontaneous								AUDIT_NOT_RUN_PHASE1	REVIEW		MEDIUM	NO	KEEP_FLAGGED	Phase-1 ingestion; no biological decision applied
H2Stex	h2s_e <=> h2s_p			[UNRESOLVED:Csal_2569]				NO	NO_MAPPING		AUDIT_NOT_RUN_PHASE1	REVIEW		LOW	NO	REVIEW	Phase-1 ingestion; no biological decision applied
H2tex	h2_e <=> h2_p										AUDIT_NOT_RUN_PHASE1	REVIEW		LOW	NO	REVIEW	Phase-1 ingestion; no biological decision applied
H2tpp	h2_p <=> h2_c		EHJ92337_1 or spontaneous								AUDIT_NOT_RUN_PHASE1	REVIEW		MEDIUM	NO	KEEP_FLAGGED	Phase-1 ingestion; no biological decision applied
HACD1	aacoa_c + h_c + nadh_c <=> 3hbcoa_c + nad_c		EHJ93247_1 or EHJ94680_1		1.1.1.35;1.1.1.157						AUDIT_NOT_RUN_PHASE1	N/A		MEDIUM	NO	KEEP_FLAGGED	Phase-1 ingestion; no biological decision applied
HACD10i	3hhpcoa_c + nad_c --> 3ohpcoa_c + h_c + nadh_c		EHJ92213_1 or EHJ92231_1		4.2.1.17						AUDIT_NOT_RUN_PHASE1	N/A		MEDIUM	NO	KEEP_FLAGGED	Phase-1 ingestion; no biological decision applied
HACD11i	3hnonacoa_c + nad_c --> 3ononacoa_c + h_c + nadh_c		EHJ92213_1 or EHJ92231_1		4.2.1.17						AUDIT_NOT_RUN_PHASE1	N/A		MEDIUM	NO	KEEP_FLAGGED	Phase-1 ingestion; no biological decision applied
HACD12i	3hpdecacoa_c + nad_c --> 3opdecacoa_c + h_c + nadh_c		EHJ92213_1		4.2.1.17						AUDIT_NOT_RUN_PHASE1	N/A		MEDIUM	NO	KEEP_FLAGGED	Phase-1 ingestion; no biological decision applied
HACD13i	3hpnonacoa_c + nad_c --> 3opnonacoa_c + h_c + nadh_c		EHJ92213_1		4.2.1.17						AUDIT_NOT_RUN_PHASE1	N/A		MEDIUM	NO	KEEP_FLAGGED	Phase-1 ingestion; no biological decision applied
HACD14i	3hpoctacoa_c + nad_c --> 3opoctacoa_c + h_c + nadh_c		EHJ92213_1		4.2.1.17						AUDIT_NOT_RUN_PHASE1	N/A		MEDIUM	NO	KEEP_FLAGGED	Phase-1 ingestion; no biological decision applied
HACD15i	3hphpcoa_c + nad_c --> 3ophpcoa_c + h_c + nadh_c		EHJ92213_1		4.2.1.17						AUDIT_NOT_RUN_PHASE1	N/A		MEDIUM	NO	KEEP_FLAGGED	Phase-1 ingestion; no biological decision applied
HACD16i	3hphxacoa_c + nad_c --> 3ophxacoa_c + h_c + nadh_c		EHJ92213_1		4.2.1.17						AUDIT_NOT_RUN_PHASE1	N/A		MEDIUM	NO	KEEP_FLAGGED	Phase-1 ingestion; no biological decision applied
HACD17i	3hpptcoa_c + nad_c --> 3opptcoa_c + h_c + nadh_c		EHJ92213_1		4.2.1.17						AUDIT_NOT_RUN_PHASE1	N/A		MEDIUM	NO	KEEP_FLAGGED	Phase-1 ingestion; no biological decision applied
HACD18i	3hpbcoa_c + nad_c --> 3opbcoa_c + h_c + nadh_c		EHJ92213_1		4.2.1.17						AUDIT_NOT_RUN_PHASE1	N/A		MEDIUM	NO	KEEP_FLAGGED	Phase-1 ingestion; no biological decision applied
HACD19i	3h6athcoa_c + nad_c --> 3o6athcoa_c + h_c + nadh_c		EHJ92213_1 or EHJ92231_1		4.2.1.17						AUDIT_NOT_RUN_PHASE1	N/A		MEDIUM	NO	KEEP_FLAGGED	Phase-1 ingestion; no biological decision applied
HACD1_1	aacoa_c + h_c + nadh_c <=> 3hbycoa_c + nad_c		EHJ93247_1		1.1.1.35;1.1.1.157						AUDIT_NOT_RUN_PHASE1	N/A		MEDIUM	NO	KEEP_FLAGGED	Phase-1 ingestion; no biological decision applied
HACD1i	3hbcoa_c + nad_c --> aacoa_c + h_c + nadh_c		EHJ94567_1 or EHJ94680_1	EHJ92213_1	1.1.1.35			YES	COMPLETE_HIGH		AUDIT_NOT_RUN_PHASE1	N/A		HIGH	NO	AUTO_KEEP	Phase-1 ingestion; no biological decision applied
HACD2	3ohcoa_c + h_c + nadh_c <=> 3hhcoa_c + nad_c		EHJ93247_1		1.1.1.211;1.1.1.35;1.1.1.157						AUDIT_NOT_RUN_PHASE1	N/A		MEDIUM	NO	KEEP_FLAGGED	Phase-1 ingestion; no biological decision applied
HACD20i	3hvacccoa_c + nad_c --> 3ovacccoa_c + h_c + nadh_c		EHJ92213_1 or EHJ92231_1		4.2.1.17						AUDIT_NOT_RUN_PHASE1	N/A		MEDIUM	NO	KEEP_FLAGGED	Phase-1 ingestion; no biological decision applied
HACD21i	3hhdccoa_c + nad_c --> 3ohdccoa_c + h_c + nadh_c		EHJ92213_1 or EHJ92231_1		4.2.1.17						AUDIT_NOT_RUN_PHASE1	N/A		MEDIUM	NO	KEEP_FLAGGED	Phase-1 ingestion; no biological decision applied
HACD22i	3htdccoa_c + nad_c --> 3otdccoa_c + h_c + nadh_c		EHJ92213_1 or EHJ92231_1		4.2.1.17						AUDIT_NOT_RUN_PHASE1	N/A		MEDIUM	NO	KEEP_FLAGGED	Phase-1 ingestion; no biological decision applied
HACD23i	3hddccoa_c + nad_c --> 3oddccoa_c + h_c + nadh_c		EHJ92213_1 or EHJ92231_1		4.2.1.17						AUDIT_NOT_RUN_PHASE1	N/A		MEDIUM	NO	KEEP_FLAGGED	Phase-1 ingestion; no biological decision applied
HACD24i	3hodecoa_c + nad_c --> 3oodecoa_c + h_c + nadh_c		EHJ92213_1 or EHJ92231_1		4.2.1.17						AUDIT_NOT_RUN_PHASE1	N/A		MEDIUM	NO	KEEP_FLAGGED	Phase-1 ingestion; no biological decision applied
HACD25i	3hhdd7coa_c + nad_c --> 3ohdd7coa_c + h_c + nadh_c		EHJ92213_1 or EHJ92231_1		4.2.1.17						AUDIT_NOT_RUN_PHASE1	N/A		MEDIUM	NO	KEEP_FLAGGED	Phase-1 ingestion; no biological decision applied
HACD26i	3hdd5coa_c + nad_c --> 3odd5coa_c + h_c + nadh_c		EHJ92213_1 or EHJ92231_1		4.2.1.17						AUDIT_NOT_RUN_PHASE1	N/A		MEDIUM	NO	KEEP_FLAGGED	Phase-1 ingestion; no biological decision applied
HACD27i	3hptslacoa_c + nad_c --> 3optslacoa_c + h_c + nadh_c		EHJ92213_1 or EHJ92231_1		4.2.1.17						AUDIT_NOT_RUN_PHASE1	N/A		MEDIUM	NO	KEEP_FLAGGED	Phase-1 ingestion; no biological decision applied
HACD28i	3hhdd4coa_c + nad_c --> 3ohdd4coa_c + h_c + nadh_c		EHJ92213_1 or EHJ92231_1		4.2.1.17						AUDIT_NOT_RUN_PHASE1	N/A		MEDIUM	NO	KEEP_FLAGGED	Phase-1 ingestion; no biological decision applied
HACD29i	3hlnlccoa_c + nad_c --> 3olnlccoa_c + h_c + nadh_c		EHJ92213_1 or EHJ92231_1		4.2.1.17						AUDIT_NOT_RUN_PHASE1	N/A		MEDIUM	NO	KEEP_FLAGGED	Phase-1 ingestion; no biological decision applied
HACD2i	3hhcoa_c + nad_c --> 3ohcoa_c + h_c + nadh_c		EHJ94567_1 or EHJ94680_1	EHJ92213_1	1.1.1.211;1.1.1.35			YES	COMPLETE_HIGH		AUDIT_NOT_RUN_PHASE1	N/A		HIGH	NO	AUTO_KEEP	Phase-1 ingestion; no biological decision applied
HACD3	3oocoa_c + h_c + nadh_c <=> 3hocoa_c + nad_c		EHJ93247_1		1.1.1.211;1.1.1.35;1.1.1.157						AUDIT_NOT_RUN_PHASE1	N/A		MEDIUM	NO	KEEP_FLAGGED	Phase-1 ingestion; no biological decision applied
HACD30i	3hhd710coa_c + nad_c --> 3ohd710coa_c + h_c + nadh_c		EHJ92213_1 or EHJ92231_1		4.2.1.17						AUDIT_NOT_RUN_PHASE1	N/A		MEDIUM	NO	KEEP_FLAGGED	Phase-1 ingestion; no biological decision applied
HACD31i	3hhd58coa_c + nad_c --> 3ohd58coa_c + h_c + nadh_c		EHJ92213_1 or EHJ92231_1		4.2.1.17						AUDIT_NOT_RUN_PHASE1	N/A		MEDIUM	NO	KEEP_FLAGGED	Phase-1 ingestion; no biological decision applied
HACD32i	3hdd6coa_c + nad_c --> 3odd6coa_c + h_c + nadh_c		EHJ92213_1 or EHJ92231_1		4.2.1.17						AUDIT_NOT_RUN_PHASE1	N/A		MEDIUM	NO	KEEP_FLAGGED	Phase-1 ingestion; no biological decision applied
HACD33i	3hdec4coa_c + nad_c --> 3odec4coa_c + h_c + nadh_c		EHJ92213_1 or EHJ92231_1		4.2.1.17						AUDIT_NOT_RUN_PHASE1	N/A		MEDIUM	NO	KEEP_FLAGGED	Phase-1 ingestion; no biological decision applied
HACD3i	3hocoa_c + nad_c --> 3oocoa_c + h_c + nadh_c		EHJ94567_1 or EHJ94680_1	EHJ92213_1	1.1.1.211;1.1.1.35			YES	COMPLETE_HIGH		AUDIT_NOT_RUN_PHASE1	N/A		HIGH	NO	AUTO_KEEP	Phase-1 ingestion; no biological decision applied
HACD4	3odcoa_c + h_c + nadh_c <=> 3hdcoa_c + nad_c		EHJ93247_1		1.1.1.211;1.1.1.35;1.1.1.157						AUDIT_NOT_RUN_PHASE1	N/A		MEDIUM	NO	KEEP_FLAGGED	Phase-1 ingestion; no biological decision applied
HACD4i	3hdcoa_c + nad_c --> 3odcoa_c + h_c + nadh_c		EHJ94567_1 or EHJ94680_1	[UNRESOLVED:FF32_12510]	1.1.1.211;1.1.1.35			NO	NO_MAPPING		AUDIT_NOT_RUN_PHASE1	N/A		MEDIUM	NO	KEEP_FLAGGED	Phase-1 ingestion; no biological decision applied
HACD5	3oddcoa_c + h_c + nadh_c <=> 3hddcoa_c + nad_c		EHJ93247_1		1.1.1.211;1.1.1.35;1.1.1.157						AUDIT_NOT_RUN_PHASE1	N/A		MEDIUM	NO	KEEP_FLAGGED	Phase-1 ingestion; no biological decision applied
HACD5i	3hddcoa_c + nad_c --> 3oddcoa_c + h_c + nadh_c		EHJ94567_1 or EHJ94680_1	EHJ92213_1	1.1.1.211;1.1.1.35			YES	COMPLETE_HIGH		AUDIT_NOT_RUN_PHASE1	N/A		HIGH	NO	AUTO_KEEP	Phase-1 ingestion; no biological decision applied
HACD6	3otdcoa_c + h_c + nadh_c <=> 3htdcoa_c + nad_c		EHJ93247_1		1.1.1.211;1.1.1.35;1.1.1.157						AUDIT_NOT_RUN_PHASE1	N/A		MEDIUM	NO	KEEP_FLAGGED	Phase-1 ingestion; no biological decision applied
HACD6i	3htdcoa_c + nad_c --> 3otdcoa_c + h_c + nadh_c		EHJ94567_1 or EHJ94680_1	EHJ92213_1	1.1.1.211;1.1.1.35			YES	COMPLETE_HIGH		AUDIT_NOT_RUN_PHASE1	N/A		HIGH	NO	AUTO_KEEP	Phase-1 ingestion; no biological decision applied
HACD7	3ohdcoa_c + h_c + nadh_c <=> 3hhdcoa_c + nad_c		EHJ93247_1		1.1.1.211;1.1.1.35;1.1.1.157						AUDIT_NOT_RUN_PHASE1	N/A		MEDIUM	NO	KEEP_FLAGGED	Phase-1 ingestion; no biological decision applied
HACD7i	3hhdcoa_c + nad_c --> 3ohdcoa_c + h_c + nadh_c		EHJ94567_1 or EHJ94680_1	EHJ92213_1	1.1.1.211;1.1.1.35			YES	COMPLETE_HIGH		AUDIT_NOT_RUN_PHASE1	N/A		HIGH	NO	AUTO_KEEP	Phase-1 ingestion; no biological decision applied
HACD8	3ohodcoa_c + h_c + nadh_c <=> 3hodcoa_c + nad_c		EHJ93247_1		1.1.1.35;1.1.1.157						AUDIT_NOT_RUN_PHASE1	N/A		MEDIUM	NO	KEEP_FLAGGED	Phase-1 ingestion; no biological decision applied
HACD8i	3hodcoa_c + nad_c --> 3ohodcoa_c + h_c + nadh_c		EHJ94567_1 or EHJ94680_1	EHJ92213_1	1.1.1.35			YES	COMPLETE_HIGH		AUDIT_NOT_RUN_PHASE1	N/A		HIGH	NO	AUTO_KEEP	Phase-1 ingestion; no biological decision applied
HACD9	3hmbcoa_c + nad_c <=> 2maacoa_c + h_c + nadh_c		EHJ93844_1 or EHJ94680_1		1.1.1.178;1.1.1.35;1.1.1.36						AUDIT_NOT_RUN_PHASE1	N/A		MEDIUM	NO	KEEP_FLAGGED	Phase-1 ingestion; no biological decision applied
HADPCOADH3	3hadpcoa_c + nad_c <=> h_c + nadh_c + oxadpcoa_c		EHJ92213_1	[UNRESOLVED:FF32_04560]	1.1.1.157;1.1.1.35			NO	NO_MAPPING		AUDIT_NOT_RUN_PHASE1	N/A		MEDIUM	NO	KEEP_FLAGGED	Phase-1 ingestion; no biological decision applied
HAT40tex	3h4atb_p <=> 3h4atb_e										AUDIT_NOT_RUN_PHASE1	REVIEW		LOW	NO	REVIEW	Phase-1 ingestion; no biological decision applied
HAT40tpp	3h4atb_p <=> 3h4atb_c										AUDIT_NOT_RUN_PHASE1	REVIEW		LOW	NO	REVIEW	Phase-1 ingestion; no biological decision applied
HATBH	3h4atbcoa_c + h2o_c --> 3h4atb_c + coa_c + h_c		EHJ92938_1		3.1.2.20						AUDIT_NOT_RUN_PHASE1	N/A		MEDIUM	NO	KEEP_FLAGGED	Phase-1 ingestion; no biological decision applied
HBCE	3hbcoa_c <=> 3hbcoa__R_c		EHJ92213_1		4.2.1.17						AUDIT_NOT_RUN_PHASE1	N/A		MEDIUM	NO	KEEP_FLAGGED	Phase-1 ingestion; no biological decision applied
HBCHLR	3hbcoa__R_c <=> b2coa_c + h2o_c				4.2.1.55;2.2.1.6						AUDIT_NOT_RUN_PHASE1	N/A		LOW	NO	REVIEW	Phase-1 ingestion; no biological decision applied
HBCO_nadp	aacoa_c + h_c + nadph_c <=> 3hbcoa_c + nadp_c		EHJ93247_1	[UNRESOLVED:FF32_10885] or [UNRESOLVED:FF32_04560]	1.1.1.157;1.1.1.35			NO	NO_MAPPING		AUDIT_NOT_RUN_PHASE1	N/A		MEDIUM	NO	KEEP_FLAGGED	Phase-1 ingestion; no biological decision applied
HBRCH	3hbcoa__R_c + h2o_c --> bhb_c + coa_c + h_c		EHJ92938_1		3.1.2.20						AUDIT_NOT_RUN_PHASE1	N/A		MEDIUM	NO	KEEP_FLAGGED	Phase-1 ingestion; no biological decision applied
HBZOPT	4hbz_c + octdp_c --> 3ophb_c + ppi_c		EHJ94343_1	EHJ94343_1	2.5.1.39			YES	COMPLETE_HIGH		AUDIT_NOT_RUN_PHASE1	N/A		HIGH	NO	AUTO_KEEP	Phase-1 ingestion; no biological decision applied
HCO3E	co2_c + h2o_c <=> h_c + hco3_c		EHJ91750_1 or spontaneous	EHJ91750_1	4.2.1.1			YES	COMPLETE_HIGH		AUDIT_NOT_RUN_PHASE1	N/A		HIGH	NO	AUTO_KEEP	Phase-1 ingestion; no biological decision applied
HCYSMT	amet_c + hcys__L_c --> ahcys_c + h_c + met__L_c		EHJ92957_1		2.1.1.-;2.1.1.10						AUDIT_NOT_RUN_PHASE1	N/A		MEDIUM	NO	KEEP_FLAGGED	Phase-1 ingestion; no biological decision applied
HCYSMT2	hcys__L_c + mmet_c --> h_c + 2.0 met__L_c		EHJ92957_1		2.1.1.10						AUDIT_NOT_RUN_PHASE1	N/A		MEDIUM	NO	KEEP_FLAGGED	Phase-1 ingestion; no biological decision applied
HDCAtexi	hdca_e --> hdca_p			[UNRESOLVED:Csal_3004]				NO	NO_MAPPING		AUDIT_NOT_RUN_PHASE1	REVIEW		LOW	NO	REVIEW	Phase-1 ingestion; no biological decision applied
HDCEAtexi	hdcea_e --> hdcea_p			[UNRESOLVED:Csal_3004]				NO	NO_MAPPING		AUDIT_NOT_RUN_PHASE1	REVIEW		LOW	NO	REVIEW	Phase-1 ingestion; no biological decision applied
HDH	h2o_c + histd_c + 2.0 nad_c --> 3.0 h_c + his__L_c + 2.0 nadh_c		EHJ91328_1		1.1.1.23						AUDIT_NOT_RUN_PHASE1	N/A		MEDIUM	NO	KEEP_FLAGGED	Phase-1 ingestion; no biological decision applied
HEMEOS	frdp_c + h2o_c + pheme_c --> hemeO_c + ppi_c		EHJ91861_1 or EHJ93310_1	EHJ93310_1	2.5.1.-;2.5.1.141			NO	COMPLETE_REVIEW		AUDIT_NOT_RUN_PHASE1	N/A		MEDIUM	NO	KEEP_FLAGGED	Phase-1 ingestion; no biological decision applied
HEMEti	atp_c + h2o_c + pheme_e --> adp_c + h_c + pheme_c + pi_c		EHJ93558_1		3.6.3.41						AUDIT_NOT_RUN_PHASE1	REVIEW		MEDIUM	NO	KEEP_FLAGGED	Phase-1 ingestion; no biological decision applied
HETZK	4mhetz_c + atp_c --> 4mpetz_c + adp_c + h_c		EHJ94038_1		2.7.1.50						AUDIT_NOT_RUN_PHASE1	N/A		MEDIUM	NO	KEEP_FLAGGED	Phase-1 ingestion; no biological decision applied
HEX1	atp_c + glc__D_c --> adp_c + g6p_c + h_c		EHJ92121_1 or EHJ94894_1	EHJ93164_1 and EHJ93165_1 and EHJ93166_1 and EHJ93167_1	2.7.1.1;2.7.1.2			NO	COMPLETE_REVIEW		AUDIT_NOT_RUN_PHASE1	N/A		MEDIUM	NO	KEEP_FLAGGED	Phase-1 ingestion; no biological decision applied
HEX7	atp_c + fru_c --> adp_c + f6p_c + h_c			EHJ92123_1	2.7.1.1;2.7.1.4			YES	COMPLETE_HIGH		AUDIT_NOT_RUN_PHASE1	N/A		LOW	NO	REVIEW	Phase-1 ingestion; no biological decision applied
HEX7_1	atp_c + fru_c --> adp_c + f6p_c + h_c										AUDIT_NOT_RUN_PHASE1	N/A		LOW	NO	REVIEW	Phase-1 ingestion; no biological decision applied
HEXt2rpp	h_p + hxa_p <=> h_c + hxa_c		EHJ92981_1	EHJ92981_1				YES	COMPLETE_HIGH		AUDIT_NOT_RUN_PHASE1	REVIEW		HIGH	NO	AUTO_KEEP	Phase-1 ingestion; no biological decision applied
HG2abcpp	atp_c + h2o_c + hg2_c --> adp_c + h_c + hg2_p + pi_c										AUDIT_NOT_RUN_PHASE1	REVIEW		LOW	NO	REVIEW	Phase-1 ingestion; no biological decision applied
HG2t3pp	h_p + hg2_c --> h_c + hg2_p										AUDIT_NOT_RUN_PHASE1	REVIEW		LOW	NO	REVIEW	Phase-1 ingestion; no biological decision applied
HG2tex	hg2_e <=> hg2_p										AUDIT_NOT_RUN_PHASE1	REVIEW		LOW	NO	REVIEW	Phase-1 ingestion; no biological decision applied
HGt	hg2_e <=> hg2_c										AUDIT_NOT_RUN_PHASE1	REVIEW		LOW	NO	REVIEW	Phase-1 ingestion; no biological decision applied
HIBDkt	3hmp_c + nad_c --> h_c + mmtsa_c + nadh_c		EHJ91464_1		1.1.1.35;1.1.1.31						AUDIT_NOT_RUN_PHASE1	N/A		MEDIUM	NO	KEEP_FLAGGED	Phase-1 ingestion; no biological decision applied
HISDr	his__L_c --> nh4_c + urcan_c				4.3.1.3						AUDIT_NOT_RUN_PHASE1	N/A		LOW	NO	REVIEW	Phase-1 ingestion; no biological decision applied
HISGLYabcpp	atp_c + h2o_c + hisgly_p --> adp_c + h_c + hisgly_c + pi_c		(EHJ92037_1 and EHJ92038_1 and EHJ93627_1 and EHJ93628_1) or (EHJ92037_1 and EHJ92038_1 and EHJ93626_1 and EHJ93627_1 and EHJ93628_1)								AUDIT_NOT_RUN_PHASE1	REVIEW		MEDIUM	NO	KEEP_FLAGGED	Phase-1 ingestion; no biological decision applied
HISGLYtex	hisgly_e <=> hisgly_p										AUDIT_NOT_RUN_PHASE1	REVIEW		LOW	NO	REVIEW	Phase-1 ingestion; no biological decision applied
HISHISabcpp	atp_c + h2o_c + hishis_p --> adp_c + h_c + hishis_c + pi_c		(EHJ92037_1 and EHJ92038_1 and EHJ93627_1 and EHJ93628_1) or (EHJ92037_1 and EHJ92038_1 and EHJ93626_1 and EHJ93627_1 and EHJ93628_1)								AUDIT_NOT_RUN_PHASE1	REVIEW		MEDIUM	NO	KEEP_FLAGGED	Phase-1 ingestion; no biological decision applied
HISHIStex	hishis_e <=> hishis_p										AUDIT_NOT_RUN_PHASE1	REVIEW		LOW	NO	REVIEW	Phase-1 ingestion; no biological decision applied
HISTD	h2o_c + histd_c + 2.0 nad_c --> 3.0 h_c + his__L_c + 2.0 nadh_c		EHJ91328_1	EHJ91328_1	1.1.1.23			YES	COMPLETE_HIGH		AUDIT_NOT_RUN_PHASE1	N/A		HIGH	NO	AUTO_KEEP	Phase-1 ingestion; no biological decision applied
HISTP	h2o_c + hisp_c --> histd_c + pi_c		EHJ91155_1	EHJ94246_1	3.1.3.15			YES	COMPLETE_HIGH		AUDIT_NOT_RUN_PHASE1	N/A		HIGH	NO	AUTO_KEEP	Phase-1 ingestion; no biological decision applied
HISabc	atp_c + h2o_c + his__L_e --> adp_c + h_c + his__L_c + pi_c				3.6.3.21						AUDIT_NOT_RUN_PHASE1	REVIEW		LOW	NO	REVIEW	Phase-1 ingestion; no biological decision applied
HISabcpp	atp_c + h2o_c + his__L_p --> adp_c + h_c + his__L_c + pi_c		(EHJ92461_1 and EHJ92462_1) or (EHJ92461_1 and EHJ92462_1 and EHJ94511_1) or (EHJ92461_1 and EHJ94511_1 and EHJ94512_1) or (EHJ92461_1 and EHJ92462_1 and EHJ92464_1 and EHJ94511_1) or (EHJ94442_1 and EHJ94443_1 and EHJ94444_1 and EHJ94445_1) or (EHJ94088_1 and EHJ94089_1 and EHJ94090_1 and EHJ94091_1 and EHJ94093_1)	(EHJ94929_1 and EHJ94930_1 and [UNRESOLVED:Csal_2002]) or (EHJ94445_1 and [UNRESOLVED:Csal_0121] and EHJ94443_1 and EHJ94442_1)	3.6.3.21			NO	PARTIAL		AUDIT_NOT_RUN_PHASE1	REVIEW		MEDIUM	NO	KEEP_FLAGGED	Phase-1 ingestion; no biological decision applied
HISt2r	h_e + his__L_e <=> h_c + his__L_c										AUDIT_NOT_RUN_PHASE1	REVIEW		LOW	NO	REVIEW	Phase-1 ingestion; no biological decision applied
HIStex	his__L_e <=> his__L_p			[UNRESOLVED:Csal_2569]				NO	NO_MAPPING		AUDIT_NOT_RUN_PHASE1	REVIEW		LOW	NO	REVIEW	Phase-1 ingestion; no biological decision applied
HIUH_c	5hiu_c + h2o_c <=> 5houdic_c		EHJ92873_1		3.5.2.17						AUDIT_NOT_RUN_PHASE1	N/A		MEDIUM	NO	KEEP_FLAGGED	Phase-1 ingestion; no biological decision applied
HMBS	h2o_c + 4.0 ppbng_c --> hmbil_c + 4.0 nh4_c		EHJ94369_1	EHJ94369_1	2.5.1.61;4.3.1.8			YES	COMPLETE_HIGH		AUDIT_NOT_RUN_PHASE1	N/A		HIGH	NO	AUTO_KEEP	Phase-1 ingestion; no biological decision applied
HMGL	hmgcoa_c --> acac_c + accoa_c		EHJ91451_1 or EHJ94530_1		4.1.3.4						AUDIT_NOT_RUN_PHASE1	N/A		MEDIUM	NO	KEEP_FLAGGED	Phase-1 ingestion; no biological decision applied
HMGL_2	hmgcoa_c --> acac_c + accoa_c		EHJ91463_1		3.1.2.4						AUDIT_NOT_RUN_PHASE1	N/A		MEDIUM	NO	KEEP_FLAGGED	Phase-1 ingestion; no biological decision applied
HMPK1	4ahmmp_c + atp_c --> 4ampm_c + adp_c + h_c		EHJ94266_1 or EHJ94386_1	EHJ94386_1	2.7.1.49			YES	COMPLETE_HIGH		AUDIT_NOT_RUN_PHASE1	N/A		HIGH	NO	AUTO_KEEP	Phase-1 ingestion; no biological decision applied
HMPPtr	4ahmmp_e + atp_c + h2o_c --> 4ahmmp_c + adp_c + h_c + pi_c										AUDIT_NOT_RUN_PHASE1	REVIEW		LOW	NO	REVIEW	Phase-1 ingestion; no biological decision applied
HMR_0188	atp_c + coa_c + ddca_c --> amp_c + ddcacoa_c + ppi_c		EHJ92294_1		6.2.1.3						AUDIT_NOT_RUN_PHASE1	N/A		MEDIUM	NO	KEEP_FLAGGED	Phase-1 ingestion; no biological decision applied
HMR_0260	h2o_c + vacccoa_c --> coa_c + h_c + vacc_c		EHJ92938_1		3.1.2.20						AUDIT_NOT_RUN_PHASE1	N/A		MEDIUM	NO	KEEP_FLAGGED	Phase-1 ingestion; no biological decision applied
HMR_6515	mercppyr_c + so3_c --> pyr_c + tsul_c										AUDIT_NOT_RUN_PHASE1	N/A		LOW	NO	REVIEW	Phase-1 ingestion; no biological decision applied
HMR_9610	na1_e + succ_e --> na1_c + succ_c		EHJ92665_1								AUDIT_NOT_RUN_PHASE1	REVIEW		MEDIUM	NO	KEEP_FLAGGED	Phase-1 ingestion; no biological decision applied
HOMt2pp	h_p + hom__L_c --> h_c + hom__L_p										AUDIT_NOT_RUN_PHASE1	REVIEW		LOW	NO	REVIEW	Phase-1 ingestion; no biological decision applied
HOMtex	hom__L_e <=> hom__L_p			[UNRESOLVED:Csal_2569]				NO	NO_MAPPING		AUDIT_NOT_RUN_PHASE1	REVIEW		LOW	NO	REVIEW	Phase-1 ingestion; no biological decision applied
HPAtexi	hpta_e --> hpta_p										AUDIT_NOT_RUN_PHASE1	REVIEW		LOW	NO	REVIEW	Phase-1 ingestion; no biological decision applied
HPPK	2ahhmp_c + atp_c --> 2ahhmd_c + amp_c + h_c		EHJ92736_1 or EHJ93880_1 or EHJ94464_1		2.7.6.3						AUDIT_NOT_RUN_PHASE1	N/A		MEDIUM	NO	KEEP_FLAGGED	Phase-1 ingestion; no biological decision applied
HPROx	4hpro_LT_c + nad_c <=> 1p3h5c_c + 2.0 h_c + nadh_c				1.5.1.12;1.5.1.2						AUDIT_NOT_RUN_PHASE1	N/A		LOW	NO	REVIEW	Phase-1 ingestion; no biological decision applied
HPYRP	3php_c + h2o_c --> hpyr_c + pi_c										AUDIT_NOT_RUN_PHASE1	N/A		LOW	NO	REVIEW	Phase-1 ingestion; no biological decision applied
HPYRRx	h_c + hpyr_c + nadh_c --> glyc__R_c + nad_c		EHJ91725_1 or EHJ92567_1 or EHJ92805_1 or EHJ94402_1	[UNRESOLVED:Csal_0273] or EHJ92805_1	1.1.1.26;1.1.1.29;1.1.1.81			NO	CONFLICT		AUDIT_NOT_RUN_PHASE1	N/A		MEDIUM	NO	KEEP_FLAGGED	Phase-1 ingestion; no biological decision applied
HPYRRy	h_c + hpyr_c + nadph_c --> glyc__R_c + nadp_c		EHJ92567_1 or EHJ92805_1	[UNRESOLVED:Csal_0273] or [UNRESOLVED:HB_MODEL_ID:EHJ93979_1]	1.1.1.-;1.1.1.79;1.1.1.81			NO	CONFLICT		AUDIT_NOT_RUN_PHASE1	N/A		MEDIUM	NO	KEEP_FLAGGED	Phase-1 ingestion; no biological decision applied
HSDy	hom__L_c + nadp_c <=> aspsa_c + h_c + nadph_c		EHJ93825_1	EHJ93825_1	1.1.1.3			YES	COMPLETE_HIGH		AUDIT_NOT_RUN_PHASE1	N/A		HIGH	NO	AUTO_KEEP	Phase-1 ingestion; no biological decision applied
HSERTA	accoa_c + hom__L_c <=> achms_c + coa_c		EHJ93868_1 and EHJ93869_1	[UNRESOLVED:Csal_3057]	2.3.1.31;2.3.1.46			NO	CONFLICT		AUDIT_NOT_RUN_PHASE1	N/A		MEDIUM	NO	KEEP_FLAGGED	Phase-1 ingestion; no biological decision applied
HSK	atp_c + hom__L_c --> adp_c + h_c + phom_c		EHJ93008_1	EHJ93008_1	2.7.1.39			YES	COMPLETE_HIGH		AUDIT_NOT_RUN_PHASE1	N/A		HIGH	NO	AUTO_KEEP	Phase-1 ingestion; no biological decision applied
HSTPT	glu__L_c + imacp_c --> akg_c + hisp_c		EHJ91182_1 or EHJ93032_1 or EHJ93631_1	EHJ93032_1	2.6.1.9			YES	COMPLETE_HIGH		AUDIT_NOT_RUN_PHASE1	N/A		HIGH	NO	AUTO_KEEP	Phase-1 ingestion; no biological decision applied
HSTPTr	glu__L_c + imacp_c <=> akg_c + hisp_c		EHJ91182_1		2.6.1.9						AUDIT_NOT_RUN_PHASE1	N/A		MEDIUM	NO	KEEP_FLAGGED	Phase-1 ingestion; no biological decision applied
HVCD	3optcoa_c + h_c + nadh_c <=> 3hptcoa_c + nad_c		EHJ92213_1 or EHJ92231_1 or EHJ93247_1		1.1.1.157;4.2.1.17						AUDIT_NOT_RUN_PHASE1	N/A		MEDIUM	NO	KEEP_FLAGGED	Phase-1 ingestion; no biological decision applied
HXAND	h2o_c + hxan_c + nad_c --> h_c + nadh_c + xan_c		EHJ91874_1 and EHJ91875_1	[UNRESOLVED:Csal_0527] and [UNRESOLVED:Csal_0528] and [UNRESOLVED:Csal_0529]	1.17.1.4			NO	NO_MAPPING		AUDIT_NOT_RUN_PHASE1	N/A		MEDIUM	NO	KEEP_FLAGGED	Phase-1 ingestion; no biological decision applied
HXAtex	hxa_e <=> hxa_p			[UNRESOLVED:Csal_2569]				NO	NO_MAPPING		AUDIT_NOT_RUN_PHASE1	REVIEW		LOW	NO	REVIEW	Phase-1 ingestion; no biological decision applied
HXCT	accoa_c + hxa_c --> ac_c + hxcoa_c		EHJ93965_1 or EHJ93966_1		2.8.3.8						AUDIT_NOT_RUN_PHASE1	N/A		MEDIUM	NO	KEEP_FLAGGED	Phase-1 ingestion; no biological decision applied
HXPRT	hxan_c + prpp_c --> imp_c + ppi_c		EHJ91910_1 or EHJ91924_1	EHJ91924_1	2.4.2.8;2.4.2.22			YES	COMPLETE_HIGH		AUDIT_NOT_RUN_PHASE1	N/A		HIGH	NO	AUTO_KEEP	Phase-1 ingestion; no biological decision applied
HYXNtex	hxan_e <=> hxan_p										AUDIT_NOT_RUN_PHASE1	REVIEW		LOW	NO	REVIEW	Phase-1 ingestion; no biological decision applied
Htex	h_e <=> h_p			[UNRESOLVED:Csal_2569]				NO	NO_MAPPING		AUDIT_NOT_RUN_PHASE1	REVIEW		LOW	NO	REVIEW	Phase-1 ingestion; no biological decision applied
ICDHx	icit_c + nad_c --> akg_c + co2_c + nadh_c		EHJ92787_1	EHJ92787_1	1.1.1.286;1.1.1.41			YES	COMPLETE_HIGH		AUDIT_NOT_RUN_PHASE1	N/A		HIGH	NO	AUTO_KEEP	Phase-1 ingestion; no biological decision applied
ICDHyr	icit_c + nadp_c <=> akg_c + co2_c + nadph_c		EHJ92787_1 or EHJ93135_1	EHJ93135_1	1.1.1.42;1.1.1.41			YES	COMPLETE_HIGH		AUDIT_NOT_RUN_PHASE1	N/A		HIGH	NO	AUTO_KEEP	Phase-1 ingestion; no biological decision applied
ICHORS	chor_c <=> ichor_c		EHJ94720_1		5.4.4.2						AUDIT_NOT_RUN_PHASE1	N/A		MEDIUM	NO	KEEP_FLAGGED	Phase-1 ingestion; no biological decision applied
ICITt4pp	icit_p + na1_p --> icit_c + na1_c		EHJ94406_1 and EHJ94475_1 and EHJ94476_1								AUDIT_NOT_RUN_PHASE1	REVIEW		MEDIUM	NO	KEEP_FLAGGED	Phase-1 ingestion; no biological decision applied
ICITtex	icit_e <=> icit_p										AUDIT_NOT_RUN_PHASE1	REVIEW		LOW	NO	REVIEW	Phase-1 ingestion; no biological decision applied
ICITtupp	icit_p --> icit_c		EHJ94474_1 and EHJ94476_1								AUDIT_NOT_RUN_PHASE1	REVIEW		MEDIUM	NO	KEEP_FLAGGED	Phase-1 ingestion; no biological decision applied
ICL	icit_c --> glx_c + succ_c		EHJ93144_1	[UNRESOLVED:Csal_2449]	4.1.3.1			NO	NO_MAPPING		AUDIT_NOT_RUN_PHASE1	N/A		MEDIUM	NO	KEEP_FLAGGED	Phase-1 ingestion; no biological decision applied
ID3ACALDt	id3acald_c <=> id3acald_e										AUDIT_NOT_RUN_PHASE1	REVIEW		LOW	NO	REVIEW	Phase-1 ingestion; no biological decision applied
ID6P	f6p_c + itp_c --> fdp_c + h_c + idp_c		EHJ91606_1		2.7.1.90						AUDIT_NOT_RUN_PHASE1	N/A		MEDIUM	NO	KEEP_FLAGGED	Phase-1 ingestion; no biological decision applied
IDPh_1	h2o_c + ppi_c --> h_c + 2.0 pi_c		EHJ91604_1		3.6.1.1						AUDIT_NOT_RUN_PHASE1	N/A		MEDIUM	NO	KEEP_FLAGGED	Phase-1 ingestion; no biological decision applied
IG3PS	gln__L_c + prlp_c --> aicar_c + eig3p_c + glu__L_c + h_c		EHJ93024_1 or (EHJ93022_1 and EHJ93024_1)	EHJ93024_1 and EHJ93022_1	2.4.2.-;4.1.3.-;3.5.1.2;4.3.2.10			YES	COMPLETE_HIGH		AUDIT_NOT_RUN_PHASE1	N/A		HIGH	NO	AUTO_KEEP	Phase-1 ingestion; no biological decision applied
IGPDH	eig3p_c --> h2o_c + imacp_c		EHJ93021_1	EHJ93021_1	4.2.1.19			YES	COMPLETE_HIGH		AUDIT_NOT_RUN_PHASE1	N/A		HIGH	NO	AUTO_KEEP	Phase-1 ingestion; no biological decision applied
IGPS	2cpr5p_c + h_c --> 3ig3p_c + co2_c + h2o_c		EHJ92333_1	EHJ92333_1	4.1.1.48			YES	COMPLETE_HIGH		AUDIT_NOT_RUN_PHASE1	N/A		HIGH	NO	AUTO_KEEP	Phase-1 ingestion; no biological decision applied
ILETA	akg_c + ile__L_c <=> 3mop_c + glu__L_c		EHJ93632_1 or EHJ93739_1	EHJ93739_1	2.6.1.42			YES	COMPLETE_HIGH		AUDIT_NOT_RUN_PHASE1	N/A		HIGH	NO	AUTO_KEEP	Phase-1 ingestion; no biological decision applied
ILETA2	3mop_c + glu__L_c <=> akg_c + ile__L_c		EHJ93632_1		2.6.1.42						AUDIT_NOT_RUN_PHASE1	N/A		MEDIUM	NO	KEEP_FLAGGED	Phase-1 ingestion; no biological decision applied
ILEabc	atp_c + h2o_c + ile__L_e --> adp_c + h_c + ile__L_c + pi_c										AUDIT_NOT_RUN_PHASE1	REVIEW		LOW	NO	REVIEW	Phase-1 ingestion; no biological decision applied
ILEabcpp	atp_c + h2o_c + ile__L_p --> adp_c + h_c + ile__L_c + pi_c		EHJ91145_1 or (EHJ91144_1 and EHJ91457_1) or (EHJ91145_1 and EHJ91460_1) or (EHJ91457_1 and EHJ91460_1) or (EHJ91458_1 and EHJ91460_1 and EHJ92565_1) or (EHJ91144_1 and EHJ91457_1 and EHJ91460_1 and EHJ94091_1) or (EHJ94442_1 and EHJ94443_1 and EHJ94444_1 and EHJ94445_1)	(EHJ94929_1 and EHJ94930_1 and [UNRESOLVED:Csal_2002]) or (EHJ94445_1 and [UNRESOLVED:Csal_0121] and EHJ94443_1 and EHJ94442_1)				NO	PARTIAL		AUDIT_NOT_RUN_PHASE1	REVIEW		MEDIUM	NO	KEEP_FLAGGED	Phase-1 ingestion; no biological decision applied
ILEtex	ile__L_e <=> ile__L_p			[UNRESOLVED:Csal_2569]				NO	NO_MAPPING		AUDIT_NOT_RUN_PHASE1	REVIEW		LOW	NO	REVIEW	Phase-1 ingestion; no biological decision applied
IMPC	h2o_c + imp_c <=> fprica_c		EHJ91597_1	EHJ91597_1	2.1.2.3;3.5.4.10			YES	COMPLETE_HIGH		AUDIT_NOT_RUN_PHASE1	N/A		HIGH	NO	AUTO_KEEP	Phase-1 ingestion; no biological decision applied
IMPD	h2o_c + imp_c + nad_c --> h_c + nadh_c + xmp_c		EHJ92719_1 or EHJ93324_1 or EHJ93524_1 or EHJ94706_1	EHJ93524_1	1.1.1.205			YES	COMPLETE_HIGH		AUDIT_NOT_RUN_PHASE1	N/A		HIGH	NO	AUTO_KEEP	Phase-1 ingestion; no biological decision applied
IND3ACtex	ind3ac_p <=> ind3ac_e										AUDIT_NOT_RUN_PHASE1	REVIEW		LOW	NO	REVIEW	Phase-1 ingestion; no biological decision applied
IND3ACtpp	h_p + ind3ac_c --> h_c + ind3ac_p		EHJ91169_1 or EHJ94400_1								AUDIT_NOT_RUN_PHASE1	REVIEW		MEDIUM	NO	KEEP_FLAGGED	Phase-1 ingestion; no biological decision applied
INDOLEt2pp	h_c + indole_c --> h_p + indole_p		EHJ93203_1 or (EHJ91152_1 and EHJ93204_1) or (EHJ92362_1 and EHJ93203_1) or (EHJ93202_1 and EHJ93203_1) or (EHJ91152_1 and EHJ92362_1 and EHJ93204_1)	EHJ93204_1				YES	COMPLETE_HIGH		AUDIT_NOT_RUN_PHASE1	REVIEW		HIGH	NO	AUTO_KEEP	Phase-1 ingestion; no biological decision applied
INDOLEtex	indole_e <=> indole_p			[UNRESOLVED:Csal_2569]				NO	NO_MAPPING		AUDIT_NOT_RUN_PHASE1	REVIEW		LOW	NO	REVIEW	Phase-1 ingestion; no biological decision applied
INOSTt4pp	inost_p + na1_p --> inost_c + na1_c			EHJ92134_1				NO	COMPLETE_REVIEW		AUDIT_NOT_RUN_PHASE1	REVIEW		LOW	NO	REVIEW	Phase-1 ingestion; no biological decision applied
INS2D	inost_c + nad_c --> 2ins_c + h_c + nadh_c		EHJ94636_1 or EHJ94645_1	[UNRESOLVED:FF32_03980]	1.1.1.18			NO	NO_MAPPING		AUDIT_NOT_RUN_PHASE1	N/A		MEDIUM	NO	KEEP_FLAGGED	Phase-1 ingestion; no biological decision applied
INSCR	2ins_c + atp_c --> adp_c + dhap_c + 2.0 h_c + msa_c										AUDIT_NOT_RUN_PHASE1	N/A		LOW	NO	REVIEW	Phase-1 ingestion; no biological decision applied
INSTabc	atp_c + h2o_c + inost_e --> adp_c + h_c + inost_c + pi_c										AUDIT_NOT_RUN_PHASE1	REVIEW		LOW	NO	REVIEW	Phase-1 ingestion; no biological decision applied
INSTtex	inost_e <=> inost_p			[UNRESOLVED:Csal_2569]				NO	NO_MAPPING		AUDIT_NOT_RUN_PHASE1	REVIEW		LOW	NO	REVIEW	Phase-1 ingestion; no biological decision applied
INStex	ins_e <=> ins_p										AUDIT_NOT_RUN_PHASE1	REVIEW		LOW	NO	REVIEW	Phase-1 ingestion; no biological decision applied
IPDPS	h2mb4p_c + h_c + nadh_c --> h2o_c + ipdp_c + nad_c		EHJ91634_1 or EHJ94941_1	EHJ94941_1	1.17.1.2;1.17.7.4			YES	COMPLETE_HIGH		AUDIT_NOT_RUN_PHASE1	N/A		HIGH	NO	AUTO_KEEP	Phase-1 ingestion; no biological decision applied
IPMD	3c2hmp_c + nad_c --> 3c4mop_c + h_c + nadh_c		EHJ91963_1	EHJ91963_1	1.1.1.85			YES	COMPLETE_HIGH		AUDIT_NOT_RUN_PHASE1	N/A		HIGH	NO	AUTO_KEEP	Phase-1 ingestion; no biological decision applied
IPPMIa	3c2hmp_c <=> 2ippm_c + h2o_c		EHJ91964_1 and EHJ91965_1	EHJ91964_1 and EHJ91965_1	4.2.1.33			YES	COMPLETE_HIGH		AUDIT_NOT_RUN_PHASE1	N/A		HIGH	NO	AUTO_KEEP	Phase-1 ingestion; no biological decision applied
IPPMIb	2ippm_c + h2o_c <=> 3c3hmp_c		EHJ91964_1 and EHJ91965_1	EHJ91964_1 and EHJ91965_1	4.2.1.33			YES	COMPLETE_HIGH		AUDIT_NOT_RUN_PHASE1	N/A		HIGH	NO	AUTO_KEEP	Phase-1 ingestion; no biological decision applied
IPPS	3mob_c + accoa_c + h2o_c --> 3c3hmp_c + coa_c + h_c		EHJ91253_1 or EHJ92770_1	EHJ91253_1 or EHJ92770_1	2.3.3.13			NO	COMPLETE_REVIEW		AUDIT_NOT_RUN_PHASE1	N/A		MEDIUM	NO	KEEP_FLAGGED	Phase-1 ingestion; no biological decision applied
IVCS	3mb_c + atp_c + coa_c --> amp_c + ivcoa_c + ppi_c										AUDIT_NOT_RUN_PHASE1	N/A		LOW	NO	REVIEW	Phase-1 ingestion; no biological decision applied
IZPN	4izp_c + h2o_c --> forglu_c		EHJ91197_1		3.5.2.-;3.5.2.7						AUDIT_NOT_RUN_PHASE1	N/A		MEDIUM	NO	KEEP_FLAGGED	Phase-1 ingestion; no biological decision applied
KARA1	23dhmb_c + nadp_c <=> alac__S_c + h_c + nadph_c		EHJ93283_1	[UNRESOLVED:Csal_0504]	1.1.1.383;1.1.1.86			NO	NO_MAPPING		AUDIT_NOT_RUN_PHASE1	N/A		MEDIUM	NO	KEEP_FLAGGED	Phase-1 ingestion; no biological decision applied
KARA2	2ahbut_c + h_c + nadph_c <=> 23dhmp_c + nadp_c		EHJ93283_1	[UNRESOLVED:Csal_0504]	1.1.1.86			NO	NO_MAPPING		AUDIT_NOT_RUN_PHASE1	N/A		MEDIUM	NO	KEEP_FLAGGED	Phase-1 ingestion; no biological decision applied
KAS13	accoa_c + 23.0 h_c + 8.0 malcoa_c + 16.0 nadph_c --> 8.0 co2_c + 9.0 coa_c + 7.0 h2o_c + 16.0 nadp_c + ocdca_c		EHJ94110_1		2.3.1.41						AUDIT_NOT_RUN_PHASE1	N/A		MEDIUM	NO	KEEP_FLAGGED	Phase-1 ingestion; no biological decision applied
KAS17	accoa_c + 22.0 h_c + 8.0 malcoa_c + 15.0 nadph_c --> 8.0 co2_c + 9.0 coa_c + 7.0 h2o_c + 15.0 nadp_c + ocdcea_c		EHJ93844_1		1.1.1.36						AUDIT_NOT_RUN_PHASE1	N/A		MEDIUM	NO	KEEP_FLAGGED	Phase-1 ingestion; no biological decision applied
KAS2	accoa_c + 17.0 h_c + 6.0 malcoa_c + 12.0 nadph_c --> 6.0 co2_c + 7.0 coa_c + 5.0 h2o_c + 12.0 nadp_c + ttdca_c		EHJ94110_1		2.3.1.41						AUDIT_NOT_RUN_PHASE1	N/A		MEDIUM	NO	KEEP_FLAGGED	Phase-1 ingestion; no biological decision applied
KAS7	accoa_c + 19.0 h_c + 7.0 malcoa_c + 13.0 nadph_c --> 7.0 co2_c + 8.0 coa_c + 6.0 h2o_c + hdcea_c + 13.0 nadp_c		EHJ93844_1		1.1.1.36						AUDIT_NOT_RUN_PHASE1	N/A		MEDIUM	NO	KEEP_FLAGGED	Phase-1 ingestion; no biological decision applied
KAS8	accoa_c + 20.0 h_c + 7.0 malcoa_c + 14.0 nadph_c --> 7.0 co2_c + 8.0 coa_c + 6.0 h2o_c + hdca_c + 14.0 nadp_c		EHJ94110_1		2.3.1.41;2.3.1.85						AUDIT_NOT_RUN_PHASE1	N/A		MEDIUM	NO	KEEP_FLAGGED	Phase-1 ingestion; no biological decision applied
KAT1	aacoa_c + coa_c --> 2.0 accoa_c		EHJ92212_1		2.3.1.9;2.3.1.16						AUDIT_NOT_RUN_PHASE1	N/A		MEDIUM	NO	KEEP_FLAGGED	Phase-1 ingestion; no biological decision applied
KAT10	3ohpcoa_c + coa_c --> accoa_c + ptcoa_c		EHJ92212_1		2.3.1.16						AUDIT_NOT_RUN_PHASE1	N/A		MEDIUM	NO	KEEP_FLAGGED	Phase-1 ingestion; no biological decision applied
KAT11	3ononacoa_c + coa_c --> accoa_c + hptcoa_c		EHJ92212_1		2.3.1.16						AUDIT_NOT_RUN_PHASE1	N/A		MEDIUM	NO	KEEP_FLAGGED	Phase-1 ingestion; no biological decision applied
KAT12	3opdecacoa_c + coa_c --> accoa_c + poctacoa_c		EHJ92212_1		2.3.1.16						AUDIT_NOT_RUN_PHASE1	N/A		MEDIUM	NO	KEEP_FLAGGED	Phase-1 ingestion; no biological decision applied
KAT13	3opnonacoa_c + coa_c --> accoa_c + phpcoa_c		EHJ92212_1		2.3.1.16						AUDIT_NOT_RUN_PHASE1	N/A		MEDIUM	NO	KEEP_FLAGGED	Phase-1 ingestion; no biological decision applied
KAT14	3opoctacoa_c + coa_c --> accoa_c + phxacoa_c		EHJ92212_1		2.3.1.16						AUDIT_NOT_RUN_PHASE1	N/A		MEDIUM	NO	KEEP_FLAGGED	Phase-1 ingestion; no biological decision applied
KAT15	3ophpcoa_c + coa_c --> accoa_c + pptcoa_c		EHJ92212_1		2.3.1.16						AUDIT_NOT_RUN_PHASE1	N/A		MEDIUM	NO	KEEP_FLAGGED	Phase-1 ingestion; no biological decision applied
KAT16	3ophxacoa_c + coa_c --> accoa_c + pbcoa_c		EHJ92212_1		2.3.1.16						AUDIT_NOT_RUN_PHASE1	N/A		MEDIUM	NO	KEEP_FLAGGED	Phase-1 ingestion; no biological decision applied
KAT17	3opptcoa_c + coa_c --> accoa_c + phppcoa_c		EHJ92212_1		2.3.1.16						AUDIT_NOT_RUN_PHASE1	N/A		MEDIUM	NO	KEEP_FLAGGED	Phase-1 ingestion; no biological decision applied
KAT18	3opbcoa_c + coa_c --> accoa_c + phaccoa_c		EHJ92212_1		2.3.1.16						AUDIT_NOT_RUN_PHASE1	N/A		MEDIUM	NO	KEEP_FLAGGED	Phase-1 ingestion; no biological decision applied
KAT19	3o6athcoa_c + coa_c --> 4atbcoa_c + accoa_c		EHJ92212_1		2.3.1.16						AUDIT_NOT_RUN_PHASE1	N/A		MEDIUM	NO	KEEP_FLAGGED	Phase-1 ingestion; no biological decision applied
KAT20	3ovacccoa_c + coa_c --> accoa_c + hdcoa_c		EHJ92212_1		2.3.1.16						AUDIT_NOT_RUN_PHASE1	N/A		MEDIUM	NO	KEEP_FLAGGED	Phase-1 ingestion; no biological decision applied
KAT21	3ohdccoa_c + coa_c --> accoa_c + tdecoa_c		EHJ92212_1		2.3.1.16						AUDIT_NOT_RUN_PHASE1	N/A		MEDIUM	NO	KEEP_FLAGGED	Phase-1 ingestion; no biological decision applied
KAT22	3otdccoa_c + coa_c --> accoa_c + ddecoa_c		EHJ92212_1		2.3.1.16						AUDIT_NOT_RUN_PHASE1	N/A		MEDIUM	NO	KEEP_FLAGGED	Phase-1 ingestion; no biological decision applied
KAT23	3oddccoa_c + coa_c --> accoa_c + decoa_c		EHJ92212_1		2.3.1.16						AUDIT_NOT_RUN_PHASE1	N/A		MEDIUM	NO	KEEP_FLAGGED	Phase-1 ingestion; no biological decision applied
KAT24	3oodecoa_c + coa_c --> accoa_c + hdd7coa_c		EHJ92212_1		2.3.1.16						AUDIT_NOT_RUN_PHASE1	N/A		MEDIUM	NO	KEEP_FLAGGED	Phase-1 ingestion; no biological decision applied
KAT25	3ohdd7coa_c + coa_c --> accoa_c + tded5coa_c		EHJ92212_1		2.3.1.16						AUDIT_NOT_RUN_PHASE1	N/A		MEDIUM	NO	KEEP_FLAGGED	Phase-1 ingestion; no biological decision applied
KAT26	3odd5coa_c + coa_c --> accoa_c + dded3coa_c		EHJ92212_1		2.3.1.16						AUDIT_NOT_RUN_PHASE1	N/A		MEDIUM	NO	KEEP_FLAGGED	Phase-1 ingestion; no biological decision applied
KAT27	3optslacoa_c + coa_c --> accoa_c + hdd4coa_c		EHJ92212_1		2.3.1.16						AUDIT_NOT_RUN_PHASE1	N/A		MEDIUM	NO	KEEP_FLAGGED	Phase-1 ingestion; no biological decision applied
KAT28	3ohdd4coa_c + coa_c --> accoa_c + tde_2Z_coa_c		EHJ92212_1		2.3.1.16						AUDIT_NOT_RUN_PHASE1	N/A		MEDIUM	NO	KEEP_FLAGGED	Phase-1 ingestion; no biological decision applied
KAT29	3olnlccoa_c + coa_c --> accoa_c + hd_7_10_coa_c		EHJ92212_1		2.3.1.16						AUDIT_NOT_RUN_PHASE1	N/A		MEDIUM	NO	KEEP_FLAGGED	Phase-1 ingestion; no biological decision applied
KAT30	3ohd710coa_c + coa_c --> accoa_c + td_5_8_coa_c		EHJ92212_1		2.3.1.16						AUDIT_NOT_RUN_PHASE1	N/A		MEDIUM	NO	KEEP_FLAGGED	Phase-1 ingestion; no biological decision applied
KAT31	3ohd58coa_c + coa_c --> accoa_c + dd_3_6_coa_c		EHJ92212_1		2.3.1.16						AUDIT_NOT_RUN_PHASE1	N/A		MEDIUM	NO	KEEP_FLAGGED	Phase-1 ingestion; no biological decision applied
KAT32	3odd6coa_c + coa_c --> accoa_c + dec4coa_c		EHJ92212_1		2.3.1.16						AUDIT_NOT_RUN_PHASE1	N/A		MEDIUM	NO	KEEP_FLAGGED	Phase-1 ingestion; no biological decision applied
KAT33	3oxptcoa_c + coa_c --> accoa_c + ppcoa_c		EHJ92212_1		2.3.1.16						AUDIT_NOT_RUN_PHASE1	N/A		MEDIUM	NO	KEEP_FLAGGED	Phase-1 ingestion; no biological decision applied
Kt1	k_e <=> k_c										AUDIT_NOT_RUN_PHASE1	REVIEW		LOW	NO	REVIEW	Phase-1 ingestion; no biological decision applied
Kt2pp	h_p + k_p --> h_c + k_c			[UNRESOLVED:HB_MODEL_ID:EHJ92034_1] and [UNRESOLVED:HB_MODEL_ID:EHJ92035_1] and EHJ92036_1				NO	COMPLETE_HIGH		AUDIT_NOT_RUN_PHASE1	REVIEW		LOW	NO	REVIEW	Phase-1 ingestion; no biological decision applied
Kt2r	h_e + k_e <=> h_c + k_c										AUDIT_NOT_RUN_PHASE1	REVIEW		LOW	NO	REVIEW	Phase-1 ingestion; no biological decision applied
Kt3pp	h_p + k_c --> h_c + k_p		EHJ91802_1 or EHJ92287_1 or EHJ93155_1 or (EHJ91246_1 and EHJ91247_1 and EHJ91248_1 and EHJ91249_1 and EHJ91250_1 and EHJ91251_1)								AUDIT_NOT_RUN_PHASE1	REVIEW		MEDIUM	NO	KEEP_FLAGGED	Phase-1 ingestion; no biological decision applied
Kt3r	h_e + k_c <=> h_c + k_e		EHJ91246_1 or EHJ92409_1 or EHJ92411_1 or EHJ92412_1 or EHJ92413_1 or EHJ92414_1								AUDIT_NOT_RUN_PHASE1	REVIEW		MEDIUM	NO	KEEP_FLAGGED	Phase-1 ingestion; no biological decision applied
Ktex	k_e <=> k_p			[UNRESOLVED:Csal_2569]				NO	NO_MAPPING		AUDIT_NOT_RUN_PHASE1	REVIEW		LOW	NO	REVIEW	Phase-1 ingestion; no biological decision applied
LALALGLUtex	LalaLglu_e <=> LalaLglu_p										AUDIT_NOT_RUN_PHASE1	REVIEW		LOW	NO	REVIEW	Phase-1 ingestion; no biological decision applied
LALDO	gthrd_c + lald__D_c + nad_c <=> h_c + lgt__S_c + nadh_c		EHJ92726_1		1.1.1.284						AUDIT_NOT_RUN_PHASE1	N/A		MEDIUM	NO	KEEP_FLAGGED	Phase-1 ingestion; no biological decision applied
LALGP	LalaLglu_c + h2o_c --> ala__L_c + glu__L_c		EHJ91286_1 or EHJ92994_1 or EHJ93738_1		3.4.13.18;3.4.11.1;3.4.11.10;3.4.11.2						AUDIT_NOT_RUN_PHASE1	N/A		MEDIUM	NO	KEEP_FLAGGED	Phase-1 ingestion; no biological decision applied
LASP2OA	Largn_c + oaa_c <=> asp__L_c + h_c + pphn_c		EHJ91182_1		2.6.1.9						AUDIT_NOT_RUN_PHASE1	N/A		MEDIUM	NO	KEEP_FLAGGED	Phase-1 ingestion; no biological decision applied
LCADi	h2o_c + lald__L_c + nad_c --> 2.0 h_c + lac__L_c + nadh_c		EHJ94867_1		1.2.1.22;1.2.1.3						AUDIT_NOT_RUN_PHASE1	N/A		MEDIUM	NO	KEEP_FLAGGED	Phase-1 ingestion; no biological decision applied
LCTStex	lcts_e <=> lcts_p										AUDIT_NOT_RUN_PHASE1	REVIEW		LOW	NO	REVIEW	Phase-1 ingestion; no biological decision applied
LDGUNPD	5pg35pg_c + h2o_c --> 2.0 gmp_c + h_c										AUDIT_NOT_RUN_PHASE1	N/A		LOW	NO	REVIEW	Phase-1 ingestion; no biological decision applied
LDH_D	lac__D_c + nad_c <=> h_c + nadh_c + pyr_c			EHJ94402_1	1.1.1.28			NO	COMPLETE_REVIEW		AUDIT_NOT_RUN_PHASE1	N/A		LOW	NO	REVIEW	Phase-1 ingestion; no biological decision applied
LDH_D2	lac__D_c + q8_c --> pyr_c + q8h2_c		EHJ92882_1 and EHJ92883_1 and EHJ92884_1	EHJ94402_1	1.1.99.14			NO	COMPLETE_REVIEW		AUDIT_NOT_RUN_PHASE1	N/A		MEDIUM	NO	KEEP_FLAGGED	Phase-1 ingestion; no biological decision applied
LDH_L	lac__L_c + nad_c <=> h_c + nadh_c + pyr_c		EHJ94179_1		1.1.1.27;1.1.-.-						AUDIT_NOT_RUN_PHASE1	N/A		MEDIUM	NO	KEEP_FLAGGED	Phase-1 ingestion; no biological decision applied
LEULEULAPc	h2o_c + leuleu_c --> 2.0 leu__L_c		EHJ91286_1 or EHJ93738_1		3.4.13.-;3.4.11.1;3.4.11.10;3.4.11.2						AUDIT_NOT_RUN_PHASE1	N/A		MEDIUM	NO	KEEP_FLAGGED	Phase-1 ingestion; no biological decision applied
LEULEUabcpp	atp_c + h2o_c + leuleu_p --> adp_c + h_c + leuleu_c + pi_c		(EHJ92037_1 and EHJ92038_1 and EHJ93627_1 and EHJ93628_1) or (EHJ92037_1 and EHJ92038_1 and EHJ93626_1 and EHJ93627_1 and EHJ93628_1)								AUDIT_NOT_RUN_PHASE1	REVIEW		MEDIUM	NO	KEEP_FLAGGED	Phase-1 ingestion; no biological decision applied
LEULEUtex	leuleu_e <=> leuleu_p										AUDIT_NOT_RUN_PHASE1	REVIEW		LOW	NO	REVIEW	Phase-1 ingestion; no biological decision applied
LEUTA	akg_c + leu__L_c <=> 4mop_c + glu__L_c		EHJ93632_1 or EHJ93739_1		2.6.1.42;2.6.1.6;2.6.1.67						AUDIT_NOT_RUN_PHASE1	N/A		MEDIUM	NO	KEEP_FLAGGED	Phase-1 ingestion; no biological decision applied
LEUabc	atp_c + h2o_c + leu__L_e --> adp_c + h_c + leu__L_c + pi_c										AUDIT_NOT_RUN_PHASE1	REVIEW		LOW	NO	REVIEW	Phase-1 ingestion; no biological decision applied
LEUabcpp	atp_c + h2o_c + leu__L_p --> adp_c + h_c + leu__L_c + pi_c		EHJ91145_1 or (EHJ91144_1 and EHJ91457_1) or (EHJ91145_1 and EHJ91460_1) or (EHJ91457_1 and EHJ91460_1) or (EHJ91458_1 and EHJ91460_1 and EHJ92565_1) or (EHJ91144_1 and EHJ91457_1 and EHJ91460_1 and EHJ94091_1) or (EHJ94442_1 and EHJ94443_1 and EHJ94444_1 and EHJ94445_1) or (EHJ94088_1 and EHJ94089_1 and EHJ94090_1 and EHJ94091_1 and EHJ94093_1)	(EHJ94929_1 and EHJ94930_1 and EHJ94931_1) or (EHJ94445_1 and [UNRESOLVED:Csal_0121] and EHJ94443_1 and EHJ94442_1)				NO	PARTIAL		AUDIT_NOT_RUN_PHASE1	REVIEW		MEDIUM	NO	KEEP_FLAGGED	Phase-1 ingestion; no biological decision applied
LEUtex	leu__L_e <=> leu__L_p			[UNRESOLVED:Csal_2569]				NO	NO_MAPPING		AUDIT_NOT_RUN_PHASE1	REVIEW		LOW	NO	REVIEW	Phase-1 ingestion; no biological decision applied
LGTHL	gthrd_c + mthgxl_c --> lgt__S_c		EHJ93755_1 or EHJ94036_1	EHJ94036_1	4.4.1.5			YES	COMPLETE_HIGH		AUDIT_NOT_RUN_PHASE1	N/A		HIGH	NO	AUTO_KEEP	Phase-1 ingestion; no biological decision applied
LNLCtexi	lnlc_e --> lnlc_p		EHJ93819_1								AUDIT_NOT_RUN_PHASE1	REVIEW		MEDIUM	NO	KEEP_FLAGGED	Phase-1 ingestion; no biological decision applied
LPLIPAL1A120pp	1ddecg3p_p + h2o_p --> ddca_p + glyc3p_p + h_p				3.1.1.5						AUDIT_NOT_RUN_PHASE1	N/A		LOW	NO	REVIEW	Phase-1 ingestion; no biological decision applied
LPLIPAL1A141pp	1tdec7eg3p_p + h2o_p --> glyc3p_p + h_p + ttdcea_p				3.1.1.5						AUDIT_NOT_RUN_PHASE1	N/A		LOW	NO	REVIEW	Phase-1 ingestion; no biological decision applied
LPLIPAL1A161pp	1hdec9eg3p_p + h2o_p --> glyc3p_p + h_p + hdcea_p										AUDIT_NOT_RUN_PHASE1	N/A		LOW	NO	REVIEW	Phase-1 ingestion; no biological decision applied
LPLIPAL1E120pp	1agpe120_p + h2o_p --> ddca_p + g3pe_p + h_p										AUDIT_NOT_RUN_PHASE1	N/A		LOW	NO	REVIEW	Phase-1 ingestion; no biological decision applied
LPLIPAL1E141pp	1agpe141_p + h2o_p --> g3pe_p + h_p + ttdcea_p										AUDIT_NOT_RUN_PHASE1	N/A		LOW	NO	REVIEW	Phase-1 ingestion; no biological decision applied
LPLIPAL1E161pp	1agpe161_p + h2o_p --> g3pe_p + h_p + hdcea_p										AUDIT_NOT_RUN_PHASE1	N/A		LOW	NO	REVIEW	Phase-1 ingestion; no biological decision applied
LPLIPAL1G161pp	1agpg161_p + h2o_p --> g3pg_p + h_p + hdcea_p										AUDIT_NOT_RUN_PHASE1	N/A		LOW	NO	REVIEW	Phase-1 ingestion; no biological decision applied
LSERDHr	nadp_c + ser__L_c <=> 2amsa_c + h_c + nadph_c		EHJ93825_1	EHJ94668_1 or EHJ94668_1	1.1.1.276			NO	COMPLETE_REVIEW		AUDIT_NOT_RUN_PHASE1	N/A		MEDIUM	NO	KEEP_FLAGGED	Phase-1 ingestion; no biological decision applied
LTHRK	atp_c + thr__L_c --> adp_c + h_c + thrp_c				2.7.1.177						AUDIT_NOT_RUN_PHASE1	N/A		LOW	NO	REVIEW	Phase-1 ingestion; no biological decision applied
LYSDC	h_c + lys__L_c --> 15dap_c + co2_c		EHJ93853_1		4.1.1.18;3.2.2.n1						AUDIT_NOT_RUN_PHASE1	N/A		MEDIUM	NO	KEEP_FLAGGED	Phase-1 ingestion; no biological decision applied
LYSabc	atp_c + h2o_c + lys__L_e --> adp_c + h_c + lys__L_c + pi_c				3.6.3.21						AUDIT_NOT_RUN_PHASE1	REVIEW		LOW	NO	REVIEW	Phase-1 ingestion; no biological decision applied
LYSabcpp	atp_c + h2o_c + lys__L_p --> adp_c + h_c + lys__L_c + pi_c		EHJ94273_1 or (EHJ92461_1 and EHJ92462_1) or (EHJ92686_1 and EHJ94674_1) or (EHJ92461_1 and EHJ92462_1 and EHJ92463_1 and EHJ92464_1) or (EHJ92461_1 and EHJ92462_1 and EHJ92464_1 and EHJ94511_1) or (EHJ92461_1 and EHJ92464_1 and EHJ94511_1 and EHJ94512_1) or (EHJ92461_1 and EHJ94511_1 and EHJ94512_1 and EHJ94513_1)	(EHJ94929_1 and EHJ94930_1 and [UNRESOLVED:Csal_2002]) or (EHJ94445_1 and [UNRESOLVED:Csal_0121] and EHJ94443_1 and EHJ94442_1)	3.6.3.21			NO	PARTIAL		AUDIT_NOT_RUN_PHASE1	REVIEW		MEDIUM	NO	KEEP_FLAGGED	Phase-1 ingestion; no biological decision applied
LYSt3pp	h_p + lys__L_c --> h_c + lys__L_p		EHJ91510_1 or EHJ92807_1 or EHJ93410_1	EHJ93410_1				YES	COMPLETE_HIGH		AUDIT_NOT_RUN_PHASE1	REVIEW		HIGH	NO	AUTO_KEEP	Phase-1 ingestion; no biological decision applied
LYSt3r	h_e + lys__L_c <=> h_c + lys__L_e		EHJ91510_1 or EHJ92053_1 or EHJ93410_1								AUDIT_NOT_RUN_PHASE1	REVIEW		MEDIUM	NO	KEEP_FLAGGED	Phase-1 ingestion; no biological decision applied
LYSt5r	lys__L_e <=> lys__L_c		EHJ94710_1								AUDIT_NOT_RUN_PHASE1	REVIEW		MEDIUM	NO	KEEP_FLAGGED	Phase-1 ingestion; no biological decision applied
LYStex	lys__L_e <=> lys__L_p			[UNRESOLVED:Csal_2569]				NO	NO_MAPPING		AUDIT_NOT_RUN_PHASE1	REVIEW		LOW	NO	REVIEW	Phase-1 ingestion; no biological decision applied
L_LACD	2.0 ficytc_c + lac__L_c --> 2.0 focytc_c + pyr_c										AUDIT_NOT_RUN_PHASE1	N/A		LOW	NO	REVIEW	Phase-1 ingestion; no biological decision applied
L_LACD2	lac__L_c + q8_c --> pyr_c + q8h2_c		EHJ91189_1 or EHJ94179_1		1.1.2.3;1.1.-.-						AUDIT_NOT_RUN_PHASE1	N/A		MEDIUM	NO	KEEP_FLAGGED	Phase-1 ingestion; no biological decision applied
L_LACD3	lac__L_c + mqn8_c --> mql8_c + pyr_c		EHJ91189_1 or EHJ94179_1	EHJ94179_1	1.1.2.3;1.1.-.-			NO	COMPLETE_REVIEW		AUDIT_NOT_RUN_PHASE1	N/A		MEDIUM	NO	KEEP_FLAGGED	Phase-1 ingestion; no biological decision applied
M1PD	mnl1p_c + nad_c <=> f6p_c + h_c + nadh_c				1.1.1.17						AUDIT_NOT_RUN_PHASE1	N/A		LOW	NO	REVIEW	Phase-1 ingestion; no biological decision applied
MACCOAT	2maacoa_c + coa_c --> accoa_c + ppcoa_c		EHJ92212_1 or EHJ92250_1 or EHJ93968_1 or EHJ93969_1		2.3.1.16;2.3.1.9						AUDIT_NOT_RUN_PHASE1	N/A		MEDIUM	NO	KEEP_FLAGGED	Phase-1 ingestion; no biological decision applied
MALDDH	mal__D_c + nad_c --> co2_c + nadh_c + pyr_c		EHJ92456_1	[UNRESOLVED:Csal_2776]	1.1.1.83			NO	CONFLICT		AUDIT_NOT_RUN_PHASE1	N/A		MEDIUM	NO	KEEP_FLAGGED	Phase-1 ingestion; no biological decision applied
MALS	accoa_c + glx_c + h2o_c --> coa_c + h_c + mal__L_c		EHJ94415_1	EHJ94415_1	2.3.3.9			YES	COMPLETE_HIGH		AUDIT_NOT_RUN_PHASE1	N/A		HIGH	NO	AUTO_KEEP	Phase-1 ingestion; no biological decision applied
MALT	h2o_c + malt_c --> 2.0 glc__D_c		EHJ92142_1	[UNRESOLVED:FF32_12860] or [UNRESOLVED:FF32_12890]	3.2.1.20			NO	NO_MAPPING		AUDIT_NOT_RUN_PHASE1	N/A		MEDIUM	NO	KEEP_FLAGGED	Phase-1 ingestion; no biological decision applied
MALTHXabc	atp_c + h2o_c + malthx_e --> adp_c + h_c + malthx_c + pi_c										AUDIT_NOT_RUN_PHASE1	REVIEW		LOW	NO	REVIEW	Phase-1 ingestion; no biological decision applied
MALTHXabcpp	atp_c + h2o_c + malthx_p --> adp_c + h_c + malthx_c + pi_c		EHJ93214_1	EHJ93214_1 or EHJ93164_1 or EHJ93214_1				NO	COMPLETE_REVIEW		AUDIT_NOT_RUN_PHASE1	REVIEW		MEDIUM	NO	KEEP_FLAGGED	Phase-1 ingestion; no biological decision applied
MALTHXtexi	malthx_e --> malthx_p			[UNRESOLVED:Csal_0254]				NO	NO_MAPPING		AUDIT_NOT_RUN_PHASE1	REVIEW		LOW	NO	REVIEW	Phase-1 ingestion; no biological decision applied
MALTTRabc	atp_c + h2o_c + malttr_e --> adp_c + h_c + malttr_c + pi_c				3.6.3.-						AUDIT_NOT_RUN_PHASE1	REVIEW		LOW	NO	REVIEW	Phase-1 ingestion; no biological decision applied
MALTabc	atp_c + h2o_c + malt_e --> adp_c + h_c + malt_c + pi_c				3.6.3.19						AUDIT_NOT_RUN_PHASE1	REVIEW		LOW	NO	REVIEW	Phase-1 ingestion; no biological decision applied
MALTt2	h_e + malt_e --> h_c + malt_c										AUDIT_NOT_RUN_PHASE1	REVIEW		LOW	NO	REVIEW	Phase-1 ingestion; no biological decision applied
MAL_D_Et	mal__D_e <=> mal__D_c										AUDIT_NOT_RUN_PHASE1	REVIEW		LOW	NO	REVIEW	Phase-1 ingestion; no biological decision applied
MALt2r	h_e + mal__L_e <=> h_c + mal__L_c										AUDIT_NOT_RUN_PHASE1	REVIEW		LOW	NO	REVIEW	Phase-1 ingestion; no biological decision applied
MALt3r	h_c + mal__L_e --> h_e + mal__L_c		EHJ92708_1 or EHJ93386_1								AUDIT_NOT_RUN_PHASE1	REVIEW		MEDIUM	NO	KEEP_FLAGGED	Phase-1 ingestion; no biological decision applied
MALt4	mal__L_e + na1_e --> mal__L_c + na1_c		EHJ92665_1 or EHJ93303_1								AUDIT_NOT_RUN_PHASE1	REVIEW		MEDIUM	NO	KEEP_FLAGGED	Phase-1 ingestion; no biological decision applied
MALtex	mal__L_e <=> mal__L_p			[UNRESOLVED:Csal_2569]				NO	NO_MAPPING		AUDIT_NOT_RUN_PHASE1	REVIEW		LOW	NO	REVIEW	Phase-1 ingestion; no biological decision applied
MAN1PT	gtp_c + h_c + man1p_c --> gdpmann_c + ppi_c		EHJ92747_1 or EHJ93261_1		2.7.7.13						AUDIT_NOT_RUN_PHASE1	N/A		MEDIUM	NO	KEEP_FLAGGED	Phase-1 ingestion; no biological decision applied
MAN1PT2	gdp_c + h_c + man1p_c --> gdpmann_c + pi_c		EHJ92747_1 or EHJ93261_1	EHJ92747_1 or EHJ93261_1	2.7.7.22;2.7.7.13			YES	COMPLETE_HIGH		AUDIT_NOT_RUN_PHASE1	N/A		HIGH	NO	AUTO_KEEP	Phase-1 ingestion; no biological decision applied
MAN6PI	man6p_c <=> f6p_c		EHJ93261_1 or EHJ94239_1	[UNRESOLVED:Csal_1774] or EHJ93261_1	5.3.1.8;2.7.7.13			NO	PARTIAL		AUDIT_NOT_RUN_PHASE1	N/A		MEDIUM	NO	KEEP_FLAGGED	Phase-1 ingestion; no biological decision applied
MANAO	mana_c + nad_c <=> fruur_c + h_c + nadh_c		EHJ91209_1	EHJ91209_1	1.1.1.57			YES	COMPLETE_HIGH		AUDIT_NOT_RUN_PHASE1	N/A		HIGH	NO	AUTO_KEEP	Phase-1 ingestion; no biological decision applied
MANtex	man_e <=> man_p		EHJ91165_1	[UNRESOLVED:Csal_2569]				NO	NO_MAPPING		AUDIT_NOT_RUN_PHASE1	REVIEW		MEDIUM	NO	KEEP_FLAGGED	Phase-1 ingestion; no biological decision applied
MBCOAi	fad_c + ivcoa_c <-- 3mb2coa_c + fadh2_c		EHJ91455_1		1.3.8.4;1.3.8.7;1.3.99.10						AUDIT_NOT_RUN_PHASE1	N/A		MEDIUM	NO	KEEP_FLAGGED	Phase-1 ingestion; no biological decision applied
MCCC	3mb2coa_c + atp_c + hco3_c --> 3mgcoa_c + adp_c + h_c + pi_c		EHJ91452_1 and EHJ91454_1		6.4.1.4						AUDIT_NOT_RUN_PHASE1	N/A		MEDIUM	NO	KEEP_FLAGGED	Phase-1 ingestion; no biological decision applied
MCD	h_c + malcoa_c --> accoa_c + co2_c		EHJ94810_1		4.1.1.9						AUDIT_NOT_RUN_PHASE1	N/A		MEDIUM	NO	KEEP_FLAGGED	Phase-1 ingestion; no biological decision applied
MCITD	2mcit_c --> 2mcacn_c + h2o_c		EHJ92318_1	EHJ92318_1	4.2.1.79;4.2.1.3			YES	COMPLETE_HIGH		AUDIT_NOT_RUN_PHASE1	N/A		HIGH	NO	AUTO_KEEP	Phase-1 ingestion; no biological decision applied
MCITL2	micit_c <=> pyr_c + succ_c		EHJ92322_1	EHJ92322_1	4.1.3.30			YES	COMPLETE_HIGH		AUDIT_NOT_RUN_PHASE1	N/A		HIGH	NO	AUTO_KEEP	Phase-1 ingestion; no biological decision applied
MCITS	h2o_c + oaa_c + ppcoa_c --> 2mcit_c + coa_c + h_c		EHJ92321_1	EHJ92321_1	2.3.3.5			YES	COMPLETE_HIGH		AUDIT_NOT_RUN_PHASE1	N/A		HIGH	NO	AUTO_KEEP	Phase-1 ingestion; no biological decision applied
MCOATA	ACP_c + malcoa_c <=> coa_c + malACP_c		EHJ91388_1 and EHJ91390_1	EHJ91388_1	2.3.1.-;2.3.1.0;2.3.1.39;2.3.1.85;2.3.1.86			YES	COMPLETE_HIGH		AUDIT_NOT_RUN_PHASE1	N/A		HIGH	NO	AUTO_KEEP	Phase-1 ingestion; no biological decision applied
MCSNAH	5mcsn_c + h2o_c + h_c --> nh4_c + thym_c		EHJ92937_1 or EHJ94759_1		3.5.4.1						AUDIT_NOT_RUN_PHASE1	N/A		MEDIUM	NO	KEEP_FLAGGED	Phase-1 ingestion; no biological decision applied
MCSNtex	5mcsn_e <=> 5mcsn_p										AUDIT_NOT_RUN_PHASE1	REVIEW		LOW	NO	REVIEW	Phase-1 ingestion; no biological decision applied
MCSNtpp	5mcsn_p + h_p --> 5mcsn_c + h_c										AUDIT_NOT_RUN_PHASE1	REVIEW		LOW	NO	REVIEW	Phase-1 ingestion; no biological decision applied
MCTP1App	murein5p5p_p --> ala__D_p + murein5px4p_p		EHJ91349_1 or EHJ92021_1 or EHJ93586_1	EHJ92021_1 or EHJ93586_1	2.4.99.28;3.4.16.4			YES	COMPLETE_HIGH		AUDIT_NOT_RUN_PHASE1	N/A		HIGH	NO	AUTO_KEEP	Phase-1 ingestion; no biological decision applied
MCTP1Bpp	murein5p5p_p --> alaala_p + murein5px3p_p		EHJ93223_1 or EHJ93340_1 or EHJ93586_1	EHJ93586_1	2.4.99.28;3.4.16.4			YES	COMPLETE_HIGH		AUDIT_NOT_RUN_PHASE1	N/A		HIGH	NO	AUTO_KEEP	Phase-1 ingestion; no biological decision applied
MCTP2App	murein5p5p5p_p --> 2.0 ala__D_p + murein5px4px4p_p		EHJ91349_1 or EHJ92021_1 or EHJ93586_1	EHJ92021_1 or EHJ93586_1	2.4.99.28;3.4.16.4			YES	COMPLETE_HIGH		AUDIT_NOT_RUN_PHASE1	N/A		HIGH	NO	AUTO_KEEP	Phase-1 ingestion; no biological decision applied
MDDCP1pp	h2o_p + murein5px4p_p --> ala__D_p + murein4px4p_p		EHJ92017_1 or EHJ92973_1 or EHJ94033_1 or EHJ94045_1	EHJ92017_1	3.4.16.4;3.5.2.6			YES	COMPLETE_HIGH		AUDIT_NOT_RUN_PHASE1	N/A		HIGH	NO	AUTO_KEEP	Phase-1 ingestion; no biological decision applied
MDDCP2pp	h2o_p + murein5px4px4p_p --> ala__D_p + murein4px4px4p_p		EHJ92017_1 or EHJ92973_1 or EHJ94033_1 or EHJ94045_1	EHJ92017_1	3.4.16.4;3.5.2.6			YES	COMPLETE_HIGH		AUDIT_NOT_RUN_PHASE1	N/A		HIGH	NO	AUTO_KEEP	Phase-1 ingestion; no biological decision applied
MDDCP3pp	h2o_p + murein5p5p_p --> ala__D_p + murein5p4p_p		EHJ92017_1 or EHJ92973_1 or EHJ94033_1 or EHJ94045_1	EHJ92017_1	3.4.16.4;3.5.2.6			YES	COMPLETE_HIGH		AUDIT_NOT_RUN_PHASE1	N/A		HIGH	NO	AUTO_KEEP	Phase-1 ingestion; no biological decision applied
MDDCP4pp	h2o_p + murein5p4p_p --> ala__D_p + murein4p4p_p		EHJ92017_1 or EHJ92973_1 or EHJ94033_1 or EHJ94045_1	EHJ92017_1	3.4.16.4;3.5.2.6			YES	COMPLETE_HIGH		AUDIT_NOT_RUN_PHASE1	N/A		HIGH	NO	AUTO_KEEP	Phase-1 ingestion; no biological decision applied
MDDCP5pp	h2o_p + murein5p3p_p --> ala__D_p + murein4p3p_p		EHJ92017_1 or EHJ92973_1 or EHJ94033_1 or EHJ94045_1	EHJ92017_1	3.4.16.4;3.5.2.6			YES	COMPLETE_HIGH		AUDIT_NOT_RUN_PHASE1	N/A		HIGH	NO	AUTO_KEEP	Phase-1 ingestion; no biological decision applied
MDDEP1pp	h2o_p + murein4px4p_p --> murein4p4p_p		EHJ92973_1 or EHJ93156_1 or EHJ93339_1 or EHJ94033_1	EHJ92017_1 or EHJ92973_1	3.5.2.6			YES	COMPLETE_HIGH		AUDIT_NOT_RUN_PHASE1	N/A		HIGH	NO	AUTO_KEEP	Phase-1 ingestion; no biological decision applied
MDDEP2pp	h2o_p + murein3px4p_p --> murein4p3p_p		EHJ92973_1 or EHJ93156_1 or EHJ93339_1 or EHJ94033_1	EHJ92017_1 or EHJ92973_1	3.5.2.6			YES	COMPLETE_HIGH		AUDIT_NOT_RUN_PHASE1	N/A		HIGH	NO	AUTO_KEEP	Phase-1 ingestion; no biological decision applied
MDDEP3pp	h2o_p + murein5px4p_p --> murein5p4p_p		EHJ92973_1 or EHJ93156_1 or EHJ93339_1 or EHJ94033_1	EHJ92017_1 or EHJ92973_1	3.5.2.6			YES	COMPLETE_HIGH		AUDIT_NOT_RUN_PHASE1	N/A		HIGH	NO	AUTO_KEEP	Phase-1 ingestion; no biological decision applied
MDDEP4pp	h2o_p + murein4px4px4p_p --> murein4px4p4p_p		EHJ92973_1 or EHJ93156_1 or EHJ93339_1 or EHJ94033_1	EHJ92017_1 or EHJ92973_1	3.5.2.6			YES	COMPLETE_HIGH		AUDIT_NOT_RUN_PHASE1	N/A		HIGH	NO	AUTO_KEEP	Phase-1 ingestion; no biological decision applied
MDH	mal__L_c + nad_c <=> h_c + nadh_c + oaa_c		EHJ91153_1	[UNRESOLVED:FF32_18625]	1.1.1.299;1.1.1.37			NO	NO_MAPPING		AUDIT_NOT_RUN_PHASE1	N/A		MEDIUM	NO	KEEP_FLAGGED	Phase-1 ingestion; no biological decision applied
MDRPD	5mdru1p_c --> dkmpp_c + h2o_c		EHJ94829_1 or EHJ94830_1		4.2.1.109;3.1.3.77						AUDIT_NOT_RUN_PHASE1	N/A		MEDIUM	NO	KEEP_FLAGGED	Phase-1 ingestion; no biological decision applied
ME1	mal__L_c + nad_c --> co2_c + nadh_c + pyr_c		EHJ93048_1	[UNRESOLVED:Csal_2963]	1.1.1.38;1.1.1.39;4.1.1.101			NO	CONFLICT		AUDIT_NOT_RUN_PHASE1	N/A		MEDIUM	NO	KEEP_FLAGGED	Phase-1 ingestion; no biological decision applied
ME2	mal__L_c + nadp_c --> co2_c + nadph_c + pyr_c		EHJ92939_1 or EHJ93048_1	EHJ92939_1	1.1.1.40;4.1.1.101			YES	COMPLETE_HIGH		AUDIT_NOT_RUN_PHASE1	N/A		HIGH	NO	AUTO_KEEP	Phase-1 ingestion; no biological decision applied
MECDPS	2p4c2me_c --> 2mecdp_c + cmp_c		EHJ92759_1	EHJ92759_1	4.6.1.12			YES	COMPLETE_HIGH		AUDIT_NOT_RUN_PHASE1	N/A		HIGH	NO	AUTO_KEEP	Phase-1 ingestion; no biological decision applied
MELIB_Et	melib_e <=> melib_c										AUDIT_NOT_RUN_PHASE1	REVIEW		LOW	NO	REVIEW	Phase-1 ingestion; no biological decision applied
MELIBtex	melib_e <=> melib_p										AUDIT_NOT_RUN_PHASE1	REVIEW		LOW	NO	REVIEW	Phase-1 ingestion; no biological decision applied
MEOHtex	meoh_e <=> meoh_p		EHJ91165_1 or EHJ91859_1 or EHJ94255_1 or spontaneous								AUDIT_NOT_RUN_PHASE1	REVIEW		MEDIUM	NO	KEEP_FLAGGED	Phase-1 ingestion; no biological decision applied
MEOHtrpp	meoh_p <=> meoh_c		spontaneous								AUDIT_NOT_RUN_PHASE1	REVIEW		MEDIUM	NO	KEEP_FLAGGED	Phase-1 ingestion; no biological decision applied
MEPCT	2me4p_c + ctp_c + h_c --> 4c2me_c + ppi_c		EHJ92760_1	EHJ92760_1	2.7.7.60			YES	COMPLETE_HIGH		AUDIT_NOT_RUN_PHASE1	N/A		HIGH	NO	AUTO_KEEP	Phase-1 ingestion; no biological decision applied
MEPCT_1	2me4p_c + ctp_c + h_c --> 4c2me_c + ppi_c		EHJ92760_1		2.7.7.60						AUDIT_NOT_RUN_PHASE1	N/A		MEDIUM	NO	KEEP_FLAGGED	Phase-1 ingestion; no biological decision applied
METAT	atp_c + h2o_c + met__L_c --> amet_c + pi_c + ppi_c		EHJ94195_1	EHJ94195_1	2.5.1.6			NO	COMPLETE_REVIEW		AUDIT_NOT_RUN_PHASE1	N/A		MEDIUM	NO	KEEP_FLAGGED	Phase-1 ingestion; no biological decision applied
METDabc	atp_c + h2o_c + met__D_e --> adp_c + h_c + met__D_c + pi_c		EHJ91929_1 or EHJ93106_1 or EHJ93808_1 or EHJ94694_1 or (EHJ94930_1 and EHJ94931_1)								AUDIT_NOT_RUN_PHASE1	REVIEW		MEDIUM	NO	KEEP_FLAGGED	Phase-1 ingestion; no biological decision applied
METDabcpp	atp_c + h2o_c + met__D_p --> adp_c + h_c + met__D_c + pi_c		EHJ91928_1 or (EHJ91928_1 and EHJ91930_1) or (EHJ91929_1 and EHJ93808_1)								AUDIT_NOT_RUN_PHASE1	REVIEW		MEDIUM	NO	KEEP_FLAGGED	Phase-1 ingestion; no biological decision applied
METDtex	met__D_e <=> met__D_p										AUDIT_NOT_RUN_PHASE1	REVIEW		LOW	NO	REVIEW	Phase-1 ingestion; no biological decision applied
METOX1s	h2o2_c + met__L_c --> h2o_c + metsox_S__L_c		spontaneous								AUDIT_NOT_RUN_PHASE1	N/A		SPECIAL	NO	SPECIAL_RULE	Phase-1 ingestion; no biological decision applied
METOX2s	h2o2_c + met__L_c --> h2o_c + metsox_R__L_c		spontaneous								AUDIT_NOT_RUN_PHASE1	N/A		SPECIAL	NO	SPECIAL_RULE	Phase-1 ingestion; no biological decision applied
METRR	met__L_c <=> met__D_c										AUDIT_NOT_RUN_PHASE1	N/A		LOW	NO	REVIEW	Phase-1 ingestion; no biological decision applied
METS	5mthf_c + hcys__L_c --> h_c + met__L_c + thf_c		EHJ91766_1 or EHJ92957_1	EHJ91766_1 or EHJ92957_1	2.1.1.13;2.1.1.14			YES	COMPLETE_HIGH		AUDIT_NOT_RUN_PHASE1	N/A		HIGH	NO	AUTO_KEEP	Phase-1 ingestion; no biological decision applied
METSOXR1	metsox_S__L_c + trdrd_c --> h2o_c + met__L_c + trdox_c		EHJ92327_1 or EHJ92659_1 or EHJ93111_1 or EHJ94096_1 or (EHJ91114_1 and EHJ91748_1) or (EHJ91114_1 and EHJ91931_1) or (EHJ91748_1 and EHJ92327_1) or (EHJ91748_1 and EHJ93847_1) or (EHJ91748_1 and EHJ94096_1) or (EHJ91931_1 and EHJ92327_1) or (EHJ91931_1 and EHJ93847_1)	EHJ91748_1 or EHJ92327_1	1.8.4.13;1.8.4.14;1.8.4.11;1.8.4.12			YES	COMPLETE_HIGH		AUDIT_NOT_RUN_PHASE1	N/A		HIGH	NO	AUTO_KEEP	Phase-1 ingestion; no biological decision applied
METSOXR2	metsox_R__L_c + trdrd_c --> h2o_c + met__L_c + trdox_c		EHJ92327_1 or EHJ93111_1 or EHJ94096_1 or (EHJ91114_1 and EHJ91748_1) or (EHJ91114_1 and EHJ91931_1) or (EHJ91114_1 and EHJ93111_1) or (EHJ91748_1 and EHJ92327_1) or (EHJ91748_1 and EHJ93847_1) or (EHJ91931_1 and EHJ92327_1) or (EHJ91931_1 and EHJ93847_1) or (EHJ92327_1 and EHJ93111_1) or (EHJ93111_1 and EHJ94096_1)	EHJ92327_1	1.8.4.14;1.8.4.11;1.8.4.12			YES	COMPLETE_HIGH		AUDIT_NOT_RUN_PHASE1	N/A		HIGH	NO	AUTO_KEEP	Phase-1 ingestion; no biological decision applied
METSR_S1	metox_c + trdrd_c --> h2o_c + met__L_c + trdox_c		EHJ92659_1		1.8.4.13;1.8.4.14;1.8.4.11						AUDIT_NOT_RUN_PHASE1	N/A		MEDIUM	NO	KEEP_FLAGGED	Phase-1 ingestion; no biological decision applied
METSR_S2	h2o2_c + met__L_c --> h2o_c + metox_c		EHJ92659_1		1.8.4.11						AUDIT_NOT_RUN_PHASE1	N/A		MEDIUM	NO	KEEP_FLAGGED	Phase-1 ingestion; no biological decision applied
METSabc	atp_c + h2o_c + metox_e --> adp_c + h_c + metox_c + pi_c		EHJ93808_1 or (EHJ94930_1 and EHJ94931_1)								AUDIT_NOT_RUN_PHASE1	REVIEW		MEDIUM	NO	KEEP_FLAGGED	Phase-1 ingestion; no biological decision applied
METabc	atp_c + h2o_c + met__L_e --> adp_c + h_c + met__L_c + pi_c		EHJ91186_1 or EHJ91929_1 or EHJ93808_1 or EHJ94273_1 or EHJ94931_1 or (EHJ94930_1 and EHJ94931_1)								AUDIT_NOT_RUN_PHASE1	REVIEW		MEDIUM	NO	KEEP_FLAGGED	Phase-1 ingestion; no biological decision applied
METabcpp	atp_c + h2o_c + met__L_p --> adp_c + h_c + met__L_c + pi_c		EHJ91928_1 or (EHJ91928_1 and EHJ91930_1) or (EHJ91929_1 and EHJ93808_1) or (EHJ94442_1 and EHJ94443_1 and EHJ94444_1 and EHJ94445_1)	EHJ91928_1 and EHJ91929_1 and EHJ91930_1				YES	COMPLETE_HIGH		AUDIT_NOT_RUN_PHASE1	REVIEW		HIGH	NO	AUTO_KEEP	Phase-1 ingestion; no biological decision applied
METtex	met__L_e <=> met__L_p			[UNRESOLVED:Csal_2569]				NO	NO_MAPPING		AUDIT_NOT_RUN_PHASE1	REVIEW		LOW	NO	REVIEW	Phase-1 ingestion; no biological decision applied
MFUMt8	fum_e + na1_e --> fum_c + na1_c		EHJ92665_1								AUDIT_NOT_RUN_PHASE1	REVIEW		MEDIUM	NO	KEEP_FLAGGED	Phase-1 ingestion; no biological decision applied
MG2tex	mg2_e <=> mg2_p			[UNRESOLVED:Csal_2569]				NO	NO_MAPPING		AUDIT_NOT_RUN_PHASE1	REVIEW		LOW	NO	REVIEW	Phase-1 ingestion; no biological decision applied
MG2tpp	mg2_p --> mg2_c		EHJ94646_1								AUDIT_NOT_RUN_PHASE1	REVIEW		MEDIUM	NO	KEEP_FLAGGED	Phase-1 ingestion; no biological decision applied
MG2uabcpp	atp_c + h2o_c + mg2_p --> adp_c + h_c + mg2_c + pi_c		EHJ94288_1	EHJ91790_1 and EHJ94029_1	3.6.3.2			NO	COMPLETE_REVIEW		AUDIT_NOT_RUN_PHASE1	REVIEW		MEDIUM	NO	KEEP_FLAGGED	Phase-1 ingestion; no biological decision applied
MGCH	3mgcoa_c + h2o_c <=> hmgcoa_c		EHJ91453_1		4.2.1.18;4.2.1.17						AUDIT_NOT_RUN_PHASE1	N/A		MEDIUM	NO	KEEP_FLAGGED	Phase-1 ingestion; no biological decision applied
MGSA	dhap_c --> mthgxl_c + pi_c		EHJ92147_1 or spontaneous	EHJ92147_1	4.2.3.3			YES	COMPLETE_HIGH		AUDIT_NOT_RUN_PHASE1	N/A		HIGH	NO	AUTO_KEEP	Phase-1 ingestion; no biological decision applied
MGt5	mg2_c <=> mg2_e		EHJ92573_1 or EHJ94288_1 or EHJ94295_1								AUDIT_NOT_RUN_PHASE1	REVIEW		MEDIUM	NO	KEEP_FLAGGED	Phase-1 ingestion; no biological decision applied
MI1PP	h2o_c + mi1p__D_c --> inost_c + pi_c		EHJ93440_1 or EHJ93651_1	EHJ91647_1	3.1.3.25			YES	COMPLETE_HIGH		AUDIT_NOT_RUN_PHASE1	N/A		HIGH	NO	AUTO_KEEP	Phase-1 ingestion; no biological decision applied
MI1PS	g6p_c --> mi1p__D_c				5.5.1.4						AUDIT_NOT_RUN_PHASE1	N/A		LOW	NO	REVIEW	Phase-1 ingestion; no biological decision applied
MICITDr	2mcacn_c + h2o_c <=> micit_c		EHJ91904_1 or EHJ92320_1	EHJ91904_1	4.2.1.99;4.2.1.3			YES	COMPLETE_HIGH		AUDIT_NOT_RUN_PHASE1	N/A		HIGH	NO	AUTO_KEEP	Phase-1 ingestion; no biological decision applied
MLDCP1App	h2o_p + murein5px4p_p --> alaala_p + murein3px4p_p				3.4.17.13						AUDIT_NOT_RUN_PHASE1	N/A		LOW	NO	REVIEW	Phase-1 ingestion; no biological decision applied
MLDCP1Bpp	h2o_p + murein4p4p_p --> ala__D_p + murein4p3p_p				3.4.17.13						AUDIT_NOT_RUN_PHASE1	N/A		LOW	NO	REVIEW	Phase-1 ingestion; no biological decision applied
MLDCP2App	h2o_p + murein5p5p_p --> alaala_p + murein5p3p_p				3.4.17.13						AUDIT_NOT_RUN_PHASE1	N/A		LOW	NO	REVIEW	Phase-1 ingestion; no biological decision applied
MLDCP2Bpp	h2o_p + murein4p3p_p --> ala__D_p + murein3p3p_p				3.4.17.13						AUDIT_NOT_RUN_PHASE1	N/A		LOW	NO	REVIEW	Phase-1 ingestion; no biological decision applied
MLDCP3App	h2o_p + murein5px3p_p --> alaala_p + murein3px3p_p				3.4.17.13						AUDIT_NOT_RUN_PHASE1	N/A		LOW	NO	REVIEW	Phase-1 ingestion; no biological decision applied
MLDEP1pp	h2o_p + murein3px3p_p --> murein3p3p_p										AUDIT_NOT_RUN_PHASE1	N/A		LOW	NO	REVIEW	Phase-1 ingestion; no biological decision applied
MLDEP2pp	h2o_p + murein5px3p_p --> murein5p3p_p										AUDIT_NOT_RUN_PHASE1	N/A		LOW	NO	REVIEW	Phase-1 ingestion; no biological decision applied
MLTG1	h2o_c + malttr_c --> glc__D_c + malt_c			EHJ92142_1	3.2.1.20			YES	COMPLETE_HIGH		AUDIT_NOT_RUN_PHASE1	N/A		LOW	NO	REVIEW	Phase-1 ingestion; no biological decision applied
MLTG2	h2o_c + maltttr_c --> glc__D_c + malttr_c			EHJ92142_1				YES	COMPLETE_HIGH		AUDIT_NOT_RUN_PHASE1	N/A		LOW	NO	REVIEW	Phase-1 ingestion; no biological decision applied
MLTG3	h2o_c + maltpt_c --> glc__D_c + maltttr_c			EHJ92142_1	3.2.1.20;3.2.1.74			YES	COMPLETE_HIGH		AUDIT_NOT_RUN_PHASE1	N/A		LOW	NO	REVIEW	Phase-1 ingestion; no biological decision applied
MLTG4	h2o_c + malthx_c --> glc__D_c + maltpt_c			EHJ92142_1	3.2.1.20			YES	COMPLETE_HIGH		AUDIT_NOT_RUN_PHASE1	N/A		LOW	NO	REVIEW	Phase-1 ingestion; no biological decision applied
MLTG5	h2o_c + malthp_c --> glc__D_c + malthx_c			EHJ92142_1	3.2.1.20			YES	COMPLETE_HIGH		AUDIT_NOT_RUN_PHASE1	N/A		LOW	NO	REVIEW	Phase-1 ingestion; no biological decision applied
MLTG6	dextrin_c + 2.0 h2o_c --> 2.0 glc__D_c										AUDIT_NOT_RUN_PHASE1	N/A		LOW	NO	REVIEW	Phase-1 ingestion; no biological decision applied
MLTGY1pp	murein4p4p_p --> 2.0 anhgm4p_p		EHJ91291_1 or EHJ91393_1 or EHJ91526_1 or EHJ91816_1 or EHJ92019_1 or EHJ92936_1	EHJ92936_1 or EHJ91291_1 or EHJ92019_1	4.2.2.29;4.2.2.n1			YES	COMPLETE_HIGH		AUDIT_NOT_RUN_PHASE1	N/A		HIGH	NO	AUTO_KEEP	Phase-1 ingestion; no biological decision applied
MLTGY2pp	murein4p3p_p --> anhgm3p_p + anhgm4p_p		EHJ91291_1 or EHJ91393_1 or EHJ91526_1 or EHJ91816_1 or EHJ92019_1 or EHJ92936_1	EHJ92936_1 or EHJ91291_1 or EHJ92019_1	4.2.2.29;4.2.2.n1			YES	COMPLETE_HIGH		AUDIT_NOT_RUN_PHASE1	N/A		HIGH	NO	AUTO_KEEP	Phase-1 ingestion; no biological decision applied
MLTGY3pp	murein3p3p_p --> 2.0 anhgm3p_p		EHJ91291_1 or EHJ91393_1 or EHJ91526_1 or EHJ91816_1 or EHJ92019_1 or EHJ92936_1	EHJ92936_1 or EHJ91291_1 or EHJ92019_1	4.2.2.29;4.2.2.n1			YES	COMPLETE_HIGH		AUDIT_NOT_RUN_PHASE1	N/A		HIGH	NO	AUTO_KEEP	Phase-1 ingestion; no biological decision applied
MLTGY4pp	murein4px4p4p_p --> anhgm4p_p + murein4px4p_p		EHJ91291_1 or EHJ91393_1 or EHJ91526_1 or EHJ91816_1 or EHJ92019_1 or EHJ92936_1	EHJ92936_1 or EHJ91291_1 or EHJ92019_1	4.2.2.29;4.2.2.n1			YES	COMPLETE_HIGH		AUDIT_NOT_RUN_PHASE1	N/A		HIGH	NO	AUTO_KEEP	Phase-1 ingestion; no biological decision applied
MMETt2pp	h_p + mmet_p --> h_c + mmet_c										AUDIT_NOT_RUN_PHASE1	REVIEW		LOW	NO	REVIEW	Phase-1 ingestion; no biological decision applied
MMETtex	mmet_e <=> mmet_p										AUDIT_NOT_RUN_PHASE1	REVIEW		LOW	NO	REVIEW	Phase-1 ingestion; no biological decision applied
MMSAD1	2mop_c + coa_c + nad_c --> co2_c + nadh_c + ppcoa_c		EHJ94644_1	[UNRESOLVED:FF32_00835] and [UNRESOLVED:FF32_01095] and [UNRESOLVED:FF32_03680] and [UNRESOLVED:FF32_03935]	1.2.1.27			NO	NO_MAPPING		AUDIT_NOT_RUN_PHASE1	N/A		MEDIUM	NO	KEEP_FLAGGED	Phase-1 ingestion; no biological decision applied
MMSAD3	coa_c + msa_c + nad_c --> accoa_c + co2_c + nadh_c		EHJ92578_1 or EHJ94644_1 or EHJ94733_1		1.2.1.-;1.2.1.18;1.2.1.27						AUDIT_NOT_RUN_PHASE1	N/A		MEDIUM	NO	KEEP_FLAGGED	Phase-1 ingestion; no biological decision applied
MMTSAO	coa_c + mmtsa_c + nad_c --> co2_c + nadh_c + ppcoa_c		EHJ92578_1 or EHJ94644_1		1.2.1.27						AUDIT_NOT_RUN_PHASE1	N/A		MEDIUM	NO	KEEP_FLAGGED	Phase-1 ingestion; no biological decision applied
MN2t3pp	h_p + mn2_c --> h_c + mn2_p			[UNRESOLVED:Csal_0395]				NO	NO_MAPPING		AUDIT_NOT_RUN_PHASE1	REVIEW		LOW	NO	REVIEW	Phase-1 ingestion; no biological decision applied
MN2tipp	mn2_c --> mn2_p		EHJ93280_1								AUDIT_NOT_RUN_PHASE1	REVIEW		MEDIUM	NO	KEEP_FLAGGED	Phase-1 ingestion; no biological decision applied
MN2tpp	mn2_p --> mn2_c			EHJ92790_1				NO	COMPLETE_REVIEW		AUDIT_NOT_RUN_PHASE1	REVIEW		LOW	NO	REVIEW	Phase-1 ingestion; no biological decision applied
MNL1P_Et	mnl1p_e <=> mnl1p_c										AUDIT_NOT_RUN_PHASE1	REVIEW		LOW	NO	REVIEW	Phase-1 ingestion; no biological decision applied
MNLtex	mnl_e <=> mnl_p										AUDIT_NOT_RUN_PHASE1	REVIEW		LOW	NO	REVIEW	Phase-1 ingestion; no biological decision applied
MNNH	mana_c --> 2ddglcn_c + h2o_c		EHJ91210_1	EHJ91210_1	4.2.1.8			NO	COMPLETE_REVIEW		AUDIT_NOT_RUN_PHASE1	N/A		MEDIUM	NO	KEEP_FLAGGED	Phase-1 ingestion; no biological decision applied
MNabc	atp_c + h2o_c + mn2_e --> adp_c + h_c + mn2_c + pi_c		EHJ91577_1 or EHJ94029_1 or EHJ94030_1 or EHJ94115_1		3.6.3.35						AUDIT_NOT_RUN_PHASE1	REVIEW		MEDIUM	NO	KEEP_FLAGGED	Phase-1 ingestion; no biological decision applied
MNabc_1	atp_c + h2o_c + mn2_p --> adp_c + h_c + mn2_c + pi_c				3.6.3.35						AUDIT_NOT_RUN_PHASE1	REVIEW		LOW	NO	REVIEW	Phase-1 ingestion; no biological decision applied
MNt2pp	h_p + mn2_p --> h_c + mn2_c										AUDIT_NOT_RUN_PHASE1	REVIEW		LOW	NO	REVIEW	Phase-1 ingestion; no biological decision applied
MNtex	mn2_e <=> mn2_p			[UNRESOLVED:Csal_2569]				NO	NO_MAPPING		AUDIT_NOT_RUN_PHASE1	REVIEW		LOW	NO	REVIEW	Phase-1 ingestion; no biological decision applied
MOBDabc	atp_c + h2o_c + mobd_e --> adp_c + h_c + mobd_c + pi_c				3.6.3.29						AUDIT_NOT_RUN_PHASE1	REVIEW		LOW	NO	REVIEW	Phase-1 ingestion; no biological decision applied
MOBDabcpp	atp_c + h2o_c + mobd_p --> adp_c + h_c + mobd_c + pi_c		EHJ92860_1 or (EHJ92343_1 and EHJ92345_1) or (EHJ92861_1 and EHJ92862_1) or (EHJ92343_1 and EHJ92344_1 and EHJ92345_1) or (EHJ92342_1 and EHJ92343_1 and EHJ92344_1 and EHJ92345_1)	[UNRESOLVED:Csal_2677] and [UNRESOLVED:Csal_2676] and [UNRESOLVED:Csal_2675]	3.6.3.29			NO	NO_MAPPING		AUDIT_NOT_RUN_PHASE1	REVIEW		MEDIUM	NO	KEEP_FLAGGED	Phase-1 ingestion; no biological decision applied
MOBDtex	mobd_e <=> mobd_p			[UNRESOLVED:Csal_2569]				NO	NO_MAPPING		AUDIT_NOT_RUN_PHASE1	REVIEW		LOW	NO	REVIEW	Phase-1 ingestion; no biological decision applied
MOHMT	3mob_c + h2o_c + mlthf_c --> 2dhp_c + thf_c		EHJ93881_1	EHJ93881_1	2.1.2.11			YES	COMPLETE_HIGH		AUDIT_NOT_RUN_PHASE1	N/A		HIGH	NO	AUTO_KEEP	Phase-1 ingestion; no biological decision applied
MPTG	2.0 uaagmda_c --> 2.0 h_c + murein5p5p_p + 2.0 udcpdp_c		EHJ94935_1 or (EHJ91354_1 and EHJ94935_1) or (EHJ91354_1 and EHJ92724_1 and EHJ94935_1) or (EHJ91354_1 and EHJ93586_1 and EHJ94935_1)	EHJ93586_1 or EHJ94935_1				YES	COMPLETE_HIGH		AUDIT_NOT_RUN_PHASE1	REVIEW		HIGH	NO	AUTO_KEEP	Phase-1 ingestion; no biological decision applied
MPTG2	murein5p5p_p + uaagmda_c --> h_c + murein5p5p5p_p + udcpdp_c		EHJ94935_1 or (EHJ91354_1 and EHJ94935_1) or (EHJ91354_1 and EHJ92724_1 and EHJ94935_1) or (EHJ91354_1 and EHJ93586_1 and EHJ94935_1)	EHJ93586_1 or EHJ94935_1				YES	COMPLETE_HIGH		AUDIT_NOT_RUN_PHASE1	REVIEW		HIGH	NO	AUTO_KEEP	Phase-1 ingestion; no biological decision applied
MSO3abcpp	atp_c + h2o_c + mso3_p --> adp_c + h_c + mso3_c + pi_c		EHJ92495_1 or EHJ94469_1 or (EHJ92218_1 and EHJ94470_1) or (EHJ92495_1 and EHJ94470_1)								AUDIT_NOT_RUN_PHASE1	REVIEW		MEDIUM	NO	KEEP_FLAGGED	Phase-1 ingestion; no biological decision applied
MSO3tex	mso3_e <=> mso3_p										AUDIT_NOT_RUN_PHASE1	REVIEW		LOW	NO	REVIEW	Phase-1 ingestion; no biological decision applied
MS_1	hcys__L_c + mhpglu_c <=> hpglu_c + met__L_c		EHJ93086_1		2.1.2.1						AUDIT_NOT_RUN_PHASE1	N/A		MEDIUM	NO	KEEP_FLAGGED	Phase-1 ingestion; no biological decision applied
MTAM_1	5fthf_c + h_c --> h2o_c + methf_c										AUDIT_NOT_RUN_PHASE1	N/A		LOW	NO	REVIEW	Phase-1 ingestion; no biological decision applied
MTAN	5mta_c + h2o_c --> 5mtr_c + ade_c		EHJ91707_1	EHJ91707_1	3.2.2.16;3.2.2.9			YES	COMPLETE_HIGH		AUDIT_NOT_RUN_PHASE1	N/A		HIGH	NO	AUTO_KEEP	Phase-1 ingestion; no biological decision applied
MTHFC	h2o_c + methf_c <=> 10fthf_c + h_c		EHJ91708_1	EHJ91708_1	1.5.1.15;3.5.4.9;1.5.1.5			YES	COMPLETE_HIGH		AUDIT_NOT_RUN_PHASE1	N/A		HIGH	NO	AUTO_KEEP	Phase-1 ingestion; no biological decision applied
MTHFD	mlthf_c + nadp_c <=> methf_c + nadph_c		EHJ91708_1	[UNRESOLVED:Csal_2049]	1.5.1.5;3.5.4.9			NO	CONFLICT		AUDIT_NOT_RUN_PHASE1	N/A		MEDIUM	NO	KEEP_FLAGGED	Phase-1 ingestion; no biological decision applied
MTHFR2	2.0 h_c + mlthf_c + nadh_c --> 5mthf_c + nad_c		EHJ94192_1	[UNRESOLVED:Csal_0396]	1.5.1.20;1.5.1.54			NO	CONFLICT		AUDIT_NOT_RUN_PHASE1	N/A		MEDIUM	NO	KEEP_FLAGGED	Phase-1 ingestion; no biological decision applied
MTHFR3	2.0 h_c + mlthf_c + nadph_c --> 5mthf_c + nadp_c		EHJ94192_1		1.5.1.20;1.5.1.54						AUDIT_NOT_RUN_PHASE1	N/A		MEDIUM	NO	KEEP_FLAGGED	Phase-1 ingestion; no biological decision applied
MTHTHFSs	h2o_c + mdhdhf_c --> mththf_c		spontaneous	[UNRESOLVED:spontaneos]				NO	NO_MAPPING		AUDIT_NOT_RUN_PHASE1	N/A		SPECIAL	NO	SPECIAL_RULE	Phase-1 ingestion; no biological decision applied
MTI	tre_c <=> malt_c				5.4.99.16						AUDIT_NOT_RUN_PHASE1	N/A		LOW	NO	REVIEW	Phase-1 ingestion; no biological decision applied
MTRI	5mdr1p_c <=> 5mdru1p_c		EHJ94827_1 or EHJ94831_1	[UNRESOLVED:FF32_03395]	5.3.1.23;2.7.1.100			NO	NO_MAPPING		AUDIT_NOT_RUN_PHASE1	N/A		MEDIUM	NO	KEEP_FLAGGED	Phase-1 ingestion; no biological decision applied
MTRK	5mtr_c + atp_c --> 5mdr1p_c + adp_c + h_c		EHJ94827_1		2.7.1.100						AUDIT_NOT_RUN_PHASE1	N/A		MEDIUM	NO	KEEP_FLAGGED	Phase-1 ingestion; no biological decision applied
M_XYLtpp	m_xyl_p <=> m_xyl_c										AUDIT_NOT_RUN_PHASE1	REVIEW		LOW	NO	REVIEW	Phase-1 ingestion; no biological decision applied
N2Otex	n2o_e <=> n2o_p										AUDIT_NOT_RUN_PHASE1	REVIEW		LOW	NO	REVIEW	Phase-1 ingestion; no biological decision applied
NACODA	acg5sa_c + h2o_c --> ac_c + glu5sa_c		EHJ93975_1	[UNRESOLVED:HB_MODEL_ID:EHJ94542_1] or EHJ93975_1				NO	COMPLETE_REVIEW		AUDIT_NOT_RUN_PHASE1	N/A		MEDIUM	NO	KEEP_FLAGGED	Phase-1 ingestion; no biological decision applied
NACtex	nac_e <=> nac_p										AUDIT_NOT_RUN_PHASE1	REVIEW		LOW	NO	REVIEW	Phase-1 ingestion; no biological decision applied
NACtpp	nac_p --> nac_c										AUDIT_NOT_RUN_PHASE1	REVIEW		LOW	NO	REVIEW	Phase-1 ingestion; no biological decision applied
NADDP	h2o_c + nad_c --> amp_c + 2.0 h_c + nmn_c		EHJ91811_1 or EHJ92434_1 or EHJ93220_1 or EHJ93547_1	EHJ91811_1	3.6.1.22;3.6.1.9;6.5.1.2			YES	COMPLETE_HIGH		AUDIT_NOT_RUN_PHASE1	N/A		HIGH	NO	AUTO_KEEP	Phase-1 ingestion; no biological decision applied
NADDPp_1	h2o_c + nad_c --> amp_c + 2.0 h_c + nmn_c		EHJ94194_1		6.5.1.2						AUDIT_NOT_RUN_PHASE1	N/A		MEDIUM	NO	KEEP_FLAGGED	Phase-1 ingestion; no biological decision applied
NADH10	h_c + mqn8_c + nadh_c --> mql8_c + nad_c		EHJ91772_1 or EHJ92240_1 or EHJ92340_1 or EHJ92457_1 or EHJ92650_1	EHJ92340_1	1.6.5.2			NO	COMPLETE_REVIEW		AUDIT_NOT_RUN_PHASE1	N/A		MEDIUM	NO	KEEP_FLAGGED	Phase-1 ingestion; no biological decision applied
NADH5	h_c + nadh_c + q8_c --> nad_c + q8h2_c		EHJ92240_1 or EHJ92340_1 or EHJ92457_1 or EHJ92612_1 or EHJ94592_1	EHJ92340_1	1.6.5.2			NO	COMPLETE_REVIEW		AUDIT_NOT_RUN_PHASE1	N/A		MEDIUM	NO	KEEP_FLAGGED	Phase-1 ingestion; no biological decision applied
NADH9	2dmmq8_c + h_c + nadh_c --> 2dmmql8_c + nad_c		EHJ92240_1 or EHJ92340_1 or EHJ92457_1 or EHJ92650_1	EHJ92340_1	1.6.5.2			NO	COMPLETE_REVIEW		AUDIT_NOT_RUN_PHASE1	N/A		MEDIUM	NO	KEEP_FLAGGED	Phase-1 ingestion; no biological decision applied
NADHHR	h2o_c + nadh_c --> nadhx__R_c		spontaneous								AUDIT_NOT_RUN_PHASE1	N/A		MEDIUM	NO	KEEP_FLAGGED	Phase-1 ingestion; no biological decision applied
NADHNQR	4.0 h_c + na1_c + nadh_c + q8_c <=> 3.0 h_p + na1_p + nad_c + q8h2_c		EHJ91998_1 and EHJ91999_1 and EHJ92000_1 and EHJ92001_1 and EHJ92002_1 and EHJ92003_1								AUDIT_NOT_RUN_PHASE1	REVIEW		MEDIUM	NO	KEEP_FLAGGED	Phase-1 ingestion; no biological decision applied
NADHPO	h2o2_c + h_c + nadh_c --> 2.0 h2o_c + nad_c		EHJ92369_1 or (EHJ92369_1 and EHJ92370_1)		1.11.1.1;1.11.1.26						AUDIT_NOT_RUN_PHASE1	N/A		MEDIUM	NO	KEEP_FLAGGED	Phase-1 ingestion; no biological decision applied
NADHXD	adp_c + nadhx__S_c --> amp_c + h_c + nadh_c + pi_c		EHJ91272_1		4.2.1.136;5.1.99.6						AUDIT_NOT_RUN_PHASE1	N/A		MEDIUM	NO	KEEP_FLAGGED	Phase-1 ingestion; no biological decision applied
NADHXE	nadhx__S_c <=> nadhx__R_c		EHJ91272_1		4.2.1.136;5.1.99.6						AUDIT_NOT_RUN_PHASE1	N/A		MEDIUM	NO	KEEP_FLAGGED	Phase-1 ingestion; no biological decision applied
NADK	atp_c + nad_c --> adp_c + h_c + nadp_c		EHJ92173_1	EHJ92173_1	2.7.1.23			YES	COMPLETE_HIGH		AUDIT_NOT_RUN_PHASE1	N/A		HIGH	NO	AUTO_KEEP	Phase-1 ingestion; no biological decision applied
NADPHHR	h2o_c + nadph_c --> nadphx__R_c		spontaneous								AUDIT_NOT_RUN_PHASE1	N/A		MEDIUM	NO	KEEP_FLAGGED	Phase-1 ingestion; no biological decision applied
NADPHQR2	h_c + nadph_c + q8_c --> nadp_c + q8h2_c		EHJ91530_1 or EHJ92612_1		1.6.5.5						AUDIT_NOT_RUN_PHASE1	N/A		MEDIUM	NO	KEEP_FLAGGED	Phase-1 ingestion; no biological decision applied
NADPHQR3	h_c + mqn8_c + nadph_c --> mql8_c + nadp_c		EHJ91772_1								AUDIT_NOT_RUN_PHASE1	N/A		MEDIUM	NO	KEEP_FLAGGED	Phase-1 ingestion; no biological decision applied
NADPHXD	adp_c + nadphx__S_c --> amp_c + h_c + nadph_c + pi_c		EHJ91272_1		4.2.1.136;5.1.99.6						AUDIT_NOT_RUN_PHASE1	N/A		MEDIUM	NO	KEEP_FLAGGED	Phase-1 ingestion; no biological decision applied
NADPHXE	nadphx__R_c <=> nadphx__S_c		EHJ91272_1		4.2.1.136;5.1.99.6						AUDIT_NOT_RUN_PHASE1	N/A		MEDIUM	NO	KEEP_FLAGGED	Phase-1 ingestion; no biological decision applied
NADS1	atp_c + dnad_c + nh4_c --> amp_c + h_c + nad_c + ppi_c		EHJ92506_1 or EHJ93042_1	EHJ93042_1	6.3.1.5;6.3.5.1			YES	COMPLETE_HIGH		AUDIT_NOT_RUN_PHASE1	N/A		HIGH	NO	AUTO_KEEP	Phase-1 ingestion; no biological decision applied
NADS2	atp_c + dnad_c + gln__L_c + h2o_c --> amp_c + glu__L_c + h_c + nad_c + ppi_c		EHJ93042_1		6.3.5.1						AUDIT_NOT_RUN_PHASE1	N/A		MEDIUM	NO	KEEP_FLAGGED	Phase-1 ingestion; no biological decision applied
NADTRHD	nad_c + nadph_c --> nadh_c + nadp_c		EHJ91996_1 or (EHJ94610_1 and EHJ94611_1)	[UNRESOLVED:Csal_2492] and EHJ94611_1	1.6.1.1;1.6.1.2;1.6.1.3;7.1.1.1			NO	CONFLICT		AUDIT_NOT_RUN_PHASE1	N/A		MEDIUM	NO	KEEP_FLAGGED	Phase-1 ingestion; no biological decision applied
NAPRT	h_c + nac_c + prpp_c <=> nicrnt_c + ppi_c		EHJ92476_1		2.4.2.11;6.3.4.21						AUDIT_NOT_RUN_PHASE1	N/A		MEDIUM	NO	KEEP_FLAGGED	Phase-1 ingestion; no biological decision applied
NARK	no2_c --> no2_e		EHJ93344_1								AUDIT_NOT_RUN_PHASE1	REVIEW		MEDIUM	NO	KEEP_FLAGGED	Phase-1 ingestion; no biological decision applied
NAabcO	atp_c + h2o_c + na1_c --> adp_c + h_c + na1_e + pi_c				3.6.3.15;3.6.3.7						AUDIT_NOT_RUN_PHASE1	REVIEW		LOW	NO	REVIEW	Phase-1 ingestion; no biological decision applied
NAt3_1	h_e + na1_c <=> h_c + na1_e		EHJ91246_1 or EHJ92409_1 or EHJ92410_1 or EHJ92411_1 or EHJ92412_1 or EHJ92413_1 or EHJ92414_1 or EHJ93970_1 or EHJ94705_1								AUDIT_NOT_RUN_PHASE1	REVIEW		MEDIUM	NO	KEEP_FLAGGED	Phase-1 ingestion; no biological decision applied
NAt3_2	2.0 h_e + na1_c --> 2.0 h_c + na1_e		(EHJ92409_1 and EHJ92413_1 and EHJ92650_1 and EHJ94292_1) or (EHJ92410_1 and EHJ92413_1 and EHJ92414_1 and EHJ94290_1 and EHJ94293_1)								AUDIT_NOT_RUN_PHASE1	REVIEW		MEDIUM	NO	KEEP_FLAGGED	Phase-1 ingestion; no biological decision applied
NAt3pp	h_p + na1_c --> h_c + na1_p		EHJ92287_1 or EHJ93155_1	EHJ92287_1				YES	COMPLETE_HIGH		AUDIT_NOT_RUN_PHASE1	REVIEW		HIGH	NO	AUTO_KEEP	Phase-1 ingestion; no biological decision applied
NAtex	na1_e <=> na1_p			[UNRESOLVED:Csal_2569]				NO	NO_MAPPING		AUDIT_NOT_RUN_PHASE1	REVIEW		LOW	NO	REVIEW	Phase-1 ingestion; no biological decision applied
NBAHH_ir	carn_c + h2o_c --> ala_B_c + his__L_c		EHJ92994_1		3.4.13.18						AUDIT_NOT_RUN_PHASE1	N/A		MEDIUM	NO	KEEP_FLAGGED	Phase-1 ingestion; no biological decision applied
NCAMUP	ncam_e <=> ncam_c										AUDIT_NOT_RUN_PHASE1	REVIEW		LOW	NO	REVIEW	Phase-1 ingestion; no biological decision applied
NDP3	gdp_c + h2o_c --> gmp_c + h_c + pi_c				3.6.1.42;3.6.1.5;3.6.1.6						AUDIT_NOT_RUN_PHASE1	N/A		LOW	NO	REVIEW	Phase-1 ingestion; no biological decision applied
NDP8	dudp_c + h2o_c --> dump_c + h_c + pi_c		EHJ93802_1		3.6.1.23						AUDIT_NOT_RUN_PHASE1	N/A		MEDIUM	NO	KEEP_FLAGGED	Phase-1 ingestion; no biological decision applied
NDPK1	atp_c + gdp_c <=> adp_c + gtp_c		EHJ91513_1 or EHJ92912_1 or EHJ93657_1	EHJ93657_1	2.7.4.6;2.7.4.3			YES	COMPLETE_HIGH		AUDIT_NOT_RUN_PHASE1	N/A		HIGH	NO	AUTO_KEEP	Phase-1 ingestion; no biological decision applied
NDPK2	atp_c + udp_c <=> adp_c + utp_c		EHJ92912_1 or EHJ93657_1	EHJ93657_1	2.7.4.6;2.7.4.3			YES	COMPLETE_HIGH		AUDIT_NOT_RUN_PHASE1	N/A		HIGH	NO	AUTO_KEEP	Phase-1 ingestion; no biological decision applied
NDPK3	atp_c + cdp_c <=> adp_c + ctp_c		EHJ91513_1 or EHJ92912_1 or EHJ93657_1	EHJ93657_1	2.7.4.6;2.7.4.3			YES	COMPLETE_HIGH		AUDIT_NOT_RUN_PHASE1	N/A		HIGH	NO	AUTO_KEEP	Phase-1 ingestion; no biological decision applied
NDPK4	atp_c + dtdp_c <=> adp_c + dttp_c		EHJ92912_1 or EHJ93657_1	EHJ93657_1	2.7.4.6;2.7.4.3			YES	COMPLETE_HIGH		AUDIT_NOT_RUN_PHASE1	N/A		HIGH	NO	AUTO_KEEP	Phase-1 ingestion; no biological decision applied
NDPK5	atp_c + dgdp_c <=> adp_c + dgtp_c		EHJ91513_1 or EHJ92912_1 or EHJ93657_1	EHJ93657_1	2.7.4.6;2.7.4.3			YES	COMPLETE_HIGH		AUDIT_NOT_RUN_PHASE1	N/A		HIGH	NO	AUTO_KEEP	Phase-1 ingestion; no biological decision applied
NDPK6	atp_c + dudp_c <=> adp_c + dutp_c		EHJ91513_1 or EHJ92912_1 or EHJ93657_1	EHJ93657_1	2.7.4.6;2.7.4.3			YES	COMPLETE_HIGH		AUDIT_NOT_RUN_PHASE1	N/A		HIGH	NO	AUTO_KEEP	Phase-1 ingestion; no biological decision applied
NDPK7	atp_c + dcdp_c <=> adp_c + dctp_c		EHJ92912_1 or EHJ93657_1	EHJ93657_1	2.7.4.6;2.7.4.3			YES	COMPLETE_HIGH		AUDIT_NOT_RUN_PHASE1	N/A		HIGH	NO	AUTO_KEEP	Phase-1 ingestion; no biological decision applied
NDPK8	atp_c + dadp_c <=> adp_c + datp_c		EHJ92912_1 or EHJ93657_1	EHJ93657_1	2.7.4.6;2.7.4.3			YES	COMPLETE_HIGH		AUDIT_NOT_RUN_PHASE1	N/A		HIGH	NO	AUTO_KEEP	Phase-1 ingestion; no biological decision applied
NDPK9	atp_c + idp_c <=> adp_c + itp_c		EHJ93657_1		2.7.4.6						AUDIT_NOT_RUN_PHASE1	N/A		MEDIUM	NO	KEEP_FLAGGED	Phase-1 ingestion; no biological decision applied
NFORGLUAH2	Nforglu_c + h2o_c --> for_c + glu__L_c + h_c										AUDIT_NOT_RUN_PHASE1	N/A		LOW	NO	REVIEW	Phase-1 ingestion; no biological decision applied
NH3c	h_c + nh3_c <=> nh4_c		spontaneous								AUDIT_NOT_RUN_PHASE1	N/A		MEDIUM	NO	KEEP_FLAGGED	Phase-1 ingestion; no biological decision applied
NH4t	nh4_e <=> nh4_c		EHJ91089_1 or EHJ94424_1								AUDIT_NOT_RUN_PHASE1	REVIEW		MEDIUM	NO	KEEP_FLAGGED	Phase-1 ingestion; no biological decision applied
NH4t3pp	h_p + nh4_c --> h_c + nh4_p		EHJ91802_1								AUDIT_NOT_RUN_PHASE1	REVIEW		MEDIUM	NO	KEEP_FLAGGED	Phase-1 ingestion; no biological decision applied
NH4tex	nh4_e <=> nh4_p		EHJ91165_1 or EHJ91859_1 or EHJ94255_1 or spontaneous	[UNRESOLVED:Csal_2569]				NO	NO_MAPPING		AUDIT_NOT_RUN_PHASE1	REVIEW		MEDIUM	NO	KEEP_FLAGGED	Phase-1 ingestion; no biological decision applied
NH4tpp	nh4_p <=> nh4_c		spontaneous	EHJ94424_1 or [UNRESOLVED:s0001]				NO	PARTIAL		AUDIT_NOT_RUN_PHASE1	REVIEW		MEDIUM	NO	KEEP_FLAGGED	Phase-1 ingestion; no biological decision applied
NH4tpp_1	h_p + nh4_p --> h_c + nh4_c		EHJ91089_1 or EHJ91710_1 or EHJ94424_1								AUDIT_NOT_RUN_PHASE1	REVIEW		MEDIUM	NO	KEEP_FLAGGED	Phase-1 ingestion; no biological decision applied
NI2abcpp	atp_c + h2o_c + ni2_c --> adp_c + h_c + ni2_p + pi_c		EHJ92788_1 or EHJ93725_1	[UNRESOLVED:HB_MODEL_ID:EHJ93821_1]	3.6.3.24			NO	COMPLETE_HIGH		AUDIT_NOT_RUN_PHASE1	REVIEW		HIGH	NO	AUTO_KEEP	Phase-1 ingestion; no biological decision applied
NI2t3pp	h_p + ni2_c --> h_c + ni2_p			[UNRESOLVED:Csal_0395]				NO	NO_MAPPING		AUDIT_NOT_RUN_PHASE1	REVIEW		LOW	NO	REVIEW	Phase-1 ingestion; no biological decision applied
NI2t4pp	h_p + k_p + ni2_c --> h_c + k_c + ni2_p		EHJ91151_1 or EHJ91546_1 or EHJ92265_1 or (EHJ91151_1 and EHJ91546_1)								AUDIT_NOT_RUN_PHASE1	REVIEW		MEDIUM	NO	KEEP_FLAGGED	Phase-1 ingestion; no biological decision applied
NI2tex	ni2_e <=> ni2_p			[UNRESOLVED:Csal_2569]				NO	NO_MAPPING		AUDIT_NOT_RUN_PHASE1	REVIEW		LOW	NO	REVIEW	Phase-1 ingestion; no biological decision applied
NI2uabcpp	atp_c + h2o_c + ni2_p --> adp_c + h_c + ni2_c + pi_c		(EHJ92495_1 and EHJ94694_1) or (EHJ93725_1 and EHJ93726_1) or (EHJ93725_1 and EHJ93727_1) or (EHJ93725_1 and EHJ93726_1 and EHJ93727_1) or (EHJ93150_1 and EHJ93151_1 and EHJ93152_1 and EHJ93153_1 and EHJ93154_1)	EHJ91790_1	3.6.3.24			NO	COMPLETE_REVIEW		AUDIT_NOT_RUN_PHASE1	REVIEW		MEDIUM	NO	KEEP_FLAGGED	Phase-1 ingestion; no biological decision applied
NIabc	atp_c + h2o_c + ni2_e --> adp_c + h_c + ni2_c + pi_c				3.6.3.24						AUDIT_NOT_RUN_PHASE1	REVIEW		LOW	NO	REVIEW	Phase-1 ingestion; no biological decision applied
NMNAT	atp_c + h_c + nmn_c --> nad_c + ppi_c		EHJ91722_1 or EHJ92024_1	EHJ91722_1	2.7.7.1;2.7.7.18;3.6.1.-			YES	COMPLETE_HIGH		AUDIT_NOT_RUN_PHASE1	N/A		HIGH	NO	AUTO_KEEP	Phase-1 ingestion; no biological decision applied
NMNDA	h2o_c + nmn_c --> nh4_c + nicrnt_c				3.5.1.42						AUDIT_NOT_RUN_PHASE1	N/A		LOW	NO	REVIEW	Phase-1 ingestion; no biological decision applied
NMNPtpp	nmn_p --> nmn_c										AUDIT_NOT_RUN_PHASE1	REVIEW		LOW	NO	REVIEW	Phase-1 ingestion; no biological decision applied
NMNtex	nmn_e <=> nmn_p										AUDIT_NOT_RUN_PHASE1	REVIEW		LOW	NO	REVIEW	Phase-1 ingestion; no biological decision applied
NNATr	atp_c + h_c + nicrnt_c --> dnad_c + ppi_c		EHJ91722_1 or EHJ92024_1	EHJ92024_1	2.7.7.1;2.7.7.18;3.6.1.-			YES	COMPLETE_HIGH		AUDIT_NOT_RUN_PHASE1	N/A		HIGH	NO	AUTO_KEEP	Phase-1 ingestion; no biological decision applied
NNDPR	2.0 h_c + prpp_c + quln_c --> co2_c + nicrnt_c + ppi_c		EHJ92916_1	EHJ92916_1	2.4.2.19			YES	COMPLETE_HIGH		AUDIT_NOT_RUN_PHASE1	N/A		HIGH	NO	AUTO_KEEP	Phase-1 ingestion; no biological decision applied
NO2tex	no2_e <=> no2_p		EHJ91165_1 or EHJ91859_1 or EHJ94255_1	[UNRESOLVED:Csal_2569]				NO	NO_MAPPING		AUDIT_NOT_RUN_PHASE1	REVIEW		MEDIUM	NO	KEEP_FLAGGED	Phase-1 ingestion; no biological decision applied
NO3R1pp	2.0 h_c + no3_c + q8h2_c --> h2o_c + 2.0 h_p + no2_c + q8_c		(EHJ91678_1 and EHJ91679_1 and EHJ91681_1) or (EHJ91678_1 and EHJ91679_1 and EHJ91680_1 and EHJ91681_1)	EHJ93371_1 or ([UNRESOLVED:Csal_1330] and [UNRESOLVED:Csal_1331] and EHJ91680_1 and [UNRESOLVED:Csal_1333])				NO	CONFLICT		AUDIT_NOT_RUN_PHASE1	REVIEW		MEDIUM	NO	KEEP_FLAGGED	Phase-1 ingestion; no biological decision applied
NO3R2	2.0 h_c + mql8_c + no3_c --> h2o_c + 2.0 h_e + mqn8_c + no2_c		EHJ93371_1								AUDIT_NOT_RUN_PHASE1	REVIEW		MEDIUM	NO	KEEP_FLAGGED	Phase-1 ingestion; no biological decision applied
NO3R2pp	2.0 h_c + mql8_c + no3_c --> h2o_c + 2.0 h_p + mqn8_c + no2_c		(EHJ91678_1 and EHJ91679_1 and EHJ91681_1) or (EHJ91678_1 and EHJ91679_1 and EHJ91680_1 and EHJ91681_1)	EHJ93371_1 or ([UNRESOLVED:Csal_1330] and [UNRESOLVED:Csal_1331] and EHJ91680_1 and [UNRESOLVED:Csal_1333])				NO	CONFLICT		AUDIT_NOT_RUN_PHASE1	REVIEW		MEDIUM	NO	KEEP_FLAGGED	Phase-1 ingestion; no biological decision applied
NO3abc	atp_c + h2o_c + no3_e --> adp_c + h_c + no3_c + pi_c										AUDIT_NOT_RUN_PHASE1	REVIEW		LOW	NO	REVIEW	Phase-1 ingestion; no biological decision applied
NO3abcpp	atp_c + h2o_c + no3_p --> adp_c + h_c + no3_c + pi_c				3.6.3.26						AUDIT_NOT_RUN_PHASE1	REVIEW		LOW	NO	REVIEW	Phase-1 ingestion; no biological decision applied
NO3t	no3_e <=> no3_c		EHJ93344_1								AUDIT_NOT_RUN_PHASE1	REVIEW		MEDIUM	NO	KEEP_FLAGGED	Phase-1 ingestion; no biological decision applied
NO3t7pp	no2_c + no3_p --> no2_p + no3_c		EHJ91657_1	EHJ93344_1 or [UNRESOLVED:Csal_1329]				NO	PARTIAL		AUDIT_NOT_RUN_PHASE1	REVIEW		MEDIUM	NO	KEEP_FLAGGED	Phase-1 ingestion; no biological decision applied
NO3tex	no3_e <=> no3_p		EHJ91165_1 or EHJ91859_1 or EHJ94255_1	[UNRESOLVED:Csal_2569]				NO	NO_MAPPING		AUDIT_NOT_RUN_PHASE1	REVIEW		MEDIUM	NO	KEEP_FLAGGED	Phase-1 ingestion; no biological decision applied
NODOx	nadh_c + 2.0 no_c + 2.0 o2_c --> h_c + nad_c + 2.0 no3_c			[UNRESOLVED:Csal_0452]	1.14.12.17			NO	NO_MAPPING		AUDIT_NOT_RUN_PHASE1	N/A		LOW	NO	REVIEW	Phase-1 ingestion; no biological decision applied
NODOy	nadph_c + 2.0 no_c + 2.0 o2_c --> h_c + nadp_c + 2.0 no3_c			[UNRESOLVED:Csal_0452]	1.14.12.17			NO	NO_MAPPING		AUDIT_NOT_RUN_PHASE1	N/A		LOW	NO	REVIEW	Phase-1 ingestion; no biological decision applied
NONAtexi	nona_e --> nona_p										AUDIT_NOT_RUN_PHASE1	REVIEW		LOW	NO	REVIEW	Phase-1 ingestion; no biological decision applied
NOVBCNtex	novbcn_e <=> novbcn_p		spontaneous								AUDIT_NOT_RUN_PHASE1	REVIEW		MEDIUM	NO	KEEP_FLAGGED	Phase-1 ingestion; no biological decision applied
NOtex	no_e <=> no_p			[UNRESOLVED:Csal_2569]				NO	NO_MAPPING		AUDIT_NOT_RUN_PHASE1	REVIEW		LOW	NO	REVIEW	Phase-1 ingestion; no biological decision applied
NOtpp	no_p <=> no_c		spontaneous								AUDIT_NOT_RUN_PHASE1	REVIEW		MEDIUM	NO	KEEP_FLAGGED	Phase-1 ingestion; no biological decision applied
NPHS	sbzcoa_c --> coa_c + dhna_c		EHJ93246_1 or EHJ94728_1		4.1.3.36						AUDIT_NOT_RUN_PHASE1	N/A		MEDIUM	NO	KEEP_FLAGGED	Phase-1 ingestion; no biological decision applied
NTD1	dump_c + h2o_c --> duri_c + pi_c		EHJ92757_1 or EHJ93984_1	[UNRESOLVED:Csal_2635]	3.1.3.5;3.1.3.89			NO	CONFLICT		AUDIT_NOT_RUN_PHASE1	N/A		MEDIUM	NO	KEEP_FLAGGED	Phase-1 ingestion; no biological decision applied
NTD10	h2o_c + xmp_c --> pi_c + xtsn_c		EHJ92757_1 or EHJ93984_1	[UNRESOLVED:Csal_2635]	3.1.3.5			NO	CONFLICT		AUDIT_NOT_RUN_PHASE1	N/A		MEDIUM	NO	KEEP_FLAGGED	Phase-1 ingestion; no biological decision applied
NTD11	h2o_c + imp_c --> ins_c + pi_c		EHJ91130_1 or EHJ92757_1	[UNRESOLVED:Csal_2635]	3.1.3.5;3.1.3.99			NO	CONFLICT		AUDIT_NOT_RUN_PHASE1	N/A		MEDIUM	NO	KEEP_FLAGGED	Phase-1 ingestion; no biological decision applied
NTD12	dimp_c + h2o_c --> din_c + pi_c		EHJ91130_1 or EHJ92757_1	[UNRESOLVED:Csal_2635]	3.1.3.5			NO	CONFLICT		AUDIT_NOT_RUN_PHASE1	N/A		MEDIUM	NO	KEEP_FLAGGED	Phase-1 ingestion; no biological decision applied
NTD2	h2o_c + ump_c --> pi_c + uri_c		EHJ92757_1 or EHJ93984_1	[UNRESOLVED:Csal_2635]	3.1.3.5			NO	CONFLICT		AUDIT_NOT_RUN_PHASE1	N/A		MEDIUM	NO	KEEP_FLAGGED	Phase-1 ingestion; no biological decision applied
NTD3	dcmp_c + h2o_c --> dcyt_c + pi_c		EHJ92757_1 or EHJ93984_1	[UNRESOLVED:Csal_2635]	3.1.3.5;3.1.3.89			NO	CONFLICT		AUDIT_NOT_RUN_PHASE1	N/A		MEDIUM	NO	KEEP_FLAGGED	Phase-1 ingestion; no biological decision applied
NTD4	cmp_c + h2o_c --> cytd_c + pi_c		EHJ92757_1 or EHJ93984_1	[UNRESOLVED:Csal_2635]	3.1.3.5;3.1.3.91			NO	CONFLICT		AUDIT_NOT_RUN_PHASE1	N/A		MEDIUM	NO	KEEP_FLAGGED	Phase-1 ingestion; no biological decision applied
NTD5	dtmp_c + h2o_c --> pi_c + thymd_c		EHJ92757_1 or EHJ93984_1	[UNRESOLVED:Csal_2635]	3.1.3.35;3.1.3.5;3.1.3.89			NO	CONFLICT		AUDIT_NOT_RUN_PHASE1	N/A		MEDIUM	NO	KEEP_FLAGGED	Phase-1 ingestion; no biological decision applied
NTD6	damp_c + h2o_c --> dad_2_c + pi_c		EHJ92757_1 or EHJ93984_1	[UNRESOLVED:Csal_2635]	3.1.3.5;3.1.3.89			NO	CONFLICT		AUDIT_NOT_RUN_PHASE1	N/A		MEDIUM	NO	KEEP_FLAGGED	Phase-1 ingestion; no biological decision applied
NTD7	amp_c + h2o_c --> adn_c + pi_c		EHJ91130_1 or EHJ92757_1 or EHJ93984_1	[UNRESOLVED:Csal_2635]	3.1.3.5			NO	CONFLICT		AUDIT_NOT_RUN_PHASE1	N/A		MEDIUM	NO	KEEP_FLAGGED	Phase-1 ingestion; no biological decision applied
NTD8	dgmp_c + h2o_c --> dgsn_c + pi_c		EHJ91130_1 or EHJ92757_1 or EHJ93984_1	[UNRESOLVED:Csal_2635]	3.1.3.5;3.1.3.89			NO	CONFLICT		AUDIT_NOT_RUN_PHASE1	N/A		MEDIUM	NO	KEEP_FLAGGED	Phase-1 ingestion; no biological decision applied
NTD9	gmp_c + h2o_c --> gsn_c + pi_c		EHJ91130_1 or EHJ92757_1 or EHJ93984_1	[UNRESOLVED:Csal_2635]	3.1.3.5			NO	CONFLICT		AUDIT_NOT_RUN_PHASE1	N/A		MEDIUM	NO	KEEP_FLAGGED	Phase-1 ingestion; no biological decision applied
NTP1	atp_c + h2o_c --> adp_c + h_c + pi_c		EHJ91269_1 or EHJ93911_1	[UNRESOLVED:Csal_2635]	3.6.1.15;3.6.1.3;3.6.1.5;3.6.1.8;3.6.3.1;3.6.3.10;3.6.3.11;3.6.3.12;3.6.3.14;3.6.3.15;3.6.3.16;3.6.3.17;3.6.3.18;3.6.3.19;3.6.3.2;3.6.3.20;3.6.3.21;3.6.3.22;3.6.3.23;3.6.3.24;3.6.3.25;3.6.3.26;3.6.3.27;3.6.3.28;3.6.3.29;3.6.3.3;3.6.3.30;3.6.3.31;3.6.3.32;3.6.3.33;3.6.3.34;3.6.3.35;3.6.3.36;3.6.3.37;3.6.3.38;3.6.3.39;3.6.3.4;3.6.3.40;3.6.3.41;3.6.3.42;3.6.3.43;3.6.3.44;3.6.3.46;3.6.3.47;3.6.3.48;3.6.3.49;3.6.3.5;3.6.3.50;3.6.3.51;3.6.3.52;3.6.3.53;3.6.3.54;3.6.3.6;3.6.3.7;3.6.3.8;3.6.3.9;3.6.4.1;3.6.4.10;3.6.4.11;3.6.4.12;3.6.4.13;3.6.4.2;3.6.4.3;3.6.4.4;3.6.4.5;3.6.4.6;3.6.4.7;3.6.4.8;3.6.4.9;3.6.1.-			NO	CONFLICT		AUDIT_NOT_RUN_PHASE1	N/A		MEDIUM	NO	KEEP_FLAGGED	Phase-1 ingestion; no biological decision applied
NTP10	h2o_c + itp_c --> h_c + idp_c + pi_c		EHJ91269_1	EHJ91269_1	3.6.1.-;3.6.1.5			YES	COMPLETE_HIGH		AUDIT_NOT_RUN_PHASE1	N/A		HIGH	NO	AUTO_KEEP	Phase-1 ingestion; no biological decision applied
NTP3	gtp_c + h2o_c --> gdp_c + h_c + pi_c		EHJ91269_1 or EHJ91279_1 or EHJ93890_1 or EHJ94073_1 or EHJ94587_1 or EHJ94779_1 or (EHJ94072_1 and EHJ94073_1 and EHJ94086_1)		3.6.1.15;3.6.1.5;3.6.5.1;3.6.5.2;3.6.5.3;3.6.5.4;3.6.5.5;3.6.5.6;3.6.1.-;3.6.5.-;3.6.5.n1						AUDIT_NOT_RUN_PHASE1	N/A		MEDIUM	NO	KEEP_FLAGGED	Phase-1 ingestion; no biological decision applied
NTP5	ctp_c + h2o_c --> cdp_c + h_c + pi_c		EHJ91269_1 or EHJ94311_1	EHJ91269_1	3.6.1.15;3.6.1.5;2.7.7.56;3.6.1.-			YES	COMPLETE_HIGH		AUDIT_NOT_RUN_PHASE1	N/A		HIGH	NO	AUTO_KEEP	Phase-1 ingestion; no biological decision applied
NTPP1	dgtp_c + h2o_c --> dgmp_c + h_c + ppi_c		EHJ91367_1 or EHJ91409_1 or EHJ91440_1	[UNRESOLVED:Csal_1639]	3.6.1.-;3.6.1.19;3.6.1.9;3.6.1.55;3.6.1.8			NO	CONFLICT		AUDIT_NOT_RUN_PHASE1	N/A		MEDIUM	NO	KEEP_FLAGGED	Phase-1 ingestion; no biological decision applied
NTPP10	ditp_c + h2o_c --> dimp_c + h_c + ppi_c		EHJ94257_1	EHJ94257_1	3.6.1.-;3.6.1.66;3.6.1.9			YES	COMPLETE_HIGH		AUDIT_NOT_RUN_PHASE1	N/A		HIGH	NO	AUTO_KEEP	Phase-1 ingestion; no biological decision applied
NTPP11	h2o_c + xtp_c --> h_c + ppi_c + xmp_c		EHJ94257_1	EHJ94257_1	3.6.1.-;3.6.1.66;3.6.1.9			YES	COMPLETE_HIGH		AUDIT_NOT_RUN_PHASE1	N/A		HIGH	NO	AUTO_KEEP	Phase-1 ingestion; no biological decision applied
NTPP2	gtp_c + h2o_c --> gmp_c + h_c + ppi_c		EHJ91367_1 or EHJ91409_1 or EHJ91440_1	EHJ91367_1 or [UNRESOLVED:Csal_1639]	3.6.1.-;3.6.1.8;3.6.1.9;3.6.1.55			NO	CONFLICT		AUDIT_NOT_RUN_PHASE1	N/A		MEDIUM	NO	KEEP_FLAGGED	Phase-1 ingestion; no biological decision applied
NTPP3	dctp_c + h2o_c --> dcmp_c + h_c + ppi_c		EHJ91303_1	[UNRESOLVED:Csal_1639]	3.6.1.12;3.6.1.65;3.6.1.9			NO	CONFLICT		AUDIT_NOT_RUN_PHASE1	N/A		MEDIUM	NO	KEEP_FLAGGED	Phase-1 ingestion; no biological decision applied
NTPP4	ctp_c + h2o_c --> cmp_c + h_c + ppi_c		EHJ91367_1 or EHJ91409_1 or EHJ91440_1	[UNRESOLVED:Csal_1639]	3.6.1.65;3.6.1.8;3.6.1.9;3.6.1.55			NO	CONFLICT		AUDIT_NOT_RUN_PHASE1	N/A		MEDIUM	NO	KEEP_FLAGGED	Phase-1 ingestion; no biological decision applied
NTPP5	datp_c + h2o_c --> damp_c + h_c + ppi_c		EHJ91303_1	[UNRESOLVED:Csal_1639]	3.6.1.19;3.6.1.9			NO	CONFLICT		AUDIT_NOT_RUN_PHASE1	N/A		MEDIUM	NO	KEEP_FLAGGED	Phase-1 ingestion; no biological decision applied
NTPP6	atp_c + h2o_c --> amp_c + h_c + ppi_c		EHJ91440_1 or EHJ92819_1	[UNRESOLVED:Csal_1639]	3.6.1.8;3.6.1.9			NO	CONFLICT		AUDIT_NOT_RUN_PHASE1	N/A		MEDIUM	NO	KEEP_FLAGGED	Phase-1 ingestion; no biological decision applied
NTPP7	dttp_c + h2o_c --> dtmp_c + h_c + ppi_c		EHJ91303_1 or EHJ91384_1 or EHJ91440_1	[UNRESOLVED:Csal_1639]	3.6.1.19;3.6.1.9;3.6.1.-;3.6.1.8			NO	CONFLICT		AUDIT_NOT_RUN_PHASE1	N/A		MEDIUM	NO	KEEP_FLAGGED	Phase-1 ingestion; no biological decision applied
NTPP8	h2o_c + utp_c --> h_c + ppi_c + ump_c		EHJ91303_1 or EHJ91384_1 or EHJ91440_1	[UNRESOLVED:Csal_1639]	3.6.1.8;3.6.1.9;3.6.1.-			NO	CONFLICT		AUDIT_NOT_RUN_PHASE1	N/A		MEDIUM	NO	KEEP_FLAGGED	Phase-1 ingestion; no biological decision applied
NTPP9	h2o_c + itp_c --> h_c + imp_c + ppi_c		EHJ94257_1	EHJ94257_1	3.6.1.-;3.6.1.8;3.6.1.9;3.6.1.66			YES	COMPLETE_HIGH		AUDIT_NOT_RUN_PHASE1	N/A		HIGH	NO	AUTO_KEEP	Phase-1 ingestion; no biological decision applied
NTPTP1	dgtp_c + h2o_c --> dgsn_c + pppi_c			EHJ94207_1	3.1.5.1			NO	COMPLETE_REVIEW		AUDIT_NOT_RUN_PHASE1	N/A		LOW	NO	REVIEW	Phase-1 ingestion; no biological decision applied
NTPTP2	gtp_c + h2o_c --> gsn_c + pppi_c			EHJ94207_1				NO	COMPLETE_REVIEW		AUDIT_NOT_RUN_PHASE1	N/A		LOW	NO	REVIEW	Phase-1 ingestion; no biological decision applied
NTR3B	2.0 h_c + mql7_c + no3_c --> h2o_c + 2.0 h_e + mqn7_c + no2_c										AUDIT_NOT_RUN_PHASE1	REVIEW		LOW	NO	REVIEW	Phase-1 ingestion; no biological decision applied
NTRIR2x	5.0 h_c + 3.0 nadh_c + no2_c --> 2.0 h2o_c + 3.0 nad_c + nh4_c		EHJ93372_1 or (EHJ93373_1 and EHJ93374_1)	EHJ93374_1 and EHJ93373_1	1.7.1.15;1.7.1.4			NO	COMPLETE_REVIEW		AUDIT_NOT_RUN_PHASE1	N/A		MEDIUM	NO	KEEP_FLAGGED	Phase-1 ingestion; no biological decision applied
NTRIR3pp	2.0 h_p + no2_p + 3.0 q8h2_c --> 2.0 h2o_p + nh4_p + 3.0 q8_c										AUDIT_NOT_RUN_PHASE1	REVIEW		LOW	NO	REVIEW	Phase-1 ingestion; no biological decision applied
O2Stex	o2s_e <=> o2s_p			[UNRESOLVED:Csal_2569]				NO	NO_MAPPING		AUDIT_NOT_RUN_PHASE1	REVIEW		LOW	NO	REVIEW	Phase-1 ingestion; no biological decision applied
O2tex	o2_e <=> o2_p		EHJ91165_1 or spontaneous	[UNRESOLVED:Csal_2569]				NO	NO_MAPPING		AUDIT_NOT_RUN_PHASE1	REVIEW		MEDIUM	NO	KEEP_FLAGGED	Phase-1 ingestion; no biological decision applied
O2tpp	o2_p <=> o2_c		spontaneous	[UNRESOLVED:spontaneos]				NO	NO_MAPPING		AUDIT_NOT_RUN_PHASE1	REVIEW		MEDIUM	NO	KEEP_FLAGGED	Phase-1 ingestion; no biological decision applied
OAADC	h_c + oaa_c --> co2_c + pyr_c		EHJ92135_1 or (EHJ93561_1 and EHJ93562_1)	[UNRESOLVED:HB_MODEL_ID:EHJ93563_1] and [UNRESOLVED:Csal_0693] and EHJ93561_1	1.1.1.38;1.1.1.40;4.1.1.3;4.1.2.14;7.2.4.2;4.1.1.112			NO	CONFLICT		AUDIT_NOT_RUN_PHASE1	N/A		MEDIUM	NO	KEEP_FLAGGED	Phase-1 ingestion; no biological decision applied
OAADCS	h_c + 2.0 na1_c + oaa_c --> co2_c + 2.0 na1_p + pyr_c		EHJ93561_1 and EHJ93562_1								AUDIT_NOT_RUN_PHASE1	REVIEW		MEDIUM	NO	KEEP_FLAGGED	Phase-1 ingestion; no biological decision applied
OARGDC	5g2oxpt_c + h_c --> co2_c + gdbtal_c				4.1.1.75						AUDIT_NOT_RUN_PHASE1	N/A		LOW	NO	REVIEW	Phase-1 ingestion; no biological decision applied
OBDHc	2obut_c + coa_c + nad_c --> co2_c + nadh_c + ppcoa_c										AUDIT_NOT_RUN_PHASE1	N/A		LOW	NO	REVIEW	Phase-1 ingestion; no biological decision applied
OCBT	cbp_c + orn_c <=> citr__L_c + h_c + pi_c		EHJ92306_1 or EHJ92620_1 or (EHJ92306_1 and EHJ92620_1)	EHJ92306_1	2.1.3.3			YES	COMPLETE_HIGH		AUDIT_NOT_RUN_PHASE1	N/A		HIGH	NO	AUTO_KEEP	Phase-1 ingestion; no biological decision applied
OCBT2i	citr__L_c + h_c + pi_c --> cbp_c + orn_c		EHJ92620_1		2.1.3.3						AUDIT_NOT_RUN_PHASE1	N/A		MEDIUM	NO	KEEP_FLAGGED	Phase-1 ingestion; no biological decision applied
OCBT_2	cbp_c + orn_c <=> citr__L_c + h_c + pi_c		EHJ92620_1		2.1.3.3						AUDIT_NOT_RUN_PHASE1	N/A		MEDIUM	NO	KEEP_FLAGGED	Phase-1 ingestion; no biological decision applied
OCDCAtexi	ocdca_e --> ocdca_p			[UNRESOLVED:Csal_3004]				NO	NO_MAPPING		AUDIT_NOT_RUN_PHASE1	REVIEW		LOW	NO	REVIEW	Phase-1 ingestion; no biological decision applied
OCDCEAtexi	ocdcea_e --> ocdcea_p			[UNRESOLVED:Csal_3004]				NO	NO_MAPPING		AUDIT_NOT_RUN_PHASE1	REVIEW		LOW	NO	REVIEW	Phase-1 ingestion; no biological decision applied
OCOAT1	acac_c + succoa_c <=> aacoa_c + succ_c		EHJ93966_1 or (EHJ91697_1 and EHJ91698_1)	[UNRESOLVED:FF32_15490] and [UNRESOLVED:FF32_15495]	2.8.3.5			NO	NO_MAPPING		AUDIT_NOT_RUN_PHASE1	N/A		MEDIUM	NO	KEEP_FLAGGED	Phase-1 ingestion; no biological decision applied
OCOAT4	dhcrn_c + succoa_c --> dhcrncoa_c + succ_c										AUDIT_NOT_RUN_PHASE1	N/A		LOW	NO	REVIEW	Phase-1 ingestion; no biological decision applied
OCTAtex	octa_e <=> octa_p			[UNRESOLVED:Csal_2569]				NO	NO_MAPPING		AUDIT_NOT_RUN_PHASE1	REVIEW		LOW	NO	REVIEW	Phase-1 ingestion; no biological decision applied
OCTDPS	frdp_c + 5.0 ipdp_c --> octdp_c + 5.0 ppi_c		EHJ93953_1	EHJ93953_1	2.5.1.90			YES	COMPLETE_HIGH		AUDIT_NOT_RUN_PHASE1	N/A		HIGH	NO	AUTO_KEEP	Phase-1 ingestion; no biological decision applied
OHPBAT	glu__L_c + ohpb_c <=> akg_c + phthr_c		EHJ91630_1	EHJ91630_1	2.6.1.52			YES	COMPLETE_HIGH		AUDIT_NOT_RUN_PHASE1	N/A		HIGH	NO	AUTO_KEEP	Phase-1 ingestion; no biological decision applied
OIVD1r	4mop_c + coa_c + nad_c --> co2_c + ivcoa_c + nadh_c				1.2.1.-;1.2.1.25						AUDIT_NOT_RUN_PHASE1	N/A		LOW	NO	REVIEW	Phase-1 ingestion; no biological decision applied
OIVD2	3mob_c + coa_c + nad_c --> co2_c + ibcoa_c + nadh_c				1.2.1.25						AUDIT_NOT_RUN_PHASE1	N/A		LOW	NO	REVIEW	Phase-1 ingestion; no biological decision applied
OIVD3	3mop_c + coa_c + nad_c --> 2mbcoa_c + co2_c + nadh_c				1.2.1.-;1.2.1.25						AUDIT_NOT_RUN_PHASE1	N/A		LOW	NO	REVIEW	Phase-1 ingestion; no biological decision applied
OMCDC	3c4mop_c + h_c --> 4mop_c + co2_c		EHJ92787_1 or spontaneous	[UNRESOLVED:Csal_1268]	1.1.1.85;1.1.1.41			NO	CONFLICT		AUDIT_NOT_RUN_PHASE1	N/A		MEDIUM	NO	KEEP_FLAGGED	Phase-1 ingestion; no biological decision applied
OMPDC	h_c + orot5p_c --> co2_c + ump_c		EHJ92316_1	EHJ92316_1	4.1.1.23			YES	COMPLETE_HIGH		AUDIT_NOT_RUN_PHASE1	N/A		HIGH	NO	AUTO_KEEP	Phase-1 ingestion; no biological decision applied
OPHBDC	3ophb_c + h_c --> 2oph_c + co2_c		EHJ92030_1 or EHJ93763_1	EHJ93763_1	4.1.1.98;2.5.1.129			YES	COMPLETE_HIGH		AUDIT_NOT_RUN_PHASE1	N/A		HIGH	NO	AUTO_KEEP	Phase-1 ingestion; no biological decision applied
OPHHX	2oph_c + 0.5 o2_c --> 2ohph_c			EHJ92949_1				YES	COMPLETE_HIGH		AUDIT_NOT_RUN_PHASE1	N/A		LOW	NO	REVIEW	Phase-1 ingestion; no biological decision applied
ORNCD	orn_c --> nh4_c + pro__L_c		EHJ93638_1	[UNRESOLVED:Csal_2722]	4.3.1.12			NO	NO_MAPPING		AUDIT_NOT_RUN_PHASE1	N/A		MEDIUM	NO	KEEP_FLAGGED	Phase-1 ingestion; no biological decision applied
ORNCD_1	orn__L_c --> h_c + nh3_c + pro__L_c		EHJ93638_1		4.3.1.12						AUDIT_NOT_RUN_PHASE1	N/A		MEDIUM	NO	KEEP_FLAGGED	Phase-1 ingestion; no biological decision applied
ORNTAC	acorn_c + glu__L_c <=> acglu_c + orn_c		EHJ91365_1	EHJ91365_1	2.3.1.35;2.3.1.1			YES	COMPLETE_HIGH		AUDIT_NOT_RUN_PHASE1	N/A		HIGH	NO	AUTO_KEEP	Phase-1 ingestion; no biological decision applied
ORNabcpp	atp_c + h2o_c + orn_p --> adp_c + h_c + orn_c + pi_c		(EHJ92461_1 and EHJ92462_1) or (EHJ92461_1 and EHJ92462_1 and EHJ92463_1 and EHJ92464_1) or (EHJ92461_1 and EHJ92462_1 and EHJ92464_1 and EHJ94511_1) or (EHJ92461_1 and EHJ92464_1 and EHJ94511_1 and EHJ94512_1) or (EHJ92461_1 and EHJ94511_1 and EHJ94512_1 and EHJ94513_1)		3.6.3.21						AUDIT_NOT_RUN_PHASE1	REVIEW		MEDIUM	NO	KEEP_FLAGGED	Phase-1 ingestion; no biological decision applied
ORNt	orn_e <=> orn_c										AUDIT_NOT_RUN_PHASE1	REVIEW		LOW	NO	REVIEW	Phase-1 ingestion; no biological decision applied
ORNtex	orn_e <=> orn_p										AUDIT_NOT_RUN_PHASE1	REVIEW		LOW	NO	REVIEW	Phase-1 ingestion; no biological decision applied
ORPT	orot5p_c + ppi_c <=> orot_c + prpp_c		EHJ94309_1	EHJ94309_1	2.4.2.10			YES	COMPLETE_HIGH		AUDIT_NOT_RUN_PHASE1	N/A		HIGH	NO	AUTO_KEEP	Phase-1 ingestion; no biological decision applied
OXADC	h_c + oxa_c --> co2_c + for_c				4.1.1.2						AUDIT_NOT_RUN_PHASE1	N/A		LOW	NO	REVIEW	Phase-1 ingestion; no biological decision applied
OXGDC2	akg_c + h_c + thmpp_c --> co2_c + ssaltpp_c		EHJ94721_1		4.1.1.71;2.2.1.9						AUDIT_NOT_RUN_PHASE1	N/A		MEDIUM	NO	KEEP_FLAGGED	Phase-1 ingestion; no biological decision applied
OXOADLR	2oxoadp_c + h_c + lpam_c --> S_gtrdhdlp_c + co2_c		EHJ93182_1		1.2.4.2;2.3.1.61						AUDIT_NOT_RUN_PHASE1	N/A		MEDIUM	NO	KEEP_FLAGGED	Phase-1 ingestion; no biological decision applied
OXPTNDH	h2o_c + nad_c + oxptn_c <=> glutar_c + 2.0 h_c + nadh_c		EHJ91596_1 or EHJ92660_1	[UNRESOLVED:FF32_01110]	1.2.1.20;1.2.1.16			NO	NO_MAPPING		AUDIT_NOT_RUN_PHASE1	N/A		MEDIUM	NO	KEEP_FLAGGED	Phase-1 ingestion; no biological decision applied
P5CD	1pyr5c_c + 2.0 h2o_c + nad_c --> glu__L_c + h_c + nadh_c		EHJ92181_1	[UNRESOLVED:HB_MODEL_ID:EHJ92179_1]	1.2.1.88;1.5.1.12;1.5.5.2			NO	COMPLETE_HIGH		AUDIT_NOT_RUN_PHASE1	N/A		HIGH	NO	AUTO_KEEP	Phase-1 ingestion; no biological decision applied
P5CR	1pyr5c_c + 2.0 h_c + nadph_c --> nadp_c + pro__L_c		EHJ93866_1	EHJ93866_1	1.5.1.2			YES	COMPLETE_HIGH		AUDIT_NOT_RUN_PHASE1	N/A		HIGH	NO	AUTO_KEEP	Phase-1 ingestion; no biological decision applied
PA120abcpp	atp_c + h2o_c + pa120_c --> adp_c + h_c + pa120_p + pi_c		EHJ91374_1 or EHJ94612_1								AUDIT_NOT_RUN_PHASE1	REVIEW		MEDIUM	NO	KEEP_FLAGGED	Phase-1 ingestion; no biological decision applied
PA160abcpp	atp_c + h2o_c + pa160_c --> adp_c + h_c + pa160_p + pi_c		EHJ91374_1 or EHJ94612_1								AUDIT_NOT_RUN_PHASE1	REVIEW		MEDIUM	NO	KEEP_FLAGGED	Phase-1 ingestion; no biological decision applied
PA161abcpp	atp_c + h2o_c + pa161_c --> adp_c + h_c + pa161_p + pi_c		EHJ91374_1 or EHJ94612_1								AUDIT_NOT_RUN_PHASE1	REVIEW		MEDIUM	NO	KEEP_FLAGGED	Phase-1 ingestion; no biological decision applied
PA180abcpp	atp_c + h2o_c + pa180_c --> adp_c + h_c + pa180_p + pi_c		EHJ91374_1 or EHJ94612_1								AUDIT_NOT_RUN_PHASE1	REVIEW		MEDIUM	NO	KEEP_FLAGGED	Phase-1 ingestion; no biological decision applied
PA181abcpp	atp_c + h2o_c + pa181_c --> adp_c + h_c + pa181_p + pi_c		EHJ91374_1 or EHJ94612_1								AUDIT_NOT_RUN_PHASE1	REVIEW		MEDIUM	NO	KEEP_FLAGGED	Phase-1 ingestion; no biological decision applied
PACALDt	pacald_c <=> pacald_e										AUDIT_NOT_RUN_PHASE1	REVIEW		LOW	NO	REVIEW	Phase-1 ingestion; no biological decision applied
PACALDtex	pacald_e <=> pacald_p										AUDIT_NOT_RUN_PHASE1	REVIEW		LOW	NO	REVIEW	Phase-1 ingestion; no biological decision applied
PACPT_1	coa_c + ppad_c <=> amp_c + ppcoa_c		EHJ92232_1 or EHJ92906_1		6.2.1.1						AUDIT_NOT_RUN_PHASE1	N/A		MEDIUM	NO	KEEP_FLAGGED	Phase-1 ingestion; no biological decision applied
PACt1	pac_e <=> pac_p										AUDIT_NOT_RUN_PHASE1	REVIEW		LOW	NO	REVIEW	Phase-1 ingestion; no biological decision applied
PALDP	h2o_c + pald_c --> acald_c + pi_c		EHJ94632_1		3.11.1.1						AUDIT_NOT_RUN_PHASE1	N/A		MEDIUM	NO	KEEP_FLAGGED	Phase-1 ingestion; no biological decision applied
PANTS	ala_B_c + atp_c + pant__R_c --> amp_c + h_c + pnto__R_c + ppi_c		EHJ93882_1	EHJ93882_1	6.3.2.1			YES	COMPLETE_HIGH		AUDIT_NOT_RUN_PHASE1	N/A		HIGH	NO	AUTO_KEEP	Phase-1 ingestion; no biological decision applied
PAPA120	h2o_c + pa120_c --> 12dgr120_c + pi_c			EHJ91122_1				YES	COMPLETE_HIGH		AUDIT_NOT_RUN_PHASE1	N/A		LOW	NO	REVIEW	Phase-1 ingestion; no biological decision applied
PAPA140pp	h2o_p + pa140_p --> 12dgr140_p + pi_p										AUDIT_NOT_RUN_PHASE1	N/A		LOW	NO	REVIEW	Phase-1 ingestion; no biological decision applied
PAPA141	h2o_c + pa141_c --> 12dgr141_c + pi_c			EHJ91122_1				YES	COMPLETE_HIGH		AUDIT_NOT_RUN_PHASE1	N/A		LOW	NO	REVIEW	Phase-1 ingestion; no biological decision applied
PAPA160pp	h2o_p + pa160_p --> 12dgr160_p + pi_p				3.1.3.4						AUDIT_NOT_RUN_PHASE1	N/A		LOW	NO	REVIEW	Phase-1 ingestion; no biological decision applied
PAPA161	h2o_c + pa161_c --> 12dgr161_c + pi_c			EHJ91122_1				YES	COMPLETE_HIGH		AUDIT_NOT_RUN_PHASE1	N/A		LOW	NO	REVIEW	Phase-1 ingestion; no biological decision applied
PAPA180pp	h2o_p + pa180_p --> 12dgr180_p + pi_p										AUDIT_NOT_RUN_PHASE1	N/A		LOW	NO	REVIEW	Phase-1 ingestion; no biological decision applied
PAPA181pp	h2o_p + pa181_p --> 12dgr181_p + pi_p										AUDIT_NOT_RUN_PHASE1	N/A		LOW	NO	REVIEW	Phase-1 ingestion; no biological decision applied
PAPPT3	udcpp_c + ugmda_c --> uagmda_c + ump_c		EHJ91352_1	EHJ91352_1	2.7.8.13			YES	COMPLETE_HIGH		AUDIT_NOT_RUN_PHASE1	N/A		HIGH	NO	AUTO_KEEP	Phase-1 ingestion; no biological decision applied
PAPSR	paps_c + trdrd_c --> 2.0 h_c + pap_c + so3_c + trdox_c		EHJ91114_1 or EHJ92326_1 or EHJ92327_1 or EHJ93847_1 or (EHJ92326_1 and EHJ92327_1) or (EHJ92326_1 and EHJ94096_1)	EHJ92326_1	1.8.4.8			NO	COMPLETE_REVIEW		AUDIT_NOT_RUN_PHASE1	N/A		MEDIUM	NO	KEEP_FLAGGED	Phase-1 ingestion; no biological decision applied
PAPSR2	grxrd_c + paps_c --> grxox_c + 2.0 h_c + pap_c + so3_c		EHJ91700_1 or EHJ92305_1 or EHJ92326_1 or (EHJ91700_1 and EHJ92326_1) or (EHJ92305_1 and EHJ92326_1)	EHJ92326_1	1.8.4.8			NO	COMPLETE_REVIEW		AUDIT_NOT_RUN_PHASE1	N/A		MEDIUM	NO	KEEP_FLAGGED	Phase-1 ingestion; no biological decision applied
PC2DHG	dscl_c + nadp_c --> h_c + nadph_c + scl_c		EHJ91942_1		2.1.1.107						AUDIT_NOT_RUN_PHASE1	N/A		MEDIUM	NO	KEEP_FLAGGED	Phase-1 ingestion; no biological decision applied
PDC	2ahethmpp_c <=> acald_c + thmpp_c										AUDIT_NOT_RUN_PHASE1	N/A		LOW	NO	REVIEW	Phase-1 ingestion; no biological decision applied
PDE1	camp_c + h2o_c --> amp_c + h_c		EHJ91224_1 or EHJ92723_1 or EHJ93709_1 or EHJ94134_1		3.1.4.17;3.1.4.53						AUDIT_NOT_RUN_PHASE1	N/A		MEDIUM	NO	KEEP_FLAGGED	Phase-1 ingestion; no biological decision applied
PDE4	35cgmp_c + h2o_c --> gmp_c + h_c		EHJ94370_1 or EHJ94778_1		3.1.4.17;3.1.4.35						AUDIT_NOT_RUN_PHASE1	N/A		MEDIUM	NO	KEEP_FLAGGED	Phase-1 ingestion; no biological decision applied
PDH	coa_c + nad_c + pyr_c --> accoa_c + co2_c + nadh_c		EHJ92913_1 or EHJ93750_1 or (EHJ92913_1 and EHJ92914_1) or (EHJ92913_1 and EHJ92914_1 and EHJ93181_1)	EHJ92914_1 and EHJ92913_1 and EHJ93181_1 and [UNRESOLVED:Csal_1254]	1.2.1.-;1.2.1.51;1.2.4.1;1.8.1.4;2.3.1.12			NO	PARTIAL		AUDIT_NOT_RUN_PHASE1	N/A		MEDIUM	NO	KEEP_FLAGGED	Phase-1 ingestion; no biological decision applied
PDHa	h_c + lpam_c + pyr_c --> adhlam_c + co2_c		EHJ92914_1		1.2.4.1						AUDIT_NOT_RUN_PHASE1	N/A		MEDIUM	NO	KEEP_FLAGGED	Phase-1 ingestion; no biological decision applied
PDHbr	adhlam_c + coa_c <=> accoa_c + dhlam_c		EHJ92913_1		2.3.1.12;2.3.1.168						AUDIT_NOT_RUN_PHASE1	N/A		MEDIUM	NO	KEEP_FLAGGED	Phase-1 ingestion; no biological decision applied
PDHcr	dhlam_c + nad_c --> h_c + lpam_c + nadh_c		EHJ91079_1 or EHJ93181_1 or EHJ93750_1		1.8.1.-;1.8.1.4						AUDIT_NOT_RUN_PHASE1	N/A		MEDIUM	NO	KEEP_FLAGGED	Phase-1 ingestion; no biological decision applied
PDX5POi	o2_c + pdx5p_c --> h2o2_c + pydx5p_c		EHJ91775_1	EHJ91775_1	1.4.3.5			YES	COMPLETE_HIGH		AUDIT_NOT_RUN_PHASE1	N/A		HIGH	NO	AUTO_KEEP	Phase-1 ingestion; no biological decision applied
PDX5PS	dxyl5p_c + nad_c + phthr_c --> co2_c + 2.0 h2o_c + h_c + nadh_c + pdx5p_c + pi_c		EHJ91434_1 or (EHJ91434_1 and EHJ92743_1)	EHJ92743_1 and EHJ91434_1	1.1.1.262			YES	COMPLETE_HIGH		AUDIT_NOT_RUN_PHASE1	N/A		HIGH	NO	AUTO_KEEP	Phase-1 ingestion; no biological decision applied
PDYXPT_c	pydam_c + pyr_c <=> ala__L_c + pydx_c										AUDIT_NOT_RUN_PHASE1	N/A		LOW	NO	REVIEW	Phase-1 ingestion; no biological decision applied
PE120abcpp	atp_c + h2o_c + pe120_c --> adp_c + h_c + pe120_p + pi_c		EHJ91374_1 or EHJ94612_1								AUDIT_NOT_RUN_PHASE1	REVIEW		MEDIUM	NO	KEEP_FLAGGED	Phase-1 ingestion; no biological decision applied
PE140abcpp	atp_c + h2o_c + pe140_c --> adp_c + h_c + pe140_p + pi_c		EHJ91374_1 or EHJ94612_1								AUDIT_NOT_RUN_PHASE1	REVIEW		MEDIUM	NO	KEEP_FLAGGED	Phase-1 ingestion; no biological decision applied
PE141abcpp	atp_c + h2o_c + pe141_c --> adp_c + h_c + pe141_p + pi_c		EHJ91374_1 or EHJ94612_1								AUDIT_NOT_RUN_PHASE1	REVIEW		MEDIUM	NO	KEEP_FLAGGED	Phase-1 ingestion; no biological decision applied
PE160abcpp	atp_c + h2o_c + pe160_c --> adp_c + h_c + pe160_p + pi_c		EHJ91374_1 or EHJ94612_1	EHJ91374_1				YES	COMPLETE_HIGH		AUDIT_NOT_RUN_PHASE1	REVIEW		HIGH	NO	AUTO_KEEP	Phase-1 ingestion; no biological decision applied
PE161abcpp	atp_c + h2o_c + pe161_c --> adp_c + h_c + pe161_p + pi_c		EHJ91374_1 or EHJ94612_1	EHJ91374_1				YES	COMPLETE_HIGH		AUDIT_NOT_RUN_PHASE1	REVIEW		HIGH	NO	AUTO_KEEP	Phase-1 ingestion; no biological decision applied
PE180abcpp	atp_c + h2o_c + pe180_c --> adp_c + h_c + pe180_p + pi_c		EHJ91374_1 or EHJ94612_1								AUDIT_NOT_RUN_PHASE1	REVIEW		MEDIUM	NO	KEEP_FLAGGED	Phase-1 ingestion; no biological decision applied
PE181abcpp	atp_c + h2o_c + pe181_c --> adp_c + h_c + pe181_p + pi_c		EHJ91374_1 or EHJ94612_1								AUDIT_NOT_RUN_PHASE1	REVIEW		MEDIUM	NO	KEEP_FLAGGED	Phase-1 ingestion; no biological decision applied
PEALtex	pea_e <=> pea_p										AUDIT_NOT_RUN_PHASE1	REVIEW		LOW	NO	REVIEW	Phase-1 ingestion; no biological decision applied
PEAMNO	h2o_c + o2_c + peamn_c --> h2o2_c + nh4_c + pacald_c				1.4.3.21;1.4.3.22;1.4.3.4;1.4.3.6						AUDIT_NOT_RUN_PHASE1	N/A		LOW	NO	REVIEW	Phase-1 ingestion; no biological decision applied
PEAMNtex	peamn_e <=> peamn_p										AUDIT_NOT_RUN_PHASE1	REVIEW		LOW	NO	REVIEW	Phase-1 ingestion; no biological decision applied
PEAOpp	h_p + pea_p + pqq_p --> pacald_p + pqqh2_p		EHJ94603_1								AUDIT_NOT_RUN_PHASE1	N/A		MEDIUM	NO	KEEP_FLAGGED	Phase-1 ingestion; no biological decision applied
PERD	4per_c + nad_c <=> h_c + nadh_c + ohpb_c		EHJ93117_1	EHJ93117_1	1.1.1.290			YES	COMPLETE_HIGH		AUDIT_NOT_RUN_PHASE1	N/A		HIGH	NO	AUTO_KEEP	Phase-1 ingestion; no biological decision applied
PFK	atp_c + f6p_c --> adp_c + fdp_c + h_c		EHJ91606_1		2.7.1.11;2.7.1.90						AUDIT_NOT_RUN_PHASE1	N/A		MEDIUM	NO	KEEP_FLAGGED	Phase-1 ingestion; no biological decision applied
PFK_3	atp_c + s7p_c --> adp_c + h_c + s17bp_c		EHJ91606_1	EHJ91606_1	2.7.1.-;2.7.1.11;2.7.1.90			YES	COMPLETE_HIGH		AUDIT_NOT_RUN_PHASE1	N/A		HIGH	NO	AUTO_KEEP	Phase-1 ingestion; no biological decision applied
PFOR	coa_c + fldox_c + h_c + pyr_c --> accoa_c + co2_c + fldrd_c				1.2.7.-;1.2.7.1						AUDIT_NOT_RUN_PHASE1	N/A		LOW	NO	REVIEW	Phase-1 ingestion; no biological decision applied
PG120abcpp	atp_c + h2o_c + pg120_c --> adp_c + h_c + pg120_p + pi_c		EHJ91374_1 or EHJ94612_1								AUDIT_NOT_RUN_PHASE1	REVIEW		MEDIUM	NO	KEEP_FLAGGED	Phase-1 ingestion; no biological decision applied
PG140abcpp	atp_c + h2o_c + pg140_c --> adp_c + h_c + pg140_p + pi_c		EHJ91374_1 or EHJ94612_1								AUDIT_NOT_RUN_PHASE1	REVIEW		MEDIUM	NO	KEEP_FLAGGED	Phase-1 ingestion; no biological decision applied
PG141abcpp	atp_c + h2o_c + pg141_c --> adp_c + h_c + pg141_p + pi_c		EHJ91374_1 or EHJ94612_1								AUDIT_NOT_RUN_PHASE1	REVIEW		MEDIUM	NO	KEEP_FLAGGED	Phase-1 ingestion; no biological decision applied
PG160abcpp	atp_c + h2o_c + pg160_c --> adp_c + h_c + pg160_p + pi_c		EHJ91374_1 or EHJ94612_1								AUDIT_NOT_RUN_PHASE1	REVIEW		MEDIUM	NO	KEEP_FLAGGED	Phase-1 ingestion; no biological decision applied
PG161abcpp	atp_c + h2o_c + pg161_c --> adp_c + h_c + pg161_p + pi_c		EHJ91374_1 or EHJ94612_1								AUDIT_NOT_RUN_PHASE1	REVIEW		MEDIUM	NO	KEEP_FLAGGED	Phase-1 ingestion; no biological decision applied
PG180abcpp	atp_c + h2o_c + pg180_c --> adp_c + h_c + pg180_p + pi_c		EHJ91374_1 or EHJ94612_1								AUDIT_NOT_RUN_PHASE1	REVIEW		MEDIUM	NO	KEEP_FLAGGED	Phase-1 ingestion; no biological decision applied
PG181abcpp	atp_c + h2o_c + pg181_c --> adp_c + h_c + pg181_p + pi_c		EHJ91374_1 or EHJ94612_1								AUDIT_NOT_RUN_PHASE1	REVIEW		MEDIUM	NO	KEEP_FLAGGED	Phase-1 ingestion; no biological decision applied
PGAMT	gam1p_c <=> gam6p_c		EHJ93803_1 or EHJ93895_1	EHJ93895_1	5.4.2.10;5.4.2.8			YES	COMPLETE_HIGH		AUDIT_NOT_RUN_PHASE1	N/A		HIGH	NO	AUTO_KEEP	Phase-1 ingestion; no biological decision applied
PGCD	3pg_c + nad_c --> 3php_c + h_c + nadh_c		EHJ92567_1 or EHJ94456_1	EHJ94456_1	1.1.1.95;1.1.1.399			YES	COMPLETE_HIGH		AUDIT_NOT_RUN_PHASE1	N/A		HIGH	NO	AUTO_KEEP	Phase-1 ingestion; no biological decision applied
PGI	g6p_c <=> f6p_c		EHJ91241_1 or EHJ92152_1	EHJ92152_1 or EHJ91241_1	5.3.1.9			YES	COMPLETE_HIGH		AUDIT_NOT_RUN_PHASE1	N/A		HIGH	NO	AUTO_KEEP	Phase-1 ingestion; no biological decision applied
PGI1c	g6p_A_c <=> f6p_c		EHJ92152_1		5.3.1.9						AUDIT_NOT_RUN_PHASE1	N/A		MEDIUM	NO	KEEP_FLAGGED	Phase-1 ingestion; no biological decision applied
PGK	3pg_c + atp_c <=> 13dpg_c + adp_c		EHJ94200_1	EHJ94200_1	2.7.2.3			YES	COMPLETE_HIGH		AUDIT_NOT_RUN_PHASE1	N/A		HIGH	NO	AUTO_KEEP	Phase-1 ingestion; no biological decision applied
PGL	6pgl_c + h2o_c --> 6pgc_c + h_c		EHJ92136_1	EHJ92136_1	3.1.1.31			YES	COMPLETE_HIGH		AUDIT_NOT_RUN_PHASE1	N/A		HIGH	NO	AUTO_KEEP	Phase-1 ingestion; no biological decision applied
PGLCNDH	6p2dhglcn_c + nadph_c <=> 6pgc_c + 2.0 h_c + nadp_c		EHJ91212_1		1.1.1.43;1.1.1.79;1.1.1.81						AUDIT_NOT_RUN_PHASE1	N/A		MEDIUM	NO	KEEP_FLAGGED	Phase-1 ingestion; no biological decision applied
PGM	2pg_c <=> 3pg_c		EHJ92114_1 or EHJ94218_1	EHJ94218_1	5.4.2.1;5.4.2.11;5.4.2.12			YES	COMPLETE_HIGH		AUDIT_NOT_RUN_PHASE1	N/A		HIGH	NO	AUTO_KEEP	Phase-1 ingestion; no biological decision applied
PGMT	g1p_c <=> g6p_c		EHJ91166_1 or EHJ92492_1 or EHJ92796_1 or EHJ93803_1	EHJ93803_1	5.4.2.2;5.4.2.5;5.4.2.8;3.8.1.2			YES	COMPLETE_HIGH		AUDIT_NOT_RUN_PHASE1	N/A		HIGH	NO	AUTO_KEEP	Phase-1 ingestion; no biological decision applied
PGP120abcpp	atp_c + h2o_c + pgp120_c --> adp_c + h_c + pgp120_p + pi_c		EHJ91374_1 or EHJ94612_1								AUDIT_NOT_RUN_PHASE1	REVIEW		MEDIUM	NO	KEEP_FLAGGED	Phase-1 ingestion; no biological decision applied
PGP140abcpp	atp_c + h2o_c + pgp140_c --> adp_c + h_c + pgp140_p + pi_c		EHJ91374_1 or EHJ94612_1								AUDIT_NOT_RUN_PHASE1	REVIEW		MEDIUM	NO	KEEP_FLAGGED	Phase-1 ingestion; no biological decision applied
PGP141abcpp	atp_c + h2o_c + pgp141_c --> adp_c + h_c + pgp141_p + pi_c		EHJ91374_1 or EHJ94612_1								AUDIT_NOT_RUN_PHASE1	REVIEW		MEDIUM	NO	KEEP_FLAGGED	Phase-1 ingestion; no biological decision applied
PGP160abcpp	atp_c + h2o_c + pgp160_c --> adp_c + h_c + pgp160_p + pi_c		EHJ91374_1 or EHJ94612_1								AUDIT_NOT_RUN_PHASE1	REVIEW		MEDIUM	NO	KEEP_FLAGGED	Phase-1 ingestion; no biological decision applied
PGP161abcpp	atp_c + h2o_c + pgp161_c --> adp_c + h_c + pgp161_p + pi_c		EHJ91374_1 or EHJ94612_1								AUDIT_NOT_RUN_PHASE1	REVIEW		MEDIUM	NO	KEEP_FLAGGED	Phase-1 ingestion; no biological decision applied
PGP180abcpp	atp_c + h2o_c + pgp180_c --> adp_c + h_c + pgp180_p + pi_c		EHJ91374_1 or EHJ94612_1								AUDIT_NOT_RUN_PHASE1	REVIEW		MEDIUM	NO	KEEP_FLAGGED	Phase-1 ingestion; no biological decision applied
PGP181abcpp	atp_c + h2o_c + pgp181_c --> adp_c + h_c + pgp181_p + pi_c		EHJ91374_1 or EHJ94612_1								AUDIT_NOT_RUN_PHASE1	REVIEW		MEDIUM	NO	KEEP_FLAGGED	Phase-1 ingestion; no biological decision applied
PGPP120	h2o_c + pgp120_c --> pg120_c + pi_c		EHJ91122_1 or EHJ92661_1	EHJ91122_1	3.1.3.27			YES	COMPLETE_HIGH		AUDIT_NOT_RUN_PHASE1	N/A		HIGH	NO	AUTO_KEEP	Phase-1 ingestion; no biological decision applied
PGPP120pp	h2o_p + pgp120_p --> pg120_p + pi_p		EHJ91122_1 or EHJ92661_1		3.1.3.27						AUDIT_NOT_RUN_PHASE1	N/A		MEDIUM	NO	KEEP_FLAGGED	Phase-1 ingestion; no biological decision applied
PGPP140	h2o_c + pgp140_c --> pg140_c + pi_c		EHJ91122_1 or EHJ92661_1	EHJ91122_1	3.1.3.27			YES	COMPLETE_HIGH		AUDIT_NOT_RUN_PHASE1	N/A		HIGH	NO	AUTO_KEEP	Phase-1 ingestion; no biological decision applied
PGPP140pp	h2o_p + pgp140_p --> pg140_p + pi_p		EHJ91122_1 or EHJ92661_1		3.1.3.27						AUDIT_NOT_RUN_PHASE1	N/A		MEDIUM	NO	KEEP_FLAGGED	Phase-1 ingestion; no biological decision applied
PGPP141	h2o_c + pgp141_c --> pg141_c + pi_c		EHJ91122_1 or EHJ92661_1	EHJ91122_1	3.1.3.27			YES	COMPLETE_HIGH		AUDIT_NOT_RUN_PHASE1	N/A		HIGH	NO	AUTO_KEEP	Phase-1 ingestion; no biological decision applied
PGPP141pp	h2o_p + pgp141_p --> pg141_p + pi_p		EHJ91122_1 or EHJ92661_1		3.1.3.27						AUDIT_NOT_RUN_PHASE1	N/A		MEDIUM	NO	KEEP_FLAGGED	Phase-1 ingestion; no biological decision applied
PGPP160	h2o_c + pgp160_c --> pg160_c + pi_c		EHJ91122_1 or EHJ92661_1 or EHJ93986_1	EHJ91122_1	3.1.3.27;3.6.1.27			YES	COMPLETE_HIGH		AUDIT_NOT_RUN_PHASE1	N/A		HIGH	NO	AUTO_KEEP	Phase-1 ingestion; no biological decision applied
PGPP160pp	h2o_p + pgp160_p --> pg160_p + pi_p		EHJ91122_1 or EHJ92661_1		3.1.3.27						AUDIT_NOT_RUN_PHASE1	N/A		MEDIUM	NO	KEEP_FLAGGED	Phase-1 ingestion; no biological decision applied
PGPP161	h2o_c + pgp161_c --> pg161_c + pi_c		EHJ91122_1 or EHJ92661_1	EHJ91122_1	3.1.3.27			YES	COMPLETE_HIGH		AUDIT_NOT_RUN_PHASE1	N/A		HIGH	NO	AUTO_KEEP	Phase-1 ingestion; no biological decision applied
PGPP161pp	h2o_p + pgp161_p --> pg161_p + pi_p		EHJ91122_1 or EHJ92661_1		3.1.3.27						AUDIT_NOT_RUN_PHASE1	N/A		MEDIUM	NO	KEEP_FLAGGED	Phase-1 ingestion; no biological decision applied
PGPP180	h2o_c + pgp180_c --> pg180_c + pi_c		EHJ91122_1 or EHJ92661_1	EHJ91122_1	3.1.3.27			YES	COMPLETE_HIGH		AUDIT_NOT_RUN_PHASE1	N/A		HIGH	NO	AUTO_KEEP	Phase-1 ingestion; no biological decision applied
PGPP180pp	h2o_p + pgp180_p --> pg180_p + pi_p		EHJ91122_1 or EHJ92661_1		3.1.3.27						AUDIT_NOT_RUN_PHASE1	N/A		MEDIUM	NO	KEEP_FLAGGED	Phase-1 ingestion; no biological decision applied
PGPP181	h2o_c + pgp181_c --> pg181_c + pi_c		EHJ91122_1 or EHJ92661_1	EHJ91122_1	3.1.3.27			YES	COMPLETE_HIGH		AUDIT_NOT_RUN_PHASE1	N/A		HIGH	NO	AUTO_KEEP	Phase-1 ingestion; no biological decision applied
PGPP181pp	h2o_p + pgp181_p --> pg181_p + pi_p		EHJ91122_1 or EHJ92661_1		3.1.3.27						AUDIT_NOT_RUN_PHASE1	N/A		MEDIUM	NO	KEEP_FLAGGED	Phase-1 ingestion; no biological decision applied
PGSA120	cdpdddecg_c + glyc3p_c --> cmp_c + h_c + pgp120_c		EHJ92309_1	EHJ92309_1	2.7.8.5			YES	COMPLETE_HIGH		AUDIT_NOT_RUN_PHASE1	N/A		HIGH	NO	AUTO_KEEP	Phase-1 ingestion; no biological decision applied
PGSA140	cdpdtdecg_c + glyc3p_c --> cmp_c + h_c + pgp140_c		EHJ92309_1	EHJ92309_1	2.7.8.5			YES	COMPLETE_HIGH		AUDIT_NOT_RUN_PHASE1	N/A		HIGH	NO	AUTO_KEEP	Phase-1 ingestion; no biological decision applied
PGSA141	cdpdtdec7eg_c + glyc3p_c --> cmp_c + h_c + pgp141_c		EHJ92309_1	EHJ92309_1	2.7.8.5			YES	COMPLETE_HIGH		AUDIT_NOT_RUN_PHASE1	N/A		HIGH	NO	AUTO_KEEP	Phase-1 ingestion; no biological decision applied
PGSA160	cdpdhdecg_c + glyc3p_c --> cmp_c + h_c + pgp160_c		EHJ92309_1	EHJ92309_1	2.7.8.5			YES	COMPLETE_HIGH		AUDIT_NOT_RUN_PHASE1	N/A		HIGH	NO	AUTO_KEEP	Phase-1 ingestion; no biological decision applied
PGSA161	cdpdhdec9eg_c + glyc3p_c --> cmp_c + h_c + pgp161_c		EHJ92309_1	EHJ92309_1	2.7.8.5			YES	COMPLETE_HIGH		AUDIT_NOT_RUN_PHASE1	N/A		HIGH	NO	AUTO_KEEP	Phase-1 ingestion; no biological decision applied
PGSA180	cdpdodecg_c + glyc3p_c --> cmp_c + h_c + pgp180_c		EHJ92309_1	EHJ92309_1	2.7.8.5			YES	COMPLETE_HIGH		AUDIT_NOT_RUN_PHASE1	N/A		HIGH	NO	AUTO_KEEP	Phase-1 ingestion; no biological decision applied
PGSA181	cdpdodec11eg_c + glyc3p_c --> cmp_c + h_c + pgp181_c		EHJ92309_1	EHJ92309_1	2.7.8.5			YES	COMPLETE_HIGH		AUDIT_NOT_RUN_PHASE1	N/A		HIGH	NO	AUTO_KEEP	Phase-1 ingestion; no biological decision applied
PHACOAOR	h2_c + o2_c + phaccoa_c --> 2dhphaccoa_c										AUDIT_NOT_RUN_PHASE1	N/A		LOW	NO	REVIEW	Phase-1 ingestion; no biological decision applied
PHCD	1p3h5c_c + 2.0 h2o_c + nad_c --> e4hglu_c + h_c + nadh_c		EHJ92181_1		1.2.1.88;1.5.1.-;1.5.1.12;1.5.5.2						AUDIT_NOT_RUN_PHASE1	N/A		MEDIUM	NO	KEEP_FLAGGED	Phase-1 ingestion; no biological decision applied
PHCHGS	1p3h5c_c + h2o_c + h_c <-- 4hglusa_c										AUDIT_NOT_RUN_PHASE1	N/A		LOW	NO	REVIEW	Phase-1 ingestion; no biological decision applied
PHEDCAtexi	phedca_e --> phedca_p										AUDIT_NOT_RUN_PHASE1	REVIEW		LOW	NO	REVIEW	Phase-1 ingestion; no biological decision applied
PHEHPAtexi	phehpa_e --> phehpa_p										AUDIT_NOT_RUN_PHASE1	REVIEW		LOW	NO	REVIEW	Phase-1 ingestion; no biological decision applied
PHEHXAtexi	phehxa_e --> phehxa_p										AUDIT_NOT_RUN_PHASE1	REVIEW		LOW	NO	REVIEW	Phase-1 ingestion; no biological decision applied
PHEME2abcpp	atp_c + h2o_c + pheme_p --> adp_c + h_c + pheme_c + pi_c		EHJ92110_1 and EHJ93990_1 and EHJ94654_1 and EHJ94657_1								AUDIT_NOT_RUN_PHASE1	REVIEW		MEDIUM	NO	KEEP_FLAGGED	Phase-1 ingestion; no biological decision applied
PHEMEabcpp	atp_c + h2o_c + pheme_c --> adp_c + h_c + pheme_p + pi_c		EHJ93557_1 or EHJ93558_1 or (EHJ93557_1 and EHJ93558_1) or (EHJ93554_1 and EHJ93555_1 and EHJ93558_1) or (EHJ93556_1 and EHJ93557_1 and EHJ93558_1)		3.6.3.41						AUDIT_NOT_RUN_PHASE1	REVIEW		MEDIUM	NO	KEEP_FLAGGED	Phase-1 ingestion; no biological decision applied
PHEMEtonex	h_p + pheme_e --> h_c + pheme_p		EHJ91416_1 and EHJ91733_1 and EHJ94659_1								AUDIT_NOT_RUN_PHASE1	REVIEW		MEDIUM	NO	KEEP_FLAGGED	Phase-1 ingestion; no biological decision applied
PHENONAtexi	phenona_e --> phenona_p										AUDIT_NOT_RUN_PHASE1	REVIEW		LOW	NO	REVIEW	Phase-1 ingestion; no biological decision applied
PHEOCTAtexi	pheocta_e --> pheocta_p										AUDIT_NOT_RUN_PHASE1	REVIEW		LOW	NO	REVIEW	Phase-1 ingestion; no biological decision applied
PHEOR	o2_c + phe__L_c --> co2_c + h2o_c + pad_c										AUDIT_NOT_RUN_PHASE1	N/A		LOW	NO	REVIEW	Phase-1 ingestion; no biological decision applied
PHEPTtexi	phept_e --> phept_p										AUDIT_NOT_RUN_PHASE1	REVIEW		LOW	NO	REVIEW	Phase-1 ingestion; no biological decision applied
PHETA1	akg_c + phe__L_c <=> glu__L_c + phpyr_c		EHJ91182_1 or EHJ91945_1 or EHJ93032_1 or EHJ93631_1 or EHJ93872_1	EHJ91945_1	2.6.1.1;2.6.1.5;2.6.1.57;2.6.1.9			YES	COMPLETE_HIGH		AUDIT_NOT_RUN_PHASE1	N/A		HIGH	NO	AUTO_KEEP	Phase-1 ingestion; no biological decision applied
PHETHPTOX3	o2_c + phe__L_c + thmnp_c --> dhmpt_c + h2o_c + tyr__L_c		EHJ91944_1		4.2.1.96						AUDIT_NOT_RUN_PHASE1	N/A		MEDIUM	NO	KEEP_FLAGGED	Phase-1 ingestion; no biological decision applied
PHEtex	phe__L_e <=> phe__L_p			[UNRESOLVED:Csal_2569]				NO	NO_MAPPING		AUDIT_NOT_RUN_PHASE1	REVIEW		LOW	NO	REVIEW	Phase-1 ingestion; no biological decision applied
PIabc	atp_c + h2o_c + pi_e --> adp_c + h_c + 2.0 pi_c		EHJ92282_1 or EHJ92285_1 or EHJ93537_1 or EHJ94351_1 or (EHJ92282_1 and EHJ92283_1 and EHJ92284_1)		3.6.3.27						AUDIT_NOT_RUN_PHASE1	REVIEW		MEDIUM	NO	KEEP_FLAGGED	Phase-1 ingestion; no biological decision applied
PIt2r	h_e + pi_e <=> h_c + pi_c		EHJ93537_1								AUDIT_NOT_RUN_PHASE1	REVIEW		MEDIUM	NO	KEEP_FLAGGED	Phase-1 ingestion; no biological decision applied
PIt7	3.0 na1_e + pi_e <=> 3.0 na1_c + pi_c										AUDIT_NOT_RUN_PHASE1	REVIEW		LOW	NO	REVIEW	Phase-1 ingestion; no biological decision applied
PItex	pi_e <=> pi_p										AUDIT_NOT_RUN_PHASE1	REVIEW		LOW	NO	REVIEW	Phase-1 ingestion; no biological decision applied
PIuabcpp	atp_c + h2o_c + pi_p --> adp_c + h_c + 2.0 pi_c		EHJ92282_1 or (EHJ94351_1 and EHJ94352_1 and EHJ94353_1 and EHJ94354_1)	EHJ92285_1 and EHJ92284_1 and EHJ92283_1 and EHJ92282_1	3.6.3.27			YES	COMPLETE_HIGH		AUDIT_NOT_RUN_PHASE1	REVIEW		HIGH	NO	AUTO_KEEP	Phase-1 ingestion; no biological decision applied
PLIPA1E120pp	h2o_p + pe120_p --> 2agpe120_p + ddca_p + h_p		EHJ92356_1		3.1.1.32;3.1.1.4						AUDIT_NOT_RUN_PHASE1	N/A		MEDIUM	NO	KEEP_FLAGGED	Phase-1 ingestion; no biological decision applied
PLIPA1E140pp	h2o_p + pe140_p --> 2agpe140_p + h_p + ttdca_p		EHJ92356_1		3.1.1.32;3.1.1.4						AUDIT_NOT_RUN_PHASE1	N/A		MEDIUM	NO	KEEP_FLAGGED	Phase-1 ingestion; no biological decision applied
PLIPA1E141pp	h2o_p + pe141_p --> 2agpe141_p + h_p + ttdcea_p		EHJ92356_1		3.1.1.32;3.1.1.4						AUDIT_NOT_RUN_PHASE1	N/A		MEDIUM	NO	KEEP_FLAGGED	Phase-1 ingestion; no biological decision applied
PLIPA1E160pp	h2o_p + pe160_p --> 2agpe160_p + h_p + hdca_p		EHJ92356_1		3.1.1.32;3.1.1.4						AUDIT_NOT_RUN_PHASE1	N/A		MEDIUM	NO	KEEP_FLAGGED	Phase-1 ingestion; no biological decision applied
PLIPA1E161pp	h2o_p + pe161_p --> 2agpe161_p + h_p + hdcea_p		EHJ92356_1		3.1.1.32;3.1.1.4						AUDIT_NOT_RUN_PHASE1	N/A		MEDIUM	NO	KEEP_FLAGGED	Phase-1 ingestion; no biological decision applied
PLIPA1E180pp	h2o_p + pe180_p --> 2agpe180_p + h_p + ocdca_p		EHJ92356_1		3.1.1.32;3.1.1.4						AUDIT_NOT_RUN_PHASE1	N/A		MEDIUM	NO	KEEP_FLAGGED	Phase-1 ingestion; no biological decision applied
PLIPA1E181pp	h2o_p + pe181_p --> 2agpe181_p + h_p + ocdcea_p		EHJ92356_1		3.1.1.32;3.1.1.4						AUDIT_NOT_RUN_PHASE1	N/A		MEDIUM	NO	KEEP_FLAGGED	Phase-1 ingestion; no biological decision applied
PLIPA1G120pp	h2o_p + pg120_p --> 2agpg120_p + ddca_p + h_p		EHJ92356_1		3.1.1.32;3.1.1.4						AUDIT_NOT_RUN_PHASE1	N/A		MEDIUM	NO	KEEP_FLAGGED	Phase-1 ingestion; no biological decision applied
PLIPA1G140pp	h2o_p + pg140_p --> 2agpg140_p + h_p + ttdca_p		EHJ92356_1		3.1.1.32;3.1.1.4						AUDIT_NOT_RUN_PHASE1	N/A		MEDIUM	NO	KEEP_FLAGGED	Phase-1 ingestion; no biological decision applied
PLIPA1G141pp	h2o_p + pg141_p --> 2agpg141_p + h_p + ttdcea_p		EHJ92356_1		3.1.1.32;3.1.1.4						AUDIT_NOT_RUN_PHASE1	N/A		MEDIUM	NO	KEEP_FLAGGED	Phase-1 ingestion; no biological decision applied
PLIPA1G160pp	h2o_p + pg160_p --> 2agpg160_p + h_p + hdca_p		EHJ92356_1		3.1.1.32;3.1.1.4						AUDIT_NOT_RUN_PHASE1	N/A		MEDIUM	NO	KEEP_FLAGGED	Phase-1 ingestion; no biological decision applied
PLIPA1G161pp	h2o_p + pg161_p --> 2agpg161_p + h_p + hdcea_p		EHJ92356_1		3.1.1.32;3.1.1.4						AUDIT_NOT_RUN_PHASE1	N/A		MEDIUM	NO	KEEP_FLAGGED	Phase-1 ingestion; no biological decision applied
PLIPA1G180pp	h2o_p + pg180_p --> 2agpg180_p + h_p + ocdca_p		EHJ92356_1		3.1.1.32;3.1.1.4						AUDIT_NOT_RUN_PHASE1	N/A		MEDIUM	NO	KEEP_FLAGGED	Phase-1 ingestion; no biological decision applied
PLIPA1G181pp	h2o_p + pg181_p --> 2agpg181_p + h_p + ocdcea_p		EHJ92356_1		3.1.1.32;3.1.1.4						AUDIT_NOT_RUN_PHASE1	N/A		MEDIUM	NO	KEEP_FLAGGED	Phase-1 ingestion; no biological decision applied
PLIPA2A120pp	h2o_p + pa120_p --> 1ddecg3p_p + ddca_p + h_p		EHJ92356_1		3.1.1.4;3.1.1.32						AUDIT_NOT_RUN_PHASE1	N/A		MEDIUM	NO	KEEP_FLAGGED	Phase-1 ingestion; no biological decision applied
PLIPA2A141pp	h2o_p + pa141_p --> 1tdec7eg3p_p + h_p + ttdcea_p		EHJ92356_1		3.1.1.4;3.1.1.32						AUDIT_NOT_RUN_PHASE1	N/A		MEDIUM	NO	KEEP_FLAGGED	Phase-1 ingestion; no biological decision applied
PLIPA2A161pp	h2o_p + pa161_p --> 1hdec9eg3p_p + h_p + hdcea_p		EHJ92356_1		3.1.1.32;3.1.1.4						AUDIT_NOT_RUN_PHASE1	N/A		MEDIUM	NO	KEEP_FLAGGED	Phase-1 ingestion; no biological decision applied
PLIPA2E120pp	h2o_p + pe120_p --> 1agpe120_p + ddca_p + h_p		EHJ92356_1		3.1.1.32;3.1.1.4						AUDIT_NOT_RUN_PHASE1	N/A		MEDIUM	NO	KEEP_FLAGGED	Phase-1 ingestion; no biological decision applied
PLIPA2E141pp	h2o_p + pe141_p --> 1agpe141_p + h_p + ttdcea_p		EHJ92356_1		3.1.1.32;3.1.1.4						AUDIT_NOT_RUN_PHASE1	N/A		MEDIUM	NO	KEEP_FLAGGED	Phase-1 ingestion; no biological decision applied
PLIPA2E161pp	h2o_p + pe161_p --> 1agpe161_p + h_p + hdcea_p		EHJ92356_1		3.1.1.32;3.1.1.4						AUDIT_NOT_RUN_PHASE1	N/A		MEDIUM	NO	KEEP_FLAGGED	Phase-1 ingestion; no biological decision applied
PLIPA2G161pp	h2o_p + pg161_p --> 1agpg161_p + h_p + hdcea_p		EHJ92356_1		3.1.1.32;3.1.1.4						AUDIT_NOT_RUN_PHASE1	N/A		MEDIUM	NO	KEEP_FLAGGED	Phase-1 ingestion; no biological decision applied
PMANM	man1p_c <=> man6p_c		EHJ93803_1	EHJ93803_1	5.4.2.8			YES	COMPLETE_HIGH		AUDIT_NOT_RUN_PHASE1	N/A		HIGH	NO	AUTO_KEEP	Phase-1 ingestion; no biological decision applied
PMDPHT	5aprbu_c + h2o_c --> 4r5au_c + pi_c		EHJ91295_1 or EHJ93688_1 or EHJ94377_1		3.1.3.-;3.1.3.104;2.7.11.5						AUDIT_NOT_RUN_PHASE1	N/A		MEDIUM	NO	KEEP_FLAGGED	Phase-1 ingestion; no biological decision applied
PMPK	4ampm_c + atp_c --> 2mahmp_c + adp_c		EHJ94266_1 or EHJ94386_1	EHJ94386_1	2.7.4.7;2.7.1.49			YES	COMPLETE_HIGH		AUDIT_NOT_RUN_PHASE1	N/A		HIGH	NO	AUTO_KEEP	Phase-1 ingestion; no biological decision applied
PNTK	atp_c + pnto__R_c --> 4ppan_c + adp_c + h_c		EHJ94084_1	EHJ94084_1	2.7.1.33			YES	COMPLETE_HIGH		AUDIT_NOT_RUN_PHASE1	N/A		HIGH	NO	AUTO_KEEP	Phase-1 ingestion; no biological decision applied
PNTOt4pp	na1_p + pnto__R_p --> na1_c + pnto__R_c		EHJ94617_1								AUDIT_NOT_RUN_PHASE1	REVIEW		MEDIUM	NO	KEEP_FLAGGED	Phase-1 ingestion; no biological decision applied
PNTOtex	pnto__R_e <=> pnto__R_p										AUDIT_NOT_RUN_PHASE1	REVIEW		LOW	NO	REVIEW	Phase-1 ingestion; no biological decision applied
POR_syn	coa_c + 2.0 fdxo_2_2_c + pyr_c --> accoa_c + co2_c + 2.0 fdxrd_c + h_c				1.2.7.1;1.2.7.11						AUDIT_NOT_RUN_PHASE1	N/A		LOW	NO	REVIEW	Phase-1 ingestion; no biological decision applied
POX	h2o_c + pyr_c + q8_c --> ac_c + co2_c + q8h2_c										AUDIT_NOT_RUN_PHASE1	N/A		LOW	NO	REVIEW	Phase-1 ingestion; no biological decision applied
PPA	h2o_c + ppi_c --> h_c + 2.0 pi_c		EHJ91604_1 or EHJ92757_1 or EHJ93766_1	EHJ91604_1	3.6.1.1;3.1.3.5;3.6.1.11			YES	COMPLETE_HIGH		AUDIT_NOT_RUN_PHASE1	N/A		HIGH	NO	AUTO_KEEP	Phase-1 ingestion; no biological decision applied
PPA2	h2o_c + pppi_c --> h_c + pi_c + ppi_c		EHJ93766_1	EHJ93766_1	3.6.1.25;3.6.1.11			YES	COMPLETE_HIGH		AUDIT_NOT_RUN_PHASE1	N/A		HIGH	NO	AUTO_KEEP	Phase-1 ingestion; no biological decision applied
PPAKr	adp_c + ppap_c <=> atp_c + ppa_c		EHJ91549_1 or EHJ93308_1		2.7.2.15;2.7.2.1						AUDIT_NOT_RUN_PHASE1	N/A		MEDIUM	NO	KEEP_FLAGGED	Phase-1 ingestion; no biological decision applied
PPAt2pp	h_p + ppa_p --> h_c + ppa_c										AUDIT_NOT_RUN_PHASE1	REVIEW		LOW	NO	REVIEW	Phase-1 ingestion; no biological decision applied
PPAt4pp	na1_p + ppa_p --> na1_c + ppa_c			EHJ92180_1				YES	COMPLETE_HIGH		AUDIT_NOT_RUN_PHASE1	REVIEW		LOW	NO	REVIEW	Phase-1 ingestion; no biological decision applied
PPAtex	ppa_e <=> ppa_p			[UNRESOLVED:Csal_2569]				NO	NO_MAPPING		AUDIT_NOT_RUN_PHASE1	REVIEW		LOW	NO	REVIEW	Phase-1 ingestion; no biological decision applied
PPBNGS	2.0 5aop_c --> 2.0 h2o_c + h_c + ppbng_c		EHJ92955_1	EHJ92955_1	4.2.1.24			YES	COMPLETE_HIGH		AUDIT_NOT_RUN_PHASE1	N/A		HIGH	NO	AUTO_KEEP	Phase-1 ingestion; no biological decision applied
PPC	co2_c + h2o_c + pep_c --> h_c + oaa_c + pi_c		EHJ91441_1	EHJ91441_1	4.1.1.31			YES	COMPLETE_HIGH		AUDIT_NOT_RUN_PHASE1	N/A		HIGH	NO	AUTO_KEEP	Phase-1 ingestion; no biological decision applied
PPCDC	4ppcys_c + h_c --> co2_c + pan4p_c		EHJ93801_1	EHJ93801_1	4.1.1.36;6.3.2.5			YES	COMPLETE_HIGH		AUDIT_NOT_RUN_PHASE1	N/A		HIGH	NO	AUTO_KEEP	Phase-1 ingestion; no biological decision applied
PPCK	atp_c + oaa_c --> adp_c + co2_c + pep_c		EHJ91134_1	EHJ91134_1	4.1.1.49			YES	COMPLETE_HIGH		AUDIT_NOT_RUN_PHASE1	N/A		HIGH	NO	AUTO_KEEP	Phase-1 ingestion; no biological decision applied
PPGPPDP	h2o_c + ppgpp_c --> gdp_c + ppi_c		EHJ94332_1	EHJ94332_1	3.1.7.2			YES	COMPLETE_HIGH		AUDIT_NOT_RUN_PHASE1	N/A		HIGH	NO	AUTO_KEEP	Phase-1 ingestion; no biological decision applied
PPIabc	atp_c + h2o_c + ppi_e --> adp_c + h_c + pi_c + ppi_c										AUDIT_NOT_RUN_PHASE1	REVIEW		LOW	NO	REVIEW	Phase-1 ingestion; no biological decision applied
PPItex_1	ppi_e <=> ppi_p										AUDIT_NOT_RUN_PHASE1	REVIEW		LOW	NO	REVIEW	Phase-1 ingestion; no biological decision applied
PPIuabcpp	atp_c + h2o_c + ppi_p --> adp_c + h_c + pi_c + ppi_c		EHJ94351_1 and EHJ94352_1 and EHJ94353_1 and EHJ94354_1								AUDIT_NOT_RUN_PHASE1	REVIEW		MEDIUM	NO	KEEP_FLAGGED	Phase-1 ingestion; no biological decision applied
PPK	atp_c + pi_c --> adp_c + ppi_c		EHJ92956_1	EHJ92956_1	2.7.4.1			YES	COMPLETE_HIGH		AUDIT_NOT_RUN_PHASE1	N/A		HIGH	NO	AUTO_KEEP	Phase-1 ingestion; no biological decision applied
PPK2	atp_c + ppi_c <=> adp_c + pppi_c		EHJ92956_1	[UNRESOLVED:FF32_02575]	2.7.4.1			NO	NO_MAPPING		AUDIT_NOT_RUN_PHASE1	N/A		MEDIUM	NO	KEEP_FLAGGED	Phase-1 ingestion; no biological decision applied
PPK50_B	47.0 gdp_c + ppi50_c --> 47.0 gtp_c + pppi_c		EHJ92956_1		2.7.4.1						AUDIT_NOT_RUN_PHASE1	N/A		MEDIUM	NO	KEEP_FLAGGED	Phase-1 ingestion; no biological decision applied
PPK50r	47.0 atp_c + pppi_c <=> 47.0 adp_c + ppi50_c		EHJ92956_1		2.7.4.1						AUDIT_NOT_RUN_PHASE1	N/A		MEDIUM	NO	KEEP_FLAGGED	Phase-1 ingestion; no biological decision applied
PPM	r1p_c <=> r5p_c		EHJ93321_1 or EHJ93803_1	EHJ93321_1 or EHJ93803_1	5.4.2.-;5.4.2.2;5.4.2.7;5.4.2.8			YES	COMPLETE_HIGH		AUDIT_NOT_RUN_PHASE1	N/A		HIGH	NO	AUTO_KEEP	Phase-1 ingestion; no biological decision applied
PPM2	2dr1p_c <=> 2dr5p_c		EHJ93321_1	EHJ93321_1	5.4.2.7			YES	COMPLETE_HIGH		AUDIT_NOT_RUN_PHASE1	N/A		HIGH	NO	AUTO_KEEP	Phase-1 ingestion; no biological decision applied
PPNCL2	4ppan_c + ctp_c + cys__L_c --> 4ppcys_c + cmp_c + h_c + ppi_c		EHJ93801_1	EHJ93801_1	6.3.2.5;4.1.1.36			YES	COMPLETE_HIGH		AUDIT_NOT_RUN_PHASE1	N/A		HIGH	NO	AUTO_KEEP	Phase-1 ingestion; no biological decision applied
PPND	nad_c + pphn_c --> 34hpp_c + co2_c + nadh_c		EHJ91632_1 or EHJ92809_1	EHJ91632_1	1.3.1.12;2.5.1.19			YES	COMPLETE_HIGH		AUDIT_NOT_RUN_PHASE1	N/A		HIGH	NO	AUTO_KEEP	Phase-1 ingestion; no biological decision applied
PPNDH	h_c + pphn_c --> co2_c + h2o_c + phpyr_c		EHJ91631_1	EHJ91631_1	4.2.1.51;4.2.1.91;5.4.99.5			YES	COMPLETE_HIGH		AUDIT_NOT_RUN_PHASE1	N/A		HIGH	NO	AUTO_KEEP	Phase-1 ingestion; no biological decision applied
PPNDH2	fad_c + ppcoa_c <-- fadh2_c + prpncoa_c		EHJ92578_1 or EHJ94644_1		1.2.1.27						AUDIT_NOT_RUN_PHASE1	N/A		MEDIUM	NO	KEEP_FLAGGED	Phase-1 ingestion; no biological decision applied
PPOHt2pp	h_p + ppoh_p --> h_c + ppoh_c										AUDIT_NOT_RUN_PHASE1	REVIEW		LOW	NO	REVIEW	Phase-1 ingestion; no biological decision applied
PPOHtex	ppoh_e <=> ppoh_p										AUDIT_NOT_RUN_PHASE1	REVIEW		LOW	NO	REVIEW	Phase-1 ingestion; no biological decision applied
PPPGO	1.5 o2_c + pppg9_c --> 3.0 h2o_c + ppp9_c		EHJ94267_1 or EHJ94364_1		1.3.3.4;1.3.99.-						AUDIT_NOT_RUN_PHASE1	N/A		MEDIUM	NO	KEEP_FLAGGED	Phase-1 ingestion; no biological decision applied
PPS	atp_c + h2o_c + pyr_c --> amp_c + 2.0 h_c + pep_c + pi_c		EHJ91908_1	EHJ91908_1	2.7.9.2			YES	COMPLETE_HIGH		AUDIT_NOT_RUN_PHASE1	N/A		HIGH	NO	AUTO_KEEP	Phase-1 ingestion; no biological decision applied
PRAGSr	atp_c + gly_c + pram_c <=> adp_c + gar_c + h_c + pi_c		EHJ92401_1	EHJ92401_1	6.3.4.13			YES	COMPLETE_HIGH		AUDIT_NOT_RUN_PHASE1	N/A		HIGH	NO	AUTO_KEEP	Phase-1 ingestion; no biological decision applied
PRAIS	atp_c + fpram_c --> adp_c + air_c + h_c + pi_c		EHJ91937_1	EHJ91937_1	6.3.3.1			YES	COMPLETE_HIGH		AUDIT_NOT_RUN_PHASE1	N/A		HIGH	NO	AUTO_KEEP	Phase-1 ingestion; no biological decision applied
PRAIi	pran_c --> 2cpr5p_c			[UNRESOLVED:HB_MODEL_ID:EHJ91959_1]	5.3.1.24			NO	COMPLETE_HIGH		AUDIT_NOT_RUN_PHASE1	N/A		LOW	NO	REVIEW	Phase-1 ingestion; no biological decision applied
PRAMPC	h2o_c + prbamp_c --> prfp_c		EHJ91760_1 or EHJ93505_1	EHJ91760_1	3.5.4.19			YES	COMPLETE_HIGH		AUDIT_NOT_RUN_PHASE1	N/A		HIGH	NO	AUTO_KEEP	Phase-1 ingestion; no biological decision applied
PRASCSi	5aizc_c + asp__L_c + atp_c --> 25aics_c + adp_c + h_c + pi_c		EHJ92920_1	EHJ92920_1	6.3.2.6			YES	COMPLETE_HIGH		AUDIT_NOT_RUN_PHASE1	N/A		HIGH	NO	AUTO_KEEP	Phase-1 ingestion; no biological decision applied
PRATPP	h2o_c + prbatp_c --> h_c + ppi_c + prbamp_c		EHJ91760_1 or EHJ92950_1 or EHJ93505_1	EHJ92950_1	3.6.1.31;3.5.4.19			YES	COMPLETE_HIGH		AUDIT_NOT_RUN_PHASE1	N/A		HIGH	NO	AUTO_KEEP	Phase-1 ingestion; no biological decision applied
PRFGS	atp_c + fgam_c + gln__L_c + h2o_c --> adp_c + fpram_c + glu__L_c + 2.0 h_c + pi_c		EHJ92563_1 or EHJ92935_1	EHJ92935_1	6.3.5.3			YES	COMPLETE_HIGH		AUDIT_NOT_RUN_PHASE1	N/A		HIGH	NO	AUTO_KEEP	Phase-1 ingestion; no biological decision applied
PRMICI	prfp_c <=> prlp_c		EHJ93023_1	EHJ93023_1	5.3.1.16			YES	COMPLETE_HIGH		AUDIT_NOT_RUN_PHASE1	N/A		HIGH	NO	AUTO_KEEP	Phase-1 ingestion; no biological decision applied
PROD2	fad_c + pro__L_c --> 1pyr5c_c + fadh2_c + h_c		EHJ92181_1	[UNRESOLVED:HB_MODEL_ID:EHJ92179_1]	1.5.-.-;1.5.99.8;1.2.1.88;1.5.5.2			NO	COMPLETE_HIGH		AUDIT_NOT_RUN_PHASE1	N/A		HIGH	NO	AUTO_KEEP	Phase-1 ingestion; no biological decision applied
PROD3	pro__L_c + q8_c --> 1pyr5c_c + h_c + q8h2_c		EHJ92181_1		1.2.1.88;1.5.5.2						AUDIT_NOT_RUN_PHASE1	N/A		MEDIUM	NO	KEEP_FLAGGED	Phase-1 ingestion; no biological decision applied
PROGLYabcpp	atp_c + h2o_c + progly_p --> adp_c + h_c + pi_c + progly_c		(EHJ92037_1 and EHJ93725_1) or (EHJ92036_1 and EHJ92037_1 and EHJ93626_1 and EHJ93627_1) or (EHJ92037_1 and EHJ92038_1 and EHJ93626_1 and EHJ93627_1) or (EHJ92037_1 and EHJ92038_1 and EHJ93627_1 and EHJ93628_1) or (EHJ92037_1 and EHJ93626_1 and EHJ93627_1 and EHJ93725_1) or (EHJ92037_1 and EHJ92038_1 and EHJ93626_1 and EHJ93627_1 and EHJ93628_1)	EHJ91817_1				YES	COMPLETE_HIGH		AUDIT_NOT_RUN_PHASE1	REVIEW		HIGH	NO	AUTO_KEEP	Phase-1 ingestion; no biological decision applied
PROGLYtex	progly_e <=> progly_p			[UNRESOLVED:Csal_2569]				NO	NO_MAPPING		AUDIT_NOT_RUN_PHASE1	REVIEW		LOW	NO	REVIEW	Phase-1 ingestion; no biological decision applied
PROHISGLUtr	atp_c + h2o_c + prohisglu_e --> adp_c + h_c + pi_c + prohisglu_c										AUDIT_NOT_RUN_PHASE1	REVIEW		LOW	NO	REVIEW	Phase-1 ingestion; no biological decision applied
PROR	pro__L_c <=> h_c + pro__D_c										AUDIT_NOT_RUN_PHASE1	N/A		LOW	NO	REVIEW	Phase-1 ingestion; no biological decision applied
PROabc	atp_c + h2o_c + pro__L_e --> adp_c + h_c + pi_c + pro__L_c		EHJ91186_1 or EHJ93254_1 or EHJ94273_1 or EHJ94931_1 or (EHJ92713_1 and EHJ92714_1) or (EHJ92713_1 and EHJ92714_1 and EHJ92715_1)								AUDIT_NOT_RUN_PHASE1	REVIEW		MEDIUM	NO	KEEP_FLAGGED	Phase-1 ingestion; no biological decision applied
PROabcpp	atp_c + h2o_c + pro__L_p --> adp_c + h_c + pi_c + pro__L_c		EHJ91228_1 or (EHJ94442_1 and EHJ94443_1 and EHJ94444_1 and EHJ94445_1) or (EHJ94088_1 and EHJ94089_1 and EHJ94090_1 and EHJ94091_1 and EHJ94093_1)	(EHJ94929_1 and EHJ94930_1 and [UNRESOLVED:Csal_2002]) or (EHJ94445_1 and [UNRESOLVED:Csal_0121] and EHJ94443_1 and EHJ94442_1) or ([UNRESOLVED:Csal_1901] and EHJ92714_1 and EHJ92713_1)				NO	PARTIAL		AUDIT_NOT_RUN_PHASE1	REVIEW		MEDIUM	NO	KEEP_FLAGGED	Phase-1 ingestion; no biological decision applied
PROt2r	h_e + pro__L_e <=> h_c + pro__L_c										AUDIT_NOT_RUN_PHASE1	REVIEW		LOW	NO	REVIEW	Phase-1 ingestion; no biological decision applied
PROt4	na1_e + pro__L_e --> na1_c + pro__L_c		EHJ92180_1								AUDIT_NOT_RUN_PHASE1	REVIEW		MEDIUM	NO	KEEP_FLAGGED	Phase-1 ingestion; no biological decision applied
PROt4pp	na1_p + pro__L_p --> na1_c + pro__L_c		EHJ92180_1	EHJ92180_1				YES	COMPLETE_HIGH		AUDIT_NOT_RUN_PHASE1	REVIEW		HIGH	NO	AUTO_KEEP	Phase-1 ingestion; no biological decision applied
PROtex	pro__L_e <=> pro__L_p			[UNRESOLVED:Csal_2569]				NO	NO_MAPPING		AUDIT_NOT_RUN_PHASE1	REVIEW		LOW	NO	REVIEW	Phase-1 ingestion; no biological decision applied
PRPPS	atp_c + r5p_c <=> amp_c + h_c + prpp_c		EHJ92541_1	EHJ92541_1	2.7.6.1			YES	COMPLETE_HIGH		AUDIT_NOT_RUN_PHASE1	N/A		HIGH	NO	AUTO_KEEP	Phase-1 ingestion; no biological decision applied
PSCVT	pep_c + skm5p_c <=> 3psme_c + pi_c			EHJ91632_1	2.5.1.19			YES	COMPLETE_HIGH		AUDIT_NOT_RUN_PHASE1	N/A		LOW	NO	REVIEW	Phase-1 ingestion; no biological decision applied
PSD120	h_c + ps120_c --> co2_c + pe120_c		EHJ91267_1	EHJ91267_1	4.1.1.65			YES	COMPLETE_HIGH		AUDIT_NOT_RUN_PHASE1	N/A		HIGH	NO	AUTO_KEEP	Phase-1 ingestion; no biological decision applied
PSD141	h_c + ps141_c --> co2_c + pe141_c		EHJ91267_1	EHJ91267_1	4.1.1.65			YES	COMPLETE_HIGH		AUDIT_NOT_RUN_PHASE1	N/A		HIGH	NO	AUTO_KEEP	Phase-1 ingestion; no biological decision applied
PSD161	h_c + ps161_c --> co2_c + pe161_c		EHJ91267_1	EHJ91267_1	4.1.1.65			YES	COMPLETE_HIGH		AUDIT_NOT_RUN_PHASE1	N/A		HIGH	NO	AUTO_KEEP	Phase-1 ingestion; no biological decision applied
PSERT	3php_c + glu__L_c --> akg_c + pser__L_c		EHJ91630_1	EHJ91630_1	2.6.1.52			YES	COMPLETE_HIGH		AUDIT_NOT_RUN_PHASE1	N/A		HIGH	NO	AUTO_KEEP	Phase-1 ingestion; no biological decision applied
PSP_L	h2o_c + pser__L_c --> pi_c + ser__L_c		EHJ91130_1 or EHJ91155_1 or EHJ91245_1	EHJ91245_1	3.1.3.3;3.1.3.15			YES	COMPLETE_HIGH		AUDIT_NOT_RUN_PHASE1	N/A		HIGH	NO	AUTO_KEEP	Phase-1 ingestion; no biological decision applied
PSSA120	cdpdddecg_c + ser__L_c --> cmp_c + h_c + ps120_c		EHJ93033_1	EHJ93033_1	2.7.8.8			YES	COMPLETE_HIGH		AUDIT_NOT_RUN_PHASE1	N/A		HIGH	NO	AUTO_KEEP	Phase-1 ingestion; no biological decision applied
PSSA141	cdpdtdec7eg_c + ser__L_c --> cmp_c + h_c + ps141_c		EHJ93033_1	EHJ93033_1	2.7.8.8			YES	COMPLETE_HIGH		AUDIT_NOT_RUN_PHASE1	N/A		HIGH	NO	AUTO_KEEP	Phase-1 ingestion; no biological decision applied
PSSA161	cdpdhdec9eg_c + ser__L_c --> cmp_c + h_c + ps161_c		EHJ93033_1	EHJ93033_1	2.7.8.8			YES	COMPLETE_HIGH		AUDIT_NOT_RUN_PHASE1	N/A		HIGH	NO	AUTO_KEEP	Phase-1 ingestion; no biological decision applied
PSUDS	r5p_c + ura_c --> h2o_c + psd5p_c		EHJ93038_1								AUDIT_NOT_RUN_PHASE1	N/A		MEDIUM	NO	KEEP_FLAGGED	Phase-1 ingestion; no biological decision applied
PTA2	pi_c + ppcoa_c --> coa_c + ppap_c		EHJ93309_1	[UNRESOLVED:FF32_10635] or [UNRESOLVED:FF32_16260]	2.3.1.222;2.3.1.8			NO	NO_MAPPING		AUDIT_NOT_RUN_PHASE1	N/A		MEDIUM	NO	KEEP_FLAGGED	Phase-1 ingestion; no biological decision applied
PTAr	accoa_c + pi_c <=> actp_c + coa_c		EHJ91550_1 or EHJ93309_1	[UNRESOLVED:FF32_10635] or [UNRESOLVED:FF32_16260]	2.3.1.8			NO	NO_MAPPING		AUDIT_NOT_RUN_PHASE1	N/A		MEDIUM	NO	KEEP_FLAGGED	Phase-1 ingestion; no biological decision applied
PTAtex	pta_e <=> pta_p										AUDIT_NOT_RUN_PHASE1	REVIEW		LOW	NO	REVIEW	Phase-1 ingestion; no biological decision applied
PTHRP	h2o_c + thrp_c --> pi_c + thr__L_c										AUDIT_NOT_RUN_PHASE1	N/A		LOW	NO	REVIEW	Phase-1 ingestion; no biological decision applied
PTPATi	atp_c + h_c + pan4p_c --> dpcoa_c + ppi_c		EHJ92977_1	EHJ92977_1	2.7.7.3			YES	COMPLETE_HIGH		AUDIT_NOT_RUN_PHASE1	N/A		HIGH	NO	AUTO_KEEP	Phase-1 ingestion; no biological decision applied
PTRCTA	akg_c + ptrc_c --> 4abutn_c + glu__L_c		EHJ94703_1		2.6.1.29;2.6.1.82						AUDIT_NOT_RUN_PHASE1	N/A		MEDIUM	NO	KEEP_FLAGGED	Phase-1 ingestion; no biological decision applied
PTRCTA2	ptrc_c + pyr_c --> 4abutn_c + ala__L_c		EHJ94703_1		2.6.1.113						AUDIT_NOT_RUN_PHASE1	N/A		MEDIUM	NO	KEEP_FLAGGED	Phase-1 ingestion; no biological decision applied
PTRCabc	atp_c + h2o_c + ptrc_e --> adp_c + h_c + pi_c + ptrc_c		EHJ92256_1 or EHJ92367_1 or EHJ93000_1 or EHJ94819_1 or EHJ94858_1		3.6.3.31						AUDIT_NOT_RUN_PHASE1	REVIEW		MEDIUM	NO	KEEP_FLAGGED	Phase-1 ingestion; no biological decision applied
PTRCabcpp	atp_c + h2o_c + ptrc_p --> adp_c + h_c + pi_c + ptrc_c		EHJ92256_1 or EHJ94819_1 or EHJ94858_1 or (EHJ94855_1 and EHJ94858_1) or (EHJ92365_1 and EHJ92366_1 and EHJ92367_1) or (EHJ92365_1 and EHJ92366_1 and EHJ93000_1) or (EHJ92365_1 and EHJ92366_1 and EHJ94819_1) or (EHJ92365_1 and EHJ92366_1 and EHJ92367_1 and EHJ92368_1)		3.6.3.31						AUDIT_NOT_RUN_PHASE1	REVIEW		MEDIUM	NO	KEEP_FLAGGED	Phase-1 ingestion; no biological decision applied
PTRCtex	ptrc_e <=> ptrc_p										AUDIT_NOT_RUN_PHASE1	REVIEW		LOW	NO	REVIEW	Phase-1 ingestion; no biological decision applied
PTSLAtexi	ptsla_e --> ptsla_p										AUDIT_NOT_RUN_PHASE1	REVIEW		LOW	NO	REVIEW	Phase-1 ingestion; no biological decision applied
PUNP1	adn_c + pi_c <=> ade_c + r1p_c		EHJ92617_1 or EHJ93322_1	EHJ93322_1	2.4.2.1			YES	COMPLETE_HIGH		AUDIT_NOT_RUN_PHASE1	N/A		HIGH	NO	AUTO_KEEP	Phase-1 ingestion; no biological decision applied
PUNP2	dad_2_c + pi_c <=> 2dr1p_c + ade_c		EHJ93322_1	EHJ93322_1	2.4.2.1			YES	COMPLETE_HIGH		AUDIT_NOT_RUN_PHASE1	N/A		HIGH	NO	AUTO_KEEP	Phase-1 ingestion; no biological decision applied
PUNP3	gsn_c + pi_c <=> gua_c + r1p_c		EHJ93322_1	EHJ93322_1	2.4.2.1;2.4.2.15			YES	COMPLETE_HIGH		AUDIT_NOT_RUN_PHASE1	N/A		HIGH	NO	AUTO_KEEP	Phase-1 ingestion; no biological decision applied
PUNP4	dgsn_c + pi_c <=> 2dr1p_c + gua_c		EHJ93322_1	EHJ93322_1	2.4.2.1;2.4.2.4			YES	COMPLETE_HIGH		AUDIT_NOT_RUN_PHASE1	N/A		HIGH	NO	AUTO_KEEP	Phase-1 ingestion; no biological decision applied
PUNP5	ins_c + pi_c <=> hxan_c + r1p_c		EHJ93322_1	EHJ93322_1	2.4.2.1;2.4.2.15			YES	COMPLETE_HIGH		AUDIT_NOT_RUN_PHASE1	N/A		HIGH	NO	AUTO_KEEP	Phase-1 ingestion; no biological decision applied
PUNP6	din_c + pi_c <=> 2dr1p_c + hxan_c		EHJ93322_1	EHJ93322_1	2.4.2.1;2.4.2.4			YES	COMPLETE_HIGH		AUDIT_NOT_RUN_PHASE1	N/A		HIGH	NO	AUTO_KEEP	Phase-1 ingestion; no biological decision applied
PUNP7	pi_c + xtsn_c <=> r1p_c + xan_c		EHJ93322_1		2.4.2.-;2.4.2.1						AUDIT_NOT_RUN_PHASE1	N/A		MEDIUM	NO	KEEP_FLAGGED	Phase-1 ingestion; no biological decision applied
PUTA3	glu5sa_c + h2o_c + nad_c --> glu__L_c + 2.0 h_c + nadh_c		EHJ92181_1		1.2.1.88;1.5.1.12;1.5.5.2						AUDIT_NOT_RUN_PHASE1	N/A		MEDIUM	NO	KEEP_FLAGGED	Phase-1 ingestion; no biological decision applied
PY5CDHE	1p3h5c_c + 2.0 h2o_c + nadp_c --> e4hglu_c + h_c + nadph_c		EHJ92181_1		1.2.1.88;1.5.5.2						AUDIT_NOT_RUN_PHASE1	N/A		MEDIUM	NO	KEEP_FLAGGED	Phase-1 ingestion; no biological decision applied
PYAM5PO	h2o_c + o2_c + pyam5p_c --> h2o2_c + nh4_c + pydx5p_c		EHJ91775_1	EHJ91775_1	1.4.3.5			YES	COMPLETE_HIGH		AUDIT_NOT_RUN_PHASE1	N/A		HIGH	NO	AUTO_KEEP	Phase-1 ingestion; no biological decision applied
PYDXNO	o2_c + pydxn_c --> h2o2_c + pydx_c		EHJ91775_1		1.1.3.12;1.4.3.5						AUDIT_NOT_RUN_PHASE1	N/A		MEDIUM	NO	KEEP_FLAGGED	Phase-1 ingestion; no biological decision applied
PYDXNtr	pydxn_e <=> pydxn_c										AUDIT_NOT_RUN_PHASE1	REVIEW		LOW	NO	REVIEW	Phase-1 ingestion; no biological decision applied
PYDXO	2.0 h2o_c + nh4_c + 0.5 o2_c + pydx_c <-- 2.0 h2o2_c + pydam_c		EHJ91775_1		1.4.3.5						AUDIT_NOT_RUN_PHASE1	N/A		MEDIUM	NO	KEEP_FLAGGED	Phase-1 ingestion; no biological decision applied
PYDXOR	h_c + nadph_c + pydx_c <=> nadp_c + pydxn_c		EHJ94613_1		1.1.1.65						AUDIT_NOT_RUN_PHASE1	N/A		MEDIUM	NO	KEEP_FLAGGED	Phase-1 ingestion; no biological decision applied
PYDXPP	h2o_c + pydx5p_c --> pi_c + pydx_c				3.1.3.74						AUDIT_NOT_RUN_PHASE1	N/A		LOW	NO	REVIEW	Phase-1 ingestion; no biological decision applied
PYK	adp_c + h_c + pep_c --> atp_c + pyr_c		EHJ92146_1 or EHJ92863_1	[UNRESOLVED:Csal_1559]	2.7.1.40			NO	CONFLICT		AUDIT_NOT_RUN_PHASE1	N/A		MEDIUM	NO	KEEP_FLAGGED	Phase-1 ingestion; no biological decision applied
PYK2	h_c + pep_c + udp_c --> pyr_c + utp_c		EHJ92863_1		2.7.1.40						AUDIT_NOT_RUN_PHASE1	N/A		MEDIUM	NO	KEEP_FLAGGED	Phase-1 ingestion; no biological decision applied
PYK3	gdp_c + h_c + pep_c --> gtp_c + pyr_c		EHJ92863_1		2.7.1.40						AUDIT_NOT_RUN_PHASE1	N/A		MEDIUM	NO	KEEP_FLAGGED	Phase-1 ingestion; no biological decision applied
PYK4	cdp_c + h_c + pep_c --> ctp_c + pyr_c		EHJ92863_1		2.7.1.40						AUDIT_NOT_RUN_PHASE1	N/A		MEDIUM	NO	KEEP_FLAGGED	Phase-1 ingestion; no biological decision applied
PYK6	dtdp_c + h_c + pep_c --> dttp_c + pyr_c		EHJ92863_1		2.7.1.40						AUDIT_NOT_RUN_PHASE1	N/A		MEDIUM	NO	KEEP_FLAGGED	Phase-1 ingestion; no biological decision applied
PYNP2r	pi_c + uri_c <=> r1p_c + ura_c				2.4.2.2;2.4.2.3						AUDIT_NOT_RUN_PHASE1	N/A		LOW	NO	REVIEW	Phase-1 ingestion; no biological decision applied
PYRt2rpp	h_p + pyr_p <=> h_c + pyr_c		EHJ92902_1								AUDIT_NOT_RUN_PHASE1	REVIEW		MEDIUM	NO	KEEP_FLAGGED	Phase-1 ingestion; no biological decision applied
PYRt4pp	na1_p + pyr_p --> na1_c + pyr_c		EHJ92902_1								AUDIT_NOT_RUN_PHASE1	REVIEW		MEDIUM	NO	KEEP_FLAGGED	Phase-1 ingestion; no biological decision applied
PYRtex	pyr_e <=> pyr_p			[UNRESOLVED:Csal_2569]				NO	NO_MAPPING		AUDIT_NOT_RUN_PHASE1	REVIEW		LOW	NO	REVIEW	Phase-1 ingestion; no biological decision applied
QUIN2tex	quin_e <=> quin_p										AUDIT_NOT_RUN_PHASE1	REVIEW		LOW	NO	REVIEW	Phase-1 ingestion; no biological decision applied
QULNS	dhap_c + iasp_c --> 2.0 h2o_c + pi_c + quln_c		EHJ92927_1	EHJ92927_1	2.5.1.72			YES	COMPLETE_HIGH		AUDIT_NOT_RUN_PHASE1	N/A		HIGH	NO	AUTO_KEEP	Phase-1 ingestion; no biological decision applied
R5PP	h2o_c + r5p_c --> pi_c + rib__D_c		EHJ92796_1		3.8.1.2						AUDIT_NOT_RUN_PHASE1	N/A		MEDIUM	NO	KEEP_FLAGGED	Phase-1 ingestion; no biological decision applied
RBFK	atp_c + ribflv_c --> adp_c + fmn_c + h_c		EHJ94937_1	EHJ94937_1	2.7.1.26			YES	COMPLETE_HIGH		AUDIT_NOT_RUN_PHASE1	N/A		HIGH	NO	AUTO_KEEP	Phase-1 ingestion; no biological decision applied
RBFSa	4r5au_c + db4p_c --> dmlz_c + 2.0 h2o_c + pi_c		EHJ91119_1 or EHJ91927_1	EHJ91119_1	2.5.1.78;2.5.1.9			YES	COMPLETE_HIGH		AUDIT_NOT_RUN_PHASE1	N/A		HIGH	NO	AUTO_KEEP	Phase-1 ingestion; no biological decision applied
RBFSb	2.0 dmlz_c --> 4r5au_c + ribflv_c		EHJ91119_1 or EHJ91927_1	EHJ91927_1	2.5.1.9;2.5.1.78			YES	COMPLETE_HIGH		AUDIT_NOT_RUN_PHASE1	N/A		HIGH	NO	AUTO_KEEP	Phase-1 ingestion; no biological decision applied
RECOAH26	R3hdec4coa_c <=> dec4_2_coa_c + h2o_c										AUDIT_NOT_RUN_PHASE1	N/A		LOW	NO	REVIEW	Phase-1 ingestion; no biological decision applied
RHA40tex	bhb_p <=> bhb_e										AUDIT_NOT_RUN_PHASE1	REVIEW		LOW	NO	REVIEW	Phase-1 ingestion; no biological decision applied
RHA70tex	R_3hhpa_p <=> R_3hhpa_e										AUDIT_NOT_RUN_PHASE1	REVIEW		LOW	NO	REVIEW	Phase-1 ingestion; no biological decision applied
RHA70tpp	R_3hhpa_p <=> R_3hhpa_c										AUDIT_NOT_RUN_PHASE1	REVIEW		LOW	NO	REVIEW	Phase-1 ingestion; no biological decision applied
RHACOAE121d6	R_3hdd6coa_c + h2o_c --> R_3hdd6e_c + coa_c + h_c		EHJ92938_1		3.1.2.20						AUDIT_NOT_RUN_PHASE1	N/A		MEDIUM	NO	KEEP_FLAGGED	Phase-1 ingestion; no biological decision applied
RHACOAE141d5	R_3htd5coa_c + h2o_c --> R_3htd5e_c + coa_c + h_c		EHJ92938_1		3.1.2.20						AUDIT_NOT_RUN_PHASE1	N/A		MEDIUM	NO	KEEP_FLAGGED	Phase-1 ingestion; no biological decision applied
RHACOAET40	R_3h4atbcoa_c + h2o_c --> R_3h4atba_c + coa_c + h_c		EHJ92938_1		3.1.2.20						AUDIT_NOT_RUN_PHASE1	N/A		MEDIUM	NO	KEEP_FLAGGED	Phase-1 ingestion; no biological decision applied
RHACOAET60	R_3h6athcoa_c + h2o_c --> R_3h6atha_c + coa_c + h_c		EHJ92938_1		3.1.2.20						AUDIT_NOT_RUN_PHASE1	N/A		MEDIUM	NO	KEEP_FLAGGED	Phase-1 ingestion; no biological decision applied
RHACOAR100	3odcoa_c + h_c + nadph_c <=> R_3hdcoa_c + nadp_c		EHJ93844_1		1.1.1.36						AUDIT_NOT_RUN_PHASE1	N/A		MEDIUM	NO	KEEP_FLAGGED	Phase-1 ingestion; no biological decision applied
RHACOAR101	3odec4coa_c + h_c + nadph_c <=> R3hdec4coa_c + nadp_c		EHJ91389_1		1.1.1.100						AUDIT_NOT_RUN_PHASE1	N/A		MEDIUM	NO	KEEP_FLAGGED	Phase-1 ingestion; no biological decision applied
RHACOAR120	3oddcoa_c + h_c + nadph_c <=> R_3hddcoa_c + nadp_c		EHJ91389_1		1.1.1.100						AUDIT_NOT_RUN_PHASE1	N/A		MEDIUM	NO	KEEP_FLAGGED	Phase-1 ingestion; no biological decision applied
RHACOAR121d5	3oddccoa_c + h_c + nadph_c <=> R_3hcddec5ecoa_c + nadp_c		EHJ91389_1		1.1.1.100						AUDIT_NOT_RUN_PHASE1	N/A		MEDIUM	NO	KEEP_FLAGGED	Phase-1 ingestion; no biological decision applied
RHACOAR121d6	3odd6coa_c + h_c + nadph_c <=> R_3hdd6coa_c + nadp_c		EHJ91389_1		1.1.1.100						AUDIT_NOT_RUN_PHASE1	N/A		MEDIUM	NO	KEEP_FLAGGED	Phase-1 ingestion; no biological decision applied
RHACOAR140	3otdcoa_c + h_c + nadph_c <=> R_3hmrscoa_c + nadp_c		EHJ93844_1		1.1.1.36						AUDIT_NOT_RUN_PHASE1	N/A		MEDIUM	NO	KEEP_FLAGGED	Phase-1 ingestion; no biological decision applied
RHACOAR141d5	3odd5coa_c + h_c + nadph_c <=> R_3htd5coa_c + nadp_c		EHJ91389_1		1.1.1.100						AUDIT_NOT_RUN_PHASE1	N/A		MEDIUM	NO	KEEP_FLAGGED	Phase-1 ingestion; no biological decision applied
RHACOAR141d7	3otdccoa_c + h_c + nadph_c <=> R_3hcmrs7ecoa_c + nadp_c		EHJ91389_1		1.1.1.100						AUDIT_NOT_RUN_PHASE1	N/A		MEDIUM	NO	KEEP_FLAGGED	Phase-1 ingestion; no biological decision applied
RHACOAR142	3ohd58coa_c + h_c + nadph_c <=> R_3htd58coa_c + nadp_c		EHJ91389_1		1.1.1.100						AUDIT_NOT_RUN_PHASE1	N/A		MEDIUM	NO	KEEP_FLAGGED	Phase-1 ingestion; no biological decision applied
RHACOAR60	3ohcoa_c + h_c + nadph_c <=> R_3hhcoa_c + nadp_c		EHJ93844_1		1.1.1.36						AUDIT_NOT_RUN_PHASE1	N/A		MEDIUM	NO	KEEP_FLAGGED	Phase-1 ingestion; no biological decision applied
RHACOAR70	3ohpcoa_c + h_c + nadph_c <=> R_3hhpcoa_c + nadp_c		EHJ91389_1		1.1.1.100						AUDIT_NOT_RUN_PHASE1	N/A		MEDIUM	NO	KEEP_FLAGGED	Phase-1 ingestion; no biological decision applied
RHACOAR80	3oocoa_c + h_c + nadph_c <=> R_3hocoa_c + nadp_c		EHJ93844_1		1.1.1.36						AUDIT_NOT_RUN_PHASE1	N/A		MEDIUM	NO	KEEP_FLAGGED	Phase-1 ingestion; no biological decision applied
RHACOAR90	3ononacoa_c + h_c + nadph_c <=> R_3hnonacoa_c + nadp_c		EHJ91389_1		1.1.1.100						AUDIT_NOT_RUN_PHASE1	N/A		MEDIUM	NO	KEEP_FLAGGED	Phase-1 ingestion; no biological decision applied
RHACOARP100	3opdecacoa_c + h_c + nadph_c <=> R_3hpdecacoa_c + nadp_c		EHJ91389_1		1.1.1.100						AUDIT_NOT_RUN_PHASE1	N/A		MEDIUM	NO	KEEP_FLAGGED	Phase-1 ingestion; no biological decision applied
RHACOARP40	3opbcoa_c + h_c + nadph_c <=> R_3hpbcoa_c + nadp_c		EHJ91389_1		1.1.1.100						AUDIT_NOT_RUN_PHASE1	N/A		MEDIUM	NO	KEEP_FLAGGED	Phase-1 ingestion; no biological decision applied
RHACOARP50	3opptcoa_c + h_c + nadph_c <=> R_3hpptcoa_c + nadp_c		EHJ91389_1		1.1.1.100						AUDIT_NOT_RUN_PHASE1	N/A		MEDIUM	NO	KEEP_FLAGGED	Phase-1 ingestion; no biological decision applied
RHACOARP60	3ophxacoa_c + h_c + nadph_c <=> R_3hphxacoa_c + nadp_c		EHJ91389_1		1.1.1.100						AUDIT_NOT_RUN_PHASE1	N/A		MEDIUM	NO	KEEP_FLAGGED	Phase-1 ingestion; no biological decision applied
RHACOARP70	3ophpcoa_c + h_c + nadph_c <=> R_3hphpcoa_c + nadp_c		EHJ91389_1		1.1.1.100						AUDIT_NOT_RUN_PHASE1	N/A		MEDIUM	NO	KEEP_FLAGGED	Phase-1 ingestion; no biological decision applied
RHACOARP80	3opoctacoa_c + h_c + nadph_c <=> R_3hpoctacoa_c + nadp_c		EHJ91389_1		1.1.1.100						AUDIT_NOT_RUN_PHASE1	N/A		MEDIUM	NO	KEEP_FLAGGED	Phase-1 ingestion; no biological decision applied
RHACOARP90	3opnonacoa_c + h_c + nadph_c <=> R_3hpnonacoa_c + nadp_c		EHJ91389_1		1.1.1.100						AUDIT_NOT_RUN_PHASE1	N/A		MEDIUM	NO	KEEP_FLAGGED	Phase-1 ingestion; no biological decision applied
RHACOART60	3o6athcoa_c + h_c + nadph_c <=> R_3h6athcoa_c + nadp_c		EHJ91389_1		1.1.1.100						AUDIT_NOT_RUN_PHASE1	N/A		MEDIUM	NO	KEEP_FLAGGED	Phase-1 ingestion; no biological decision applied
RHAP60tex	R_3hphxa_p <=> R_3hphxa_e										AUDIT_NOT_RUN_PHASE1	REVIEW		LOW	NO	REVIEW	Phase-1 ingestion; no biological decision applied
RHAP60tpp	R_3hphxa_p <=> R_3hphxa_c										AUDIT_NOT_RUN_PHASE1	REVIEW		LOW	NO	REVIEW	Phase-1 ingestion; no biological decision applied
RHAP80tex	R_3hpocta_p <=> R_3hpocta_e										AUDIT_NOT_RUN_PHASE1	REVIEW		LOW	NO	REVIEW	Phase-1 ingestion; no biological decision applied
RHAP80tpp	R_3hpocta_p <=> R_3hpocta_c										AUDIT_NOT_RUN_PHASE1	REVIEW		LOW	NO	REVIEW	Phase-1 ingestion; no biological decision applied
RHCCE	rhcys_c --> dhptd_c + hcys__L_c		EHJ92781_1 or EHJ92794_1 or EHJ93506_1	[UNRESOLVED:Csal_2049]	4.4.1.21			NO	CONFLICT		AUDIT_NOT_RUN_PHASE1	N/A		MEDIUM	NO	KEEP_FLAGGED	Phase-1 ingestion; no biological decision applied
RIBabc	atp_c + h2o_c + rib__D_e --> adp_c + h_c + pi_c + rib__D_c				3.6.3.17						AUDIT_NOT_RUN_PHASE1	REVIEW		LOW	NO	REVIEW	Phase-1 ingestion; no biological decision applied
RIBabc1	atp_c + h2o_c + rib__D_c --> adp_c + h_c + pi_c + rib__D_e										AUDIT_NOT_RUN_PHASE1	REVIEW		LOW	NO	REVIEW	Phase-1 ingestion; no biological decision applied
RIBabcpp	atp_c + h2o_c + rib__D_p --> adp_c + h_c + pi_c + rib__D_c		EHJ94640_1 or EHJ94896_1 or EHJ94898_1 or (EHJ94897_1 and EHJ94898_1) or (EHJ94638_1 and EHJ94896_1 and EHJ94897_1) or (EHJ94896_1 and EHJ94897_1 and EHJ94898_1)	(EHJ94929_1 and EHJ94930_1 and EHJ94931_1) or (EHJ94445_1 and [UNRESOLVED:Csal_0121] and EHJ94443_1 and EHJ94442_1)	3.6.3.17			NO	PARTIAL		AUDIT_NOT_RUN_PHASE1	REVIEW		MEDIUM	NO	KEEP_FLAGGED	Phase-1 ingestion; no biological decision applied
RIBtex	rib__D_e <=> rib__D_p			[UNRESOLVED:Csal_2569]				NO	NO_MAPPING		AUDIT_NOT_RUN_PHASE1	REVIEW		LOW	NO	REVIEW	Phase-1 ingestion; no biological decision applied
RMN_Et	rmn_e <=> rmn_c										AUDIT_NOT_RUN_PHASE1	REVIEW		LOW	NO	REVIEW	Phase-1 ingestion; no biological decision applied
RMNabc	atp_c + h2o_c + rmn_e --> adp_c + h_c + pi_c + rmn_c		EHJ92037_1 and EHJ92038_1								AUDIT_NOT_RUN_PHASE1	REVIEW		MEDIUM	NO	KEEP_FLAGGED	Phase-1 ingestion; no biological decision applied
RNDR1	adp_c + trdrd_c --> dadp_c + h2o_c + trdox_c		EHJ91114_1 or EHJ91406_1 or EHJ92327_1 or EHJ93847_1 or EHJ94096_1 or EHJ94118_1 or (EHJ91407_1 and EHJ91408_1)	EHJ91407_1 and EHJ91408_1	1.17.4.1			NO	COMPLETE_REVIEW		AUDIT_NOT_RUN_PHASE1	N/A		MEDIUM	NO	KEEP_FLAGGED	Phase-1 ingestion; no biological decision applied
RNDR1b	adp_c + grxrd_c --> dadp_c + grxox_c + h2o_c		EHJ91408_1 or (EHJ91407_1 and EHJ91408_1) or (EHJ91408_1 and EHJ91700_1) or (EHJ91408_1 and EHJ92305_1) or (EHJ91407_1 and EHJ91408_1 and EHJ91700_1) or (EHJ91407_1 and EHJ91408_1 and EHJ92305_1)	(EHJ91407_1 and EHJ91408_1) or EHJ92305_1 or EHJ91700_1	1.17.4.1			NO	COMPLETE_REVIEW		AUDIT_NOT_RUN_PHASE1	N/A		MEDIUM	NO	KEEP_FLAGGED	Phase-1 ingestion; no biological decision applied
RNDR2	gdp_c + trdrd_c --> dgdp_c + h2o_c + trdox_c		EHJ91114_1 or EHJ91406_1 or EHJ92327_1 or EHJ93847_1 or EHJ94096_1 or EHJ94118_1 or (EHJ91407_1 and EHJ91408_1)	EHJ91407_1 and EHJ91408_1	1.17.4.1			NO	COMPLETE_REVIEW		AUDIT_NOT_RUN_PHASE1	N/A		MEDIUM	NO	KEEP_FLAGGED	Phase-1 ingestion; no biological decision applied
RNDR2b	gdp_c + grxrd_c --> dgdp_c + grxox_c + h2o_c		EHJ91408_1 or (EHJ91407_1 and EHJ91408_1) or (EHJ91408_1 and EHJ91700_1) or (EHJ91408_1 and EHJ92305_1) or (EHJ91407_1 and EHJ91408_1 and EHJ91700_1) or (EHJ91407_1 and EHJ91408_1 and EHJ92305_1)	(EHJ91407_1 and EHJ91408_1) or EHJ92305_1 or EHJ91700_1	1.17.4.1			NO	COMPLETE_REVIEW		AUDIT_NOT_RUN_PHASE1	N/A		MEDIUM	NO	KEEP_FLAGGED	Phase-1 ingestion; no biological decision applied
RNDR3	cdp_c + trdrd_c --> dcdp_c + h2o_c + trdox_c		EHJ91114_1 or EHJ91406_1 or EHJ92327_1 or EHJ93847_1 or EHJ94096_1 or EHJ94118_1 or (EHJ91407_1 and EHJ91408_1)	EHJ91407_1 and EHJ91408_1	1.17.4.1			NO	COMPLETE_REVIEW		AUDIT_NOT_RUN_PHASE1	N/A		MEDIUM	NO	KEEP_FLAGGED	Phase-1 ingestion; no biological decision applied
RNDR3b	cdp_c + grxrd_c --> dcdp_c + grxox_c + h2o_c		EHJ91408_1 or (EHJ91407_1 and EHJ91408_1) or (EHJ91408_1 and EHJ91700_1) or (EHJ91408_1 and EHJ92305_1) or (EHJ91407_1 and EHJ91408_1 and EHJ91700_1) or (EHJ91407_1 and EHJ91408_1 and EHJ92305_1)	(EHJ91407_1 and EHJ91408_1) or EHJ92305_1 or EHJ91700_1	1.17.4.1			NO	COMPLETE_REVIEW		AUDIT_NOT_RUN_PHASE1	N/A		MEDIUM	NO	KEEP_FLAGGED	Phase-1 ingestion; no biological decision applied
RNDR4	trdrd_c + udp_c --> dudp_c + h2o_c + trdox_c		EHJ91114_1 or EHJ91406_1 or EHJ92327_1 or EHJ93847_1 or EHJ94096_1 or EHJ94118_1 or (EHJ91407_1 and EHJ91408_1)	EHJ91407_1	1.17.4.1			YES	COMPLETE_HIGH		AUDIT_NOT_RUN_PHASE1	N/A		HIGH	NO	AUTO_KEEP	Phase-1 ingestion; no biological decision applied
RNDR4b	grxrd_c + udp_c --> dudp_c + grxox_c + h2o_c		EHJ91408_1 or (EHJ91407_1 and EHJ91408_1) or (EHJ91408_1 and EHJ91700_1) or (EHJ91408_1 and EHJ92305_1) or (EHJ91407_1 and EHJ91408_1 and EHJ91700_1) or (EHJ91407_1 and EHJ91408_1 and EHJ92305_1)	(EHJ91407_1 and EHJ91408_1) or EHJ92305_1 or EHJ91700_1	1.17.4.1			NO	COMPLETE_REVIEW		AUDIT_NOT_RUN_PHASE1	N/A		MEDIUM	NO	KEEP_FLAGGED	Phase-1 ingestion; no biological decision applied
RNTR1	atp_c + trdrd_c --> datp_c + h2o_c + trdox_c		EHJ91670_1		1.17.4.2						AUDIT_NOT_RUN_PHASE1	N/A		MEDIUM	NO	KEEP_FLAGGED	Phase-1 ingestion; no biological decision applied
RNTR2	gtp_c + trdrd_c --> dgtp_c + h2o_c + trdox_c		EHJ91670_1		1.17.4.2						AUDIT_NOT_RUN_PHASE1	N/A		MEDIUM	NO	KEEP_FLAGGED	Phase-1 ingestion; no biological decision applied
RNTR3	ctp_c + trdrd_c --> dctp_c + h2o_c + trdox_c		EHJ91670_1		1.17.4.2						AUDIT_NOT_RUN_PHASE1	N/A		MEDIUM	NO	KEEP_FLAGGED	Phase-1 ingestion; no biological decision applied
RNTR4	trdrd_c + utp_c --> dutp_c + h2o_c + trdox_c		EHJ91670_1		1.17.4.2						AUDIT_NOT_RUN_PHASE1	N/A		MEDIUM	NO	KEEP_FLAGGED	Phase-1 ingestion; no biological decision applied
RPE	ru5p__D_c <=> xu5p__D_c		EHJ92341_1	EHJ92341_1	5.1.3.1			YES	COMPLETE_HIGH		AUDIT_NOT_RUN_PHASE1	N/A		HIGH	NO	AUTO_KEEP	Phase-1 ingestion; no biological decision applied
RPI	r5p_c <=> ru5p__D_c		EHJ94231_1	EHJ94231_1 or [UNRESOLVED:Csal_0757]	5.3.1.6			NO	PARTIAL		AUDIT_NOT_RUN_PHASE1	N/A		MEDIUM	NO	KEEP_FLAGGED	Phase-1 ingestion; no biological decision applied
RU5PP	h2o_c + ru5p__D_c --> pi_c + rbl__D_c		EHJ92796_1		3.8.1.2						AUDIT_NOT_RUN_PHASE1	N/A		MEDIUM	NO	KEEP_FLAGGED	Phase-1 ingestion; no biological decision applied
SADH	2.0 h2o_c + 2.0 h_c + sucarg_c --> co2_c + 2.0 nh4_c + sucorn_c		EHJ92622_1	EHJ92622_1	3.5.3.23			YES	COMPLETE_HIGH		AUDIT_NOT_RUN_PHASE1	N/A		HIGH	NO	AUTO_KEEP	Phase-1 ingestion; no biological decision applied
SADT	atp_c + h_c + so4_c --> aps_c + ppi_c		EHJ91225_1 and EHJ91226_1		2.7.7.4						AUDIT_NOT_RUN_PHASE1	N/A		MEDIUM	NO	KEEP_FLAGGED	Phase-1 ingestion; no biological decision applied
SADT2	atp_c + gtp_c + h2o_c + so4_c --> aps_c + gdp_c + pi_c + ppi_c		EHJ91225_1 and EHJ91226_1	(EHJ91225_1 and [UNRESOLVED:Csal_1687]) or EHJ91226_1	2.7.7.4			NO	PARTIAL		AUDIT_NOT_RUN_PHASE1	N/A		MEDIUM	NO	KEEP_FLAGGED	Phase-1 ingestion; no biological decision applied
SALCHS4FEabcpp	atp_c + h2o_c + salchs4fe_p --> adp_c + h_c + pi_c + salchs4fe_c										AUDIT_NOT_RUN_PHASE1	REVIEW		LOW	NO	REVIEW	Phase-1 ingestion; no biological decision applied
SAOR	diact_c + h_c + nadh_c --> actn__S_c + nad_c		EHJ93844_1		1.1.1.36						AUDIT_NOT_RUN_PHASE1	N/A		MEDIUM	NO	KEEP_FLAGGED	Phase-1 ingestion; no biological decision applied
SCYSSL	2.0 gthrd_c + scys__L_c --> cys__L_c + gthox_c + h_c + so3_c										AUDIT_NOT_RUN_PHASE1	N/A		LOW	NO	REVIEW	Phase-1 ingestion; no biological decision applied
SDPDS	h2o_c + sl26da_c --> 26dap_LL_c + succ_c		EHJ93790_1 or EHJ93967_1		3.5.1.18						AUDIT_NOT_RUN_PHASE1	N/A		MEDIUM	NO	KEEP_FLAGGED	Phase-1 ingestion; no biological decision applied
SDPTA	akg_c + sl26da_c <=> glu__L_c + sl2a6o_c		EHJ92626_1 or EHJ93787_1 or EHJ94712_1	EHJ93787_1	2.6.1.17;2.6.1.11			YES	COMPLETE_HIGH		AUDIT_NOT_RUN_PHASE1	N/A		HIGH	NO	AUTO_KEEP	Phase-1 ingestion; no biological decision applied
SELADT	atp_c + h_c + sel_c --> adsel_c + ppi_c		EHJ91225_1 and EHJ91226_1		2.7.7.4						AUDIT_NOT_RUN_PHASE1	N/A		MEDIUM	NO	KEEP_FLAGGED	Phase-1 ingestion; no biological decision applied
SELCYSLY3	nadph_c + selcys_c --> ala__L_c + nadp_c + seln_c		EHJ92200_1		2.8.1.7						AUDIT_NOT_RUN_PHASE1	N/A		MEDIUM	NO	KEEP_FLAGGED	Phase-1 ingestion; no biological decision applied
SELR	mql8_c + sel_c --> h2o_c + mqn8_c + slnt_c										AUDIT_NOT_RUN_PHASE1	N/A		LOW	NO	REVIEW	Phase-1 ingestion; no biological decision applied
SELTt	slnt_e <=> slnt_c										AUDIT_NOT_RUN_PHASE1	REVIEW		LOW	NO	REVIEW	Phase-1 ingestion; no biological decision applied
SELtex	sel_e <=> sel_p										AUDIT_NOT_RUN_PHASE1	REVIEW		LOW	NO	REVIEW	Phase-1 ingestion; no biological decision applied
SELtpp	2.0 h_p + sel_p --> 2.0 h_c + sel_c		EHJ92342_1 and EHJ92343_1 and EHJ92344_1 and EHJ92345_1								AUDIT_NOT_RUN_PHASE1	REVIEW		MEDIUM	NO	KEEP_FLAGGED	Phase-1 ingestion; no biological decision applied
SEPHCHCS	akg_c + h_c + ichor_c --> 2sephchc_c + co2_c		EHJ94721_1		2.2.1.9						AUDIT_NOT_RUN_PHASE1	N/A		MEDIUM	NO	KEEP_FLAGGED	Phase-1 ingestion; no biological decision applied
SERAT	accoa_c + ser__L_c <=> acser_c + coa_c			[UNRESOLVED:Csal_2551]	2.3.1.30			NO	NO_MAPPING		AUDIT_NOT_RUN_PHASE1	N/A		LOW	NO	REVIEW	Phase-1 ingestion; no biological decision applied
SERD_L	ser__L_c --> nh4_c + pyr_c		EHJ92728_1 or EHJ93290_1	EHJ92728_1	4.3.1.15;4.3.1.17;4.3.1.19			YES	COMPLETE_HIGH		AUDIT_NOT_RUN_PHASE1	N/A		HIGH	NO	AUTO_KEEP	Phase-1 ingestion; no biological decision applied
SERGLUGLNtr	atp_c + h2o_c + serglugly_e --> adp_c + h_c + pi_c + serglugly_c										AUDIT_NOT_RUN_PHASE1	REVIEW		LOW	NO	REVIEW	Phase-1 ingestion; no biological decision applied
SERabc	atp_c + h2o_c + ser__L_e --> adp_c + h_c + pi_c + ser__L_c										AUDIT_NOT_RUN_PHASE1	REVIEW		LOW	NO	REVIEW	Phase-1 ingestion; no biological decision applied
SERabcpp	atp_c + h2o_c + ser__L_p --> adp_c + h_c + pi_c + ser__L_c										AUDIT_NOT_RUN_PHASE1	REVIEW		LOW	NO	REVIEW	Phase-1 ingestion; no biological decision applied
SERt4pp	na1_p + ser__L_p --> na1_c + ser__L_c			EHJ92669_1				NO	COMPLETE_REVIEW		AUDIT_NOT_RUN_PHASE1	REVIEW		LOW	NO	REVIEW	Phase-1 ingestion; no biological decision applied
SERtex	ser__L_e <=> ser__L_p			[UNRESOLVED:Csal_2569]				NO	NO_MAPPING		AUDIT_NOT_RUN_PHASE1	REVIEW		LOW	NO	REVIEW	Phase-1 ingestion; no biological decision applied
SERtpp	ser__L_c --> ser__L_p										AUDIT_NOT_RUN_PHASE1	REVIEW		LOW	NO	REVIEW	Phase-1 ingestion; no biological decision applied
SFGTHi	Sfglutth_c + h2o_c --> for_c + gthrd_c + h_c		EHJ92725_1		3.1.2.12						AUDIT_NOT_RUN_PHASE1	N/A		MEDIUM	NO	KEEP_FLAGGED	Phase-1 ingestion; no biological decision applied
SGDS	h2o_c + sucglu_c --> glu__L_c + succ_c		EHJ92460_1	EHJ92460_1	3.5.1.96			YES	COMPLETE_HIGH		AUDIT_NOT_RUN_PHASE1	N/A		HIGH	NO	AUTO_KEEP	Phase-1 ingestion; no biological decision applied
SGSAD	h2o_c + nad_c + sucgsa_c --> 2.0 h_c + nadh_c + sucglu_c		EHJ92623_1	EHJ92623_1	1.2.1.71			YES	COMPLETE_HIGH		AUDIT_NOT_RUN_PHASE1	N/A		HIGH	NO	AUTO_KEEP	Phase-1 ingestion; no biological decision applied
SHCHCS2	ichor_c + ssaltpp_c --> 2shchc_c + pyr_c + thmpp_c		EHJ94721_1		2.2.1.9						AUDIT_NOT_RUN_PHASE1	N/A		MEDIUM	NO	KEEP_FLAGGED	Phase-1 ingestion; no biological decision applied
SHCHCS3	2sephchc_c --> 2shchc_c + pyr_c		EHJ92378_1 or EHJ94722_1		4.2.99.20						AUDIT_NOT_RUN_PHASE1	N/A		MEDIUM	NO	KEEP_FLAGGED	Phase-1 ingestion; no biological decision applied
SHCHD2	dscl_c + nad_c --> h_c + nadh_c + scl_c			EHJ91942_1	1.3.1.76;2.1.1.107			YES	COMPLETE_HIGH		AUDIT_NOT_RUN_PHASE1	N/A		LOW	NO	REVIEW	Phase-1 ingestion; no biological decision applied
SHCHF	fe2_c + scl_c --> 3.0 h_c + sheme_c		EHJ91942_1	EHJ91942_1	4.99.1.4;2.1.1.107			YES	COMPLETE_HIGH		AUDIT_NOT_RUN_PHASE1	N/A		HIGH	NO	AUTO_KEEP	Phase-1 ingestion; no biological decision applied
SHEME2abcpp	atp_c + h2o_c + sheme_p --> adp_c + h_c + pi_c + sheme_c		EHJ92110_1 and EHJ93990_1 and EHJ94654_1 and EHJ94657_1								AUDIT_NOT_RUN_PHASE1	REVIEW		MEDIUM	NO	KEEP_FLAGGED	Phase-1 ingestion; no biological decision applied
SHEMEtonex	h_p + sheme_e --> h_c + sheme_p		EHJ91416_1 and EHJ91733_1 and EHJ94659_1								AUDIT_NOT_RUN_PHASE1	REVIEW		MEDIUM	NO	KEEP_FLAGGED	Phase-1 ingestion; no biological decision applied
SHK3Dr	3dhsk_c + h_c + nadph_c <=> nadp_c + skm_c		EHJ93669_1	EHJ93669_1 or [UNRESOLVED:Csal_0293]	1.1.1.25;1.1.1.282			NO	PARTIAL		AUDIT_NOT_RUN_PHASE1	N/A		MEDIUM	NO	KEEP_FLAGGED	Phase-1 ingestion; no biological decision applied
SHKK	atp_c + skm_c --> adp_c + h_c + skm5p_c		EHJ93580_1	EHJ93580_1	2.7.1.71			YES	COMPLETE_HIGH		AUDIT_NOT_RUN_PHASE1	N/A		HIGH	NO	AUTO_KEEP	Phase-1 ingestion; no biological decision applied
SHSL2	h2s_c + suchms_c <=> h_c + hcys__L_c + succ_c		EHJ91951_1		2.5.1.-;2.5.1.48						AUDIT_NOT_RUN_PHASE1	N/A		MEDIUM	NO	KEEP_FLAGGED	Phase-1 ingestion; no biological decision applied
SHSL2r	h2s_c + suchms_c --> h_c + hcys__L_c + succ_c		EHJ94589_1		2.5.1.-;2.5.1.48;2.5.1.49						AUDIT_NOT_RUN_PHASE1	N/A		MEDIUM	NO	KEEP_FLAGGED	Phase-1 ingestion; no biological decision applied
SLCYSS	acser_c + tsul_c --> ac_c + scys__L_c		EHJ91437_1 or EHJ92483_1		2.5.1.47						AUDIT_NOT_RUN_PHASE1	N/A		MEDIUM	NO	KEEP_FLAGGED	Phase-1 ingestion; no biological decision applied
SLNTtex	slnt_e <=> slnt_p										AUDIT_NOT_RUN_PHASE1	REVIEW		LOW	NO	REVIEW	Phase-1 ingestion; no biological decision applied
SLNTtpp	h_p + slnt_p --> h_c + slnt_c		EHJ92342_1 and EHJ92343_1 and EHJ92344_1 and EHJ92345_1								AUDIT_NOT_RUN_PHASE1	REVIEW		MEDIUM	NO	KEEP_FLAGGED	Phase-1 ingestion; no biological decision applied
SO3abcpp	atp_c + h2o_c + so3_p --> adp_c + h_c + pi_c + so3_c										AUDIT_NOT_RUN_PHASE1	REVIEW		LOW	NO	REVIEW	Phase-1 ingestion; no biological decision applied
SO3tex	so3_e <=> so3_p										AUDIT_NOT_RUN_PHASE1	REVIEW		LOW	NO	REVIEW	Phase-1 ingestion; no biological decision applied
SO4t2	h_e + so4_e --> h_c + so4_c		EHJ92785_1								AUDIT_NOT_RUN_PHASE1	REVIEW		MEDIUM	NO	KEEP_FLAGGED	Phase-1 ingestion; no biological decision applied
SO4t2pp	h_p + so4_p --> h_c + so4_c		EHJ94349_1	EHJ92785_1 or EHJ91825_1				YES	COMPLETE_HIGH		AUDIT_NOT_RUN_PHASE1	REVIEW		HIGH	NO	AUTO_KEEP	Phase-1 ingestion; no biological decision applied
SO4t4pp_1	na1_p + so4_p --> na1_c + so4_c		EHJ91531_1								AUDIT_NOT_RUN_PHASE1	REVIEW		MEDIUM	NO	KEEP_FLAGGED	Phase-1 ingestion; no biological decision applied
SO4tex	so4_e <=> so4_p			[UNRESOLVED:Csal_2569]				NO	NO_MAPPING		AUDIT_NOT_RUN_PHASE1	REVIEW		LOW	NO	REVIEW	Phase-1 ingestion; no biological decision applied
SOTA	akg_c + sucorn_c --> glu__L_c + sucgsa_c		EHJ92626_1	EHJ92626_1	2.6.1.81;2.6.1.11			YES	COMPLETE_HIGH		AUDIT_NOT_RUN_PHASE1	N/A		HIGH	NO	AUTO_KEEP	Phase-1 ingestion; no biological decision applied
SPMDtex	spmd_e <=> spmd_p										AUDIT_NOT_RUN_PHASE1	REVIEW		LOW	NO	REVIEW	Phase-1 ingestion; no biological decision applied
SPMS	ametam_c + ptrc_c --> 5mta_c + h_c + spmd_c		EHJ94446_1	EHJ94446_1	2.5.1.16			NO	COMPLETE_REVIEW		AUDIT_NOT_RUN_PHASE1	N/A		MEDIUM	NO	KEEP_FLAGGED	Phase-1 ingestion; no biological decision applied
SPODM	2.0 h_c + 2.0 o2s_c --> h2o2_c + o2_c		EHJ91404_1	[UNRESOLVED:Csal_1861]	1.15.1.1			NO	NO_MAPPING		AUDIT_NOT_RUN_PHASE1	N/A		MEDIUM	NO	KEEP_FLAGGED	Phase-1 ingestion; no biological decision applied
SPODMpp	2.0 h_p + 2.0 o2s_p --> h2o2_p + o2_p		EHJ93721_1	[UNRESOLVED:Csal_1861]	1.15.1.1			NO	NO_MAPPING		AUDIT_NOT_RUN_PHASE1	N/A		MEDIUM	NO	KEEP_FLAGGED	Phase-1 ingestion; no biological decision applied
SSALx	h2o_c + nad_c + sucsal_c --> 2.0 h_c + nadh_c + succ_c		EHJ91596_1 or EHJ92660_1 or EHJ94711_1	EHJ94711_1	1.2.1.16;1.2.1.24			YES	COMPLETE_HIGH		AUDIT_NOT_RUN_PHASE1	N/A		HIGH	NO	AUTO_KEEP	Phase-1 ingestion; no biological decision applied
SSALy	h2o_c + nadp_c + sucsal_c --> 2.0 h_c + nadph_c + succ_c		EHJ91596_1 or EHJ92660_1 or EHJ92799_1 or EHJ94711_1	[UNRESOLVED:Csal_0646] or EHJ94711_1 or EHJ91596_1 or [UNRESOLVED:Csal_3191] or [UNRESOLVED:Csal_2721]	1.2.1.16;1.2.1.79			NO	PARTIAL		AUDIT_NOT_RUN_PHASE1	N/A		MEDIUM	NO	KEEP_FLAGGED	Phase-1 ingestion; no biological decision applied
SSCOARy	h_c + nadph_c + succoa_c <=> coa_c + nadp_c + sucsal_c		EHJ91596_1		1.2.1.76;1.2.1.16						AUDIT_NOT_RUN_PHASE1	N/A		MEDIUM	NO	KEEP_FLAGGED	Phase-1 ingestion; no biological decision applied
STPT1	hom__L_c + pser__L_c --> phom_c + ser__L_c										AUDIT_NOT_RUN_PHASE1	N/A		LOW	NO	REVIEW	Phase-1 ingestion; no biological decision applied
STPT2	pser__L_c + thr__L_c --> ser__L_c + thrp_c										AUDIT_NOT_RUN_PHASE1	N/A		LOW	NO	REVIEW	Phase-1 ingestion; no biological decision applied
SUCBZL	atp_c + coa_c + sucbz_c --> amp_c + ppi_c + sbzcoa_c		EHJ94730_1		6.2.1.26						AUDIT_NOT_RUN_PHASE1	N/A		MEDIUM	NO	KEEP_FLAGGED	Phase-1 ingestion; no biological decision applied
SUCBZS	2shchc_c --> h2o_c + sucbz_c		EHJ94729_1		4.2.1.113						AUDIT_NOT_RUN_PHASE1	N/A		MEDIUM	NO	KEEP_FLAGGED	Phase-1 ingestion; no biological decision applied
SUCCt	succ_e <=> succ_c										AUDIT_NOT_RUN_PHASE1	REVIEW		LOW	NO	REVIEW	Phase-1 ingestion; no biological decision applied
SUCCt1pp	succ_p <=> succ_c										AUDIT_NOT_RUN_PHASE1	REVIEW		LOW	NO	REVIEW	Phase-1 ingestion; no biological decision applied
SUCCt2r	h_e + succ_e <=> h_c + succ_c										AUDIT_NOT_RUN_PHASE1	REVIEW		LOW	NO	REVIEW	Phase-1 ingestion; no biological decision applied
SUCCtex	succ_e <=> succ_p			[UNRESOLVED:Csal_2569]				NO	NO_MAPPING		AUDIT_NOT_RUN_PHASE1	REVIEW		LOW	NO	REVIEW	Phase-1 ingestion; no biological decision applied
SUCD4	fadh2_c + q8_c --> fad_c + q8h2_c		EHJ91400_1 and EHJ91402_1 and EHJ91403_1		1.5.5.1						AUDIT_NOT_RUN_PHASE1	N/A		MEDIUM	NO	KEEP_FLAGGED	Phase-1 ingestion; no biological decision applied
SUCDi	q8_c + succ_c --> fum_c + q8h2_c		EHJ93185_1 or (EHJ93184_1 and EHJ93185_1 and EHJ93186_1 and EHJ93187_1)	EHJ93185_1	1.3.5.1			YES	COMPLETE_HIGH		AUDIT_NOT_RUN_PHASE1	N/A		HIGH	NO	AUTO_KEEP	Phase-1 ingestion; no biological decision applied
SUCOAS	atp_c + coa_c + succ_c <=> adp_c + pi_c + succoa_c		EHJ93179_1 and EHJ93180_1	EHJ93179_1 and EHJ93180_1	6.2.1.5			YES	COMPLETE_HIGH		AUDIT_NOT_RUN_PHASE1	N/A		HIGH	NO	AUTO_KEEP	Phase-1 ingestion; no biological decision applied
SUCR	h2o_c + sucr_c --> fru_c + glc__D_c				2.4.1.10;2.4.1.4;2.4.1.9;3.2.1.10;3.2.1.20;3.2.1.26;3.2.1.48						AUDIT_NOT_RUN_PHASE1	N/A		LOW	NO	REVIEW	Phase-1 ingestion; no biological decision applied
SUCRabcpp_syn	atp_c + h2o_c + sucr_p --> adp_c + h_c + pi_c + sucr_c										AUDIT_NOT_RUN_PHASE1	REVIEW		LOW	NO	REVIEW	Phase-1 ingestion; no biological decision applied
SUCRt2	h_e + sucr_e --> h_c + sucr_c										AUDIT_NOT_RUN_PHASE1	REVIEW		LOW	NO	REVIEW	Phase-1 ingestion; no biological decision applied
SUCRtex	sucr_e <=> sucr_p										AUDIT_NOT_RUN_PHASE1	REVIEW		LOW	NO	REVIEW	Phase-1 ingestion; no biological decision applied
SUCTARTtpp	succ_c + tartr__D_p <=> succ_p + tartr__D_c										AUDIT_NOT_RUN_PHASE1	REVIEW		LOW	NO	REVIEW	Phase-1 ingestion; no biological decision applied
SULR	5.0 h_c + 3.0 nadph_c + so3_c --> 3.0 h2o_c + h2s_c + 3.0 nadp_c		EHJ91768_1	([UNRESOLVED:Csal_2695] and [UNRESOLVED:Csal_2696]) or EHJ91768_1	1.8.1.2			NO	PARTIAL		AUDIT_NOT_RUN_PHASE1	N/A		MEDIUM	NO	KEEP_FLAGGED	Phase-1 ingestion; no biological decision applied
SULabc	atp_c + h2o_c + so4_e --> adp_c + h_c + pi_c + so4_c		EHJ92345_1 or EHJ92860_1 or EHJ93747_1 or EHJ94629_1 or (EHJ91825_1 and EHJ93254_1)		3.6.3.25						AUDIT_NOT_RUN_PHASE1	REVIEW		MEDIUM	NO	KEEP_FLAGGED	Phase-1 ingestion; no biological decision applied
SULabcpp	atp_c + h2o_c + so4_p --> adp_c + h_c + pi_c + so4_c		EHJ92256_1 or EHJ92345_1 or (EHJ92343_1 and EHJ92345_1) or (EHJ92343_1 and EHJ92344_1 and EHJ92345_1) or (EHJ92342_1 and EHJ92343_1 and EHJ92344_1 and EHJ92345_1)	([UNRESOLVED:Csal_2677] and [UNRESOLVED:Csal_2676] and [UNRESOLVED:Csal_2675]) or [UNRESOLVED:Csal_0053]	3.6.3.25			NO	NO_MAPPING		AUDIT_NOT_RUN_PHASE1	REVIEW		MEDIUM	NO	KEEP_FLAGGED	Phase-1 ingestion; no biological decision applied
St	s_e <=> s_c		spontaneous								AUDIT_NOT_RUN_PHASE1	REVIEW		MEDIUM	NO	KEEP_FLAGGED	Phase-1 ingestion; no biological decision applied
TALA	g3p_c + s7p_c <=> e4p_c + f6p_c		EHJ93209_1	EHJ93209_1 or EHJ93209_1	2.2.1.2			NO	COMPLETE_REVIEW		AUDIT_NOT_RUN_PHASE1	N/A		MEDIUM	NO	KEEP_FLAGGED	Phase-1 ingestion; no biological decision applied
TARTRDtex	tartr__D_e <=> tartr__D_p										AUDIT_NOT_RUN_PHASE1	REVIEW		LOW	NO	REVIEW	Phase-1 ingestion; no biological decision applied
TARTRt7	succ_c + tartr__L_e <=> succ_e + tartr__L_c										AUDIT_NOT_RUN_PHASE1	REVIEW		LOW	NO	REVIEW	Phase-1 ingestion; no biological decision applied
TARTRt7pp	succ_c + tartr__L_p <=> succ_p + tartr__L_c			EHJ92665_1				NO	COMPLETE_REVIEW		AUDIT_NOT_RUN_PHASE1	REVIEW		LOW	NO	REVIEW	Phase-1 ingestion; no biological decision applied
TARTRtex	tartr__L_e <=> tartr__L_p										AUDIT_NOT_RUN_PHASE1	REVIEW		LOW	NO	REVIEW	Phase-1 ingestion; no biological decision applied
TAUDO	akg_c + o2_c + taur_c --> aacald_c + co2_c + h_c + so3_c + succ_c		EHJ93743_1		1.14.11.17						AUDIT_NOT_RUN_PHASE1	N/A		MEDIUM	NO	KEEP_FLAGGED	Phase-1 ingestion; no biological decision applied
TAURtex	taur_e <=> taur_p										AUDIT_NOT_RUN_PHASE1	REVIEW		LOW	NO	REVIEW	Phase-1 ingestion; no biological decision applied
TCYNTtex	tcynt_e <=> tcynt_p										AUDIT_NOT_RUN_PHASE1	REVIEW		LOW	NO	REVIEW	Phase-1 ingestion; no biological decision applied
TCYNTtpp	tcynt_p <=> tcynt_c		spontaneous								AUDIT_NOT_RUN_PHASE1	REVIEW		MEDIUM	NO	KEEP_FLAGGED	Phase-1 ingestion; no biological decision applied
TDP	h2o_c + thmpp_c --> h_c + pi_c + thmmp_c			EHJ93137_1	3.6.1.-;3.6.1.15			YES	COMPLETE_HIGH		AUDIT_NOT_RUN_PHASE1	N/A		LOW	NO	REVIEW	Phase-1 ingestion; no biological decision applied
TETDHpp1	mql8_c + tet_p --> 2.0 h_p + mqn8_c + 2.0 tsul_p										AUDIT_NOT_RUN_PHASE1	REVIEW		LOW	NO	REVIEW	Phase-1 ingestion; no biological decision applied
TETDHpp3	q8h2_c + tet_p --> 2.0 h_p + q8_c + 2.0 tsul_p										AUDIT_NOT_RUN_PHASE1	REVIEW		LOW	NO	REVIEW	Phase-1 ingestion; no biological decision applied
TETtex	tet_e <=> tet_p										AUDIT_NOT_RUN_PHASE1	REVIEW		LOW	NO	REVIEW	Phase-1 ingestion; no biological decision applied
TGBPA	tagdp__D_c <=> dhap_c + g3p_c				4.1.2.40						AUDIT_NOT_RUN_PHASE1	N/A		LOW	NO	REVIEW	Phase-1 ingestion; no biological decision applied
THD2pp	2.0 h_p + nadh_c + nadp_c --> 2.0 h_c + nad_c + nadph_c		EHJ91996_1 or (EHJ94610_1 and EHJ94611_1)	EHJ91996_1	1.6.1.1			YES	COMPLETE_HIGH		AUDIT_NOT_RUN_PHASE1	REVIEW		HIGH	NO	AUTO_KEEP	Phase-1 ingestion; no biological decision applied
THDPS	h2o_c + succoa_c + thdp_c --> coa_c + sl2a6o_c		EHJ93789_1	EHJ93789_1	2.3.1.117			YES	COMPLETE_HIGH		AUDIT_NOT_RUN_PHASE1	N/A		HIGH	NO	AUTO_KEEP	Phase-1 ingestion; no biological decision applied
THFAT	h2o_c + methf_c --> 5fthf_c + h_c		EHJ91693_1		2.1.2.10						AUDIT_NOT_RUN_PHASE1	N/A		MEDIUM	NO	KEEP_FLAGGED	Phase-1 ingestion; no biological decision applied
THIORDXi	h2o2_c + trdrd_c --> 2.0 h2o_c + trdox_c		EHJ91114_1 or EHJ92327_1 or EHJ94096_1 or (EHJ91114_1 and EHJ92923_1) or (EHJ92327_1 and EHJ92369_1) or (EHJ92327_1 and EHJ92923_1) or (EHJ92369_1 and EHJ94096_1) or (EHJ92923_1 and EHJ93847_1)	EHJ92631_1 or EHJ92923_1	1.11.1.15;1.11.1.16;1.11.1.24;1.11.1.26			YES	COMPLETE_HIGH		AUDIT_NOT_RUN_PHASE1	N/A		HIGH	NO	AUTO_KEEP	Phase-1 ingestion; no biological decision applied
THMDt2	h_e + thymd_e --> h_c + thymd_c		EHJ93318_1								AUDIT_NOT_RUN_PHASE1	REVIEW		MEDIUM	NO	KEEP_FLAGGED	Phase-1 ingestion; no biological decision applied
THMDtex	thymd_e <=> thymd_p										AUDIT_NOT_RUN_PHASE1	REVIEW		LOW	NO	REVIEW	Phase-1 ingestion; no biological decision applied
THMabc	atp_c + h2o_c + thm_e --> adp_c + h_c + pi_c + thm_c										AUDIT_NOT_RUN_PHASE1	REVIEW		LOW	NO	REVIEW	Phase-1 ingestion; no biological decision applied
THMabcpp	atp_c + h2o_c + thm_p --> adp_c + h_c + pi_c + thm_c										AUDIT_NOT_RUN_PHASE1	REVIEW		LOW	NO	REVIEW	Phase-1 ingestion; no biological decision applied
THMtex	thm_e <=> thm_p										AUDIT_NOT_RUN_PHASE1	REVIEW		LOW	NO	REVIEW	Phase-1 ingestion; no biological decision applied
THMtrbc	thm_e <=> thm_c										AUDIT_NOT_RUN_PHASE1	REVIEW		LOW	NO	REVIEW	Phase-1 ingestion; no biological decision applied
THRA	thr__L_c --> acald_c + gly_c		EHJ92440_1 or EHJ93086_1 or EHJ93409_1	EHJ92440_1	4.1.2.48;4.1.2.5;2.1.2.1			NO	COMPLETE_REVIEW		AUDIT_NOT_RUN_PHASE1	N/A		MEDIUM	NO	KEEP_FLAGGED	Phase-1 ingestion; no biological decision applied
THRA2	athr__L_c --> acald_c + gly_c		EHJ92440_1 or EHJ93086_1 or EHJ93409_1	EHJ92440_1	2.1.2.1;4.1.2.48;4.1.2.49			NO	COMPLETE_REVIEW		AUDIT_NOT_RUN_PHASE1	N/A		MEDIUM	NO	KEEP_FLAGGED	Phase-1 ingestion; no biological decision applied
THRD_L	thr__L_c --> 2obut_c + nh4_c		EHJ93290_1 or EHJ94227_1 or EHJ94842_1	EHJ94227_1	4.3.1.19			YES	COMPLETE_HIGH		AUDIT_NOT_RUN_PHASE1	N/A		HIGH	NO	AUTO_KEEP	Phase-1 ingestion; no biological decision applied
THRPDC	h_c + thrp_c --> applp_c + co2_c		EHJ92117_1		4.1.1.81						AUDIT_NOT_RUN_PHASE1	N/A		MEDIUM	NO	KEEP_FLAGGED	Phase-1 ingestion; no biological decision applied
THRS	h2o_c + phom_c --> pi_c + thr__L_c		EHJ93824_1	EHJ93824_1	4.2.3.1			YES	COMPLETE_HIGH		AUDIT_NOT_RUN_PHASE1	N/A		HIGH	NO	AUTO_KEEP	Phase-1 ingestion; no biological decision applied
THRabc	atp_c + h2o_c + thr__L_e --> adp_c + h_c + pi_c + thr__L_c										AUDIT_NOT_RUN_PHASE1	REVIEW		LOW	NO	REVIEW	Phase-1 ingestion; no biological decision applied
THRabcpp	atp_c + h2o_c + thr__L_p --> adp_c + h_c + pi_c + thr__L_c										AUDIT_NOT_RUN_PHASE1	REVIEW		LOW	NO	REVIEW	Phase-1 ingestion; no biological decision applied
THRt4pp	na1_p + thr__L_p --> na1_c + thr__L_c										AUDIT_NOT_RUN_PHASE1	REVIEW		LOW	NO	REVIEW	Phase-1 ingestion; no biological decision applied
THRtex	thr__L_e <=> thr__L_p										AUDIT_NOT_RUN_PHASE1	REVIEW		LOW	NO	REVIEW	Phase-1 ingestion; no biological decision applied
THYMt	thym_e <=> thym_c										AUDIT_NOT_RUN_PHASE1	REVIEW		LOW	NO	REVIEW	Phase-1 ingestion; no biological decision applied
THYMt4pp	h_p + thym_p --> h_c + thym_c										AUDIT_NOT_RUN_PHASE1	REVIEW		LOW	NO	REVIEW	Phase-1 ingestion; no biological decision applied
THYMtex	thym_e <=> thym_p			[UNRESOLVED:Csal_2569]				NO	NO_MAPPING		AUDIT_NOT_RUN_PHASE1	REVIEW		LOW	NO	REVIEW	Phase-1 ingestion; no biological decision applied
THZPSN	atp_c + cys__L_c + dxyl5p_c + tyr__L_c --> 4hba_c + 4mpetz_c + ala__L_c + amp_c + co2_c + h2o_c + h_c + ppi_c		EHJ93655_1 or EHJ93717_1 or (EHJ94410_1 and EHJ94411_1) or (EHJ93655_1 and EHJ94410_1 and EHJ94411_1)		2.8.1.10;2.8.1.7						AUDIT_NOT_RUN_PHASE1	N/A		MEDIUM	NO	KEEP_FLAGGED	Phase-1 ingestion; no biological decision applied
TKT1	r5p_c + xu5p__D_c <=> g3p_c + s7p_c		EHJ94196_1	[UNRESOLVED:Csal_0353] or EHJ94196_1	2.2.1.1			NO	PARTIAL		AUDIT_NOT_RUN_PHASE1	N/A		MEDIUM	NO	KEEP_FLAGGED	Phase-1 ingestion; no biological decision applied
TKT2	e4p_c + xu5p__D_c <=> f6p_c + g3p_c		EHJ94196_1	[UNRESOLVED:Csal_0353] or EHJ94196_1	2.2.1.1			NO	PARTIAL		AUDIT_NOT_RUN_PHASE1	N/A		MEDIUM	NO	KEEP_FLAGGED	Phase-1 ingestion; no biological decision applied
TMAOtex	tmao_e <=> tmao_p										AUDIT_NOT_RUN_PHASE1	REVIEW		LOW	NO	REVIEW	Phase-1 ingestion; no biological decision applied
TMAtex	tma_e <=> tma_p										AUDIT_NOT_RUN_PHASE1	REVIEW		LOW	NO	REVIEW	Phase-1 ingestion; no biological decision applied
TMDPP	pi_c + thymd_c <=> 2dr1p_c + thym_c		EHJ93320_1	EHJ93320_1	2.4.2.2;2.4.2.4			YES	COMPLETE_HIGH		AUDIT_NOT_RUN_PHASE1	N/A		HIGH	NO	AUTO_KEEP	Phase-1 ingestion; no biological decision applied
TMDS	dump_c + mlthf_c --> dhf_c + dtmp_c		EHJ91162_1	EHJ91162_1	2.1.1.45			YES	COMPLETE_HIGH		AUDIT_NOT_RUN_PHASE1	N/A		HIGH	NO	AUTO_KEEP	Phase-1 ingestion; no biological decision applied
TMN	h2o_c + thm_c --> 4ahmmp_c + 4mhetz_c + h_c		EHJ93299_1	[UNRESOLVED:WP_183331916.1]	3.5.99.2			NO	NO_MAPPING		AUDIT_NOT_RUN_PHASE1	N/A		MEDIUM	NO	KEEP_FLAGGED	Phase-1 ingestion; no biological decision applied
TMPK	atp_c + thmmp_c --> adp_c + thmpp_c		EHJ91121_1	EHJ91121_1	2.7.4.16			YES	COMPLETE_HIGH		AUDIT_NOT_RUN_PHASE1	N/A		HIGH	NO	AUTO_KEEP	Phase-1 ingestion; no biological decision applied
TMPPP	2mahmp_c + 4mpetz_c + h_c --> ppi_c + thmmp_c		EHJ94039_1	[UNRESOLVED:Csal_3303]	2.5.1.3			NO	NO_MAPPING		AUDIT_NOT_RUN_PHASE1	N/A		MEDIUM	NO	KEEP_FLAGGED	Phase-1 ingestion; no biological decision applied
TNTHAC1	4hadnt_c + tntmdh_c --> 35dnta_c + h2o_c + no2_c		spontaneous								AUDIT_NOT_RUN_PHASE1	N/A		MEDIUM	NO	KEEP_FLAGGED	Phase-1 ingestion; no biological decision applied
TNTHAC2	2hadnt_c + tntmdh_c --> 2m35mdntha_c + h2o_c + no2_c		spontaneous								AUDIT_NOT_RUN_PHASE1	N/A		MEDIUM	NO	KEEP_FLAGGED	Phase-1 ingestion; no biological decision applied
TPI	dhap_c <=> g3p_c		EHJ93894_1	EHJ93894_1	5.3.1.1			YES	COMPLETE_HIGH		AUDIT_NOT_RUN_PHASE1	N/A		HIGH	NO	AUTO_KEEP	Phase-1 ingestion; no biological decision applied
TRDR	h_c + nadph_c + trdox_c --> nadp_c + trdrd_c		EHJ91114_1 or EHJ93046_1 or EHJ93847_1 or EHJ94096_1 or EHJ94583_1 or (EHJ91114_1 and EHJ93046_1) or (EHJ92327_1 and EHJ93046_1) or (EHJ93046_1 and EHJ94096_1)	EHJ93046_1	1.6.4.5;1.8.1.9			YES	COMPLETE_HIGH		AUDIT_NOT_RUN_PHASE1	N/A		HIGH	NO	AUTO_KEEP	Phase-1 ingestion; no biological decision applied
TRE6PH	h2o_c + tre6p_c --> g6p_c + glc__D_c				3.2.1.122;3.2.1.93						AUDIT_NOT_RUN_PHASE1	N/A		LOW	NO	REVIEW	Phase-1 ingestion; no biological decision applied
TRE6PP	h2o_c + tre6p_c --> pi_c + tre_c		EHJ91549_1		3.1.3.12;2.7.2.1						AUDIT_NOT_RUN_PHASE1	N/A		MEDIUM	NO	KEEP_FLAGGED	Phase-1 ingestion; no biological decision applied
TREtex	tre_e <=> tre_p			[UNRESOLVED:Csal_2569]				NO	NO_MAPPING		AUDIT_NOT_RUN_PHASE1	REVIEW		LOW	NO	REVIEW	Phase-1 ingestion; no biological decision applied
TRPS1	3ig3p_c + ser__L_c --> g3p_c + h2o_c + trp__L_c		EHJ91957_1 or EHJ91958_1	EHJ91958_1 and EHJ91957_1	4.2.1.20			YES	COMPLETE_HIGH		AUDIT_NOT_RUN_PHASE1	N/A		HIGH	NO	AUTO_KEEP	Phase-1 ingestion; no biological decision applied
TRPS2	indole_c + ser__L_c --> h2o_c + trp__L_c		EHJ91958_1 or (EHJ92508_1 and EHJ92509_1)	EHJ91958_1 and EHJ91957_1	4.2.1.122;4.2.1.20			YES	COMPLETE_HIGH		AUDIT_NOT_RUN_PHASE1	N/A		HIGH	NO	AUTO_KEEP	Phase-1 ingestion; no biological decision applied
TRPS3	3ig3p_c --> g3p_c + indole_c		EHJ91957_1 or (EHJ92508_1 and EHJ92509_1)	EHJ91958_1 and EHJ91957_1	4.1.2.8;4.2.1.20			YES	COMPLETE_HIGH		AUDIT_NOT_RUN_PHASE1	N/A		HIGH	NO	AUTO_KEEP	Phase-1 ingestion; no biological decision applied
TRPtex	trp__L_e <=> trp__L_p			[UNRESOLVED:Csal_2569]				NO	NO_MAPPING		AUDIT_NOT_RUN_PHASE1	REVIEW		LOW	NO	REVIEW	Phase-1 ingestion; no biological decision applied
TSULDHpp1	2.0 h_p + mql8_c + tsul_p --> h2s_p + 2.0 h_c + mqn8_c + so3_p										AUDIT_NOT_RUN_PHASE1	REVIEW		LOW	NO	REVIEW	Phase-1 ingestion; no biological decision applied
TSULDHpp2	2dmmql8_c + 2.0 h_p + tsul_p --> 2dmmq8_c + h2s_p + 2.0 h_c + so3_p										AUDIT_NOT_RUN_PHASE1	REVIEW		LOW	NO	REVIEW	Phase-1 ingestion; no biological decision applied
TSULDHpp3	2.0 h_p + q8h2_c + tsul_p --> h2s_p + 2.0 h_c + q8_c + so3_p										AUDIT_NOT_RUN_PHASE1	REVIEW		LOW	NO	REVIEW	Phase-1 ingestion; no biological decision applied
TSULP	h_e + tsul_e --> h_c + tsul_c		EHJ93049_1								AUDIT_NOT_RUN_PHASE1	REVIEW		MEDIUM	NO	KEEP_FLAGGED	Phase-1 ingestion; no biological decision applied
TSULabc	atp_c + h2o_c + tsul_e --> adp_c + h_c + pi_c + tsul_c		EHJ92860_1 or EHJ93747_1 or (EHJ91825_1 and EHJ93254_1)		3.6.3.25						AUDIT_NOT_RUN_PHASE1	REVIEW		MEDIUM	NO	KEEP_FLAGGED	Phase-1 ingestion; no biological decision applied
TSULabcpp	atp_c + h2o_c + tsul_p --> adp_c + h_c + pi_c + tsul_c		EHJ92345_1 or (EHJ92343_1 and EHJ92345_1) or (EHJ92343_1 and EHJ92344_1 and EHJ92345_1) or (EHJ92342_1 and EHJ92343_1 and EHJ92344_1 and EHJ92345_1)		3.6.3.25						AUDIT_NOT_RUN_PHASE1	REVIEW		MEDIUM	NO	KEEP_FLAGGED	Phase-1 ingestion; no biological decision applied
TSULtex	tsul_e <=> tsul_p										AUDIT_NOT_RUN_PHASE1	REVIEW		LOW	NO	REVIEW	Phase-1 ingestion; no biological decision applied
TTDCAtexi	ttdca_e --> ttdca_p			[UNRESOLVED:Csal_3004]				NO	NO_MAPPING		AUDIT_NOT_RUN_PHASE1	REVIEW		LOW	NO	REVIEW	Phase-1 ingestion; no biological decision applied
TTDCEAtexi	ttdcea_e --> ttdcea_p			[UNRESOLVED:Csal_3004]				NO	NO_MAPPING		AUDIT_NOT_RUN_PHASE1	REVIEW		LOW	NO	REVIEW	Phase-1 ingestion; no biological decision applied
TYRTA	akg_c + tyr__L_c <=> 34hpp_c + glu__L_c		EHJ91182_1 or EHJ91945_1 or EHJ93032_1 or EHJ93631_1 or EHJ93872_1	EHJ91944_1	2.6.1.1;2.6.1.5;2.6.1.57;2.6.1.9			YES	COMPLETE_HIGH		AUDIT_NOT_RUN_PHASE1	N/A		HIGH	NO	AUTO_KEEP	Phase-1 ingestion; no biological decision applied
TYRTAi	34hpp_c + glu__L_c --> akg_c + tyr__L_c		EHJ93032_1		2.6.1.1;2.6.1.5;2.6.1.57;2.6.1.9						AUDIT_NOT_RUN_PHASE1	N/A		MEDIUM	NO	KEEP_FLAGGED	Phase-1 ingestion; no biological decision applied
TYRtex	tyr__L_e <=> tyr__L_p			[UNRESOLVED:Csal_2569]				NO	NO_MAPPING		AUDIT_NOT_RUN_PHASE1	REVIEW		LOW	NO	REVIEW	Phase-1 ingestion; no biological decision applied
UAAGDS	26dap__M_c + atp_c + uamag_c --> adp_c + h_c + pi_c + ugmd_c		EHJ91350_1	EHJ91350_1	6.3.2.13			YES	COMPLETE_HIGH		AUDIT_NOT_RUN_PHASE1	N/A		HIGH	NO	AUTO_KEEP	Phase-1 ingestion; no biological decision applied
UAG2EMA	h2o_c + uacgam_c --> acmana_c + h_c + udp_c				3.2.1.183;5.1.3.14;5.1.3.7						AUDIT_NOT_RUN_PHASE1	N/A		LOW	NO	REVIEW	Phase-1 ingestion; no biological decision applied
UAG4Ei	uacgam_c --> udpacgal_c		EHJ93074_1		5.1.3.2;5.1.3.7						AUDIT_NOT_RUN_PHASE1	N/A		MEDIUM	NO	KEEP_FLAGGED	Phase-1 ingestion; no biological decision applied
UAGCVT	pep_c + uacgam_c --> pi_c + uaccg_c		EHJ91326_1	EHJ91326_1	2.5.1.7			YES	COMPLETE_HIGH		AUDIT_NOT_RUN_PHASE1	N/A		HIGH	NO	AUTO_KEEP	Phase-1 ingestion; no biological decision applied
UAGDP	acgam1p_c + h_c + utp_c --> ppi_c + uacgam_c		EHJ92747_1 or EHJ94298_1	EHJ94298_1 or [UNRESOLVED:HB_MODEL_ID:EHJ92880_1]	2.7.7.23;2.3.1.157			NO	COMPLETE_HIGH		AUDIT_NOT_RUN_PHASE1	N/A		HIGH	NO	AUTO_KEEP	Phase-1 ingestion; no biological decision applied
UAGPT3	uacgam_c + uagmda_c --> h_c + uaagmda_c + udp_c		EHJ91355_1	EHJ91355_1	2.4.1.227			YES	COMPLETE_HIGH		AUDIT_NOT_RUN_PHASE1	N/A		HIGH	NO	AUTO_KEEP	Phase-1 ingestion; no biological decision applied
UAMAGS	atp_c + glu__D_c + uama_c --> adp_c + h_c + pi_c + uamag_c		EHJ91353_1	EHJ91353_1	6.3.2.9			YES	COMPLETE_HIGH		AUDIT_NOT_RUN_PHASE1	N/A		HIGH	NO	AUTO_KEEP	Phase-1 ingestion; no biological decision applied
UAMAS	ala__L_c + atp_c + uamr_c --> adp_c + h_c + pi_c + uama_c		EHJ91356_1 or EHJ92031_1	EHJ91356_1	6.3.2.8;6.3.2.45			YES	COMPLETE_HIGH		AUDIT_NOT_RUN_PHASE1	N/A		HIGH	NO	AUTO_KEEP	Phase-1 ingestion; no biological decision applied
UAPGR	h_c + nadph_c + uaccg_c --> nadp_c + uamr_c		EHJ91379_1 or EHJ92882_1	EHJ91379_1	1.3.1.98			YES	COMPLETE_HIGH		AUDIT_NOT_RUN_PHASE1	N/A		HIGH	NO	AUTO_KEEP	Phase-1 ingestion; no biological decision applied
UDCPDP	h2o_c + udcpdp_c --> h_c + pi_c + udcpp_c		EHJ94296_1	EHJ94296_1	3.6.1.27			YES	COMPLETE_HIGH		AUDIT_NOT_RUN_PHASE1	N/A		HIGH	NO	AUTO_KEEP	Phase-1 ingestion; no biological decision applied
UDCPDPS	frdp_c + h_c + 8.0 ipdp_c --> 8.0 ppi_c + udcpdp_c		EHJ93780_1	EHJ93780_1	2.5.1.-;2.5.1.31			YES	COMPLETE_HIGH		AUDIT_NOT_RUN_PHASE1	N/A		HIGH	NO	AUTO_KEEP	Phase-1 ingestion; no biological decision applied
UDCPDPex	h2o_e + udcpdp_e --> h_e + pi_e + udcpp_e		EHJ94296_1		3.6.1.27						AUDIT_NOT_RUN_PHASE1	N/A		MEDIUM	NO	KEEP_FLAGGED	Phase-1 ingestion; no biological decision applied
UDPACGLP	acgam1p_c + h_c + utp_c <=> ppi_c + udpacgal_c		EHJ94298_1		2.7.7.23						AUDIT_NOT_RUN_PHASE1	N/A		MEDIUM	NO	KEEP_FLAGGED	Phase-1 ingestion; no biological decision applied
UDPG4E	udpg_c <=> udpgal_c		EHJ92106_1 or EHJ93074_1 or EHJ94922_1	EHJ93074_1	5.1.3.2			YES	COMPLETE_HIGH		AUDIT_NOT_RUN_PHASE1	N/A		HIGH	NO	AUTO_KEEP	Phase-1 ingestion; no biological decision applied
UGLYCH	h2o_c + 2.0 h_c + urdglyc_c --> co2_c + glx_c + 2.0 nh4_c		EHJ92864_1	[UNRESOLVED:Csal_0080]	3.5.1.116;3.5.3.19			NO	CONFLICT		AUDIT_NOT_RUN_PHASE1	N/A		MEDIUM	NO	KEEP_FLAGGED	Phase-1 ingestion; no biological decision applied
UGMDDS	alaala_c + atp_c + ugmd_c --> adp_c + h_c + pi_c + ugmda_c		EHJ91351_1	EHJ91351_1	6.3.2.10			YES	COMPLETE_HIGH		AUDIT_NOT_RUN_PHASE1	N/A		HIGH	NO	AUTO_KEEP	Phase-1 ingestion; no biological decision applied
UM3PL	LalaDgluMdap_c + atp_c + uamr_c --> adp_c + h_c + pi_c + ugmd_c		EHJ92031_1	EHJ92031_1	6.3.2.45			YES	COMPLETE_HIGH		AUDIT_NOT_RUN_PHASE1	N/A		HIGH	NO	AUTO_KEEP	Phase-1 ingestion; no biological decision applied
UM4PCP	h2o_c + um4p_c --> ala__D_c + ugmd_c										AUDIT_NOT_RUN_PHASE1	N/A		LOW	NO	REVIEW	Phase-1 ingestion; no biological decision applied
UM4PL	LalaDgluMdapDala_c + atp_c + uamr_c --> adp_c + h_c + pi_c + um4p_c		EHJ92031_1	EHJ92031_1	6.3.2.45			YES	COMPLETE_HIGH		AUDIT_NOT_RUN_PHASE1	N/A		HIGH	NO	AUTO_KEEP	Phase-1 ingestion; no biological decision applied
UMPK	atp_c + ump_c <=> adp_c + udp_c		EHJ91513_1 or EHJ91633_1 or EHJ93782_1	EHJ91633_1 and EHJ93782_1	2.7.4.14;2.7.4.22;2.7.4.4;2.7.4.25;2.7.4.3			YES	COMPLETE_HIGH		AUDIT_NOT_RUN_PHASE1	N/A		HIGH	NO	AUTO_KEEP	Phase-1 ingestion; no biological decision applied
UMPtex	ump_e <=> ump_p										AUDIT_NOT_RUN_PHASE1	REVIEW		LOW	NO	REVIEW	Phase-1 ingestion; no biological decision applied
UPP3MT	2.0 amet_c + uppg3_c --> 2.0 ahcys_c + dscl_c + h_c		EHJ91942_1 or EHJ94365_1	EHJ91942_1 or [UNRESOLVED:HB_MODEL_ID:EHJ93370_1]	2.1.1.107			NO	COMPLETE_REVIEW		AUDIT_NOT_RUN_PHASE1	N/A		MEDIUM	NO	KEEP_FLAGGED	Phase-1 ingestion; no biological decision applied
UPP3S	hmbil_c --> h2o_c + uppg3_c		EHJ94368_1	EHJ94368_1	4.2.1.75			YES	COMPLETE_HIGH		AUDIT_NOT_RUN_PHASE1	N/A		HIGH	NO	AUTO_KEEP	Phase-1 ingestion; no biological decision applied
UPPDC1	4.0 h_c + uppg3_c --> 4.0 co2_c + cpppg3_c		EHJ94447_1	EHJ94447_1	4.1.1.37			YES	COMPLETE_HIGH		AUDIT_NOT_RUN_PHASE1	N/A		HIGH	NO	AUTO_KEEP	Phase-1 ingestion; no biological decision applied
UPPN	cala_c + h2o_c + 2.0 h_c --> ala_B_c + co2_c + nh4_c				3.5.1.6						AUDIT_NOT_RUN_PHASE1	N/A		LOW	NO	REVIEW	Phase-1 ingestion; no biological decision applied
UPPRT	prpp_c + ura_c --> ppi_c + ump_c		EHJ91922_1	EHJ91922_1	2.4.2.9			YES	COMPLETE_HIGH		AUDIT_NOT_RUN_PHASE1	N/A		HIGH	NO	AUTO_KEEP	Phase-1 ingestion; no biological decision applied
URAt	ura_e <=> ura_c										AUDIT_NOT_RUN_PHASE1	REVIEW		LOW	NO	REVIEW	Phase-1 ingestion; no biological decision applied
URAt2	h_e + ura_e --> h_c + ura_c		EHJ92868_1 or EHJ92869_1								AUDIT_NOT_RUN_PHASE1	REVIEW		MEDIUM	NO	KEEP_FLAGGED	Phase-1 ingestion; no biological decision applied
URAt2pp	h_p + ura_p --> h_c + ura_c		EHJ91921_1								AUDIT_NOT_RUN_PHASE1	REVIEW		MEDIUM	NO	KEEP_FLAGGED	Phase-1 ingestion; no biological decision applied
URAtex	ura_e <=> ura_p			[UNRESOLVED:Csal_2569]				NO	NO_MAPPING		AUDIT_NOT_RUN_PHASE1	REVIEW		LOW	NO	REVIEW	Phase-1 ingestion; no biological decision applied
URCN	h2o_c + urcan_c --> 4izp_c		EHJ91196_1	[UNRESOLVED:FF32_18135]	4.2.1.49			NO	NO_MAPPING		AUDIT_NOT_RUN_PHASE1	N/A		MEDIUM	NO	KEEP_FLAGGED	Phase-1 ingestion; no biological decision applied
UREA	h2o_c + 2.0 h_c + urea_c --> co2_c + 2.0 nh4_c		EHJ94489_1 or (EHJ94485_1 and EHJ94486_1) or (EHJ94484_1 and EHJ94485_1 and EHJ94486_1) or (EHJ94483_1 and EHJ94484_1 and EHJ94485_1 and EHJ94486_1 and EHJ94487_1 and EHJ94488_1 and EHJ94489_1)		3.5.1.5						AUDIT_NOT_RUN_PHASE1	N/A		MEDIUM	NO	KEEP_FLAGGED	Phase-1 ingestion; no biological decision applied
UREASE	atp_c + hco3_c + urea_c <=> adp_c + allphn_c + h_c + pi_c		EHJ91258_1 or EHJ94618_1		6.3.4.6						AUDIT_NOT_RUN_PHASE1	N/A		MEDIUM	NO	KEEP_FLAGGED	Phase-1 ingestion; no biological decision applied
UREA_1	h2o_c + urea_c --> co2_c + 2.0 nh3_c		EHJ94484_1 and EHJ94485_1 and EHJ94486_1 and EHJ94489_1		3.5.1.5						AUDIT_NOT_RUN_PHASE1	N/A		MEDIUM	NO	KEEP_FLAGGED	Phase-1 ingestion; no biological decision applied
UREAabcpp	atp_c + h2o_c + urea_p --> adp_c + h_c + pi_c + urea_c		EHJ94477_1 and EHJ94478_1 and EHJ94479_1 and EHJ94480_1 and EHJ94481_1								AUDIT_NOT_RUN_PHASE1	REVIEW		MEDIUM	NO	KEEP_FLAGGED	Phase-1 ingestion; no biological decision applied
UREAtex	urea_e <=> urea_p										AUDIT_NOT_RUN_PHASE1	REVIEW		LOW	NO	REVIEW	Phase-1 ingestion; no biological decision applied
URIC	2.0 h2o_c + o2_c + urate_c --> alltn_c + co2_c + h2o2_c		EHJ92867_1		1.7.3.3;5.1.99.5						AUDIT_NOT_RUN_PHASE1	N/A		MEDIUM	NO	KEEP_FLAGGED	Phase-1 ingestion; no biological decision applied
URIDK2r	atp_c + dump_c <=> adp_c + dudp_c		EHJ91394_1		2.7.4.13;2.7.4.4;2.7.4.9						AUDIT_NOT_RUN_PHASE1	N/A		MEDIUM	NO	KEEP_FLAGGED	Phase-1 ingestion; no biological decision applied
URIt2	h_e + uri_e --> h_c + uri_c		EHJ93318_1								AUDIT_NOT_RUN_PHASE1	REVIEW		MEDIUM	NO	KEEP_FLAGGED	Phase-1 ingestion; no biological decision applied
URO_c	h2o_c + o2_c + urate_c --> 5hiu_c + h2o2_c + h_c										AUDIT_NOT_RUN_PHASE1	N/A		LOW	NO	REVIEW	Phase-1 ingestion; no biological decision applied
UT6PT	tag6p__D_c + utp_c --> h_c + tagdp__D_c + udp_c		EHJ91606_1		2.7.1.90						AUDIT_NOT_RUN_PHASE1	N/A		MEDIUM	NO	KEEP_FLAGGED	Phase-1 ingestion; no biological decision applied
VACCtex	vacc_e --> vacc_p		EHJ93819_1								AUDIT_NOT_RUN_PHASE1	REVIEW		MEDIUM	NO	KEEP_FLAGGED	Phase-1 ingestion; no biological decision applied
VALTA	akg_c + val__L_c <=> 3mob_c + glu__L_c		EHJ93739_1	EHJ93739_1	2.6.1.42;2.6.1.6			YES	COMPLETE_HIGH		AUDIT_NOT_RUN_PHASE1	N/A		HIGH	NO	AUTO_KEEP	Phase-1 ingestion; no biological decision applied
VALabc	atp_c + h2o_c + val__L_e --> adp_c + h_c + pi_c + val__L_c										AUDIT_NOT_RUN_PHASE1	REVIEW		LOW	NO	REVIEW	Phase-1 ingestion; no biological decision applied
VALabcpp	atp_c + h2o_c + val__L_p --> adp_c + h_c + pi_c + val__L_c		EHJ91145_1 or (EHJ91144_1 and EHJ91457_1) or (EHJ91145_1 and EHJ91460_1) or (EHJ91457_1 and EHJ91460_1) or (EHJ91458_1 and EHJ91460_1 and EHJ92565_1) or (EHJ91144_1 and EHJ91457_1 and EHJ91460_1 and EHJ94091_1) or (EHJ94442_1 and EHJ94443_1 and EHJ94444_1 and EHJ94445_1)	[UNRESOLVED:Csal_1419] and EHJ94090_1 and EHJ94089_1 and EHJ94089_1				NO	PARTIAL		AUDIT_NOT_RUN_PHASE1	REVIEW		MEDIUM	NO	KEEP_FLAGGED	Phase-1 ingestion; no biological decision applied
VALt2rpp	h_p + val__L_p <=> h_c + val__L_c										AUDIT_NOT_RUN_PHASE1	REVIEW		LOW	NO	REVIEW	Phase-1 ingestion; no biological decision applied
VALt3pp	h_p + val__L_c --> h_c + val__L_p										AUDIT_NOT_RUN_PHASE1	REVIEW		LOW	NO	REVIEW	Phase-1 ingestion; no biological decision applied
VALtex	val__L_e <=> val__L_p			[UNRESOLVED:Csal_2569]				NO	NO_MAPPING		AUDIT_NOT_RUN_PHASE1	REVIEW		LOW	NO	REVIEW	Phase-1 ingestion; no biological decision applied
VCACT	accoa_c + ppcoa_c <=> 3optcoa_c + coa_c		EHJ93772_1								AUDIT_NOT_RUN_PHASE1	N/A		MEDIUM	NO	KEEP_FLAGGED	Phase-1 ingestion; no biological decision applied
VCOAD	fad_c + ptcoa_c <-- fadh2_c + pt2coa_c		EHJ91541_1		1.3.8.7;1.3.8.8						AUDIT_NOT_RUN_PHASE1	N/A		MEDIUM	NO	KEEP_FLAGGED	Phase-1 ingestion; no biological decision applied
VECOAH	3hptcoa_c <=> h2o_c + pt2coa_c		EHJ92213_1 or EHJ93246_1 or EHJ94459_1 or EHJ94565_1		4.2.1.17						AUDIT_NOT_RUN_PHASE1	N/A		MEDIUM	NO	KEEP_FLAGGED	Phase-1 ingestion; no biological decision applied
VPAMTr	3mob_c + ala__L_c --> pyr_c + val__L_c		EHJ93872_1 or EHJ94749_1	EHJ93113_1	2.6.1.66			YES	COMPLETE_HIGH		AUDIT_NOT_RUN_PHASE1	N/A		HIGH	NO	AUTO_KEEP	Phase-1 ingestion; no biological decision applied
XAND	h2o_c + nad_c + xan_c --> h_c + nadh_c + urate_c		EHJ91874_1 and EHJ91875_1	[UNRESOLVED:Csal_0527] and [UNRESOLVED:Csal_0528] and [UNRESOLVED:Csal_0529]	1.17.1.4			NO	NO_MAPPING		AUDIT_NOT_RUN_PHASE1	N/A		MEDIUM	NO	KEEP_FLAGGED	Phase-1 ingestion; no biological decision applied
XANt2pp	h_p + xan_p --> h_c + xan_c		EHJ91921_1								AUDIT_NOT_RUN_PHASE1	REVIEW		MEDIUM	NO	KEEP_FLAGGED	Phase-1 ingestion; no biological decision applied
XANtex	xan_e <=> xan_p			[UNRESOLVED:Csal_2569]				NO	NO_MAPPING		AUDIT_NOT_RUN_PHASE1	REVIEW		LOW	NO	REVIEW	Phase-1 ingestion; no biological decision applied
XPPT	prpp_c + xan_c --> ppi_c + xmp_c		EHJ91910_1 or EHJ91924_1	EHJ91924_1	2.4.2.22;2.4.2.8			YES	COMPLETE_HIGH		AUDIT_NOT_RUN_PHASE1	N/A		HIGH	NO	AUTO_KEEP	Phase-1 ingestion; no biological decision applied
XTSNtex	xtsn_e <=> xtsn_p			[UNRESOLVED:Csal_2569]				NO	NO_MAPPING		AUDIT_NOT_RUN_PHASE1	REVIEW		LOW	NO	REVIEW	Phase-1 ingestion; no biological decision applied
XYLI1	xyl__D_c <=> xylu__D_c				5.3.1.5						AUDIT_NOT_RUN_PHASE1	N/A		LOW	NO	REVIEW	Phase-1 ingestion; no biological decision applied
XYLK	atp_c + xylu__D_c --> adp_c + h_c + xu5p__D_c		EHJ92124_1 or EHJ93210_1	EHJ93210_1	2.7.1.17			YES	COMPLETE_HIGH		AUDIT_NOT_RUN_PHASE1	N/A		HIGH	NO	AUTO_KEEP	Phase-1 ingestion; no biological decision applied
XYLabc	atp_c + h2o_c + xyl__D_e --> adp_c + h_c + pi_c + xyl__D_c		(EHJ92037_1 and EHJ92038_1) or (EHJ94896_1 and EHJ94897_1)								AUDIT_NOT_RUN_PHASE1	REVIEW		MEDIUM	NO	KEEP_FLAGGED	Phase-1 ingestion; no biological decision applied
XYLabcpp	atp_c + h2o_c + xyl__D_p --> adp_c + h_c + pi_c + xyl__D_c		EHJ94639_1 and EHJ94896_1								AUDIT_NOT_RUN_PHASE1	REVIEW		MEDIUM	NO	KEEP_FLAGGED	Phase-1 ingestion; no biological decision applied
XYLe	h2o_e + xylan8_e --> 2.0 xylan4_e		EHJ91977_1		3.2.1.8						AUDIT_NOT_RUN_PHASE1	N/A		MEDIUM	NO	KEEP_FLAGGED	Phase-1 ingestion; no biological decision applied
XYLt2	h_e + xyl__D_e --> h_c + xyl__D_c										AUDIT_NOT_RUN_PHASE1	REVIEW		LOW	NO	REVIEW	Phase-1 ingestion; no biological decision applied
XYLtex	xyl__D_e <=> xyl__D_p										AUDIT_NOT_RUN_PHASE1	REVIEW		LOW	NO	REVIEW	Phase-1 ingestion; no biological decision applied
YUMPS	r5p_c + ura_c <=> h2o_c + psd5p_c		EHJ93888_1 or (EHJ91960_1 and EHJ93888_1) or (EHJ91381_1 and EHJ91821_1 and EHJ92930_1)		5.4.99.-;5.4.99.12;5.4.99.25						AUDIT_NOT_RUN_PHASE1	N/A		MEDIUM	NO	KEEP_FLAGGED	Phase-1 ingestion; no biological decision applied
ZN2abcpp	atp_c + h2o_c + zn2_c --> adp_c + h_c + pi_c + zn2_p		EHJ92788_1	[UNRESOLVED:HB_MODEL_ID:EHJ93821_1]	3.6.3.5			NO	COMPLETE_HIGH		AUDIT_NOT_RUN_PHASE1	REVIEW		HIGH	NO	AUTO_KEEP	Phase-1 ingestion; no biological decision applied
ZN2t3pp	h_p + zn2_c --> h_c + zn2_p			[UNRESOLVED:Csal_0395]				NO	NO_MAPPING		AUDIT_NOT_RUN_PHASE1	REVIEW		LOW	NO	REVIEW	Phase-1 ingestion; no biological decision applied
ZN2t4	h_e + k_e + zn2_c --> h_c + k_c + zn2_e										AUDIT_NOT_RUN_PHASE1	REVIEW		LOW	NO	REVIEW	Phase-1 ingestion; no biological decision applied
ZN2t4pp	h_p + k_p + zn2_c --> h_c + k_c + zn2_p		EHJ91151_1 or EHJ91546_1 or EHJ92265_1 or (EHJ91151_1 and EHJ91546_1)								AUDIT_NOT_RUN_PHASE1	REVIEW		MEDIUM	NO	KEEP_FLAGGED	Phase-1 ingestion; no biological decision applied
ZN2t5	h_p + zn2_c --> h_c + zn2_e		EHJ94767_1 or (EHJ94665_1 and EHJ94767_1)								AUDIT_NOT_RUN_PHASE1	REVIEW		MEDIUM	NO	KEEP_FLAGGED	Phase-1 ingestion; no biological decision applied
ZN2t6	h_p + zn2_p --> h_c + zn2_e		EHJ94767_1 or (EHJ94665_1 and EHJ94767_1)								AUDIT_NOT_RUN_PHASE1	REVIEW		MEDIUM	NO	KEEP_FLAGGED	Phase-1 ingestion; no biological decision applied
ZN2tpp	zn2_p --> zn2_c			EHJ92790_1				NO	COMPLETE_REVIEW		AUDIT_NOT_RUN_PHASE1	REVIEW		LOW	NO	REVIEW	Phase-1 ingestion; no biological decision applied
ZNabc	atp_c + h2o_c + zn2_e --> adp_c + h_c + pi_c + zn2_c		EHJ91577_1 or EHJ92218_1 or EHJ93920_1		3.6.3.5						AUDIT_NOT_RUN_PHASE1	REVIEW		MEDIUM	NO	KEEP_FLAGGED	Phase-1 ingestion; no biological decision applied
ZNabcpp	atp_c + h2o_c + zn2_p --> adp_c + h_c + pi_c + zn2_c			(EHJ93920_1 and EHJ94578_1 and EHJ94579_1 and EHJ94580_1) or EHJ94029_1	3.6.3.5			NO	COMPLETE_REVIEW		AUDIT_NOT_RUN_PHASE1	REVIEW		LOW	NO	REVIEW	Phase-1 ingestion; no biological decision applied
Zn2tex	zn2_e <=> zn2_p			[UNRESOLVED:Csal_2569]				NO	NO_MAPPING		AUDIT_NOT_RUN_PHASE1	REVIEW		LOW	NO	REVIEW	Phase-1 ingestion; no biological decision applied
aratyr2	3mop_c + tyr__L_c <=> 34hpp_c + ile__L_c										AUDIT_NOT_RUN_PHASE1	N/A		LOW	NO	REVIEW	Phase-1 ingestion; no biological decision applied
ilvg	2obut_c + hethmpp_c --> 2ahbut_c + thmpp_c										AUDIT_NOT_RUN_PHASE1	N/A		LOW	NO	REVIEW	Phase-1 ingestion; no biological decision applied
r0191	f6p_c + utp_c --> fdp_c + h_c + udp_c		EHJ91606_1		2.7.1.90						AUDIT_NOT_RUN_PHASE1	N/A		MEDIUM	NO	KEEP_FLAGGED	Phase-1 ingestion; no biological decision applied
r0963	fol_e --> fol_c										AUDIT_NOT_RUN_PHASE1	REVIEW		LOW	NO	REVIEW	Phase-1 ingestion; no biological decision applied
r2136	na1_e + pi_e --> na1_c + pi_c		EHJ94350_1								AUDIT_NOT_RUN_PHASE1	REVIEW		MEDIUM	NO	KEEP_FLAGGED	Phase-1 ingestion; no biological decision applied
r2465_1	zn2_c --> zn2_e										AUDIT_NOT_RUN_PHASE1	REVIEW		LOW	NO	REVIEW	Phase-1 ingestion; no biological decision applied
sink_2ohph_c	2ohph_c --> 										AUDIT_NOT_RUN_PHASE1	N/A		SPECIAL	NO	SPECIAL_RULE	Phase-1 ingestion; no biological decision applied
sink_hemeO_c	hemeO_c --> 										AUDIT_NOT_RUN_PHASE1	N/A		SPECIAL	NO	SPECIAL_RULE	Phase-1 ingestion; no biological decision applied
sink_mobd_c	mobd_c --> 										AUDIT_NOT_RUN_PHASE1	N/A		SPECIAL	NO	SPECIAL_RULE	Phase-1 ingestion; no biological decision applied
sink_sheme_c	sheme_c --> 										AUDIT_NOT_RUN_PHASE1	N/A		SPECIAL	NO	SPECIAL_RULE	Phase-1 ingestion; no biological decision applied
Growth	0.000228292457724 10fthf_c + 0.537590007354 ala__L_c + 0.000228292457724 amet_c + 0.312073333768 arg__L_c + 0.154429139245 asn__L_c + 0.273566391446 asp__L_c + 54.0920993253 atp_c + 0.00532853023521 ca2_c + 0.00532853023521 cl_c + 0.000589670204703 coa_c + 0.000102373299428 cobalt2_c + 0.176528526295 ctp_c + 0.000725826692942 cu2_c + 0.047025814905 cys__L_c + 0.0228082959761 datp_c + 0.0275225770962 dctp_c + 0.0275225770962 dgtp_c + 0.0228082959761 dttp_c + 0.000228292457724 fad_c + 0.00687436705657 fe2_c + 0.00799330721931 fe3_c + 0.220102274762 gln__L_c + 0.315435831071 glu__L_c + 0.384717200601 gly_c + 0.187110330521 gtp_c + 48.9434831564 h2o_c + 0.12161100174 his__L_c + 0.258707511766 ile__L_c + 0.199825514352 k_c + 0.56912621836 leu__L_c + 0.153020248779 lys__L_c + 0.132763352723 met__L_c + 0.00888088372535 mg2_c + 0.000228292457724 mlthf_c + 0.000707399499045 mn2_c + 0.000102373299428 mql8_c + 0.00187445511252 nad_c + 0.000457608648442 nadp_c + 0.181116145857 phe__L_c + 0.237037629633 pro__L_c + 0.000228292457724 pydx5p_c + 0.000228292457724 ribflv_c + 0.29633799316 ser__L_c + 0.00444095372917 so4_c + 0.000228292457724 thf_c + 0.000228292457724 thmpp_c + 0.259579877084 thr__L_c + 0.0748145410966 trp__L_c + 0.124432878283 tyr__L_c + 0.102373299428 uaagmda_c + 0.148333395904 utp_c + 0.353029451957 val__L_c + 0.000349092951048 zn2_c --> 53.95 adp_c + 53.95 h_c + 53.95 pi_c + 0.754733324128 ppi_c										AUDIT_NOT_RUN_PHASE1	N/A		SPECIAL	NO	SPECIAL_RULE	Phase-1 ingestion; no biological decision applied
ATPM	atp_c + h2o_c --> adp_c + h_c + pi_c				3.6.1.15;3.6.1.3;3.6.1.5;3.6.1.8;3.6.3.1;3.6.3.10;3.6.3.11;3.6.3.12;3.6.3.14;3.6.3.15;3.6.3.16;3.6.3.17;3.6.3.18;3.6.3.19;3.6.3.2;3.6.3.20;3.6.3.21;3.6.3.22;3.6.3.23;3.6.3.24;3.6.3.25;3.6.3.26;3.6.3.27;3.6.3.28;3.6.3.29;3.6.3.3;3.6.3.30;3.6.3.31;3.6.3.32;3.6.3.33;3.6.3.34;3.6.3.35;3.6.3.36;3.6.3.37;3.6.3.38;3.6.3.39;3.6.3.4;3.6.3.40;3.6.3.41;3.6.3.42;3.6.3.43;3.6.3.44;3.6.3.46;3.6.3.47;3.6.3.48;3.6.3.49;3.6.3.5;3.6.3.50;3.6.3.51;3.6.3.52;3.6.3.53;3.6.3.54;3.6.3.6;3.6.3.7;3.6.3.8;3.6.3.9;3.6.4.1;3.6.4.10;3.6.4.11;3.6.4.12;3.6.4.13;3.6.4.2;3.6.4.3;3.6.4.4;3.6.4.5;3.6.4.6;3.6.4.7;3.6.4.8;3.6.4.9						AUDIT_NOT_RUN_PHASE1	N/A		LOW	NO	REVIEW	Phase-1 ingestion; no biological decision applied
4HBAt	4hba_e <=> 4hba_c										AUDIT_NOT_RUN_PHASE1	REVIEW		LOW	NO	REVIEW	Phase-1 ingestion; no biological decision applied
ASNS3	asp__L_c + atp_c + nh3_c --> adp_c + asn__L_c + pi_c										AUDIT_NOT_RUN_PHASE1	N/A		LOW	NO	REVIEW	Phase-1 ingestion; no biological decision applied
FTHFLi	atp_c + for_c + thf_c --> 10fthf_c + adp_c + pi_c										AUDIT_NOT_RUN_PHASE1	N/A		LOW	NO	REVIEW	Phase-1 ingestion; no biological decision applied
MECDPDH2	2mecdp_c + nadh_c --> h2mb4p_c + h2o_c + nad_c										AUDIT_NOT_RUN_PHASE1	N/A		LOW	NO	REVIEW	Phase-1 ingestion; no biological decision applied
MHPGLUT2	ahcys_c + h_c + mhpglu_c <=> amet_c + hpglu_c										AUDIT_NOT_RUN_PHASE1	N/A		LOW	NO	REVIEW	Phase-1 ingestion; no biological decision applied
OBTFL	2obut_c + coa_c --> for_c + ppcoa_c										AUDIT_NOT_RUN_PHASE1	N/A		LOW	NO	REVIEW	Phase-1 ingestion; no biological decision applied
SHCHCS	ichor_c + sucsal_c --> 2shchc_c + pyr_c										AUDIT_NOT_RUN_PHASE1	N/A		LOW	NO	REVIEW	Phase-1 ingestion; no biological decision applied
PHB_SYN_HB	4.0 3hbcoa__R_c --> 4.0 coa_c + phb_c		EHJ92371_1 or EHJ91551_1 or EHJ91793_1		2.3.1.304						AUDIT_NOT_RUN_PHASE1	REVIEW		MEDIUM	NO	KEEP_FLAGGED	Phase-1 ingestion; no biological decision applied
DM_phb_c	phb_c --> 										AUDIT_NOT_RUN_PHASE1	N/A		SPECIAL	NO	SPECIAL_RULE	Phase-1 ingestion; no biological decision applied
GALKr	atp_c + gal_c <=> adp_c + gal1p_c + h_c				2.7.1.6						AUDIT_NOT_RUN_PHASE1	REVIEW	BIGG_UNIVERSAL_WEIGHTED_PFBA	LOW	NO	REVIEW	Phase-1 ingestion; no biological decision applied
UGLT	gal1p_c + udpg_c <=> g1p_c + udpgal_c				2.7.7.12						AUDIT_NOT_RUN_PHASE1	REVIEW	BIGG_UNIVERSAL_WEIGHTED_PFBA	LOW	NO	REVIEW	Phase-1 ingestion; no biological decision applied
MANabcpp	atp_c + h2o_c + man_p --> adp_c + h_c + man_c + pi_c			[UNRESOLVED:FF32_11275] and [UNRESOLVED:FF32_11280] and [UNRESOLVED:FF32_11285] and [UNRESOLVED:FF32_11290]				NO	NO_MAPPING		AUDIT_NOT_RUN_PHASE1	REVIEW	BIGG_UNIVERSAL_WEIGHTED_PFBA	LOW	NO	REVIEW	Phase-1 ingestion; no biological decision applied
HEX4	atp_c + man_c --> adp_c + h_c + man6p_c				2.7.1.1;2.7.1.7						AUDIT_NOT_RUN_PHASE1	REVIEW	BIGG_UNIVERSAL_WEIGHTED_PFBA	LOW	NO	REVIEW	Phase-1 ingestion; no biological decision applied
