reaction_id	reaction_name	reaction_type	raw_subsystem	database_annotation	candidate_category	final_category	classification_evidence	classification_rule
EX_25dkglcn_e	EX_25dkglcn_e	Exchange		bigg.reaction EX_25dkglcn_e sbo SBO:0000627	Environmental exchange	Exchange / extracellular interface	reaction identifier/type	EXCHANGE_TYPE
EX_3amp_e	EX_3amp_e	Exchange		bigg.reaction EX_3amp_e metanetx.reaction MNXR94857 sbo SBO:0000627 seed.reaction rxn07973	Environmental exchange	Exchange / extracellular interface	reaction identifier/type	EXCHANGE_TYPE
EX_3cmp_e	EX_3cmp_e	Exchange		bigg.reaction EX_3cmp_e metanetx.reaction MNXR94861 sbo SBO:0000627 seed.reaction rxn07974	Environmental exchange	Exchange / extracellular interface	reaction identifier/type	EXCHANGE_TYPE
EX_3gmp_e	EX_3gmp_e	Exchange		bigg.reaction EX_3gmp_e metanetx.reaction MNXR94868 sbo SBO:0000627 seed.reaction rxn07975	Environmental exchange	Exchange / extracellular interface	reaction identifier/type	EXCHANGE_TYPE
EX_3h4atb_e	EX_3h4atb_e	Exchange		bigg.reaction EX_3h4atb_e sbo SBO:0000627	Environmental exchange	Exchange / extracellular interface	reaction identifier/type	EXCHANGE_TYPE
EX_3mb_e	EX_3mb_e	Exchange		bigg.reaction EX_3mb_e metanetx.reaction MNXR94918 sbo SBO:0000627	Environmental exchange	Exchange / extracellular interface	reaction identifier/type	EXCHANGE_TYPE
EX_3ump_e	EX_3ump_e	Exchange		bigg.reaction EX_3ump_e metanetx.reaction MNXR94983 sbo SBO:0000627 seed.reaction rxn08005	Environmental exchange	Exchange / extracellular interface	reaction identifier/type	EXCHANGE_TYPE
EX_4ahmmp_e	EX_4ahmmp_e	Exchange		bigg.reaction EX_4ahmmp_e sbo SBO:0000627	Environmental exchange	Exchange / extracellular interface	reaction identifier/type	EXCHANGE_TYPE
EX_4hba_e	EX_4hba_e	Exchange		bigg.reaction EX_4hba_e biocyc META:TRANS-RXN0-274 metanetx.reaction MNXR95007 sbo SBO:0000627 seed.reaction rxn12376	Environmental exchange	Exchange / extracellular interface	reaction identifier/type	EXCHANGE_TYPE
EX_4hpro_LT_e	EX_4hpro_LT_e	Exchange		bigg.reaction EX_4hpro_LT_e metanetx.reaction MNXR95022 sbo SBO:0000627 seed.reaction rxn09791	Environmental exchange	Exchange / extracellular interface	reaction identifier/type	EXCHANGE_TYPE
EX_5drib_e	EX_5drib_e	Exchange		bigg.reaction EX_5drib_e sbo SBO:0000627	Environmental exchange	Exchange / extracellular interface	reaction identifier/type	EXCHANGE_TYPE
EX_5mcsn_e	EX_5mcsn_e	Exchange		bigg.reaction EX_5mcsn_e sbo SBO:0000627	Environmental exchange	Exchange / extracellular interface	reaction identifier/type	EXCHANGE_TYPE
EX_LalaDgluMdapDala_e	EX_LalaDgluMdapDala_e	Exchange		bigg.reaction EX_LalaDgluMdapDala_e metanetx.reaction MNXR95051 sbo SBO:0000627 seed.reaction rxn08009	Environmental exchange	Exchange / extracellular interface	reaction identifier/type	EXCHANGE_TYPE
EX_LalaDgluMdap_e	EX_LalaDgluMdap_e	Exchange		bigg.reaction EX_LalaDgluMdap_e metanetx.reaction MNXR94971 sbo SBO:0000627 seed.reaction rxn08004	Environmental exchange	Exchange / extracellular interface	reaction identifier/type	EXCHANGE_TYPE
EX_LalaLglu_e	EX_LalaLglu_e	Exchange		bigg.reaction EX_LalaLglu_e metanetx.reaction MNXR101005 rhea 35135;35136;35137;35138 sbo SBO:0000627	Environmental exchange	Exchange / extracellular interface	reaction identifier/type	EXCHANGE_TYPE
EX_ac_e	EX_ac_e	Exchange		bigg.reaction EX_ac_e biocyc META:RXN0-1981;META:TRANS-RXN0-567 metanetx.reaction MNXR95431 rhea 27814;27815;27816;27817 sbo SBO:0000627 seed.reaction rxn08063;rxn09787;rxn09866;rxn10904	Environmental exchange	Exchange / extracellular interface	reaction identifier/type	EXCHANGE_TYPE
EX_acac_e	EX_acac_e	Exchange		bigg.reaction EX_acac_e biocyc META:TRANS-RXN0-281 metanetx.reaction MNXR95208 rhea 29751;29752;29753;29754 sbo SBO:0000627 seed.reaction rxn08030;rxn10960;rxn13115	Environmental exchange	Exchange / extracellular interface	reaction identifier/type	EXCHANGE_TYPE
EX_acald_e	EX_acald_e	Exchange		bigg.reaction EX_acald_e metanetx.reaction MNXR95212 reactome R-HSA-449872 sbo SBO:0000627 seed.reaction rxn08032;rxn08033;rxn09700;rxn13212	Environmental exchange	Exchange / extracellular interface	reaction identifier/type	EXCHANGE_TYPE
EX_acglu_e	EX_acglu_e	Exchange		bigg.reaction EX_acglu_e sbo SBO:0000627	Environmental exchange	Exchange / extracellular interface	reaction identifier/type	EXCHANGE_TYPE
EX_acon_C_e	EX_acon_C_e	Exchange		bigg.reaction EX_acon_C_e metanetx.reaction MNXR95381 sbo SBO:0000627 seed.reaction rxn12788	Environmental exchange	Exchange / extracellular interface	reaction identifier/type	EXCHANGE_TYPE
EX_acser_e	EX_acser_e	Exchange		bigg.reaction EX_acser_e biocyc META:RXN0-1923 metanetx.reaction MNXR95416 rhea 29659;29660;29661;29662 sbo SBO:0000627 seed.reaction rxn08059;rxn08060	Environmental exchange	Exchange / extracellular interface	reaction identifier/type	EXCHANGE_TYPE
EX_ade_e	EX_ade_e	Exchange		bigg.reaction EX_ade_e biocyc META:TRANS-RXN0-577 metanetx.reaction MNXR95445 sbo SBO:0000627 seed.reaction rxn08065;rxn09786;rxn10918	Environmental exchange	Exchange / extracellular interface	reaction identifier/type	EXCHANGE_TYPE
EX_adn_e	EX_adn_e	Exchange		bigg.reaction EX_adn_e metanetx.reaction MNXR95460 sbo SBO:0000627 seed.reaction rxn08069;rxn11000	Environmental exchange	Exchange / extracellular interface	reaction identifier/type	EXCHANGE_TYPE
EX_agm_e	EX_agm_e	Exchange		bigg.reaction EX_agm_e metanetx.reaction MNXR95556 sbo SBO:0000627 seed.reaction rxn08082	Environmental exchange	Exchange / extracellular interface	reaction identifier/type	EXCHANGE_TYPE
EX_akg_e	EX_akg_e	Exchange		bigg.reaction EX_akg_e metanetx.reaction MNXR95663 sbo SBO:0000627 seed.reaction rxn08096;rxn10923;rxn13220	Environmental exchange	Exchange / extracellular interface	reaction identifier/type	EXCHANGE_TYPE
EX_ala_L_asp__L_e	EX_ala_L_asp__L_e	Exchange		bigg.reaction EX_ala_L_asp__L_e metanetx.reaction MNXR142920 sbo SBO:0000627	Environmental exchange	Exchange / extracellular interface	reaction identifier/type	EXCHANGE_TYPE
EX_ala_L_glu__L_e	EX_ala_L_glu__L_e	Exchange		bigg.reaction EX_ala_L_glu__L_e metanetx.reaction MNXR142922 sbo SBO:0000627	Environmental exchange	Exchange / extracellular interface	reaction identifier/type	EXCHANGE_TYPE
EX_ala__D_e	EX_ala__D_e	Exchange		bigg.reaction EX_ala__D_e metanetx.reaction MNXR95702 sbo SBO:0000627 seed.reaction rxn08302;rxn10991	Environmental exchange	Exchange / extracellular interface	reaction identifier/type	EXCHANGE_TYPE
EX_ala__L_e	EX_ala__L_e	Exchange		bigg.reaction EX_ala__L_e metanetx.reaction MNXR95706 sbo SBO:0000627 seed.reaction rxn08104;rxn10921;rxn13221	Environmental exchange	Exchange / extracellular interface	reaction identifier/type	EXCHANGE_TYPE
EX_alaala_e	EX_alaala_e	Exchange		bigg.reaction EX_alaala_e metanetx.reaction MNXR95679 sbo SBO:0000627 seed.reaction rxn08099	Environmental exchange	Exchange / extracellular interface	reaction identifier/type	EXCHANGE_TYPE
EX_alahis_e	EX_alahis_e	Exchange		bigg.reaction EX_alahis_e sbo SBO:0000627	Environmental exchange	Exchange / extracellular interface	reaction identifier/type	EXCHANGE_TYPE
EX_alaleu_e	EX_alaleu_e	Exchange		bigg.reaction EX_alaleu_e sbo SBO:0000627	Environmental exchange	Exchange / extracellular interface	reaction identifier/type	EXCHANGE_TYPE
EX_alathr_e	EX_alathr_e	Exchange		bigg.reaction EX_alathr_e sbo SBO:0000627	Environmental exchange	Exchange / extracellular interface	reaction identifier/type	EXCHANGE_TYPE
EX_alatrp_e	EX_alatrp_e	Exchange		bigg.reaction EX_alatrp_e sbo SBO:0000627	Environmental exchange	Exchange / extracellular interface	reaction identifier/type	EXCHANGE_TYPE
EX_alltn_e	EX_alltn_e	Exchange		bigg.reaction EX_alltn_e biocyc META:TRANS-RXN0-557 metanetx.reaction MNXR95771 sbo SBO:0000627 seed.reaction rxn08117;rxn09698	Environmental exchange	Exchange / extracellular interface	reaction identifier/type	EXCHANGE_TYPE
EX_anhgm_e	EX_anhgm_e	Exchange		bigg.reaction EX_anhgm_e metanetx.reaction MNXR95839 sbo SBO:0000627 seed.reaction rxn08135	Environmental exchange	Exchange / extracellular interface	reaction identifier/type	EXCHANGE_TYPE
EX_arab__L_e	EX_arab__L_e	Exchange		bigg.reaction EX_arab__L_e metanetx.reaction MNXR95913 sbo SBO:0000627	Environmental exchange	Exchange / extracellular interface	reaction identifier/type	EXCHANGE_TYPE
EX_arg__L_e	EX_arg__L_e	Exchange		bigg.reaction EX_arg__L_e biocyc META:RXN66-448 metanetx.reaction MNXR95951 rhea 32143;32144;32145;32146 sbo SBO:0000627 seed.reaction rxn08155;rxn10840	Environmental exchange	Exchange / extracellular interface	reaction identifier/type	EXCHANGE_TYPE
EX_asn__L_e	EX_asn__L_e	Exchange		bigg.reaction EX_asn__L_e metanetx.reaction MNXR96069 sbo SBO:0000627 seed.reaction rxn05220;rxn08162	Environmental exchange	Exchange / extracellular interface	reaction identifier/type	EXCHANGE_TYPE
EX_aso3_e	EX_aso3_e	Exchange		bigg.reaction EX_aso3_e biocyc META:TRANS-RXN0-551 metanetx.reaction MNXR96073 sbo SBO:0000627 seed.reaction rxn05507;rxn08164	Environmental exchange	Exchange / extracellular interface	reaction identifier/type	EXCHANGE_TYPE
EX_asp__L_e	EX_asp__L_e	Exchange		bigg.reaction EX_asp__L_e biocyc META:TRANS-RXN0-554 metanetx.reaction MNXR96107 sbo SBO:0000627 seed.reaction rxn08170;rxn10906;rxn13232	Environmental exchange	Exchange / extracellular interface	reaction identifier/type	EXCHANGE_TYPE
EX_bhb_e	EX_bhb_e	Exchange		bigg.reaction EX_bhb_e metanetx.reaction MNXR131363 sbo SBO:0000627 seed.reaction rxn12405	Environmental exchange	Exchange / extracellular interface	reaction identifier/type	EXCHANGE_TYPE
EX_but_e	EX_but_e	Exchange		bigg.reaction EX_but_e metanetx.reaction MNXR96352 sbo SBO:0000627	Environmental exchange	Exchange / extracellular interface	reaction identifier/type	EXCHANGE_TYPE
EX_butso3_e	EX_butso3_e	Exchange		bigg.reaction EX_butso3_e metanetx.reaction MNXR96351 sbo SBO:0000627 seed.reaction rxn08182	Environmental exchange	Exchange / extracellular interface	reaction identifier/type	EXCHANGE_TYPE
EX_ca2_e	EX_ca2_e	Exchange		bigg.reaction EX_ca2_e biocyc META:TRANS-RXN-144;META:TRANS-RXN0-497 ec-code 3.6.3.8 metanetx.reaction MNXR96436 reactome R-ATH-2685505;R-ATH-418309;R-BTA-139854;R-BTA-139855;R-BTA-2089943;R-BTA-210420;R-BTA-2534359;R-BTA-265645;R-BTA-2685505;R-BTA-2855020;R-BTA-3295579;R-BTA-418309;R-BTA-432164;R-BTA-5263618;R-BTA-5577213;R-CEL-139854;R-CEL-2089943;R-CEL-265645;R-CEL-3295579;R-CEL-418309;R-CEL-432164;R-CEL-5263618;R-CFA-139854;R-CFA-139855;R-CFA-2089943;R-CFA-210420;R-CFA-2534359;R-CFA-265645;R-CFA-2685505;R-CFA-2855020;R-CFA-3295579;R-CFA-418309;R-CFA-432164;R-CFA-5263618;R-CFA-5577213;R-DDI-2685505;R-DDI-3295579;R-DDI-418309;R-DME-139854;R-DME-2089943;R-DME-3295579;R-DME-418309;R-DME-432164;R-DME-434802;R-DME-5263618;R-DRE-139854;R-DRE-139855;R-DRE-2089943;R-DRE-210420;R-DRE-265645;R-DRE-2685505;R-DRE-2855020;R-DRE-3295579;R-DRE-418309;R-DRE-432164;R-DRE-5263618;R-DRE-5577213;R-GGA-139854;R-GGA-139855;R-GGA-2089943;R-GGA-210420;R-GGA-265645;R-GGA-2685505;R-GGA-2855020;R-GGA-3295579;R-GGA-418309;R-GGA-432164;R-GGA-5263618;R-GGA-5577213;R-HSA-139854;R-HSA-139855;R-HSA-169683;R-HSA-2089943;R-HSA-210420;R-HSA-2534359;R-HSA-265645;R-HSA-2685505;R-HSA-2855020;R-HSA-3295579;R-HSA-418309;R-HSA-432164;R-HSA-434798;R-HSA-4420052;R-HSA-5263618;R-HSA-5577213;R-HSA-8863009;R-MMU-139854;R-MMU-139855;R-MMU-2089943;R-MMU-210420;R-MMU-2534359;R-MMU-265645;R-MMU-2685505;R-MMU-2855020;R-MMU-3295579;R-MMU-418309;R-MMU-432164;R-MMU-5263618;R-MMU-5577213;R-OSA-2685505;R-OSA-418309;R-RNO-139854;R-RNO-139855;R-RNO-182097;R-RNO-2089943;R-RNO-210420;R-RNO-2534359;R-RNO-265645;R-RNO-2685505;R-RNO-2855020;R-RNO-3295579;R-RNO-418309;R-RNO-432164;R-RNO-5263618;R-RNO-5577213;R-SCE-418309;R-SPO-418309;R-SSC-139854;R-SSC-139855;R-SSC-2089943;R-SSC-210420;R-SSC-2534359;R-SSC-265645;R-SSC-2685505;R-SSC-2855020;R-SSC-3295579;R-SSC-418309;R-SSC-432164;R-SSC-5263618;R-SSC-5577213;R-TGU-139854;R-TGU-139855;R-TGU-2089943;R-TGU-210420;R-TGU-265645;R-TGU-2685505;R-TGU-2855020;R-TGU-3295579;R-TGU-418309;R-TGU-432164;R-TGU-5263618;R-TGU-5577213;R-XTR-139854;R-XTR-139855;R-XTR-2089943;R-XTR-210420;R-XTR-265645;R-XTR-2685505;R-XTR-2855020;R-XTR-3295579;R-XTR-418309;R-XTR-432164;R-XTR-5263618;R-XTR-5577213 rhea 29671;29672;29673;29674 sbo SBO:0000627 seed.reaction rxn08186	Environmental exchange	Exchange / extracellular interface	reaction identifier/type	EXCHANGE_TYPE
EX_carn_e	EX_carn_e	Exchange		bigg.reaction EX_carn_e metanetx.reaction MNXR96453 sbo SBO:0000627	Environmental exchange	Exchange / extracellular interface	reaction identifier/type	EXCHANGE_TYPE
EX_cd2_e	EX_cd2_e	Exchange		bigg.reaction EX_cd2_e biocyc META:RXN0-10 metanetx.reaction MNXR96499 rhea 28707;28708;28709;28710 sbo SBO:0000627 seed.reaction rxn08197;rxn08198	Environmental exchange	Exchange / extracellular interface	reaction identifier/type	EXCHANGE_TYPE
EX_cgly_e	EX_cgly_e	Exchange		bigg.reaction EX_cgly_e metanetx.reaction MNXR96658 sbo SBO:0000627 seed.reaction rxn08211	Environmental exchange	Exchange / extracellular interface	reaction identifier/type	EXCHANGE_TYPE
EX_chol_e	EX_chol_e	Exchange		bigg.reaction EX_chol_e biocyc META:TRANS-RXN-319 metanetx.reaction MNXR96693 reactome R-ATH-444433;R-ATH-6797956;R-BTA-444433;R-BTA-6797956;R-CEL-444433;R-CFA-444433;R-CFA-6797956;R-DDI-444433;R-DDI-6797956;R-DME-444433;R-DME-6797956;R-DRE-444433;R-DRE-6797956;R-GGA-444433;R-GGA-6797956;R-HSA-444433;R-HSA-6797956;R-MMU-444433;R-MMU-6797956;R-OSA-444433;R-OSA-6797956;R-RNO-444433;R-RNO-6797956;R-SCE-444433;R-SCE-6797956;R-SSC-444433;R-SSC-6797956;R-TGU-444433;R-TGU-6797956;R-XTR-444433;R-XTR-6797956 rhea 32751;32752;32753;32754 sbo SBO:0000627 seed.reaction rxn08214	Environmental exchange	Exchange / extracellular interface	reaction identifier/type	EXCHANGE_TYPE
EX_chor_e	EX_chor_e	Exchange		bigg.reaction EX_chor_e metanetx.reaction MNXR142938 sbo SBO:0000627	Environmental exchange	Exchange / extracellular interface	reaction identifier/type	EXCHANGE_TYPE
EX_cit_e	EX_cit_e	Exchange		bigg.reaction EX_cit_e metanetx.reaction MNXR96756 rhea 33183;33184;33185;33186 sbo SBO:0000627 seed.reaction rxn08217;rxn10946	Environmental exchange	Exchange / extracellular interface	reaction identifier/type	EXCHANGE_TYPE
EX_cl_e	EX_cl_e	Exchange		bigg.reaction EX_cl_e biocyc META:TRANS-RXN-139 metanetx.reaction MNXR96797 reactome R-ATH-2684901;R-ATH-427570;R-BTA-2684901;R-BTA-2744228;R-BTA-2744242;R-BTA-2744349;R-BTA-2744361;R-BTA-427570;R-BTA-975340;R-BTA-975389;R-BTA-975449;R-CEL-2684901;R-CEL-2744228;R-CEL-2744361;R-CEL-427570;R-CEL-975340;R-CEL-975389;R-CFA-2684901;R-CFA-2744228;R-CFA-2744242;R-CFA-2744349;R-CFA-2744361;R-CFA-427570;R-CFA-975340;R-CFA-975389;R-CFA-975449;R-DDI-2684901;R-DDI-2744228;R-DDI-427570;R-DME-2684901;R-DME-2744228;R-DME-2744242;R-DME-2744349;R-DME-2744361;R-DME-427570;R-DME-975340;R-DME-975389;R-DRE-2684901;R-DRE-2744228;R-DRE-2744242;R-DRE-2744349;R-DRE-2744361;R-DRE-975340;R-DRE-975389;R-DRE-975449;R-GGA-2684901;R-GGA-2744228;R-GGA-2744242;R-GGA-2744361;R-GGA-427570;R-GGA-975340;R-GGA-975389;R-GGA-975449;R-HSA-2684901;R-HSA-2744228;R-HSA-2744242;R-HSA-2744349;R-HSA-2744361;R-HSA-427570;R-HSA-975340;R-HSA-975389;R-HSA-975449;R-MMU-2684901;R-MMU-2744228;R-MMU-2744242;R-MMU-2744349;R-MMU-2744361;R-MMU-427570;R-MMU-975340;R-MMU-975389;R-MMU-975449;R-OSA-2684901;R-OSA-427570;R-PFA-427570;R-RNO-2684901;R-RNO-2744228;R-RNO-2744242;R-RNO-2744349;R-RNO-2744361;R-RNO-427570;R-RNO-975340;R-RNO-975389;R-RNO-975449;R-SCE-2744228;R-SCE-427570;R-SPO-2684901;R-SSC-2684901;R-SSC-2744228;R-SSC-2744242;R-SSC-2744349;R-SSC-2744361;R-SSC-427570;R-SSC-975340;R-SSC-975389;R-SSC-975449;R-TGU-2684901;R-TGU-2744228;R-TGU-2744242;R-TGU-2744361;R-TGU-427570;R-TGU-975340;R-TGU-975389;R-TGU-975449;R-XTR-2684901;R-XTR-2744228;R-XTR-2744242;R-XTR-2744349;R-XTR-2744361;R-XTR-427570;R-XTR-975340;R-XTR-975389;R-XTR-975449 rhea 29823;29824;29825;29826 sbo SBO:0000627 seed.reaction rxn08234;rxn10473	Environmental exchange	Exchange / extracellular interface	reaction identifier/type	EXCHANGE_TYPE
EX_co2_e	EX_co2_e	Exchange		bigg.reaction EX_co2_e biocyc META:TRANS-RXN0-545 metanetx.reaction MNXR96810 reactome R-ATH-1237042;R-ATH-1247649;R-BTA-1237042;R-BTA-1237069;R-BTA-1247645;R-BTA-1247649;R-CEL-1237069;R-CEL-1247645;R-CFA-1237042;R-CFA-1237069;R-CFA-1247645;R-CFA-1247649;R-DDI-1237042;R-DDI-1237069;R-DDI-1247645;R-DDI-1247649;R-DME-1237042;R-DME-1237069;R-DME-1247645;R-DME-1247649;R-DRE-1237042;R-DRE-1237069;R-DRE-1247645;R-DRE-1247649;R-GGA-1237042;R-GGA-1237069;R-GGA-1247645;R-GGA-1247649;R-HSA-1237042;R-HSA-1237069;R-HSA-1247645;R-HSA-1247649;R-MMU-1237042;R-MMU-1237069;R-MMU-1247645;R-MMU-1247649;R-OSA-1237042;R-OSA-1247649;R-RNO-1237042;R-RNO-1237069;R-RNO-1247645;R-RNO-1247649;R-SCE-1237042;R-SCE-1247649;R-SSC-1237042;R-SSC-1237069;R-SSC-1247645;R-SSC-1247649;R-TGU-1237042;R-TGU-1237069;R-TGU-1247645;R-TGU-1247649;R-XTR-1237069;R-XTR-1247645 sbo SBO:0000627 seed.reaction rxn05467;rxn08237;rxn08238;rxn09706;rxn09775;rxn09821;rxn09860;rxn09876	Environmental exchange	Exchange / extracellular interface	reaction identifier/type	EXCHANGE_TYPE
EX_cobalt2_e	EX_cobalt2_e	Exchange		bigg.reaction EX_cobalt2_e biocyc META:TRANS-RXN-141A metanetx.reaction MNXR96821 rhea 28578;28579;28580;28581 sbo SBO:0000627 seed.reaction rxn08241;rxn08242;rxn10474	Environmental exchange	Exchange / extracellular interface	reaction identifier/type	EXCHANGE_TYPE
EX_confrl_e	EX_confrl_e	Exchange		bigg.reaction EX_confrl_e metanetx.reaction MNXR96848 sbo SBO:0000627 seed.reaction rxn12793;rxn12794	Environmental exchange	Exchange / extracellular interface	reaction identifier/type	EXCHANGE_TYPE
EX_cro4_e	EX_cro4_e	Exchange		bigg.reaction EX_cro4_e metanetx.reaction MNXR96914 rhea 32819;32820;32821;32822 sbo SBO:0000627	Environmental exchange	Exchange / extracellular interface	reaction identifier/type	EXCHANGE_TYPE
EX_csn_e	EX_csn_e	Exchange		bigg.reaction EX_csn_e metanetx.reaction MNXR96928 sbo SBO:0000627 seed.reaction rxn08267	Environmental exchange	Exchange / extracellular interface	reaction identifier/type	EXCHANGE_TYPE
EX_cu2_e	EX_cu2_e	Exchange		bigg.reaction EX_cu2_e biocyc META:RXN0-14 metanetx.reaction MNXR96951 reactome R-BTA-437300;R-CFA-437300;R-DME-437300;R-DRE-437300;R-GGA-437300;R-HSA-437300;R-MMU-437300;R-RNO-437300;R-SCE-437300;R-SSC-437300;R-TGU-437300;R-XTR-437300 rhea 28703;28704;28705;28706 sbo SBO:0000627 seed.reaction rxn05212;rxn08273;rxn08274	Environmental exchange	Exchange / extracellular interface	reaction identifier/type	EXCHANGE_TYPE
EX_cys__L_e	EX_cys__L_e	Exchange		bigg.reaction EX_cys__L_e biocyc META:RXN0-1924 metanetx.reaction MNXR97029 rhea 29655;29656;29657;29658 sbo SBO:0000627 seed.reaction rxn08284;rxn08286;rxn10998	Environmental exchange	Exchange / extracellular interface	reaction identifier/type	EXCHANGE_TYPE
EX_cytd_e	EX_cytd_e	Exchange		bigg.reaction EX_cytd_e metanetx.reaction MNXR97043 sbo SBO:0000627 seed.reaction rxn08290;rxn10997;rxn13338	Environmental exchange	Exchange / extracellular interface	reaction identifier/type	EXCHANGE_TYPE
EX_dad_2_e	EX_dad_2_e	Exchange		bigg.reaction EX_dad_2_e metanetx.reaction MNXR97081 sbo SBO:0000627 seed.reaction rxn08293;rxn10939	Environmental exchange	Exchange / extracellular interface	reaction identifier/type	EXCHANGE_TYPE
EX_dca_e	EX_dca_e	Exchange		bigg.reaction EX_dca_e metanetx.reaction MNXR97181 sbo SBO:0000627	Environmental exchange	Exchange / extracellular interface	reaction identifier/type	EXCHANGE_TYPE
EX_dcyt_e	EX_dcyt_e	Exchange		bigg.reaction EX_dcyt_e metanetx.reaction MNXR97208 sbo SBO:0000627 seed.reaction rxn08317;rxn11014	Environmental exchange	Exchange / extracellular interface	reaction identifier/type	EXCHANGE_TYPE
EX_ddca_e	EX_ddca_e	Exchange		bigg.reaction EX_ddca_e metanetx.reaction MNXR97211 sbo SBO:0000627	Environmental exchange	Exchange / extracellular interface	reaction identifier/type	EXCHANGE_TYPE
EX_dextrin_e	EX_dextrin_e	Exchange		bigg.reaction EX_dextrin_e metanetx.reaction MNXR142949 sbo SBO:0000627	Environmental exchange	Exchange / extracellular interface	reaction identifier/type	EXCHANGE_TYPE
EX_dha_e	EX_dha_e	Exchange		bigg.reaction EX_dha_e biocyc META:TRANS-RXN0-559 metanetx.reaction MNXR97367 sbo SBO:0000627 seed.reaction rxn05532;rxn08325;rxn08326	Environmental exchange	Exchange / extracellular interface	reaction identifier/type	EXCHANGE_TYPE
EX_dms_e	EX_dms_e	Exchange		bigg.reaction EX_dms_e metanetx.reaction MNXR97534 sbo SBO:0000627 seed.reaction rxn08359;rxn10500	Environmental exchange	Exchange / extracellular interface	reaction identifier/type	EXCHANGE_TYPE
EX_dmso_e	EX_dmso_e	Exchange		bigg.reaction EX_dmso_e biocyc META:TRANS-RXN0-273 metanetx.reaction MNXR97533 rhea 29699;29700;29701;29702 sbo SBO:0000627 seed.reaction rxn08358	Environmental exchange	Exchange / extracellular interface	reaction identifier/type	EXCHANGE_TYPE
EX_drib_e	EX_drib_e	Exchange		bigg.reaction EX_drib_e metanetx.reaction MNXR97783 sbo SBO:0000627	Environmental exchange	Exchange / extracellular interface	reaction identifier/type	EXCHANGE_TYPE
EX_duri_e	EX_duri_e	Exchange		bigg.reaction EX_duri_e metanetx.reaction MNXR97819 sbo SBO:0000627 seed.reaction rxn08377;rxn10984	Environmental exchange	Exchange / extracellular interface	reaction identifier/type	EXCHANGE_TYPE
EX_ecto__L_e	EX_ecto__L_e	Exchange		bigg.reaction EX_ecto__L_e sbo SBO:0000627	Environmental exchange	Exchange / extracellular interface	reaction identifier/type	EXCHANGE_TYPE
EX_enter_e	EX_enter_e	Exchange		bigg.reaction EX_enter_e biocyc META:RXN0-8;META:TRANS-RXN0-496 metanetx.reaction MNXR123417 sbo SBO:0000627	Environmental exchange	Exchange / extracellular interface	reaction identifier/type	EXCHANGE_TYPE
EX_etha_e	EX_etha_e	Exchange		bigg.reaction EX_etha_e biocyc META:TRANS-RXN0-476 metanetx.reaction MNXR97974 rhea 32747;32748;32749;32750 sbo SBO:0000627 seed.reaction rxn08424;rxn10841	Environmental exchange	Exchange / extracellular interface	reaction identifier/type	EXCHANGE_TYPE
EX_etoh_e	EX_etoh_e	Exchange		bigg.reaction EX_etoh_e biocyc META:TRANS-RXN0-546 metanetx.reaction MNXR97980 rhea 35267;35268;35269;35270 sbo SBO:0000627 seed.reaction rxn08428;rxn09683;rxn09764	Environmental exchange	Exchange / extracellular interface	reaction identifier/type	EXCHANGE_TYPE
EX_fald_e	EX_fald_e	Exchange		bigg.reaction EX_fald_e metanetx.reaction MNXR99238 sbo SBO:0000627 seed.reaction rxn08461;rxn08462	Environmental exchange	Exchange / extracellular interface	reaction identifier/type	EXCHANGE_TYPE
EX_fe2_e	EX_fe2_e	Exchange		bigg.reaction EX_fe2_e biocyc META:TRANS-RXN-8 metanetx.reaction MNXR99505 rhea 28486;28487;28488;28489 sbo SBO:0000627 seed.reaction rxn08475;rxn08476;rxn10963;rxn13286	Environmental exchange	Exchange / extracellular interface	reaction identifier/type	EXCHANGE_TYPE
EX_fe3_e	EX_fe3_e	Exchange		bigg.reaction EX_fe3_e metanetx.reaction MNXR99522 reactome R-BTA-442368;R-CFA-442368;R-GGA-442368;R-HSA-442368;R-MMU-442368;R-RNO-442368;R-SSC-442368;R-TGU-442368 rhea 34971;34972;34973;34974 sbo SBO:0000627 seed.reaction rxn05292;rxn08492	Environmental exchange	Exchange / extracellular interface	reaction identifier/type	EXCHANGE_TYPE
EX_fe3dcit_e	EX_fe3dcit_e	Exchange		bigg.reaction EX_fe3dcit_e metanetx.reaction MNXR142958 sbo SBO:0000627	Environmental exchange	Exchange / extracellular interface	reaction identifier/type	EXCHANGE_TYPE
EX_fe3hox_e	EX_fe3hox_e	Exchange		bigg.reaction EX_fe3hox_e metanetx.reaction MNXR142961 sbo SBO:0000627	Environmental exchange	Exchange / extracellular interface	reaction identifier/type	EXCHANGE_TYPE
EX_fe3hox_un_e	EX_fe3hox_un_e	Exchange		bigg.reaction EX_fe3hox_un_e metanetx.reaction MNXR142962 sbo SBO:0000627	Environmental exchange	Exchange / extracellular interface	reaction identifier/type	EXCHANGE_TYPE
EX_fe3pyovd_kt_e	EX_fe3pyovd_kt_e	Exchange		bigg.reaction EX_fe3pyovd_kt_e sbo SBO:0000627	Environmental exchange	Exchange / extracellular interface	reaction identifier/type	EXCHANGE_TYPE
EX_feenter_e	EX_feenter_e	Exchange		bigg.reaction EX_feenter_e metanetx.reaction MNXR142965 sbo SBO:0000627	Environmental exchange	Exchange / extracellular interface	reaction identifier/type	EXCHANGE_TYPE
EX_feoxam_e	EX_feoxam_e	Exchange		bigg.reaction EX_feoxam_e metanetx.reaction MNXR99567 sbo SBO:0000627	Environmental exchange	Exchange / extracellular interface	reaction identifier/type	EXCHANGE_TYPE
EX_feoxam_un_e	EX_feoxam_un_e	Exchange		bigg.reaction EX_feoxam_un_e metanetx.reaction MNXR142966 sbo SBO:0000627	Environmental exchange	Exchange / extracellular interface	reaction identifier/type	EXCHANGE_TYPE
EX_fer_e	EX_fer_e	Exchange		bigg.reaction EX_fer_e metanetx.reaction MNXR99584 sbo SBO:0000627 seed.reaction rxn12795;rxn12796	Environmental exchange	Exchange / extracellular interface	reaction identifier/type	EXCHANGE_TYPE
EX_fmn_e	EX_fmn_e	Exchange		bigg.reaction EX_fmn_e biocyc META:TRANS-RXN0-595 metanetx.reaction MNXR124060 sbo SBO:0000627	Environmental exchange	Exchange / extracellular interface	reaction identifier/type	EXCHANGE_TYPE
EX_fol_e	EX_fol_e	Exchange		bigg.reaction EX_fol_e metanetx.reaction MNXR105408 reactome R-BTA-200646;R-BTA-200729;R-CEL-200646;R-CEL-200729;R-CFA-200646;R-CFA-200729;R-DME-200646;R-DME-200729;R-DRE-200646;R-DRE-200729;R-GGA-200646;R-GGA-200729;R-HSA-200646;R-HSA-200729;R-MMU-200646;R-MMU-200729;R-RNO-200646;R-RNO-200729;R-SSC-200646;R-SSC-200729;R-TGU-200646;R-TGU-200729;R-XTR-200646;R-XTR-200729 sbo SBO:0000627	Environmental exchange	Exchange / extracellular interface	reaction identifier/type	EXCHANGE_TYPE
EX_for_e	EX_for_e	Exchange		bigg.reaction EX_for_e biocyc META:TRANS-RXN-1 metanetx.reaction MNXR99620 reactome R-HSA-6803255 rhea 29679;29680;29681;29682 sbo SBO:0000627 seed.reaction rxn08525;rxn08526;rxn09682;rxn09754	Environmental exchange	Exchange / extracellular interface	reaction identifier/type	EXCHANGE_TYPE
EX_fruur_e	EX_fruur_e	Exchange		bigg.reaction EX_fruur_e metanetx.reaction MNXR99659 sbo SBO:0000627 seed.reaction rxn08539	Environmental exchange	Exchange / extracellular interface	reaction identifier/type	EXCHANGE_TYPE
EX_fum_e	EX_fum_e	Exchange		bigg.reaction EX_fum_e biocyc META:TRANS-RXN0-553 metanetx.reaction MNXR99715 sbo SBO:0000627 seed.reaction rxn08544;rxn11013	Environmental exchange	Exchange / extracellular interface	reaction identifier/type	EXCHANGE_TYPE
EX_g3pc_e	EX_g3pc_e	Exchange		bigg.reaction EX_g3pc_e metanetx.reaction MNXR99874 rhea 32911;32912;32913;32914 sbo SBO:0000627 seed.reaction rxn08554;rxn13291	Environmental exchange	Exchange / extracellular interface	reaction identifier/type	EXCHANGE_TYPE
EX_g3pe_e	EX_g3pe_e	Exchange		bigg.reaction EX_g3pe_e metanetx.reaction MNXR99884 sbo SBO:0000627 seed.reaction rxn08560	Environmental exchange	Exchange / extracellular interface	reaction identifier/type	EXCHANGE_TYPE
EX_g3pg_e	EX_g3pg_e	Exchange		bigg.reaction EX_g3pg_e metanetx.reaction MNXR99886 sbo SBO:0000627 seed.reaction rxn08562	Environmental exchange	Exchange / extracellular interface	reaction identifier/type	EXCHANGE_TYPE
EX_g3pi_e	EX_g3pi_e	Exchange		bigg.reaction EX_g3pi_e metanetx.reaction MNXR99888 rhea 32915;32916;32917;32918 sbo SBO:0000627 seed.reaction rxn08564;rxn13292	Environmental exchange	Exchange / extracellular interface	reaction identifier/type	EXCHANGE_TYPE
EX_g3ps_e	EX_g3ps_e	Exchange		bigg.reaction EX_g3ps_e metanetx.reaction MNXR99893 sbo SBO:0000627 seed.reaction rxn08566	Environmental exchange	Exchange / extracellular interface	reaction identifier/type	EXCHANGE_TYPE
EX_gal_e	EX_gal_e	Exchange		bigg.reaction EX_gal_e metanetx.reaction MNXR100025 rhea 34915;34916;34917;34918 sbo SBO:0000627 seed.reaction rxn08585;rxn10911	Environmental exchange	Exchange / extracellular interface	reaction identifier/type	EXCHANGE_TYPE
EX_galctn__D_e	EX_galctn__D_e	Exchange		bigg.reaction EX_galctn__D_e metanetx.reaction MNXR99961 sbo SBO:0000627 seed.reaction rxn08579	Environmental exchange	Exchange / extracellular interface	reaction identifier/type	EXCHANGE_TYPE
EX_galctr__D_e	EX_galctr__D_e	Exchange		bigg.reaction EX_galctr__D_e biocyc META:TRANS-RXN0-203 metanetx.reaction MNXR99963 rhea 28478;28479;28480;28481 sbo SBO:0000627 seed.reaction rxn08581;rxn12441	Environmental exchange	Exchange / extracellular interface	reaction identifier/type	EXCHANGE_TYPE
EX_galur_e	EX_galur_e	Exchange		bigg.reaction EX_galur_e metanetx.reaction MNXR100021 sbo SBO:0000627 seed.reaction rxn08589	Environmental exchange	Exchange / extracellular interface	reaction identifier/type	EXCHANGE_TYPE
EX_glc__D_e	EX_glc__D_e	Exchange		bigg.reaction EX_glc__D_e biocyc META:TRANS-RXN0-574 metanetx.reaction MNXR100188 sbo SBO:0000627 seed.reaction rxn08617;rxn09679;rxn09875	Environmental exchange	Exchange / extracellular interface	reaction identifier/type	EXCHANGE_TYPE
EX_glcn_e	EX_glcn_e	Exchange		bigg.reaction EX_glcn_e metanetx.reaction MNXR100210 sbo SBO:0000627 seed.reaction rxn08610;rxn12424	Environmental exchange	Exchange / extracellular interface	reaction identifier/type	EXCHANGE_TYPE
EX_glcur_e	EX_glcur_e	Exchange		bigg.reaction EX_glcur_e metanetx.reaction MNXR100235 sbo SBO:0000627 seed.reaction rxn08623	Environmental exchange	Exchange / extracellular interface	reaction identifier/type	EXCHANGE_TYPE
EX_gln__L_e	EX_gln__L_e	Exchange		bigg.reaction EX_gln__L_e biocyc META:TRANS-RXN-233 metanetx.reaction MNXR100259 reactome R-BTA-212614;R-CFA-212614;R-GGA-212614;R-HSA-212614;R-HSA-212651;R-MMU-212614;R-RNO-212614;R-SCE-212614;R-SSC-212614;R-TGU-212614 sbo SBO:0000627 seed.reaction rxn08625;rxn10928	Environmental exchange	Exchange / extracellular interface	reaction identifier/type	EXCHANGE_TYPE
EX_glu__L_e	EX_glu__L_e	Exchange		bigg.reaction EX_glu__L_e biocyc META:TRANS-RXN-232;META:TRANS-RXN-234 metanetx.reaction MNXR100301 reactome R-BTA-210439;R-CEL-210439;R-CFA-210439;R-DME-210439;R-DRE-210439;R-GGA-210439;R-HSA-210439;R-HSA-212658;R-MMU-210439;R-RNO-210439;R-SSC-210439;R-TGU-210439;R-XTR-210439 sbo SBO:0000627 seed.reaction rxn08633;rxn09750;rxn10917;rxn13120;rxn13304	Environmental exchange	Exchange / extracellular interface	reaction identifier/type	EXCHANGE_TYPE
EX_gly_asn__L_e	EX_gly_asn__L_e	Exchange		bigg.reaction EX_gly_asn__L_e metanetx.reaction MNXR142986 sbo SBO:0000627	Environmental exchange	Exchange / extracellular interface	reaction identifier/type	EXCHANGE_TYPE
EX_gly_asp__L_e	EX_gly_asp__L_e	Exchange		bigg.reaction EX_gly_asp__L_e metanetx.reaction MNXR142987 sbo SBO:0000627	Environmental exchange	Exchange / extracellular interface	reaction identifier/type	EXCHANGE_TYPE
EX_gly_e	EX_gly_e	Exchange		bigg.reaction EX_gly_e biocyc META:TRANS-RXN0-537 metanetx.reaction MNXR100371 reactome R-BTA-351963;R-CEL-351963;R-CFA-351963;R-DRE-351963;R-GGA-351963;R-HSA-351963;R-MMU-351963;R-RNO-351963;R-SSC-351963;R-TGU-351963 sbo SBO:0000627 seed.reaction rxn05218;rxn08662;rxn13111	Environmental exchange	Exchange / extracellular interface	reaction identifier/type	EXCHANGE_TYPE
EX_gly_glu__L_e	EX_gly_glu__L_e	Exchange		bigg.reaction EX_gly_glu__L_e metanetx.reaction MNXR142989 sbo SBO:0000627	Environmental exchange	Exchange / extracellular interface	reaction identifier/type	EXCHANGE_TYPE
EX_gly_pro__L_e	EX_gly_pro__L_e	Exchange		bigg.reaction EX_gly_pro__L_e metanetx.reaction MNXR142991 sbo SBO:0000627	Environmental exchange	Exchange / extracellular interface	reaction identifier/type	EXCHANGE_TYPE
EX_glyb_e	EX_glyb_e	Exchange		bigg.reaction EX_glyb_e biocyc META:TRANS-RXN0-490 metanetx.reaction MNXR100317 reactome R-HSA-6797957 rhea 28943;28944;28945;28946 sbo SBO:0000627 seed.reaction rxn08639;rxn12430	Environmental exchange	Exchange / extracellular interface	reaction identifier/type	EXCHANGE_TYPE
EX_glyc2p_e	EX_glyc2p_e	Exchange		bigg.reaction EX_glyc2p_e metanetx.reaction MNXR100319 sbo SBO:0000627 seed.reaction rxn08640	Environmental exchange	Exchange / extracellular interface	reaction identifier/type	EXCHANGE_TYPE
EX_glyc3p_e	EX_glyc3p_e	Exchange		bigg.reaction EX_glyc3p_e metanetx.reaction MNXR100308 rhea 34967;34968;34969;34970 sbo SBO:0000627 seed.reaction rxn08643;rxn09749;rxn11234	Environmental exchange	Exchange / extracellular interface	reaction identifier/type	EXCHANGE_TYPE
EX_glyc_e	EX_glyc_e	Exchange		bigg.reaction EX_glyc_e biocyc META:TRANS-RXN-131 metanetx.reaction MNXR100343 reactome R-BTA-432049;R-BTA-432074;R-BTA-507869;R-BTA-507871;R-CEL-432049;R-CEL-432074;R-CEL-507869;R-CEL-507871;R-CFA-432049;R-CFA-432074;R-CFA-507869;R-CFA-507871;R-DRE-432049;R-DRE-432074;R-DRE-507869;R-DRE-507871;R-GGA-432049;R-GGA-432074;R-GGA-507869;R-GGA-507871;R-HSA-432049;R-HSA-432074;R-HSA-507869;R-HSA-507871;R-MMU-432049;R-MMU-432074;R-MMU-507869;R-MMU-507871;R-PFA-432049;R-PFA-432074;R-PFA-507869;R-PFA-507871;R-RNO-432049;R-RNO-432074;R-RNO-507869;R-RNO-507871;R-SCE-432049;R-SCE-432074;R-SCE-507869;R-SCE-507871;R-SPO-432049;R-SPO-432074;R-SPO-507869;R-SPO-507871;R-SSC-432049;R-SSC-432074;R-SSC-507869;R-SSC-507871;R-TGU-432049;R-TGU-432074;R-TGU-507869;R-TGU-507871;R-XTR-432049;R-XTR-432074;R-XTR-507869;R-XTR-507871 rhea 29675;29676;29677;29678 sbo SBO:0000627 seed.reaction rxn05581;rxn08654;rxn08658	Environmental exchange	Exchange / extracellular interface	reaction identifier/type	EXCHANGE_TYPE
EX_glyclt_e	EX_glyclt_e	Exchange		bigg.reaction EX_glyclt_e biocyc META:RXN0-5111 metanetx.reaction MNXR100333 rhea 29447;29448;29449;29450 sbo SBO:0000627 seed.reaction rxn08653;rxn12426	Environmental exchange	Exchange / extracellular interface	reaction identifier/type	EXCHANGE_TYPE
EX_glycol_e	EX_glycol_e	Exchange		bigg.reaction EX_glycol_e sbo SBO:0000627	Environmental exchange	Exchange / extracellular interface	reaction identifier/type	EXCHANGE_TYPE
EX_glygln_e	EX_glygln_e	Exchange		bigg.reaction EX_glygln_e sbo SBO:0000627	Environmental exchange	Exchange / extracellular interface	reaction identifier/type	EXCHANGE_TYPE
EX_glyglu_e	EX_glyglu_e	Exchange		bigg.reaction EX_glyglu_e sbo SBO:0000627	Environmental exchange	Exchange / extracellular interface	reaction identifier/type	EXCHANGE_TYPE
EX_glygly_e	EX_glygly_e	Exchange		bigg.reaction EX_glygly_e metanetx.reaction MNXR100346 sbo SBO:0000627	Environmental exchange	Exchange / extracellular interface	reaction identifier/type	EXCHANGE_TYPE
EX_glymet_e	EX_glymet_e	Exchange		bigg.reaction EX_glymet_e sbo SBO:0000627	Environmental exchange	Exchange / extracellular interface	reaction identifier/type	EXCHANGE_TYPE
EX_glyphe_e	EX_glyphe_e	Exchange		bigg.reaction EX_glyphe_e metanetx.reaction MNXR142997 sbo SBO:0000627	Environmental exchange	Exchange / extracellular interface	reaction identifier/type	EXCHANGE_TYPE
EX_glyser_e	EX_glyser_e	Exchange		bigg.reaction EX_glyser_e sbo SBO:0000627	Environmental exchange	Exchange / extracellular interface	reaction identifier/type	EXCHANGE_TYPE
EX_gsn_e	EX_gsn_e	Exchange		bigg.reaction EX_gsn_e metanetx.reaction MNXR100433 sbo SBO:0000627 seed.reaction rxn08672;rxn10897	Environmental exchange	Exchange / extracellular interface	reaction identifier/type	EXCHANGE_TYPE
EX_gthox_e	EX_gthox_e	Exchange		bigg.reaction EX_gthox_e metanetx.reaction MNXR100443 sbo SBO:0000627 seed.reaction rxn08674;rxn09677	Environmental exchange	Exchange / extracellular interface	reaction identifier/type	EXCHANGE_TYPE
EX_gthrd_e	EX_gthrd_e	Exchange		bigg.reaction EX_gthrd_e metanetx.reaction MNXR100449 reactome R-HSA-1247915;R-HSA-1500817 sbo SBO:0000627 seed.reaction rxn08677;rxn10829	Environmental exchange	Exchange / extracellular interface	reaction identifier/type	EXCHANGE_TYPE
EX_gua_e	EX_gua_e	Exchange		bigg.reaction EX_gua_e biocyc META:TRANS-RXN0-578 metanetx.reaction MNXR100465 sbo SBO:0000627 seed.reaction rxn08682;rxn08683;rxn09746;rxn10142	Environmental exchange	Exchange / extracellular interface	reaction identifier/type	EXCHANGE_TYPE
EX_h2_e	EX_h2_e	Exchange		bigg.reaction EX_h2_e metanetx.reaction MNXR100495 sbo SBO:0000627 seed.reaction rxn08691;rxn08692;rxn10542	Environmental exchange	Exchange / extracellular interface	reaction identifier/type	EXCHANGE_TYPE
EX_h2o2_e	EX_h2o2_e	Exchange		bigg.reaction EX_h2o2_e biocyc META:TRANS-RXN-284;META:TRANS-RXN0-572 metanetx.reaction MNXR98640 reactome R-HSA-3779381;R-RNO-3779389 sbo SBO:0000627 seed.reaction rxn08685;rxn13308	Environmental exchange	Exchange / extracellular interface	reaction identifier/type	EXCHANGE_TYPE
EX_h2o_e	EX_h2o_e	Exchange		bigg.reaction EX_h2o_e biocyc META:TRANS-RXN-145;META:TRANS-RXN0-547 metanetx.reaction MNXR98641 reactome R-ATH-432010;R-ATH-432054;R-ATH-432065;R-ATH-432067;R-ATH-507868;R-ATH-507870;R-BTA-432010;R-BTA-432054;R-BTA-432065;R-BTA-432067;R-BTA-445714;R-BTA-507868;R-BTA-507870;R-CEL-445714;R-CEL-507868;R-CEL-507870;R-CFA-432010;R-CFA-432054;R-CFA-432065;R-CFA-432067;R-CFA-445714;R-CFA-507868;R-CFA-507870;R-DDI-432010;R-DDI-432054;R-DDI-432065;R-DDI-432067;R-DDI-507868;R-DDI-507870;R-DME-432010;R-DME-432054;R-DME-432065;R-DME-432067;R-DME-507868;R-DME-507870;R-DRE-432010;R-DRE-432054;R-DRE-432067;R-DRE-445714;R-DRE-507868;R-DRE-507870;R-GGA-432010;R-GGA-432054;R-GGA-432065;R-GGA-432067;R-GGA-445714;R-GGA-507868;R-GGA-507870;R-HSA-432010;R-HSA-432054;R-HSA-432065;R-HSA-432067;R-HSA-445714;R-HSA-507868;R-HSA-507870;R-MMU-432010;R-MMU-432054;R-MMU-432065;R-MMU-432067;R-MMU-445714;R-MMU-507868;R-MMU-507870;R-OSA-432010;R-OSA-432054;R-OSA-432065;R-OSA-432067;R-OSA-507868;R-OSA-507870;R-PFA-445714;R-PFA-507868;R-PFA-507870;R-RNO-432010;R-RNO-432054;R-RNO-432065;R-RNO-432067;R-RNO-445714;R-RNO-507868;R-RNO-507870;R-SCE-432010;R-SCE-432054;R-SCE-432065;R-SCE-432067;R-SCE-445714;R-SCE-507868;R-SCE-507870;R-SPO-445714;R-SPO-507868;R-SPO-507870;R-SSC-432010;R-SSC-432054;R-SSC-432065;R-SSC-432067;R-SSC-445714;R-SSC-507868;R-SSC-507870;R-TGU-432010;R-TGU-432054;R-TGU-432065;R-TGU-432067;R-TGU-445714;R-TGU-507868;R-TGU-507870;R-XTR-432067;R-XTR-445714;R-XTR-507868;R-XTR-507870 rhea 29667;29668;29669;29670 sbo SBO:0000627 seed.reaction rxn05319;rxn08686;rxn08687;rxn09643;rxn09745;rxn09812;rxn09838;rxn09874	Environmental exchange	Exchange / extracellular interface	reaction identifier/type	EXCHANGE_TYPE
EX_h2s_e	EX_h2s_e	Exchange		bigg.reaction EX_h2s_e biocyc META:TRANS-RXN-310 metanetx.reaction MNXR100494 sbo SBO:0000627 seed.reaction rxn08689;rxn08690;rxn10541	Environmental exchange	Exchange / extracellular interface	reaction identifier/type	EXCHANGE_TYPE
EX_h_e	EX_h_e	Exchange		bigg.reaction EX_h_e biocyc META:RXN-14452 metanetx.reaction MNXR100765 reactome R-ATH-170026;R-ATH-74723;R-BTA-170026;R-BTA-2534378;R-BTA-74723;R-CEL-170026;R-CEL-74723;R-CFA-170026;R-CFA-2534378;R-CFA-74723;R-DDI-74723;R-DME-170026;R-DME-74723;R-DRE-170026;R-DRE-2534378;R-DRE-74723;R-GGA-170026;R-GGA-2534378;R-GGA-74723;R-HSA-170026;R-HSA-2534378;R-HSA-74723;R-MMU-170026;R-MMU-2534378;R-MMU-74723;R-OSA-170026;R-PFA-74723;R-RNO-170026;R-RNO-2534378;R-RNO-74723;R-SCE-170026;R-SCE-74723;R-SPO-74723;R-SSC-170026;R-SSC-2534378;R-SSC-74723;R-TGU-170026;R-TGU-2534378;R-TGU-74723;R-XTR-170026;R-XTR-2534378;R-XTR-74723 rhea 34979;34980;34981;34982 sbo SBO:0000627 seed.reaction rxn08730;rxn11009	Environmental exchange	Exchange / extracellular interface	reaction identifier/type	EXCHANGE_TYPE
EX_hdca_e	EX_hdca_e	Exchange		bigg.reaction EX_hdca_e metanetx.reaction MNXR99101 rhea 45256;45257;45258;45259 sbo SBO:0000627 seed.reaction rxn08704;rxn09676;rxn09848	Environmental exchange	Exchange / extracellular interface	reaction identifier/type	EXCHANGE_TYPE
EX_hdcea_e	EX_hdcea_e	Exchange		bigg.reaction EX_hdcea_e metanetx.reaction MNXR99102 sbo SBO:0000627	Environmental exchange	Exchange / extracellular interface	reaction identifier/type	EXCHANGE_TYPE
EX_his__L_e	EX_his__L_e	Exchange		bigg.reaction EX_his__L_e metanetx.reaction MNXR100649 sbo SBO:0000627 seed.reaction rxn08721;rxn10932	Environmental exchange	Exchange / extracellular interface	reaction identifier/type	EXCHANGE_TYPE
EX_hisgly_e	EX_hisgly_e	Exchange		bigg.reaction EX_hisgly_e sbo SBO:0000627	Environmental exchange	Exchange / extracellular interface	reaction identifier/type	EXCHANGE_TYPE
EX_hishis_e	EX_hishis_e	Exchange		bigg.reaction EX_hishis_e sbo SBO:0000627	Environmental exchange	Exchange / extracellular interface	reaction identifier/type	EXCHANGE_TYPE
EX_hom__L_e	EX_hom__L_e	Exchange		bigg.reaction EX_hom__L_e metanetx.reaction MNXR100678 sbo SBO:0000627 seed.reaction rxn08723	Environmental exchange	Exchange / extracellular interface	reaction identifier/type	EXCHANGE_TYPE
EX_hxa_e	EX_hxa_e	Exchange		bigg.reaction EX_hxa_e metanetx.reaction MNXR100750 sbo SBO:0000627 seed.reaction rxn08732	Environmental exchange	Exchange / extracellular interface	reaction identifier/type	EXCHANGE_TYPE
EX_icit_e	EX_icit_e	Exchange		bigg.reaction EX_icit_e metanetx.reaction MNXR100788 sbo SBO:0000627 seed.reaction rxn12803	Environmental exchange	Exchange / extracellular interface	reaction identifier/type	EXCHANGE_TYPE
EX_id3acald_e	EX_id3acald_e	Exchange		bigg.reaction EX_id3acald_e metanetx.reaction MNXR100791 sbo SBO:0000627 seed.reaction rxn09742;rxn10831	Environmental exchange	Exchange / extracellular interface	reaction identifier/type	EXCHANGE_TYPE
EX_ile__L_e	EX_ile__L_e	Exchange		bigg.reaction EX_ile__L_e metanetx.reaction MNXR100824 sbo SBO:0000627 seed.reaction rxn08747;rxn10933;rxn13323	Environmental exchange	Exchange / extracellular interface	reaction identifier/type	EXCHANGE_TYPE
EX_ind3ac_e	EX_ind3ac_e	Exchange		bigg.reaction EX_ind3ac_e metanetx.reaction MNXR100833 sbo SBO:0000627 seed.reaction rxn09741	Environmental exchange	Exchange / extracellular interface	reaction identifier/type	EXCHANGE_TYPE
EX_indole_e	EX_indole_e	Exchange		bigg.reaction EX_indole_e biocyc META:TRANS-RXN0-563 metanetx.reaction MNXR100836 sbo SBO:0000627 seed.reaction rxn08751	Environmental exchange	Exchange / extracellular interface	reaction identifier/type	EXCHANGE_TYPE
EX_inost_e	EX_inost_e	Exchange		bigg.reaction EX_inost_e metanetx.reaction MNXR100848 rhea 32867;32868;32869;32870 sbo SBO:0000627 seed.reaction rxn08755	Environmental exchange	Exchange / extracellular interface	reaction identifier/type	EXCHANGE_TYPE
EX_k_e	EX_k_e	Exchange		bigg.reaction EX_k_e biocyc META:TRANS-RXN-143;META:TRANS-RXN-185;META:TRANS-RXN-186;META:TRANS-RXN-187;META:TRANS-RXN-190 metanetx.reaction MNXR100950 reactome R-ATH-1296043;R-BTA-1013020;R-BTA-1296024;R-BTA-1296035;R-BTA-1296037;R-BTA-1296039;R-BTA-1296043;R-BTA-1296045;R-BTA-1296046;R-BTA-1296127;R-BTA-1296348;R-BTA-1299297;R-BTA-1299304;R-BTA-1299318;R-BTA-1299338;R-BTA-1299359;R-BTA-1369017;R-BTA-2534365;R-BTA-5577050;R-BTA-5577234;R-BTA-5577237;R-BTA-5578910;R-BTA-5678261;R-BTA-877187;R-CEL-1013020;R-CEL-1296035;R-CEL-1296039;R-CEL-1296045;R-CEL-1296046;R-CEL-1296348;R-CEL-1299297;R-CEL-1299318;R-CEL-1299338;R-CEL-1299359;R-CEL-5577234;R-CEL-5578910;R-CFA-1013020;R-CFA-1296024;R-CFA-1296035;R-CFA-1296037;R-CFA-1296039;R-CFA-1296043;R-CFA-1296045;R-CFA-1296046;R-CFA-1296127;R-CFA-1296348;R-CFA-1299297;R-CFA-1299304;R-CFA-1299318;R-CFA-1299338;R-CFA-1299359;R-CFA-1369017;R-CFA-2534365;R-CFA-5577050;R-CFA-5577234;R-CFA-5577237;R-CFA-5578910;R-CFA-5678261;R-CFA-877187;R-DME-1013020;R-DME-1296035;R-DME-1296039;R-DME-1296043;R-DME-1296045;R-DME-1296046;R-DME-1296127;R-DME-1296348;R-DME-1299318;R-DME-1299338;R-DME-1299359;R-DME-5577234;R-DME-5578910;R-DRE-1013020;R-DRE-1296024;R-DRE-1296035;R-DRE-1296037;R-DRE-1296039;R-DRE-1296043;R-DRE-1296045;R-DRE-1296046;R-DRE-1296127;R-DRE-1296348;R-DRE-1299304;R-DRE-1299318;R-DRE-1299338;R-DRE-1299359;R-DRE-1369017;R-DRE-5577050;R-DRE-5577234;R-DRE-5577237;R-DRE-5578910;R-DRE-5678261;R-DRE-877187;R-GGA-1013020;R-GGA-1296024;R-GGA-1296035;R-GGA-1296037;R-GGA-1296039;R-GGA-1296043;R-GGA-1296045;R-GGA-1296046;R-GGA-1296127;R-GGA-1296348;R-GGA-1299304;R-GGA-1299318;R-GGA-1299338;R-GGA-1299359;R-GGA-1369017;R-GGA-5577050;R-GGA-5577234;R-GGA-5577237;R-GGA-5578910;R-GGA-5678261;R-GGA-877187;R-HSA-1013020;R-HSA-1296024;R-HSA-1296035;R-HSA-1296037;R-HSA-1296039;R-HSA-1296043;R-HSA-1296045;R-HSA-1296046;R-HSA-1296127;R-HSA-1296348;R-HSA-1299297;R-HSA-1299304;R-HSA-1299318;R-HSA-1299338;R-HSA-1299359;R-HSA-1369017;R-HSA-2534365;R-HSA-5577050;R-HSA-5577234;R-HSA-5577237;R-HSA-5578910;R-HSA-5678261;R-HSA-5683209;R-HSA-877187;R-MMU-1013020;R-MMU-1296024;R-MMU-1296035;R-MMU-1296037;R-MMU-1296039;R-MMU-1296043;R-MMU-1296045;R-MMU-1296046;R-MMU-1296127;R-MMU-1296348;R-MMU-1299297;R-MMU-1299304;R-MMU-1299318;R-MMU-1299338;R-MMU-1299359;R-MMU-1369017;R-MMU-2534365;R-MMU-5577050;R-MMU-5577234;R-MMU-5577237;R-MMU-5578910;R-MMU-5678261;R-MMU-877187;R-OSA-1296043;R-RNO-1013020;R-RNO-1296024;R-RNO-1296035;R-RNO-1296037;R-RNO-1296039;R-RNO-1296043;R-RNO-1296045;R-RNO-1296046;R-RNO-1296127;R-RNO-1296348;R-RNO-1299297;R-RNO-1299304;R-RNO-1299318;R-RNO-1299338;R-RNO-1299359;R-RNO-1369017;R-RNO-2534365;R-RNO-5577050;R-RNO-5577234;R-RNO-5577237;R-RNO-5578910;R-RNO-5678261;R-RNO-877187;R-SSC-1013020;R-SSC-1296024;R-SSC-1296035;R-SSC-1296037;R-SSC-1296039;R-SSC-1296043;R-SSC-1296045;R-SSC-1296046;R-SSC-1296127;R-SSC-1296348;R-SSC-1299297;R-SSC-1299304;R-SSC-1299338;R-SSC-1299359;R-SSC-1369017;R-SSC-2534365;R-SSC-5577234;R-SSC-5577237;R-SSC-5578910;R-SSC-5678261;R-SSC-877187;R-TGU-1013020;R-TGU-1296024;R-TGU-1296037;R-TGU-1296039;R-TGU-1296043;R-TGU-1296045;R-TGU-1296046;R-TGU-1296127;R-TGU-1296348;R-TGU-1299304;R-TGU-1299338;R-TGU-1299359;R-TGU-1369017;R-TGU-5577050;R-TGU-5577234;R-TGU-5578910;R-TGU-5678261;R-XTR-1013020;R-XTR-1296035;R-XTR-1296037;R-XTR-1296039;R-XTR-1296043;R-XTR-1296045;R-XTR-1296046;R-XTR-1296127;R-XTR-1296348;R-XTR-1299304;R-XTR-1299318;R-XTR-1299338;R-XTR-1299359;R-XTR-1369017;R-XTR-5577050;R-XTR-5577234;R-XTR-5577237;R-XTR-5578910;R-XTR-5678261;R-XTR-877187 rhea 29463;29464;29465;29466 sbo SBO:0000627 seed.reaction rxn05206;rxn08771	Environmental exchange	Exchange / extracellular interface	reaction identifier/type	EXCHANGE_TYPE
EX_lac__D_e	EX_lac__D_e	Exchange		bigg.reaction EX_lac__D_e metanetx.reaction MNXR97840 sbo SBO:0000627 seed.reaction rxn08351	Environmental exchange	Exchange / extracellular interface	reaction identifier/type	EXCHANGE_TYPE
EX_leu__L_e	EX_leu__L_e	Exchange		bigg.reaction EX_leu__L_e biocyc META:RXN66-447 metanetx.reaction MNXR101057 sbo SBO:0000627 seed.reaction rxn08786;rxn11003	Environmental exchange	Exchange / extracellular interface	reaction identifier/type	EXCHANGE_TYPE
EX_leuleu_e	EX_leuleu_e	Exchange		bigg.reaction EX_leuleu_e metanetx.reaction MNXR143018 sbo SBO:0000627	Environmental exchange	Exchange / extracellular interface	reaction identifier/type	EXCHANGE_TYPE
EX_lnlc_e	EX_lnlc_e	Exchange		bigg.reaction EX_lnlc_e metanetx.reaction MNXR101107 rhea 45264;45265;45266;45267 sbo SBO:0000627	Environmental exchange	Exchange / extracellular interface	reaction identifier/type	EXCHANGE_TYPE
EX_lys__L_e	EX_lys__L_e	Exchange		bigg.reaction EX_lys__L_e biocyc META:TRANS-RXN0-569 metanetx.reaction MNXR101269 sbo SBO:0000627 seed.reaction rxn08856;rxn10834	Environmental exchange	Exchange / extracellular interface	reaction identifier/type	EXCHANGE_TYPE
EX_mal__D_e	EX_mal__D_e	Exchange		bigg.reaction EX_mal__D_e metanetx.reaction MNXR101341 sbo SBO:0000627 seed.reaction rxn08864	Environmental exchange	Exchange / extracellular interface	reaction identifier/type	EXCHANGE_TYPE
EX_mal__L_e	EX_mal__L_e	Exchange		bigg.reaction EX_mal__L_e biocyc META:TRANS-RXN-224;META:TRANS-RXN-225 metanetx.reaction MNXR101367 sbo SBO:0000627 seed.reaction rxn08868;rxn10967	Environmental exchange	Exchange / extracellular interface	reaction identifier/type	EXCHANGE_TYPE
EX_malt_e	EX_malt_e	Exchange		bigg.reaction EX_malt_e biocyc META:RXN-14351;META:RXN0-1741;META:TRANS-RXN0-575 metanetx.reaction MNXR101364 rhea 33171;33172;33173;33174 sbo SBO:0000627 seed.reaction rxn08874	Environmental exchange	Exchange / extracellular interface	reaction identifier/type	EXCHANGE_TYPE
EX_malthx_e	EX_malthx_e	Exchange		bigg.reaction EX_malthx_e metanetx.reaction MNXR101354 sbo SBO:0000627 seed.reaction rxn08870	Environmental exchange	Exchange / extracellular interface	reaction identifier/type	EXCHANGE_TYPE
EX_malttr_e	EX_malttr_e	Exchange		bigg.reaction EX_malttr_e metanetx.reaction MNXR101359 sbo SBO:0000627 seed.reaction rxn08876	Environmental exchange	Exchange / extracellular interface	reaction identifier/type	EXCHANGE_TYPE
EX_man_e	EX_man_e	Exchange		bigg.reaction EX_man_e metanetx.reaction MNXR101402 sbo SBO:0000627 seed.reaction rxn08886;rxn12997	Environmental exchange	Exchange / extracellular interface	reaction identifier/type	EXCHANGE_TYPE
EX_meoh_e	EX_meoh_e	Exchange		bigg.reaction EX_meoh_e biocyc META:TRANS-RXN0-459 metanetx.reaction MNXR101464 rhea 34871;34872;34873;34874 sbo SBO:0000627 seed.reaction rxn10570	Environmental exchange	Exchange / extracellular interface	reaction identifier/type	EXCHANGE_TYPE
EX_met_L_ala__L_e	EX_met_L_ala__L_e	Exchange		bigg.reaction EX_met_L_ala__L_e metanetx.reaction MNXR143031 sbo SBO:0000627	Environmental exchange	Exchange / extracellular interface	reaction identifier/type	EXCHANGE_TYPE
EX_met__D_e	EX_met__D_e	Exchange		bigg.reaction EX_met__D_e metanetx.reaction MNXR101473 rhea 34911;34912;34913;34914 sbo SBO:0000627 seed.reaction rxn08911	Environmental exchange	Exchange / extracellular interface	reaction identifier/type	EXCHANGE_TYPE
EX_met__L_e	EX_met__L_e	Exchange		bigg.reaction EX_met__L_e metanetx.reaction MNXR101493 sbo SBO:0000627 seed.reaction rxn08920;rxn10976	Environmental exchange	Exchange / extracellular interface	reaction identifier/type	EXCHANGE_TYPE
EX_metox_e	EX_metox_e	Exchange		bigg.reaction EX_metox_e metanetx.reaction MNXR101483 sbo SBO:0000627 seed.reaction rxn08915	Environmental exchange	Exchange / extracellular interface	reaction identifier/type	EXCHANGE_TYPE
EX_mg2_e	EX_mg2_e	Exchange		bigg.reaction EX_mg2_e biocyc META:TRANS-RXN-141 metanetx.reaction MNXR101507 reactome R-ATH-5336453;R-ATH-5336466;R-BTA-442661;R-BTA-5336453;R-BTA-5336466;R-BTA-5339528;R-BTA-5339538;R-CEL-442661;R-CEL-5336453;R-CEL-5339528;R-CEL-5339538;R-CFA-442661;R-CFA-5336453;R-CFA-5336466;R-CFA-5339528;R-CFA-5339538;R-DDI-5336466;R-DME-442661;R-DME-5336453;R-DME-5339528;R-DME-5339538;R-DRE-442661;R-DRE-5336453;R-DRE-5336466;R-DRE-5339528;R-DRE-5339538;R-GGA-442661;R-GGA-5336453;R-GGA-5336466;R-GGA-5339528;R-GGA-5339538;R-HSA-442661;R-HSA-5336453;R-HSA-5336454;R-HSA-5336466;R-HSA-5339528;R-HSA-5339538;R-MMU-442661;R-MMU-5336430;R-MMU-5336453;R-MMU-5336466;R-MMU-5339528;R-MMU-5339538;R-OSA-5336453;R-OSA-5336466;R-RNO-442661;R-RNO-5336453;R-RNO-5336466;R-RNO-5339528;R-RNO-5339538;R-SCE-5336466;R-SCE-5339528;R-SCE-5339538;R-SPO-5336466;R-SPO-5339528;R-SPO-5339538;R-SSC-442661;R-SSC-5336466;R-SSC-5339528;R-SSC-5339538;R-TGU-442661;R-TGU-5336453;R-TGU-5336466;R-TGU-5339528;R-TGU-5339538;R-XTR-442661;R-XTR-5336466;R-XTR-5339528;R-XTR-5339538 rhea 29827;29828;29829;29830 sbo SBO:0000627 seed.reaction rxn05616;rxn08922;rxn08923	Environmental exchange	Exchange / extracellular interface	reaction identifier/type	EXCHANGE_TYPE
EX_mmet_e	EX_mmet_e	Exchange		bigg.reaction EX_mmet_e biocyc META:TRANS-RXN0-486 metanetx.reaction MNXR101659 sbo SBO:0000627 seed.reaction rxn08945	Environmental exchange	Exchange / extracellular interface	reaction identifier/type	EXCHANGE_TYPE
EX_mn2_e	EX_mn2_e	Exchange		bigg.reaction EX_mn2_e biocyc META:RXN0-16;META:TRANS-RXN0-487 metanetx.reaction MNXR101670 rhea 28699;28700;28701;28702 sbo SBO:0000627 seed.reaction rxn08947;rxn08952	Environmental exchange	Exchange / extracellular interface	reaction identifier/type	EXCHANGE_TYPE
EX_mnl1p_e	EX_mnl1p_e	Exchange		bigg.reaction EX_mnl1p_e sbo SBO:0000627	Environmental exchange	Exchange / extracellular interface	reaction identifier/type	EXCHANGE_TYPE
EX_mobd_e	EX_mobd_e	Exchange		bigg.reaction EX_mobd_e metanetx.reaction MNXR101690 rhea 34907;34908;34909;34910 sbo SBO:0000627 seed.reaction rxn08956	Environmental exchange	Exchange / extracellular interface	reaction identifier/type	EXCHANGE_TYPE
EX_mso3_e	EX_mso3_e	Exchange		bigg.reaction EX_mso3_e metanetx.reaction MNXR101742 sbo SBO:0000627 seed.reaction rxn08960	Environmental exchange	Exchange / extracellular interface	reaction identifier/type	EXCHANGE_TYPE
EX_mththf_e	EX_mththf_e	Exchange		bigg.reaction EX_mththf_e sbo SBO:0000627	Environmental exchange	Exchange / extracellular interface	reaction identifier/type	EXCHANGE_TYPE
EX_na1_e	EX_na1_e	Exchange		bigg.reaction EX_na1_e biocyc META:TRANS-RXN-189 metanetx.reaction MNXR101804 reactome R-BTA-2671885;R-BTA-2672334;R-BTA-2730664;R-BTA-3295580;R-BTA-5576895;R-CEL-2671885;R-CEL-2730664;R-CEL-3295580;R-CFA-2671885;R-CFA-2672334;R-CFA-2730664;R-CFA-3295580;R-CFA-5576895;R-DME-2730664;R-DME-3295580;R-DRE-2671885;R-DRE-3295580;R-DRE-5576895;R-GGA-2671885;R-GGA-2672334;R-GGA-2730664;R-GGA-3295580;R-GGA-5576895;R-HSA-2671885;R-HSA-2672334;R-HSA-2730664;R-HSA-3295580;R-HSA-5576895;R-MMU-2671885;R-MMU-2672334;R-MMU-2730664;R-MMU-3295580;R-MMU-5576895;R-RNO-2671885;R-RNO-2672334;R-RNO-2730664;R-RNO-3295580;R-RNO-5576895;R-SSC-2671885;R-SSC-2672334;R-SSC-3295580;R-SSC-5576895;R-TGU-2671885;R-TGU-2672334;R-TGU-2730664;R-TGU-3295580;R-XTR-2671885;R-XTR-2672334;R-XTR-2730664;R-XTR-3295580;R-XTR-5576895 rhea 34963;34964;34965;34966 sbo SBO:0000627 seed.reaction rxn08985;rxn10899	Environmental exchange	Exchange / extracellular interface	reaction identifier/type	EXCHANGE_TYPE
EX_nac_e	EX_nac_e	Exchange		bigg.reaction EX_nac_e metanetx.reaction MNXR101808 reactome R-BTA-8869603;R-CFA-8869603;R-DME-8869603;R-DRE-8869603;R-GGA-8869603;R-HSA-8869603;R-MMU-8869603;R-RNO-8869603;R-SSC-8869603;R-TGU-8869603;R-XTR-8869603 sbo SBO:0000627 seed.reaction rxn05310;rxn08969;rxn08970	Environmental exchange	Exchange / extracellular interface	reaction identifier/type	EXCHANGE_TYPE
EX_ncam_e	EX_ncam_e	Exchange		bigg.reaction EX_ncam_e metanetx.reaction MNXR101918 sbo SBO:0000627 seed.reaction rxn10867	Environmental exchange	Exchange / extracellular interface	reaction identifier/type	EXCHANGE_TYPE
EX_nh4_e	EX_nh4_e	Exchange		bigg.reaction EX_nh4_e biocyc META:RXN-9615;META:TRANS-RXN0-206;META:TRANS-RXN0-544 metanetx.reaction MNXR101950 reactome R-BTA-444416;R-CEL-444416;R-CFA-444416;R-DDI-444416;R-DME-444416;R-DRE-444416;R-GGA-444416;R-HSA-444416;R-MMU-444416;R-RNO-444416;R-SSC-444416;R-TGU-444416;R-XTR-444416 rhea 28747;28748;28749;28750 sbo SBO:0000627 seed.reaction rxn05466;rxn08986;rxn08987;rxn09736;rxn09835;rxn13364	Environmental exchange	Exchange / extracellular interface	reaction identifier/type	EXCHANGE_TYPE
EX_ni2_e	EX_ni2_e	Exchange		bigg.reaction EX_ni2_e biocyc META:TRANS-RXN-141B metanetx.reaction MNXR101958 rhea 29831;29832;29833;29834 sbo SBO:0000627	Environmental exchange	Exchange / extracellular interface	reaction identifier/type	EXCHANGE_TYPE
EX_nmn_e	EX_nmn_e	Exchange		bigg.reaction EX_nmn_e metanetx.reaction MNXR101972 rhea 28482;28483;28484;28485 sbo SBO:0000627 seed.reaction rxn08995;rxn08997;rxn10181	Environmental exchange	Exchange / extracellular interface	reaction identifier/type	EXCHANGE_TYPE
EX_no2_e	EX_no2_e	Exchange		bigg.reaction EX_no2_e biocyc META:TRANS-RXN-137 metanetx.reaction MNXR101912 rhea 28983;28984;28985;28986 sbo SBO:0000627 seed.reaction rxn08999;rxn10823	Environmental exchange	Exchange / extracellular interface	reaction identifier/type	EXCHANGE_TYPE
EX_no3_e	EX_no3_e	Exchange		bigg.reaction EX_no3_e metanetx.reaction MNXR101992 rhea 34923;34924;34925;34926 sbo SBO:0000627 seed.reaction rxn09005;rxn10935	Environmental exchange	Exchange / extracellular interface	reaction identifier/type	EXCHANGE_TYPE
EX_no_e	EX_no_e	Exchange		bigg.reaction EX_no_e metanetx.reaction MNXR101998 sbo SBO:0000627	Environmental exchange	Exchange / extracellular interface	reaction identifier/type	EXCHANGE_TYPE
EX_novbcn_e	EX_novbcn_e	Exchange		bigg.reaction EX_novbcn_e metanetx.reaction MNXR102008 rhea 35175;35176;35177;35178 sbo SBO:0000627	Environmental exchange	Exchange / extracellular interface	reaction identifier/type	EXCHANGE_TYPE
EX_o2_e	EX_o2_e	Exchange		bigg.reaction EX_o2_e biocyc META:TRANS-RXN0-474 metanetx.reaction MNXR102090 sbo SBO:0000627 seed.reaction rxn05468;rxn09031;rxn09032;rxn09641;rxn09734	Environmental exchange	Exchange / extracellular interface	reaction identifier/type	EXCHANGE_TYPE
EX_o2s_e	EX_o2s_e	Exchange		bigg.reaction EX_o2s_e metanetx.reaction MNXR102089 reactome R-HSA-1222342 sbo SBO:0000627	Environmental exchange	Exchange / extracellular interface	reaction identifier/type	EXCHANGE_TYPE
EX_ocdca_e	EX_ocdca_e	Exchange		bigg.reaction EX_ocdca_e metanetx.reaction MNXR99109 rhea 39807;39808;39809;39810 sbo SBO:0000627 seed.reaction rxn09034;rxn09669	Environmental exchange	Exchange / extracellular interface	reaction identifier/type	EXCHANGE_TYPE
EX_ocdcea_e	EX_ocdcea_e	Exchange		bigg.reaction EX_ocdcea_e metanetx.reaction MNXR99110 rhea 33655;33656;33657;33658 sbo SBO:0000627	Environmental exchange	Exchange / extracellular interface	reaction identifier/type	EXCHANGE_TYPE
EX_octa_e	EX_octa_e	Exchange		bigg.reaction EX_octa_e biocyc META:TRANS-RXN0-272 metanetx.reaction MNXR99126 rhea 29759;29760;29761;29762 sbo SBO:0000627 seed.reaction rxn09036;rxn09840	Environmental exchange	Exchange / extracellular interface	reaction identifier/type	EXCHANGE_TYPE
EX_orn__L_e	EX_orn__L_e	Exchange		bigg.reaction EX_orn__L_e biocyc META:TRANS-RXN-230 metanetx.reaction MNXR102223 sbo SBO:0000627 seed.reaction rxn09048;rxn10824	Environmental exchange	Exchange / extracellular interface	reaction identifier/type	EXCHANGE_TYPE
EX_orn_e	EX_orn_e	Exchange		bigg.reaction EX_orn_e biocyc META:TRANS-RXN-230 metanetx.reaction MNXR102223 sbo SBO:0000627 seed.reaction rxn09048;rxn10824	Environmental exchange	Exchange / extracellular interface	reaction identifier/type	EXCHANGE_TYPE
EX_pacald_e	EX_pacald_e	Exchange		bigg.reaction EX_pacald_e biocyc META:TRANS-RXN0-284 metanetx.reaction MNXR102312 sbo SBO:0000627 seed.reaction rxn09061;rxn13373;rxn13374	Environmental exchange	Exchange / extracellular interface	reaction identifier/type	EXCHANGE_TYPE
EX_pea_e	EX_pea_e	Exchange		bigg.reaction EX_pea_e sbo SBO:0000627	Environmental exchange	Exchange / extracellular interface	reaction identifier/type	EXCHANGE_TYPE
EX_pheme_e	EX_pheme_e	Exchange		bigg.reaction EX_pheme_e metanetx.reaction MNXR102625 reactome R-BTA-917892;R-CEL-917892;R-CFA-917892;R-DME-917892;R-DRE-917892;R-GGA-917892;R-HSA-917892;R-MMU-917892;R-RNO-917892;R-SSC-917892;R-TGU-917892;R-XTR-917892 sbo SBO:0000627	Environmental exchange	Exchange / extracellular interface	reaction identifier/type	EXCHANGE_TYPE
EX_pi_e	EX_pi_e	Exchange		bigg.reaction EX_pi_e biocyc META:TRANS-RXN0-470 metanetx.reaction MNXR102871 rhea 32823;32824;32825;32826 sbo SBO:0000627 seed.reaction rxn09121;rxn09722;rxn10838;rxn13178	Environmental exchange	Exchange / extracellular interface	reaction identifier/type	EXCHANGE_TYPE
EX_pnto__R_e	EX_pnto__R_e	Exchange		bigg.reaction EX_pnto__R_e metanetx.reaction MNXR103051 rhea 34975;34976;34977;34978 sbo SBO:0000627 seed.reaction rxn09166	Environmental exchange	Exchange / extracellular interface	reaction identifier/type	EXCHANGE_TYPE
EX_ppa_e	EX_ppa_e	Exchange		bigg.reaction EX_ppa_e metanetx.reaction MNXR103094 sbo SBO:0000627	Environmental exchange	Exchange / extracellular interface	reaction identifier/type	EXCHANGE_TYPE
EX_ppi_e	EX_ppi_e	Exchange		bigg.reaction EX_ppi_e metanetx.reaction MNXR103112 reactome R-BTA-5226964;R-CFA-5226964;R-DRE-5226964;R-GGA-5226964;R-HSA-5226964;R-MMU-5226964;R-RNO-5226964;R-SSC-5226964;R-TGU-5226964;R-XTR-5226964 sbo SBO:0000627	Environmental exchange	Exchange / extracellular interface	reaction identifier/type	EXCHANGE_TYPE
EX_ppoh_e	EX_ppoh_e	Exchange		bigg.reaction EX_ppoh_e metanetx.reaction MNXR103125 sbo SBO:0000627	Environmental exchange	Exchange / extracellular interface	reaction identifier/type	EXCHANGE_TYPE
EX_pro__L_e	EX_pro__L_e	Exchange		bigg.reaction EX_pro__L_e metanetx.reaction MNXR103213 sbo SBO:0000627 seed.reaction rxn09193;rxn09720;rxn10945;rxn11339	Environmental exchange	Exchange / extracellular interface	reaction identifier/type	EXCHANGE_TYPE
EX_progly_e	EX_progly_e	Exchange		bigg.reaction EX_progly_e metanetx.reaction MNXR103191 sbo SBO:0000627 seed.reaction rxn09190	Environmental exchange	Exchange / extracellular interface	reaction identifier/type	EXCHANGE_TYPE
EX_prohisglu_e	EX_prohisglu_e	Exchange		bigg.reaction EX_prohisglu_e sbo SBO:0000627	Environmental exchange	Exchange / extracellular interface	reaction identifier/type	EXCHANGE_TYPE
EX_ptrc_e	EX_ptrc_e	Exchange		bigg.reaction EX_ptrc_e metanetx.reaction MNXR103339 sbo SBO:0000627 seed.reaction rxn09216;rxn13393	Environmental exchange	Exchange / extracellular interface	reaction identifier/type	EXCHANGE_TYPE
EX_ptsla_e	EX_ptsla_e	Exchange		bigg.reaction EX_ptsla_e sbo SBO:0000627	Environmental exchange	Exchange / extracellular interface	reaction identifier/type	EXCHANGE_TYPE
EX_pydxn_e	EX_pydxn_e	Exchange		bigg.reaction EX_pydxn_e biocyc META:TRANS-RXN0-205 metanetx.reaction MNXR103364 rhea 28470;28471;28472;28473 sbo SBO:0000627 seed.reaction rxn13097	Environmental exchange	Exchange / extracellular interface	reaction identifier/type	EXCHANGE_TYPE
EX_pyovd_kt_e	EX_pyovd_kt_e	Exchange		bigg.reaction EX_pyovd_kt_e sbo SBO:0000627	Environmental exchange	Exchange / extracellular interface	reaction identifier/type	EXCHANGE_TYPE
EX_pyr_e	EX_pyr_e	Exchange		bigg.reaction EX_pyr_e biocyc META:TRANS-RXN0-506;META:TRANS-RXN0-570 metanetx.reaction MNXR103384 sbo SBO:0000627 seed.reaction rxn09218;rxn10929	Environmental exchange	Exchange / extracellular interface	reaction identifier/type	EXCHANGE_TYPE
EX_rib__D_e	EX_rib__D_e	Exchange		bigg.reaction EX_rib__D_e metanetx.reaction MNXR104036 sbo SBO:0000627 seed.reaction rxn09228	Environmental exchange	Exchange / extracellular interface	reaction identifier/type	EXCHANGE_TYPE
EX_rmn_e	EX_rmn_e	Exchange		bigg.reaction EX_rmn_e metanetx.reaction MNXR104042 rhea 34995;34996;34997;34998 sbo SBO:0000627 seed.reaction rxn09229	Environmental exchange	Exchange / extracellular interface	reaction identifier/type	EXCHANGE_TYPE
EX_s_e	EX_s_e	Exchange		bigg.reaction EX_s_e metanetx.reaction MNXR138845 sbo SBO:0000627	Environmental exchange	Exchange / extracellular interface	reaction identifier/type	EXCHANGE_TYPE
EX_sel_e	EX_sel_e	Exchange		bigg.reaction EX_sel_e metanetx.reaction MNXR104327 rhea 34887;34888;34889;34890 sbo SBO:0000627	Environmental exchange	Exchange / extracellular interface	reaction identifier/type	EXCHANGE_TYPE
EX_ser__L_e	EX_ser__L_e	Exchange		bigg.reaction EX_ser__L_e metanetx.reaction MNXR104354 reactome R-ATH-8932980;R-BTA-8932980;R-CEL-8932980;R-CFA-8932980;R-DDI-8932980;R-DME-8932980;R-DRE-8932980;R-GGA-8932980;R-HSA-8932980;R-MMU-8932980;R-OSA-8932980;R-RNO-8932980;R-SCE-8932980;R-SPO-8932980;R-SSC-8932980;R-TGU-8932980;R-XTR-8932980 rhea 35031;35032;35033;35034 sbo SBO:0000627 seed.reaction rxn09248;rxn10999;rxn13110	Environmental exchange	Exchange / extracellular interface	reaction identifier/type	EXCHANGE_TYPE
EX_serglugly_e	EX_serglugly_e	Exchange		bigg.reaction EX_serglugly_e sbo SBO:0000627	Environmental exchange	Exchange / extracellular interface	reaction identifier/type	EXCHANGE_TYPE
EX_sheme_e	EX_sheme_e	Exchange		bigg.reaction EX_sheme_e sbo SBO:0000627	Environmental exchange	Exchange / extracellular interface	reaction identifier/type	EXCHANGE_TYPE
EX_slnt_e	EX_slnt_e	Exchange		bigg.reaction EX_slnt_e metanetx.reaction MNXR104325 rhea 34891;34892;34893;34894 sbo SBO:0000627	Environmental exchange	Exchange / extracellular interface	reaction identifier/type	EXCHANGE_TYPE
EX_so3_e	EX_so3_e	Exchange		bigg.reaction EX_so3_e metanetx.reaction MNXR104460 sbo SBO:0000627 seed.reaction rxn09260;rxn12453	Environmental exchange	Exchange / extracellular interface	reaction identifier/type	EXCHANGE_TYPE
EX_so4_e	EX_so4_e	Exchange		bigg.reaction EX_so4_e metanetx.reaction MNXR104469 reactome R-ATH-8875871;R-BTA-8875871;R-CFA-8875871;R-DME-8875871;R-DRE-8875871;R-GGA-8875871;R-HSA-8875871;R-MMU-8875871;R-OSA-8875871;R-PFA-8875871;R-RNO-8875871;R-SCE-8875871;R-SPO-8875871;R-SSC-8875871;R-TGU-8875871;R-XTR-8875871 rhea 34983;34984;34985;34986 sbo SBO:0000627 seed.reaction rxn05238;rxn09261	Environmental exchange	Exchange / extracellular interface	reaction identifier/type	EXCHANGE_TYPE
EX_succ_e	EX_succ_e	Exchange		bigg.reaction EX_succ_e biocyc META:TRANS-RXN0-552 metanetx.reaction MNXR104619 sbo SBO:0000627 seed.reaction rxn09271;rxn10952	Environmental exchange	Exchange / extracellular interface	reaction identifier/type	EXCHANGE_TYPE
EX_sucr_e	EX_sucr_e	Exchange		bigg.reaction EX_sucr_e metanetx.reaction MNXR104641 sbo SBO:0000627 seed.reaction rxn09275	Environmental exchange	Exchange / extracellular interface	reaction identifier/type	EXCHANGE_TYPE
EX_tartr__D_e	EX_tartr__D_e	Exchange		bigg.reaction EX_tartr__D_e metanetx.reaction MNXR104722 rhea 35199;35200;35201;35202 sbo SBO:0000627	Environmental exchange	Exchange / extracellular interface	reaction identifier/type	EXCHANGE_TYPE
EX_tartr__L_e	EX_tartr__L_e	Exchange		bigg.reaction EX_tartr__L_e metanetx.reaction MNXR104724 sbo SBO:0000627 seed.reaction rxn09284	Environmental exchange	Exchange / extracellular interface	reaction identifier/type	EXCHANGE_TYPE
EX_tcynt_e	EX_tcynt_e	Exchange		bigg.reaction EX_tcynt_e metanetx.reaction MNXR104749 sbo SBO:0000627 seed.reaction rxn09287	Environmental exchange	Exchange / extracellular interface	reaction identifier/type	EXCHANGE_TYPE
EX_tet_e	EX_tet_e	Exchange		bigg.reaction EX_tet_e metanetx.reaction MNXR104796 sbo SBO:0000627	Environmental exchange	Exchange / extracellular interface	reaction identifier/type	EXCHANGE_TYPE
EX_thm_e	EX_thm_e	Exchange		bigg.reaction EX_thm_e metanetx.reaction MNXR131128 sbo SBO:0000627 seed.reaction rxn09300;rxn11006	Environmental exchange	Exchange / extracellular interface	reaction identifier/type	EXCHANGE_TYPE
EX_thr__L_e	EX_thr__L_e	Exchange		bigg.reaction EX_thr__L_e metanetx.reaction MNXR104852 rhea 35019;35020;35021;35022 sbo SBO:0000627 seed.reaction rxn09307;rxn10898;rxn13117	Environmental exchange	Exchange / extracellular interface	reaction identifier/type	EXCHANGE_TYPE
EX_thym_e	EX_thym_e	Exchange		bigg.reaction EX_thym_e biocyc META:TRANS-RXN0-524 metanetx.reaction MNXR104853 sbo SBO:0000627 seed.reaction rxn09309	Environmental exchange	Exchange / extracellular interface	reaction identifier/type	EXCHANGE_TYPE
EX_thymd_e	EX_thymd_e	Exchange		bigg.reaction EX_thymd_e metanetx.reaction MNXR104821 sbo SBO:0000627 seed.reaction rxn09299;rxn10916	Environmental exchange	Exchange / extracellular interface	reaction identifier/type	EXCHANGE_TYPE
EX_tsul_e	EX_tsul_e	Exchange		bigg.reaction EX_tsul_e metanetx.reaction MNXR104966 rhea 32807;32808;32809;32810 sbo SBO:0000627 seed.reaction rxn09330	Environmental exchange	Exchange / extracellular interface	reaction identifier/type	EXCHANGE_TYPE
EX_ttdca_e	EX_ttdca_e	Exchange		bigg.reaction EX_ttdca_e metanetx.reaction MNXR99092 sbo SBO:0000627	Environmental exchange	Exchange / extracellular interface	reaction identifier/type	EXCHANGE_TYPE
EX_ttdcea_e	EX_ttdcea_e	Exchange		bigg.reaction EX_ttdcea_e metanetx.reaction MNXR99096 sbo SBO:0000627	Environmental exchange	Exchange / extracellular interface	reaction identifier/type	EXCHANGE_TYPE
EX_udcpdp_e	EX_udcpdp_e	Exchange		bigg.reaction EX_udcpdp_e metanetx.reaction MNXR143085 sbo SBO:0000627	Environmental exchange	Exchange / extracellular interface	reaction identifier/type	EXCHANGE_TYPE
EX_udcpp_e	EX_udcpp_e	Exchange		bigg.reaction EX_udcpp_e metanetx.reaction MNXR105045 sbo SBO:0000627 seed.reaction rxn09346	Environmental exchange	Exchange / extracellular interface	reaction identifier/type	EXCHANGE_TYPE
EX_ura_e	EX_ura_e	Exchange		bigg.reaction EX_ura_e biocyc META:TRANS-RXN0-560 metanetx.reaction MNXR105147 rhea 27318;27319;27320;28622 sbo SBO:0000627 seed.reaction rxn09366;rxn10993	Environmental exchange	Exchange / extracellular interface	reaction identifier/type	EXCHANGE_TYPE
EX_urea_e	EX_urea_e	Exchange		bigg.reaction EX_urea_e biocyc META:TRANS-RXN0-460 metanetx.reaction MNXR105156 reactome R-BTA-444126;R-BTA-507873;R-BTA-507875;R-CEL-507873;R-CEL-507875;R-CFA-444126;R-CFA-507873;R-CFA-507875;R-DRE-444126;R-DRE-507873;R-DRE-507875;R-GGA-444126;R-GGA-507873;R-GGA-507875;R-HSA-444126;R-HSA-507873;R-HSA-507875;R-MMU-444126;R-MMU-507873;R-MMU-507875;R-PFA-507873;R-PFA-507875;R-RNO-444126;R-RNO-507873;R-RNO-507875;R-SCE-507873;R-SCE-507875;R-SPO-507873;R-SPO-507875;R-SSC-444126;R-SSC-507873;R-SSC-507875;R-TGU-444126;R-TGU-507873;R-TGU-507875;R-XTR-444126;R-XTR-507873;R-XTR-507875 rhea 32799;32800;32801;32802 sbo SBO:0000627 seed.reaction rxn05667;rxn09368;rxn09369	Environmental exchange	Exchange / extracellular interface	reaction identifier/type	EXCHANGE_TYPE
EX_uri_e	EX_uri_e	Exchange		bigg.reaction EX_uri_e metanetx.reaction MNXR105165 sbo SBO:0000627 seed.reaction rxn09372;rxn10987	Environmental exchange	Exchange / extracellular interface	reaction identifier/type	EXCHANGE_TYPE
EX_vacc_e	EX_vacc_e	Exchange		bigg.reaction EX_vacc_e metanetx.reaction MNXR105180 sbo SBO:0000627	Environmental exchange	Exchange / extracellular interface	reaction identifier/type	EXCHANGE_TYPE
EX_val__L_e	EX_val__L_e	Exchange		bigg.reaction EX_val__L_e biocyc META:TRANS-RXN0-269 metanetx.reaction MNXR105190 rhea 29703;29704;29705;29706 sbo SBO:0000627 seed.reaction rxn05245;rxn09375	Environmental exchange	Exchange / extracellular interface	reaction identifier/type	EXCHANGE_TYPE
EX_xan_e	EX_xan_e	Exchange		bigg.reaction EX_xan_e biocyc META:TRANS-RXN0-561 metanetx.reaction MNXR105226 sbo SBO:0000627 seed.reaction rxn09378;rxn09379;rxn09652	Environmental exchange	Exchange / extracellular interface	reaction identifier/type	EXCHANGE_TYPE
EX_xyl__D_e	EX_xyl__D_e	Exchange		bigg.reaction EX_xyl__D_e metanetx.reaction MNXR105270 sbo SBO:0000627 seed.reaction rxn09385;rxn09650	Environmental exchange	Exchange / extracellular interface	reaction identifier/type	EXCHANGE_TYPE
EX_xylan4_e	EX_xylan4_e	Exchange		bigg.reaction EX_xylan4_e metanetx.reaction MNXR143091 sbo SBO:0000627	Environmental exchange	Exchange / extracellular interface	reaction identifier/type	EXCHANGE_TYPE
EX_xylan8_e	EX_xylan8_e	Exchange		bigg.reaction EX_xylan8_e metanetx.reaction MNXR143092 sbo SBO:0000627	Environmental exchange	Exchange / extracellular interface	reaction identifier/type	EXCHANGE_TYPE
EX_zn2_e	EX_zn2_e	Exchange		bigg.reaction EX_zn2_e biocyc META:RXN0-12 metanetx.reaction MNXR105280 reactome R-ATH-437085;R-ATH-437136;R-ATH-442393;R-ATH-442422;R-BTA-435366;R-BTA-437085;R-BTA-437139;R-BTA-442317;R-BTA-442387;R-BTA-442393;R-BTA-442422;R-CEL-435366;R-CEL-437085;R-CEL-437136;R-CEL-437139;R-CEL-442317;R-CEL-442387;R-CEL-442393;R-CEL-442422;R-CFA-435366;R-CFA-437085;R-CFA-437136;R-CFA-437139;R-CFA-442317;R-CFA-442387;R-CFA-442393;R-CFA-442422;R-DDI-435366;R-DDI-437085;R-DDI-437136;R-DDI-442422;R-DME-435366;R-DME-437136;R-DME-442317;R-DME-442393;R-DME-442422;R-DRE-435366;R-DRE-437085;R-DRE-437136;R-DRE-437139;R-DRE-442317;R-DRE-442387;R-DRE-442393;R-DRE-442422;R-GGA-435366;R-GGA-437085;R-GGA-437136;R-GGA-437139;R-GGA-442317;R-GGA-442387;R-GGA-442422;R-HSA-435366;R-HSA-435375;R-HSA-437084;R-HSA-437085;R-HSA-437129;R-HSA-437136;R-HSA-437139;R-HSA-442317;R-HSA-442345;R-HSA-442387;R-HSA-442393;R-HSA-442405;R-HSA-442422;R-MMU-435366;R-MMU-437085;R-MMU-437092;R-MMU-437136;R-MMU-437139;R-MMU-437145;R-MMU-442317;R-MMU-442319;R-MMU-442387;R-MMU-442393;R-MMU-442422;R-OSA-437085;R-OSA-437136;R-OSA-442393;R-OSA-442422;R-PFA-437136;R-RNO-435366;R-RNO-437085;R-RNO-437094;R-RNO-437136;R-RNO-437139;R-RNO-442317;R-RNO-442359;R-RNO-442387;R-RNO-442393;R-RNO-442422;R-SCE-435366;R-SCE-437085;R-SCE-437136;R-SCE-437139;R-SCE-442317;R-SCE-442387;R-SCE-442393;R-SCE-442422;R-SPO-435366;R-SPO-437085;R-SPO-442393;R-SSC-435366;R-SSC-437085;R-SSC-437136;R-SSC-437139;R-SSC-442317;R-SSC-442387;R-SSC-442393;R-SSC-442422;R-TGU-435366;R-TGU-437085;R-TGU-437136;R-TGU-437139;R-TGU-442317;R-TGU-442387;R-TGU-442422;R-XTR-435366;R-XTR-437085;R-XTR-437136;R-XTR-437139;R-XTR-442317;R-XTR-442387;R-XTR-442393;R-XTR-442422 rhea 29351;29352;29353;29354 sbo SBO:0000627 seed.reaction rxn09390;rxn09391	Environmental exchange	Exchange / extracellular interface	reaction identifier/type	EXCHANGE_TYPE
12DGR140tipp	1,2 diacylglycerol transport via flipping (periplasm to cytoplasm, n-C14:0)	Transport		bigg.reaction 12DGR140tipp metanetx.reaction MNXR94676 sbo SBO:0000185	Lipid metabolism	Lipid metabolism	transported substrate: diacylglycerol	TRANSPORT_SUBSTRATE_CURATED_RULE
12DGR160tipp	1,2 diacylglycerol transport via flipping (periplasm to cytoplasm, n-C16:0)	Transport		bigg.reaction 12DGR160tipp metanetx.reaction MNXR94678 sbo SBO:0000185	Lipid metabolism	Lipid metabolism	transported substrate: diacylglycerol	TRANSPORT_SUBSTRATE_CURATED_RULE
12DGR180tipp	1,2 diacylglycerol transport via flipping (periplasm to cytoplasm, n-C18:0)	Transport		bigg.reaction 12DGR180tipp metanetx.reaction MNXR94680 sbo SBO:0000185	Lipid metabolism	Lipid metabolism	transported substrate: diacylglycerol	TRANSPORT_SUBSTRATE_CURATED_RULE
12DGR181tipp	1,2 diacylglycerol transport via flipping (periplasm to cytoplasm, n-C18:1)	Transport		bigg.reaction 12DGR181tipp metanetx.reaction MNXR94681 sbo SBO:0000185	Lipid metabolism	Lipid metabolism	transported substrate: diacylglycerol	TRANSPORT_SUBSTRATE_CURATED_RULE
13PPDH	1,3-propanediol dehydrogenase	Internal metabolic		bigg.reaction 13PPDH biocyc META:13-PROPANEDIOL-DEHYDROGENASE-RXN brenda 1.1.1.202 ec-code 1.1.1.202 kegg.reaction R03119 metanetx.reaction MNXR94691 rhea 23188;23189;23190;23191 sbo SBO:0000176 seed.reaction rxn02235	Energy metabolism / respiration	Energy metabolism / respiration	database annotation: hydrogenase	HIERARCHICAL_DATABASE_ANNOTATION
1P2CBXLR	Delta1 piperideine 2 carboxylate reductase	Internal metabolic		bigg.reaction 1P2CBXLR metanetx.reaction MNXR106884 sbo SBO:0000176	Amino acid metabolism	Amino acid metabolism	metabolite context: proline	HIERARCHICAL_METABOLITE_CONTEXT
1PY4h3cAH	1 Pyrroline 4 hydroxy 2 carboxylate aminohydrolase  decyclizing	Internal metabolic		bigg.reaction 1PY4h3cAH metanetx.reaction MNXR153838 sbo SBO:0000176	Nitrogen metabolism	Nitrogen metabolism	metabolite context: ammonium	HIERARCHICAL_METABOLITE_CONTEXT
23CTI1	Decenyl coa cis trans isomerization  cis dec 3 enoyl CoA	Internal metabolic		bigg.reaction 23CTI1 brenda 4.2.1.17 ec-code 4.2.1.17 gpr_status PROVISIONAL sbo SBO:0000176	Other curated	Other curated	named biochemical reaction without controlled-category match	NAMED_REACTION_FALLBACK
23CTI2	Dodecenyl coa cis trans isomerization  cis dodec 3 enoyl CoA	Internal metabolic		bigg.reaction 23CTI2 brenda 4.2.1.17 ec-code 4.2.1.17 gpr_status PROVISIONAL metanetx.reaction MNXR153841 sbo SBO:0000176	Other curated	Other curated	named biochemical reaction without controlled-category match	NAMED_REACTION_FALLBACK
23CTI3	Cis trans isomerization  cis trans isomerization  3Z 6Z dodec dienoyl CoA	Internal metabolic		bigg.reaction 23CTI3 brenda 4.2.1.17 ec-code 4.2.1.17 gpr_status PROVISIONAL metanetx.reaction MNXR153842 sbo SBO:0000176	Other curated	Other curated	named biochemical reaction without controlled-category match	NAMED_REACTION_FALLBACK
23DK5MPPISO	2;3-diketo-5-methylthiopentyl-1-phosphate enolase	Internal metabolic		bigg.reaction 23DK5MPPISO biocyc META:R82-RXN brenda 3.1.3.77;5.3.2.5 ec-code 3.1.3.77;5.3.2.5 kegg.reaction R07393 metanetx.reaction MNXR125982 rhea 18769;18770;18771;18772 sbo SBO:0000176 seed.reaction rxn05105	Inorganic ion metabolism	Inorganic ion metabolism	reaction name: phosphate	HIERARCHICAL_REACTION_NAME
24DECOAR	2 4 dienoyl CoA reductase	Internal metabolic		bigg.reaction 24DECOAR brenda 1.3.1.34 ec-code 1.3.1.34 gpr_status PROVISIONAL metanetx.reaction MNXR153844 sbo SBO:0000176	Nucleotide metabolism	Nucleotide metabolism	metabolite context: nucleotide	HIERARCHICAL_METABOLITE_CONTEXT
25DKGLCNt2rpp	2 5 diketo D gluconate transport via proton symport  reversible  periplasm	Transport		bigg.reaction 25DKGLCNt2rpp sbo SBO:0000185	Carbohydrate metabolism	Carbohydrate metabolism	reaction name: gluconate	TRANSPORT_SUBSTRATE_REACTION_NAME
25DKGLCNtex	2 5 diketo D gluconate transport via diffusion  extracellular to periplasm	Transport		bigg.reaction 25DKGLCNtex sbo SBO:0000185	Carbohydrate metabolism	Carbohydrate metabolism	reaction name: gluconate	TRANSPORT_SUBSTRATE_REACTION_NAME
26DAHtex	Meso-2,6-Diaminoheptanedioate transport via diffusion (extracellular to periplasm)	Transport		bigg.reaction 26DAHtex metanetx.reaction MNXR94741 sbo SBO:0000185 seed.reaction rxn07931	Amino acid metabolism	Amino acid metabolism	transported substrate: diaminoheptanedioate	TRANSPORT_SUBSTRATE_CURATED_RULE
2AACLPGT161	2 acyl acyl carrier protein glycerophospho glycerol acyltransferase  n C160	Internal metabolic		bigg.reaction 2AACLPGT161 gpr_status PROVISIONAL metanetx.reaction MNXR153848 sbo SBO:0000176	Lipid metabolism	Lipid metabolism	reaction name: acyl carrier	HIERARCHICAL_REACTION_NAME
2AACLPPEAT161	2 acyl acyl carrier protein glycerophospho glycerol acyltransferase  n C160	Internal metabolic		bigg.reaction 2AACLPPEAT161 gpr_status PROVISIONAL metanetx.reaction MNXR153852 sbo SBO:0000176	Lipid metabolism	Lipid metabolism	reaction name: acyl carrier	HIERARCHICAL_REACTION_NAME
2AGPE120tipp	2-Acyl-sn-glycero-3-phosphoethanolamine (n-C12:0) transporter via facilitated diffusion (periplasm)	Transport		bigg.reaction 2AGPE120tipp metanetx.reaction MNXR94750 sbo SBO:0000185	Lipid metabolism	Lipid metabolism	transported substrate: acyl-sn-glycero	TRANSPORT_SUBSTRATE_CURATED_RULE
2AGPE140tipp	2-Acyl-sn-glycero-3-phosphoethanolamine (n-C14:0) transporter via facilitated diffusion (periplasm)	Transport		bigg.reaction 2AGPE140tipp metanetx.reaction MNXR94751 sbo SBO:0000185	Lipid metabolism	Lipid metabolism	transported substrate: acyl-sn-glycero	TRANSPORT_SUBSTRATE_CURATED_RULE
2AGPE141tipp	2-Acyl-sn-glycero-3-phosphoethanolamine (n-C14:1) transporter via facilitated diffusion (periplasm)	Transport		bigg.reaction 2AGPE141tipp metanetx.reaction MNXR94752 sbo SBO:0000185	Lipid metabolism	Lipid metabolism	transported substrate: acyl-sn-glycero	TRANSPORT_SUBSTRATE_CURATED_RULE
2AGPE160tipp	2-Acyl-sn-glycero-3-phosphoethanolamine (n-C16:0) transporter via facilitated diffusion (periplasm)	Transport		bigg.reaction 2AGPE160tipp metanetx.reaction MNXR94753 sbo SBO:0000185 seed.reaction rxn07942	Lipid metabolism	Lipid metabolism	transported substrate: acyl-sn-glycero	TRANSPORT_SUBSTRATE_CURATED_RULE
2AGPE161tipp	2-Acyl-sn-glycero-3-phosphoethanolamine (n-C16:1) transporter via facilitated diffusion (periplasm)	Transport		bigg.reaction 2AGPE161tipp metanetx.reaction MNXR94754 sbo SBO:0000185	Lipid metabolism	Lipid metabolism	transported substrate: acyl-sn-glycero	TRANSPORT_SUBSTRATE_CURATED_RULE
2AGPE180tipp	2-Acyl-sn-glycero-3-phosphoethanolamine (n-C18:0) transporter via facilitated diffusion (periplasm)	Transport		bigg.reaction 2AGPE180tipp metanetx.reaction MNXR94755 sbo SBO:0000185 seed.reaction rxn07944	Lipid metabolism	Lipid metabolism	transported substrate: acyl-sn-glycero	TRANSPORT_SUBSTRATE_CURATED_RULE
2AGPE181tipp	2-Acyl-sn-glycero-3-phosphoethanolamine (n-C18:1) transporter via facilitated diffusion (periplasm)	Transport		bigg.reaction 2AGPE181tipp metanetx.reaction MNXR94756 sbo SBO:0000185	Lipid metabolism	Lipid metabolism	transported substrate: acyl-sn-glycero	TRANSPORT_SUBSTRATE_CURATED_RULE
2AGPEAT120	2-acyl-glycerophospho-ethanolamine acyltransferase (n-C12:0)	Internal metabolic		bigg.reaction 2AGPEAT120 metanetx.reaction MNXR94757 sbo SBO:0000176	Lipid metabolism	Lipid metabolism	metabolite context: phosphatid	HIERARCHICAL_METABOLITE_CONTEXT
2AGPEAT140	2-acyl-glycerophospho-ethanolamine acyltransferase (n-C14:0)	Internal metabolic		bigg.reaction 2AGPEAT140 metanetx.reaction MNXR94758 sbo SBO:0000176	Lipid metabolism	Lipid metabolism	metabolite context: phosphatid	HIERARCHICAL_METABOLITE_CONTEXT
2AGPEAT141	2-acyl-glycerophospho-ethanolamine acyltransferase (n-C14:1)	Internal metabolic		bigg.reaction 2AGPEAT141 metanetx.reaction MNXR94759 sbo SBO:0000176	Lipid metabolism	Lipid metabolism	metabolite context: phosphatid	HIERARCHICAL_METABOLITE_CONTEXT
2AGPEAT160	2-acyl-glycerophospho-ethanolamine acyltransferase (n-C16:0)	Internal metabolic		bigg.reaction 2AGPEAT160 brenda 2.3.1.40 ec-code 2.3.1.40 metanetx.reaction MNXR94760 sbo SBO:0000176 seed.reaction rxn07949	Lipid metabolism	Lipid metabolism	metabolite context: phosphatid	HIERARCHICAL_METABOLITE_CONTEXT
2AGPEAT161	2-acyl-glycerophospho-ethanolamine acyltransferase (n-C16:1)	Internal metabolic		bigg.reaction 2AGPEAT161 metanetx.reaction MNXR94761 sbo SBO:0000176	Lipid metabolism	Lipid metabolism	metabolite context: phosphatid	HIERARCHICAL_METABOLITE_CONTEXT
2AGPEAT180	2-acyl-glycerophospho-ethanolamine acyltransferase (n-C18:0)	Internal metabolic		bigg.reaction 2AGPEAT180 brenda 2.3.1.40 ec-code 2.3.1.40 metanetx.reaction MNXR94762 sbo SBO:0000176 seed.reaction rxn07951	Lipid metabolism	Lipid metabolism	metabolite context: phosphatid	HIERARCHICAL_METABOLITE_CONTEXT
2AGPEAT181	2-acyl-glycerophospho-ethanolamine acyltransferase (n-C18:1)	Internal metabolic		bigg.reaction 2AGPEAT181 metanetx.reaction MNXR94763 sbo SBO:0000176	Lipid metabolism	Lipid metabolism	metabolite context: phosphatid	HIERARCHICAL_METABOLITE_CONTEXT
2AGPG120tipp	2-Acyl-sn-glycero-3-phosphoglycerol (n-C12:0) transporter via facilitated diffusion (periplasm)	Transport		bigg.reaction 2AGPG120tipp metanetx.reaction MNXR94764 sbo SBO:0000185	Lipid metabolism	Lipid metabolism	transported substrate: acyl-sn-glycero	TRANSPORT_SUBSTRATE_CURATED_RULE
2AGPG140tipp	2-Acyl-sn-glycero-3-phosphoglycerol (n-C14:0) transporter via facilitated diffusion (periplasm)	Transport		bigg.reaction 2AGPG140tipp metanetx.reaction MNXR94765 sbo SBO:0000185	Lipid metabolism	Lipid metabolism	transported substrate: acyl-sn-glycero	TRANSPORT_SUBSTRATE_CURATED_RULE
2AGPG141tipp	2-Acyl-sn-glycero-3-phosphoglycerol (n-C14:1) transporter via facilitated diffusion (periplasm)	Transport		bigg.reaction 2AGPG141tipp metanetx.reaction MNXR94766 sbo SBO:0000185	Lipid metabolism	Lipid metabolism	transported substrate: acyl-sn-glycero	TRANSPORT_SUBSTRATE_CURATED_RULE
2AGPG160tipp	2-Acyl-sn-glycero-3-phosphoglycerol (n-C16:0) transporter via facilitated diffusion (periplasm)	Transport		bigg.reaction 2AGPG160tipp metanetx.reaction MNXR94767 sbo SBO:0000185	Lipid metabolism	Lipid metabolism	transported substrate: acyl-sn-glycero	TRANSPORT_SUBSTRATE_CURATED_RULE
2AGPG161tipp	2-Acyl-sn-glycero-3-phosphoglycerol (n-C16:1) transporter via facilitated diffusion (periplasm)	Transport		bigg.reaction 2AGPG161tipp metanetx.reaction MNXR94768 sbo SBO:0000185	Lipid metabolism	Lipid metabolism	transported substrate: acyl-sn-glycero	TRANSPORT_SUBSTRATE_CURATED_RULE
2AGPG180tipp	2-Acyl-sn-glycero-3-phosphoglycerol (n-C18:0) transporter via facilitated diffusion (periplasm)	Transport		bigg.reaction 2AGPG180tipp metanetx.reaction MNXR94769 sbo SBO:0000185	Lipid metabolism	Lipid metabolism	transported substrate: acyl-sn-glycero	TRANSPORT_SUBSTRATE_CURATED_RULE
2AGPG181tipp	2-Acyl-sn-glycero-3-phosphoglycerol (n-C18:1) transporter via facilitated diffusion (periplasm)	Transport		bigg.reaction 2AGPG181tipp metanetx.reaction MNXR94770 sbo SBO:0000185	Lipid metabolism	Lipid metabolism	transported substrate: acyl-sn-glycero	TRANSPORT_SUBSTRATE_CURATED_RULE
2AGPGAT120	2-acyl-glycerophospho-glycerol acyltransferase (n-C12:0)	Internal metabolic		bigg.reaction 2AGPGAT120 metanetx.reaction MNXR94771 sbo SBO:0000176	Lipid metabolism	Lipid metabolism	metabolite context: phosphatid	HIERARCHICAL_METABOLITE_CONTEXT
2AGPGAT140	2-acyl-glycerophospho-glycerol acyltransferase (n-C14:0)	Internal metabolic		bigg.reaction 2AGPGAT140 metanetx.reaction MNXR94772 sbo SBO:0000176	Lipid metabolism	Lipid metabolism	metabolite context: phosphatid	HIERARCHICAL_METABOLITE_CONTEXT
2AGPGAT141	2-acyl-glycerophospho-glycerol acyltransferase (n-C14:1)	Internal metabolic		bigg.reaction 2AGPGAT141 metanetx.reaction MNXR94773 sbo SBO:0000176	Lipid metabolism	Lipid metabolism	metabolite context: phosphatid	HIERARCHICAL_METABOLITE_CONTEXT
2AGPGAT160	2-acyl-glycerophospho-glycerol acyltransferase (n-C16:0)	Internal metabolic		bigg.reaction 2AGPGAT160 metanetx.reaction MNXR94774 sbo SBO:0000176	Lipid metabolism	Lipid metabolism	metabolite context: phosphatid	HIERARCHICAL_METABOLITE_CONTEXT
2AGPGAT161	2-acyl-glycerophospho-glycerol acyltransferase (n-C16:1)	Internal metabolic		bigg.reaction 2AGPGAT161 metanetx.reaction MNXR94775 sbo SBO:0000176	Lipid metabolism	Lipid metabolism	metabolite context: phosphatid	HIERARCHICAL_METABOLITE_CONTEXT
2AGPGAT180	2-acyl-glycerophospho-glycerol acyltransferase (n-C18:0)	Internal metabolic		bigg.reaction 2AGPGAT180 metanetx.reaction MNXR94776 sbo SBO:0000176	Lipid metabolism	Lipid metabolism	metabolite context: phosphatid	HIERARCHICAL_METABOLITE_CONTEXT
2AGPGAT181	2-acyl-glycerophospho-glycerol acyltransferase (n-C18:1)	Internal metabolic		bigg.reaction 2AGPGAT181 metanetx.reaction MNXR94777 sbo SBO:0000176	Lipid metabolism	Lipid metabolism	metabolite context: phosphatid	HIERARCHICAL_METABOLITE_CONTEXT
2DHGLCK	Dehydrogluconokinase	Internal metabolic		bigg.reaction 2DHGLCK biocyc META:DEHYDOGLUCONOKINASE-RXN brenda 2.7.1.13 ec-code 2.7.1.13 kegg.reaction R02658 metanetx.reaction MNXR94789 rhea 10788;10789;10790;10791 sbo SBO:0000176 seed.reaction rxn01921;rxn14220	Carbohydrate metabolism	Carbohydrate metabolism	metabolite context: gluconate	HIERARCHICAL_METABOLITE_CONTEXT
2INSD	2-Inosose dehydratase	Internal metabolic		bigg.reaction 2INSD biocyc META:MYO-INOSOSE-2-DEHYDRATASE-RXN brenda 4.2.1.44 ec-code 4.2.1.44 gpr_status PROVISIONAL kegg.reaction R02782;R05659 metanetx.reaction MNXR137940 rhea 14065;14066;14067;14068 sbo SBO:0000176 seed.reaction rxn02007	Carbohydrate metabolism	Carbohydrate metabolism	metabolite context: inositol	HIERARCHICAL_METABOLITE_CONTEXT
2MAHMP	2-Methyl-4-amino-5-hydroxymethylpyrimidine diphosphatase	Internal metabolic		bigg.reaction 2MAHMP metanetx.reaction MNXR142616 sbo SBO:0000176 seed.reaction rxn07971	Nucleotide metabolism	Nucleotide metabolism	reaction name: pyrimidine	HIERARCHICAL_REACTION_NAME
2S6HCCi	2 succinyl 6 hydroxy 2 4 cyclohexadiene 1 carboxylate synthase	Internal metabolic		bigg.reaction 2S6HCCi brenda 2.2.1.9;2.5.1.64;4.1.1.71;4.2.99.20 ec-code 2.2.1.9;2.5.1.64;4.1.1.71;4.1.3.-;4.2.99.20 metanetx.reaction MNXR134758 sbo SBO:0000176 seed.reaction rxn04675	Central carbon metabolism	Central carbon metabolism	metabolite context: pyruvate	HIERARCHICAL_METABOLITE_CONTEXT
3AIBT2	L 3 aminoisobutyrate transaminase	Internal metabolic		bigg.reaction 3AIBT2 gpr_status PROVISIONAL metanetx.reaction MNXR191256 sbo SBO:0000176	Central carbon metabolism	Central carbon metabolism	metabolite context: pyruvate	HIERARCHICAL_METABOLITE_CONTEXT
3AMPt6	3  AMP transport inout via proton symport	Transport		bigg.reaction 3AMPt6 metanetx.reaction MNXR94856 sbo SBO:0000185 seed.reaction rxn05476	Nucleotide metabolism	Nucleotide metabolism	transported substrate: amp	TRANSPORT_SUBSTRATE_CURATED_RULE
3AMPtex	3AMP transport via diffusion (extracellular to periplasm)	Transport		bigg.reaction 3AMPtex metanetx.reaction MNXR94857 sbo SBO:0000185 seed.reaction rxn07973	Nucleotide metabolism	Nucleotide metabolism	transported substrate: amp	TRANSPORT_SUBSTRATE_CURATED_RULE
3CMPt6	3  CMP transport in via proton symport	Transport		bigg.reaction 3CMPt6 metanetx.reaction MNXR94860 sbo SBO:0000185 seed.reaction rxn05477	Nucleotide metabolism	Nucleotide metabolism	transported substrate: cmp	TRANSPORT_SUBSTRATE_CURATED_RULE
3CMPtex	3CMP transport via diffusion (extracellular to periplasm)	Transport		bigg.reaction 3CMPtex metanetx.reaction MNXR94861 sbo SBO:0000185 seed.reaction rxn07974	Nucleotide metabolism	Nucleotide metabolism	transported substrate: cmp	TRANSPORT_SUBSTRATE_CURATED_RULE
3GMPtex	3GMP transport via diffusion (extracellular to periplasm)	Transport		bigg.reaction 3GMPtex metanetx.reaction MNXR94868 sbo SBO:0000185 seed.reaction rxn07975	Nucleotide metabolism	Nucleotide metabolism	transported substrate: guanosine	TRANSPORT_SUBSTRATE_CURATED_RULE
3GMPtex_1	3GMP transport via diffusion (extracellular to cytoplasm)	Transport		bigg.reaction 3GMPtex_1 sbo SBO:0000185	Nucleotide metabolism	Nucleotide metabolism	transported substrate: guanosine	TRANSPORT_SUBSTRATE_CURATED_RULE
3HPTNCOAR	3R 3 Hydroxypentanoyl CoA reductase	Internal metabolic		bigg.reaction 3HPTNCOAR brenda 4.2.1.17 ec-code 4.2.1.17 gpr_status PROVISIONAL metanetx.reaction MNXR153944 sbo SBO:0000176	Nucleotide metabolism	Nucleotide metabolism	metabolite context: nucleotide	HIERARCHICAL_METABOLITE_CONTEXT
3MBt2pp	H+/Isovalerate symport (periplasm)	Transport		bigg.reaction 3MBt2pp gpr_status PROVISIONAL metanetx.reaction MNXR94916 sbo SBO:0000185	Other curated	Other curated	transport chemistry present but substrate class is outside the controlled categories	TRANSPORT_OTHER_CURATED
3MBt4pp	Na+/Isovalerate symport (periplasm)	Transport		bigg.reaction 3MBt4pp gpr_status PROVISIONAL metanetx.reaction MNXR94917 sbo SBO:0000185	Other curated	Other curated	transport chemistry present but substrate class is outside the controlled categories	TRANSPORT_OTHER_CURATED
3MBtex	3-methylbutanoic acid transport via diffusion (extracellular to periplasm)	Transport		bigg.reaction 3MBtex metanetx.reaction MNXR94918 sbo SBO:0000185	Other curated	Other curated	transport chemistry present but substrate class is outside the controlled categories	TRANSPORT_OTHER_CURATED
3NTD4pp	3'-nucleotidase (CMP) (periplasm)	Internal metabolic		bigg.reaction 3NTD4pp biocyc META:RXN-14090 brenda 3.1.3.5;3.1.3.6 ec-code 3.1.3.6;3.1.3.5 gpr_status PROVISIONAL kegg.reaction R02370 metanetx.reaction MNXR94934 rhea 27894;27895;27896;27897 sbo SBO:0000176 seed.reaction rxn01704	Nucleotide metabolism	Nucleotide metabolism	metabolite context: cytid	HIERARCHICAL_METABOLITE_CONTEXT
3NTD7pp	3'-nucleotidase (AMP) (periplasm)	Internal metabolic		bigg.reaction 3NTD7pp biocyc META:RXN-14126 brenda 3.1.3.5;3.1.3.6 ec-code 3.1.3.6;3.1.3.5 gpr_status PROVISIONAL kegg.reaction R01562 metanetx.reaction MNXR94935 rhea 27898;27899;27900;27901 sbo SBO:0000176 seed.reaction rxn01139	Nucleotide metabolism	Nucleotide metabolism	metabolite context: adenosine	HIERARCHICAL_METABOLITE_CONTEXT
3NUCLE1	3  nucleotidase  3  AMP	Internal metabolic		bigg.reaction 3NUCLE1 biocyc META:RXN-14126 brenda 3.1.3.6 ec-code 3.1.3.6 kegg.reaction R01562 metanetx.reaction MNXR94935 rhea 27898;27899;27900;27901 sbo SBO:0000176 seed.reaction rxn01139	Nucleotide metabolism	Nucleotide metabolism	metabolite context: adenosine	HIERARCHICAL_METABOLITE_CONTEXT
3NUCLE2	3  nucleotidase  3  UMP	Internal metabolic		bigg.reaction 3NUCLE2 biocyc META:RXN-14115 brenda 3.1.3.6 ec-code 3.1.3.6 kegg.reaction R01877 metanetx.reaction MNXR94932 rhea 27890;27891;27892;27893 sbo SBO:0000176 seed.reaction rxn01367	Nucleotide metabolism	Nucleotide metabolism	metabolite context: urid	HIERARCHICAL_METABOLITE_CONTEXT
3NUCLE3	3  nucleotidase  3  cMP	Internal metabolic		bigg.reaction 3NUCLE3 biocyc META:RXN-14090 brenda 3.1.3.6 ec-code 3.1.3.6 kegg.reaction R02370 metanetx.reaction MNXR94934 rhea 27894;27895;27896;27897 sbo SBO:0000176 seed.reaction rxn01704	Nucleotide metabolism	Nucleotide metabolism	metabolite context: cytid	HIERARCHICAL_METABOLITE_CONTEXT
3NUCLE4	3  nucleotidase  guanosine 3  phosphate	Internal metabolic		bigg.reaction 3NUCLE4 biocyc META:RXN-14124 brenda 3.1.3.6 ec-code 3.1.3.6 kegg.reaction R02148 metanetx.reaction MNXR94936 rhea 27862;27863;27864;27865 sbo SBO:0000176 seed.reaction rxn01549	Inorganic ion metabolism	Inorganic ion metabolism	reaction name: phosphate	HIERARCHICAL_REACTION_NAME
3OADPCOAT	3-oxoadipate CoA-transferase	Internal metabolic		bigg.reaction 3OADPCOAT biocyc META:3-OXOADIPATE-COA-TRANSFERASE-RXN brenda 2.8.3.6 ec-code 2.8.3.6 gpr_status PROVISIONAL kegg.reaction R02990 metanetx.reaction MNXR94940 rhea 12048;12049;12050;12051 sbo SBO:0000176 seed.reaction rxn02143	Central carbon metabolism	Central carbon metabolism	metabolite context: succinate	HIERARCHICAL_METABOLITE_CONTEXT
3OXCOAT	3-oxoadipyl-CoA thiolase	Internal metabolic		bigg.reaction 3OXCOAT biocyc META:RXN-3641 brenda 2.3.1.16;2.3.1.174 ec-code 2.3.1.16;2.3.1.174 kegg.reaction R00829 metanetx.reaction MNXR94967 rhea 19481;19482;19483;19484 sbo SBO:0000176 seed.reaction rxn00598	Central carbon metabolism	Central carbon metabolism	metabolite context: acetyl-coa	HIERARCHICAL_METABOLITE_CONTEXT
3PEPTabcpp	Tripeptide (LalaDgluMdap) transport via ABC system (periplasm)	Transport		bigg.reaction 3PEPTabcpp gpr_status PROVISIONAL metanetx.reaction MNXR94970 sbo SBO:0000185 seed.reaction rxn08003	Amino acid metabolism	Amino acid metabolism	transported substrate: alanine	TRANSPORT_SUBSTRATE_CURATED_RULE
3PEPTtex	LalaDgluMdap (tripeptide) transport via diffusion (extracellular to periplasm)	Transport		bigg.reaction 3PEPTtex metanetx.reaction MNXR94971 sbo SBO:0000185 seed.reaction rxn08004	Amino acid metabolism	Amino acid metabolism	transported substrate: alanine	TRANSPORT_SUBSTRATE_CURATED_RULE
3UMPt6	3  UMP transport in via proton symport	Transport		bigg.reaction 3UMPt6 metanetx.reaction MNXR94982 sbo SBO:0000185 seed.reaction rxn05480	Nucleotide metabolism	Nucleotide metabolism	reaction name: ump 	TRANSPORT_SUBSTRATE_REACTION_NAME
3UMPtex	3UMP transport via diffusion (extracellular to periplasm)	Transport		bigg.reaction 3UMPtex metanetx.reaction MNXR94983 sbo SBO:0000185 seed.reaction rxn08005	Nucleotide metabolism	Nucleotide metabolism	reaction name: ump 	TRANSPORT_SUBSTRATE_REACTION_NAME
4HDPROO	Cis 4 hydroxy D proline oxidase	Internal metabolic		bigg.reaction 4HDPROO metanetx.reaction MNXR154016 sbo SBO:0000176	Energy metabolism / respiration	Energy metabolism / respiration	reaction name: oxidase	HIERARCHICAL_REACTION_NAME
4HGLSD	4HGLSD	Internal metabolic		bigg.reaction 4HGLSD;4HGLSDm biocyc META:RXN-14472 ec-code 1.2.1.-;1.2.1.88 kegg.reaction R05051 metanetx.reaction MNXR95015 rhea 31243;31244;31245;31246 sbo SBO:0000176 seed.reaction rxn30330;rxn33493	Amino acid metabolism	Amino acid metabolism	metabolite context: glutamate	HIERARCHICAL_METABOLITE_CONTEXT
4HPROE	4 hydroxyproline epimerase	Internal metabolic		bigg.reaction 4HPROE brenda 5.1.1.8 ec-code 5.1.1.8 metanetx.reaction MNXR154019 sbo SBO:0000176	Amino acid metabolism	Amino acid metabolism	reaction name: proline	HIERARCHICAL_REACTION_NAME
4HPRO_LT_Et	Trans-4-Hydroxy-L-proline transport (transport mechanism unknown - evidence from biolog data)	Transport		bigg.reaction 4HPRO_LT_Et sbo SBO:0000185	Amino acid metabolism	Amino acid metabolism	transported substrate: proline	TRANSPORT_SUBSTRATE_CURATED_RULE
4HTHRA	4-hydroxy-L-threonine aldolase	Internal metabolic		bigg.reaction 4HTHRA biocyc META:RXN0-6563 gpr_status PROVISIONAL metanetx.reaction MNXR123321 rhea 28779 sbo SBO:0000176 seed.reaction rxn26435	Amino acid metabolism	Amino acid metabolism	reaction name: threonine	HIERARCHICAL_REACTION_NAME
4HTHRS	4-Hydroxy-L-threonine synthase	Internal metabolic		bigg.reaction 4HTHRS biocyc META:RXN-14125 brenda 4.2.3.1 ec-code 4.2.3.-;4.2.3.1 kegg.reaction R05086 metanetx.reaction MNXR95024 rhea 30659;30660;30661;30662 sbo SBO:0000176 seed.reaction rxn03446;rxn45473	Amino acid metabolism	Amino acid metabolism	reaction name: threonine	HIERARCHICAL_REACTION_NAME
4PCPpp	Tetrapeptide L,D-carboxypeptidase (periplasm)	Internal metabolic		bigg.reaction 4PCPpp metanetx.reaction MNXR95049 sbo SBO:0000176 seed.reaction rxn08007	Amino acid metabolism	Amino acid metabolism	metabolite context: alanine	HIERARCHICAL_METABOLITE_CONTEXT
4PEPTabcpp	Tetrapeptide (LalaDgluMdapDala) transport via ABC system (periplasm)	Transport		bigg.reaction 4PEPTabcpp gpr_status PROVISIONAL metanetx.reaction MNXR95050 sbo SBO:0000185 seed.reaction rxn08008	Amino acid metabolism	Amino acid metabolism	transported substrate: alanine	TRANSPORT_SUBSTRATE_CURATED_RULE
4PEPTtex	LalaDgluMdapDala (pentapeptide) transport via diffusion (extracellular to periplasm)	Transport		bigg.reaction 4PEPTtex metanetx.reaction MNXR95051 sbo SBO:0000185 seed.reaction rxn08009	Amino acid metabolism	Amino acid metabolism	transported substrate: alanine	TRANSPORT_SUBSTRATE_CURATED_RULE
5DGLCNR	5-dehydro-D-gluconate reductase	Internal metabolic		bigg.reaction 5DGLCNR biocyc META:RXN-14367 brenda 1.1.1.69 ec-code 1.1.1.-;1.1.1.69 kegg.reaction R01740 metanetx.reaction MNXR95065 rhea 23936;23937;23938;23939 sbo SBO:0000176 seed.reaction rxn01278	Carbohydrate metabolism	Carbohydrate metabolism	reaction name: gluconate	HIERARCHICAL_REACTION_NAME
5DH4DGLCD	5 dehydro 4 deoxyglucarate dehydratase   decarboxylating	Internal metabolic		bigg.reaction 5DH4DGLCD brenda 4.2.1.41 ec-code 4.2.1.41 metanetx.reaction MNXR97069 sbo SBO:0000176	Carbohydrate metabolism	Carbohydrate metabolism	reaction name: glucarate	HIERARCHICAL_REACTION_NAME
5DKGR	5-keto-D-gluconate 5-reductase	Internal metabolic		bigg.reaction 5DKGR biocyc META:RXN0-7101 brenda 1.1.1.69 ec-code 1.1.1.69 gpr_status PROVISIONAL kegg.reaction R01738 metanetx.reaction MNXR107148 rhea 23943;23940 sbo SBO:0000176 seed.reaction rxn01276	Carbohydrate metabolism	Carbohydrate metabolism	reaction name: gluconate	HIERARCHICAL_REACTION_NAME
5DOAN	5'-deoxyadenosine nuclosidase	Internal metabolic		bigg.reaction 5DOAN biocyc META:RXN0-6550 metanetx.reaction MNXR95069 rhea 29859;29860;29861;29862 sbo SBO:0000176 seed.reaction rxn08013;rxn13649	Nucleotide metabolism	Nucleotide metabolism	reaction name: adenosine	HIERARCHICAL_REACTION_NAME
5HPUDICDC_c	5-Hydroxy-2-oxo-4-ureido-2,5-dihydro-1H-imidazole-5-carboxylate decarboxylase, spontaneous	Internal metabolic		bigg.reaction 5HPUDICDC_c brenda 4.1.1.97 ec-code 4.1.1.97 metanetx.reaction MNXR96142 sbo SBO:0000176 seed.reaction rxn04456;rxn30865;rxn35436	Nucleotide metabolism	Nucleotide metabolism	metabolite context: allantoin	HIERARCHICAL_METABOLITE_CONTEXT
AAC24DABA	N acetyl diamonbutyric acid acylase	Internal metabolic		bigg.reaction AAC24DABA metanetx.reaction MNXR154161 sbo SBO:0000176	Other curated	Other curated	named biochemical reaction without controlled-category match	NAMED_REACTION_FALLBACK
AACOAR_syn	Acetoacetyl CoA reductase	Internal metabolic		bigg.reaction AACOAR_syn brenda 1.1.1.36 ec-code 1.1.1.36 metanetx.reaction MNXR95135 sbo SBO:0000176	PHB / storage metabolism	PHB / storage metabolism	metabolite context: hydroxybutyryl-coa	HIERARCHICAL_METABOLITE_CONTEXT
AACPS2	Acyl-[acyl-carrier-protein] synthetase  (n-C14:1)	Internal metabolic		bigg.reaction AACPS2 ec-code 6.2.1.20 metanetx.reaction MNXR95141 sbo SBO:0000176	Lipid metabolism	Lipid metabolism	metabolite context: acyl carrier	HIERARCHICAL_METABOLITE_CONTEXT
AACPS4	Acyl-[acyl-carrier-protein] synthetase  (n-C16:1)	Internal metabolic		bigg.reaction AACPS4 metanetx.reaction MNXR95143 sbo SBO:0000176	Lipid metabolism	Lipid metabolism	metabolite context: acyl carrier	HIERARCHICAL_METABOLITE_CONTEXT
AACPS7	Acyl-[acyl-carrier-protein] synthetase  (n-C12:0)	Internal metabolic		bigg.reaction AACPS7 metanetx.reaction MNXR95146 sbo SBO:0000176	Lipid metabolism	Lipid metabolism	metabolite context: acyl carrier	HIERARCHICAL_METABOLITE_CONTEXT
AACPS9	Acyl-[acyl-carrier-protein] synthetase  (n-C8:0)	Internal metabolic		bigg.reaction AACPS9 metanetx.reaction MNXR95148 sbo SBO:0000176	Lipid metabolism	Lipid metabolism	metabolite context: acyl carrier	HIERARCHICAL_METABOLITE_CONTEXT
AACTOOR	Aminoacetone:oxygen oxidoreductase(deaminating)(flavin-containing)	Internal metabolic		bigg.reaction AACTOOR biocyc META:AMACETOXID-RXN ec-code 1.4.3.21;1.4.3.4;1.4.3.6 kegg.reaction R02529 metanetx.reaction MNXR95149 rhea 28186;28187;28188;28189 sbo SBO:0000176 seed.reaction rxn01833;rxn19149;rxn29982;rxn33386;rxn35209	Cofactor and vitamin metabolism	Cofactor and vitamin metabolism	reaction name: flavin	HIERARCHICAL_REACTION_NAME
AADa	AADa	Internal metabolic		bigg.reaction AADa brenda 6.2.1.1 ec-code 6.2.1.1 gpr_status PROVISIONAL metanetx.reaction MNXR154172 sbo SBO:0000176	Central carbon metabolism	Central carbon metabolism	metabolite context: acetyl-coa	HIERARCHICAL_METABOLITE_CONTEXT
AADb	AADb	Internal metabolic		bigg.reaction AADb brenda 6.2.1.1 ec-code 6.2.1.1 gpr_status PROVISIONAL metanetx.reaction MNXR154173 sbo SBO:0000176	Nucleotide metabolism	Nucleotide metabolism	metabolite context: adenylate	HIERARCHICAL_METABOLITE_CONTEXT
AALDH	Aryl alcohol dehydrogenase	Internal metabolic		bigg.reaction AALDH brenda 1.1.1.1 ec-code 1.1.1.1 gpr_status PROVISIONAL sbo SBO:0000176	Energy metabolism / respiration	Energy metabolism / respiration	reaction name: hydrogenase	HIERARCHICAL_REACTION_NAME
ABTA	4-aminobutyrate transaminase	Internal metabolic		bigg.reaction ABTA;ABTArm biocyc META:GABATRANSAM-RXN brenda 2.6.1.19 ec-code 2.6.1.19 kegg.reaction R01648 metanetx.reaction MNXR95186 rhea 23352;23353;23354;23355 sbo SBO:0000176 seed.reaction rxn01204;rxn19742;rxn27867	Amino acid metabolism	Amino acid metabolism	metabolite context: glutamate	HIERARCHICAL_METABOLITE_CONTEXT
ABUTD	Aminobutyraldehyde dehydrogenase	Internal metabolic		bigg.reaction ABUTD;ABUTDm biocyc META:AMINOBUTDEHYDROG-RXN brenda 1.2.1.19;1.2.1.3 ec-code 1.2.1.-;1.2.1.19;1.2.1.3 kegg.reaction R02549 metanetx.reaction MNXR95191 rhea 19105;19106;19107;19108 sbo SBO:0000176 seed.reaction rxn01851;rxn19161;rxn30209	Energy metabolism / respiration	Energy metabolism / respiration	reaction name: hydrogenase	HIERARCHICAL_REACTION_NAME
ABUTtex	4-aminobutyrate transport via diffusion (extracellular to periplasm)	Transport		bigg.reaction ABUTtex metanetx.reaction MNXR94993 reactome R-ATH-888592;R-BTA-888592;R-CEL-888592;R-CFA-888592;R-DME-888592;R-DRE-888592;R-GGA-888592;R-HSA-888592;R-MMU-888592;R-OSA-888592;R-RNO-888592;R-SCE-888592;R-SSC-888592;R-TGU-888592;R-XTR-888592 rhea 35035;35036;35037;35038 sbo SBO:0000185 seed.reaction rxn08028;rxn09795;rxn11326	Amino acid metabolism	Amino acid metabolism	transported substrate: aminobutyrate	TRANSPORT_SUBSTRATE_CURATED_RULE
ACACCT	Acetyl-CoA:acetoacetyl-CoA transferase	Internal metabolic		bigg.reaction ACACCT biocyc META:ACETOACETYL-COA-TRANSFER-RXN brenda 2.8.3.8;2.8.3.9 ec-code 2.8.3.8;2.8.3.9 gpr_status PROVISIONAL kegg.reaction R01359 metanetx.reaction MNXR95193 rhea 27806;27807;27808;27809 sbo SBO:0000176 seed.reaction rxn00990	Central carbon metabolism	Central carbon metabolism	database annotation: acetyl-coa	HIERARCHICAL_DATABASE_ANNOTATION
ACACT10	3-ketoacyl-CoA thiolase	Internal metabolic		bigg.reaction ACACT10;ACACT5m;ACACT5p;ACACT5r brenda 2.3.1.16 ec-code 2.3.1.16 metanetx.reaction MNXR190103 sbo SBO:0000176	Lipid metabolism	Lipid metabolism	reaction name: acyl-coa	HIERARCHICAL_REACTION_NAME
ACACT11	3-ketoacyl-CoA thiolase	Internal metabolic		bigg.reaction ACACT11;ACACT2;ACACT2m;ACACT2r biocyc META:RXN-12565 brenda 2.3.1.16;2.3.1.9 ec-code 2.3.1.16;2.3.1.9 kegg.reaction R01177 metanetx.reaction MNXR152737 rhea 31114;31111 sbo SBO:0000176 seed.reaction rxn00874;rxn19968;rxn19980	Lipid metabolism	Lipid metabolism	reaction name: acyl-coa	HIERARCHICAL_REACTION_NAME
ACACT12	3-ketoacyl-CoA thiolase	Internal metabolic		bigg.reaction ACACT12;ACACT7m;ACACT7p;ACACT7r biocyc META:2.3.1.155-RXN;META:RXN-16560 brenda 2.3.1.155;2.3.1.16 ec-code 2.3.1.16;2.3.1.155 kegg.reaction R03991 metanetx.reaction MNXR190505 rhea 18164;18161 sbo SBO:0000176 seed.reaction rxn02804;rxn19967;rxn19979	Lipid metabolism	Lipid metabolism	reaction name: acyl-coa	HIERARCHICAL_REACTION_NAME
ACACT13	3-ketoacyl-CoA thiolase	Internal metabolic		bigg.reaction ACACT13;ACACT4m;ACACT4p;ACACT4r biocyc META:RXN-13617 brenda 2.3.1.16 ec-code 2.3.1.16 kegg.reaction R03778 metanetx.reaction MNXR190501 rhea 31090;31087 sbo SBO:0000176 seed.reaction rxn02680;rxn19976;rxn19988	Lipid metabolism	Lipid metabolism	reaction name: acyl-coa	HIERARCHICAL_REACTION_NAME
ACACT1r	Acetyl-CoA C-acetyltransferase	Internal metabolic		bigg.reaction ACACT1r biocyc META:ACETYL-COA-ACETYLTRANSFER-RXN brenda 2.3.1.16;2.3.1.174;2.3.1.9 ec-code 2.3.1.9;2.3.1.16;2.3.1.174 kegg.reaction R00238 metanetx.reaction MNXR95194 reactome R-ATH-73916;R-ATH-74181;R-BTA-73916;R-BTA-74181;R-BTA-8848215;R-CEL-73916;R-CEL-74181;R-CFA-73916;R-CFA-74181;R-CFA-8848215;R-DDI-73916;R-DDI-74181;R-DME-73916;R-DME-74181;R-DME-8848215;R-DRE-73916;R-DRE-74181;R-DRE-8848215;R-GGA-73916;R-GGA-74181;R-GGA-8848215;R-HSA-73916;R-HSA-74181;R-HSA-8848215;R-MMU-73916;R-MMU-74181;R-MMU-8848215;R-OSA-73916;R-OSA-74181;R-PFA-73916;R-PFA-74181;R-RNO-73916;R-RNO-74181;R-RNO-8848215;R-SCE-73916;R-SCE-74181;R-SCE-8848215;R-SPO-73916;R-SPO-74181;R-SSC-73916;R-SSC-74181;R-SSC-8848215;R-TGU-73916;R-TGU-74181;R-TGU-8848215;R-XTR-73916;R-XTR-74181;R-XTR-8848215 rhea 21036;21037;21038;21039 sbo SBO:0000176 seed.reaction rxn00178	Central carbon metabolism	Central carbon metabolism	database annotation: acetyl-coa	HIERARCHICAL_DATABASE_ANNOTATION
ACACT2r	Acetyl-CoA C-acyltransferase (butanoyl-CoA) (r)	Internal metabolic		bigg.reaction ACACT2r biocyc META:RXN-12565 brenda 2.3.1.16;2.3.1.9 ec-code 2.3.1.16;2.3.1.9 kegg.reaction R01177 metanetx.reaction MNXR95196 reactome R-BTA-77321;R-CEL-77321;R-CFA-77321;R-DME-77321;R-GGA-77321;R-HSA-77321;R-MMU-77321;R-RNO-77321;R-SSC-77321;R-TGU-77321;R-XTR-77321 rhea 31111;31112;31113;31114 sbo SBO:0000176 seed.reaction rxn00874	Central carbon metabolism	Central carbon metabolism	reaction name: acetyl-coa	HIERARCHICAL_REACTION_NAME
ACACT3r	Acetyl-CoA C-acyltransferase (hexanoyl-CoA) (r)	Internal metabolic		bigg.reaction ACACT3r brenda 2.3.1.9 ec-code 2.3.1.9 metanetx.reaction MNXR95197 sbo SBO:0000176	Central carbon metabolism	Central carbon metabolism	reaction name: acetyl-coa	HIERARCHICAL_REACTION_NAME
ACACT4r	Acetyl-CoA C-acyltransferase (octanoyl-CoA) (r)	Internal metabolic		bigg.reaction ACACT4r biocyc META:RXN-13617 brenda 2.3.1.16;2.3.1.9 ec-code 2.3.1.16;2.3.1.9 kegg.reaction R03778 metanetx.reaction MNXR95198 reactome R-BTA-77340;R-CEL-77340;R-CFA-77340;R-DME-77340;R-GGA-77340;R-HSA-77340;R-MMU-77340;R-RNO-77340;R-SSC-77340;R-TGU-77340;R-XTR-77340 rhea 31087;31088;31089;31090 sbo SBO:0000176 seed.reaction rxn02680	Central carbon metabolism	Central carbon metabolism	reaction name: acetyl-coa	HIERARCHICAL_REACTION_NAME
ACACT5r	Acetyl-CoA C-acyltransferase (decanoyl-CoA) (r)	Internal metabolic		bigg.reaction ACACT5r brenda 2.3.1.9 ec-code 2.3.1.9 metanetx.reaction MNXR95199 sbo SBO:0000176	Central carbon metabolism	Central carbon metabolism	reaction name: acetyl-coa	HIERARCHICAL_REACTION_NAME
ACACT6r	Acetyl-CoA C-acyltransferase (dodecanoyl-CoA) (r)	Internal metabolic		bigg.reaction ACACT6r biocyc META:RXN-14268 brenda 2.3.1.16;2.3.1.9 ec-code 2.3.1.16;2.3.1.9 kegg.reaction R03858 metanetx.reaction MNXR95201 reactome R-BTA-77271;R-CEL-77271;R-CFA-77271;R-DME-77271;R-GGA-77271;R-HSA-77271;R-MMU-77271;R-RNO-77271;R-SSC-77271;R-TGU-77271;R-XTR-77271 rhea 31091;31092;31093;31094 sbo SBO:0000176 seed.reaction rxn06510	Central carbon metabolism	Central carbon metabolism	reaction name: acetyl-coa	HIERARCHICAL_REACTION_NAME
ACACT6r_1	Acetyl CoA C acyltransferase  dodecanoyl CoA	Internal metabolic		bigg.reaction ACACT6r_1 metanetx.reaction MNXR95202 sbo SBO:0000176	Central carbon metabolism	Central carbon metabolism	metabolite context: acetyl-coa	HIERARCHICAL_METABOLITE_CONTEXT
ACACT7r	Acetyl-CoA C-acyltransferase (tetradecanoyl-CoA) (r)	Internal metabolic		bigg.reaction ACACT7r biocyc META:2.3.1.155-RXN;META:RXN-16560 brenda 2.3.1.155;2.3.1.16;2.3.1.9 ec-code 2.3.1.155;2.3.1.16;2.3.1.9 kegg.reaction R03991 metanetx.reaction MNXR95203 reactome R-BTA-77304;R-CEL-77304;R-CFA-77304;R-DME-77304;R-GGA-77304;R-HSA-77304;R-MMU-77304;R-RNO-77304;R-SSC-77304;R-TGU-77304;R-XTR-77304 rhea 18161;18162;18163;18164 sbo SBO:0000176 seed.reaction rxn02804	Central carbon metabolism	Central carbon metabolism	reaction name: acetyl-coa	HIERARCHICAL_REACTION_NAME
ACACT8	3-ketoacyl-CoA thiolase	Internal metabolic		bigg.reaction ACACT8;ACACT3;ACACT3m;ACACT3r brenda 2.3.1.16 ec-code 2.3.1.16 metanetx.reaction MNXR190498 sbo SBO:0000176	Lipid metabolism	Lipid metabolism	reaction name: acyl-coa	HIERARCHICAL_REACTION_NAME
ACACT8r	Acetyl-CoA acyltransferase (hexadecanoyl-CoA), (r)	Internal metabolic		bigg.reaction ACACT8r metanetx.reaction MNXR95204 rhea 35279;35280;35281;35282 sbo SBO:0000176 seed.reaction rxn08767	Central carbon metabolism	Central carbon metabolism	reaction name: acetyl-coa	HIERARCHICAL_REACTION_NAME
ACACT9	3-ketoacyl-CoA thiolase	Internal metabolic		bigg.reaction ACACT9;ACACT6m;ACACT6p;ACACT6r biocyc META:RXN-14268 brenda 2.3.1.16 ec-code 2.3.1.16 kegg.reaction R03858 metanetx.reaction MNXR190503 rhea 31094;31091 sbo SBO:0000176 seed.reaction rxn06510;rxn19974;rxn19986	Lipid metabolism	Lipid metabolism	reaction name: acyl-coa	HIERARCHICAL_REACTION_NAME
ACACt2pp	Acetoacetate transport via proton symport  (periplasm)	Transport		bigg.reaction ACACt2pp gpr_status PROVISIONAL metanetx.reaction MNXR95207 sbo SBO:0000185 seed.reaction rxn05484;rxn08029	Central carbon metabolism	Central carbon metabolism	transported substrate: acetoacetate	TRANSPORT_SUBSTRATE_CURATED_RULE
ACACtex	Acetoacetate transport via diffusion (extracellular to periplasm)	Transport		bigg.reaction ACACtex biocyc META:TRANS-RXN0-281 metanetx.reaction MNXR95208 rhea 29751;29752;29753;29754 sbo SBO:0000185 seed.reaction rxn08030;rxn10960;rxn13115	Central carbon metabolism	Central carbon metabolism	transported substrate: acetoacetate	TRANSPORT_SUBSTRATE_CURATED_RULE
ACALDt	Acetaldehyde reversible transport	Transport		bigg.reaction ACALDt metanetx.reaction MNXR95212 reactome R-HSA-449872 sbo SBO:0000185 seed.reaction rxn08032;rxn08033;rxn09700;rxn13212	Central carbon metabolism	Central carbon metabolism	transported substrate: acetaldehyde	TRANSPORT_SUBSTRATE_CURATED_RULE
ACALDtex	Acetaldehyde transport via diffusion (extracellular to periplasm)	Transport		bigg.reaction ACALDtex metanetx.reaction MNXR95212 reactome R-HSA-449872 sbo SBO:0000185 seed.reaction rxn08032;rxn08033;rxn09700;rxn13212	Central carbon metabolism	Central carbon metabolism	transported substrate: acetaldehyde	TRANSPORT_SUBSTRATE_CURATED_RULE
ACALDtpp	Acetaldehyde reversible transport (periplasm)	Transport		bigg.reaction ACALDtpp metanetx.reaction MNXR95212 reactome R-HSA-449872 sbo SBO:0000185 seed.reaction rxn08032;rxn08033;rxn09700;rxn13212	Central carbon metabolism	Central carbon metabolism	transported substrate: acetaldehyde	TRANSPORT_SUBSTRATE_CURATED_RULE
ACCOAC	Acetyl-CoA carboxylase	Internal metabolic		bigg.reaction ACCOAC biocyc META:ACETYL-COA-CARBOXYLTRANSFER-RXN brenda 2.1.3.15;6.3.4.14;6.4.1.2 ec-code 6.4.1.2;2.1.3.15;6.3.4.14 kegg.reaction R00742 metanetx.reaction MNXR95219 reactome R-ATH-200555;R-ATH-75851;R-ATH-8876889;R-BTA-200555;R-BTA-75851;R-BTA-8876889;R-CEL-200555;R-CEL-75851;R-CEL-8876889;R-CFA-200555;R-CFA-75851;R-CFA-8876889;R-DDI-200555;R-DDI-75851;R-DDI-8876889;R-DME-200555;R-DME-75851;R-DME-8876889;R-DRE-200555;R-DRE-75851;R-DRE-8876889;R-GGA-200555;R-GGA-75851;R-GGA-8876889;R-HSA-200555;R-HSA-75851;R-HSA-8876889;R-MMU-200555;R-MMU-75851;R-MMU-8876889;R-PFA-200555;R-PFA-75851;R-PFA-8876889;R-RNO-200555;R-RNO-75851;R-RNO-8876889;R-SCE-200555;R-SCE-75851;R-SCE-8876889;R-SPO-200555;R-SPO-75851;R-SPO-8876889;R-SSC-200555;R-SSC-75851;R-SSC-8876889;R-TGU-200555;R-TGU-75851;R-TGU-8876889;R-XTR-200555;R-XTR-75851;R-XTR-8876889 rhea 11308;11309;11310;11311 sbo SBO:0000176 seed.reaction rxn00533	Central carbon metabolism	Central carbon metabolism	database annotation: acetyl-coa	HIERARCHICAL_DATABASE_ANNOTATION
ACCOAL	Acetate-CoA ligase (ADP-forming)	Internal metabolic		bigg.reaction ACCOAL brenda 6.2.1.1;6.2.1.13 ec-code 6.2.1.13;6.2.1.1 metanetx.reaction MNXR95221 sbo SBO:0000176	Cofactor and vitamin metabolism	Cofactor and vitamin metabolism	metabolite context: coenzyme	HIERARCHICAL_METABOLITE_CONTEXT
ACGAM1Ptex	N-acetyl-D-glucosamine 1-phosphate transport via diffusion (extracellular to periplasm)	Transport		bigg.reaction ACGAM1Ptex metanetx.reaction MNXR95246 sbo SBO:0000185 seed.reaction rxn08039	Carbohydrate metabolism	Carbohydrate metabolism	transported substrate: n-acetyl-d-glucosamine	TRANSPORT_SUBSTRATE_CURATED_RULE
ACGAMK	N-acetylglucosamine kinase	Internal metabolic		bigg.reaction ACGAMK biocyc META:N-ACETYLGLUCOSAMINE-KINASE-RXN ec-code 2.7.1.59 kegg.reaction R01201 metanetx.reaction MNXR95249 rhea 17417;17418;17419;17420 sbo SBO:0000176 seed.reaction rxn00892	Inorganic ion metabolism	Inorganic ion metabolism	metabolite context: phosphate	HIERARCHICAL_METABOLITE_CONTEXT
ACGAtex	N-Acetyl-D-glucosamine transport via diffusion (extracellular to periplasm)	Transport		bigg.reaction ACGAtex metanetx.reaction MNXR95252 sbo SBO:0000185 seed.reaction rxn08042	Carbohydrate metabolism	Carbohydrate metabolism	transported substrate: n-acetyl-d-glucosamine	TRANSPORT_SUBSTRATE_CURATED_RULE
ACGK	Acetylglutamate kinase	Internal metabolic		bigg.reaction ACGK;ACGKm;AGK_h biocyc META:ACETYLGLUTKIN-RXN brenda 2.7.2.8 ec-code 2.7.2.8 kegg.reaction R02649 metanetx.reaction MNXR95256 rhea 14629;14630;14631;14632 sbo SBO:0000176 seed.reaction rxn01917;rxn27669;rxn30332	Amino acid metabolism	Amino acid metabolism	reaction name: glutamate	HIERARCHICAL_REACTION_NAME
ACGLUtd	Transport of N-Acetyl-L-Glutamate, Diffusion	Transport		bigg.reaction ACGLUtd curation_status TRANSPORT_REBUILD_PENDING sbo SBO:0000185	Amino acid metabolism	Amino acid metabolism	transported substrate: glutamate	TRANSPORT_SUBSTRATE_CURATED_RULE
ACGS	N-acetylglutamate synthase	Internal metabolic		bigg.reaction ACGS biocyc META:N-ACETYLTRANSFER-RXN brenda 2.3.1.1;2.3.1.35 ec-code 2.3.1.1;2.3.1.35 kegg.reaction R00259 metanetx.reaction MNXR95259 reactome R-BTA-70542;R-CFA-70542;R-DDI-70542;R-DRE-70542;R-HSA-70542;R-MMU-70542;R-RNO-70542;R-SCE-70542;R-SPO-70542;R-SSC-70542;R-XTR-70542 rhea 24292;24293;24294;24295 sbo SBO:0000176 seed.reaction rxn00192	Amino acid metabolism	Amino acid metabolism	reaction name: glutamate	HIERARCHICAL_REACTION_NAME
ACHBS	2-aceto-2-hydroxybutanoate synthase	Internal metabolic		bigg.reaction ACHBS biocyc META:ACETOOHBUTSYN-RXN brenda 2.2.1.6 ec-code 2.2.1.6 kegg.reaction R08648 metanetx.reaction MNXR95260 rhea 27654;27655;27656;27657 sbo SBO:0000176	Central carbon metabolism	Central carbon metabolism	metabolite context: pyruvate	HIERARCHICAL_METABOLITE_CONTEXT
ACHBS2	2-aceto-2-hydroxybutanoate synthase	Internal metabolic		bigg.reaction ACHBS2 metanetx.reaction MNXR154198 sbo SBO:0000176	Cofactor and vitamin metabolism	Cofactor and vitamin metabolism	metabolite context: thiam	HIERARCHICAL_METABOLITE_CONTEXT
ACKr	Acetate kinase	Internal metabolic		bigg.reaction ACKr;ACKrh;ACKrm biocyc META:ACETATEKIN-RXN brenda 2.7.2.1;2.7.2.15 ec-code 2.7.2.1;2.7.2.15 kegg.reaction R00315 metanetx.reaction MNXR95269 rhea 11352;11353;11354;11355 sbo SBO:0000176 seed.reaction rxn00225;rxn27661;rxn27662;rxn34299	Inorganic ion metabolism	Inorganic ion metabolism	metabolite context: phosphate	HIERARCHICAL_METABOLITE_CONTEXT
ACLS	Acetolactate synthase	Internal metabolic		bigg.reaction ACLS biocyc META:ACETOLACTSYN-RXN brenda 2.2.1.6 ec-code 2.2.1.6 kegg.reaction R00226 metanetx.reaction MNXR95271 rhea 25249;25250;25251;25252 sbo SBO:0000176	Central carbon metabolism	Central carbon metabolism	metabolite context: pyruvate	HIERARCHICAL_METABOLITE_CONTEXT
ACLS_b	Acetolactate synthase	Internal metabolic		bigg.reaction ACLS_b metanetx.reaction MNXR154210 sbo SBO:0000176	Central carbon metabolism	Central carbon metabolism	metabolite context: pyruvate	HIERARCHICAL_METABOLITE_CONTEXT
ACLS_d	2-alpha-Hydroxyethylthiamine diphosphate lipoamide	Internal metabolic		bigg.reaction ACLS_d metanetx.reaction MNXR154211 sbo SBO:0000176	Cofactor and vitamin metabolism	Cofactor and vitamin metabolism	reaction name: thiam	HIERARCHICAL_REACTION_NAME
ACLSa_1	Pyruvate acetaldehydetransferase (decarboxylating)	Internal metabolic		bigg.reaction ACLSa_1 metanetx.reaction MNXR154212 sbo SBO:0000176	Central carbon metabolism	Central carbon metabolism	reaction name: pyruvate	HIERARCHICAL_REACTION_NAME
ACLSb	Acetolactate synthase (step 2)	Internal metabolic		bigg.reaction ACLSb;APLh;APLm biocyc META:RXN-14037 brenda 2.2.1.6 ec-code 2.2.1.6 kegg.reaction R04672 metanetx.reaction MNXR190694 rhea 24808;24805 sbo SBO:0000176 seed.reaction rxn15491;rxn32060;rxn34626	Central carbon metabolism	Central carbon metabolism	metabolite context: pyruvate	HIERARCHICAL_METABOLITE_CONTEXT
ACLSb_1	Acetolactate synthase	Internal metabolic		bigg.reaction ACLSb_1 metanetx.reaction MNXR154213 sbo SBO:0000176	Central carbon metabolism	Central carbon metabolism	metabolite context: pyruvate	HIERARCHICAL_METABOLITE_CONTEXT
ACM6PH	N-acetylmuramate 6-phosphate hydrolase	Internal metabolic		bigg.reaction ACM6PH ec-code 4.2.1.126 kegg.reaction R08555 metanetx.reaction MNXR95273 rhea 26410;26411;26412;26413 sbo SBO:0000176 seed.reaction rxn08044	Inorganic ion metabolism	Inorganic ion metabolism	reaction name: phosphate	HIERARCHICAL_REACTION_NAME
ACMANAtex	N-acetyl-D-mannosamine transport via diffusion (extracellular to periplasm)	Transport		bigg.reaction ACMANAtex metanetx.reaction MNXR95277 sbo SBO:0000185 seed.reaction rxn08047	Carbohydrate metabolism	Carbohydrate metabolism	transported substrate: n-acetyl-d-mannosamine	TRANSPORT_SUBSTRATE_CURATED_RULE
ACOAD10f	Acyl CoA dehydrogenase  heptanoyl CoA	Internal metabolic		bigg.reaction ACOAD10f brenda 1.3.8.7;1.3.8.8 ec-code 1.3.8.7;1.3.8.8 gpr_status PROVISIONAL sbo SBO:0000176	Energy metabolism / respiration	Energy metabolism / respiration	reaction name: hydrogenase	HIERARCHICAL_REACTION_NAME
ACOAD11f	Acyl CoA dehydrogenase  nonanoyl CoA	Internal metabolic		bigg.reaction ACOAD11f brenda 1.3.8.7;1.3.8.8 ec-code 1.3.8.7;1.3.8.8 gpr_status PROVISIONAL sbo SBO:0000176	Energy metabolism / respiration	Energy metabolism / respiration	reaction name: hydrogenase	HIERARCHICAL_REACTION_NAME
ACOAD12f	Acyl CoA dehydrogenase  Phenyldecanoyl CoA	Internal metabolic		bigg.reaction ACOAD12f brenda 1.3.8.7;1.3.8.8;1.3.99.41 ec-code 1.3.8.7;1.3.8.8;1.3.99.41 gpr_status PROVISIONAL sbo SBO:0000176	Energy metabolism / respiration	Energy metabolism / respiration	reaction name: hydrogenase	HIERARCHICAL_REACTION_NAME
ACOAD13f	Acyl CoA dehydrogenase  Phenylnonanoyl CoA	Internal metabolic		bigg.reaction ACOAD13f brenda 1.3.8.7;1.3.8.8;1.3.99.41 ec-code 1.3.8.7;1.3.8.8;1.3.99.41 gpr_status PROVISIONAL sbo SBO:0000176	Energy metabolism / respiration	Energy metabolism / respiration	reaction name: hydrogenase	HIERARCHICAL_REACTION_NAME
ACOAD14f	Acyl CoA dehydrogenase  Phenyloctanoyl CoA	Internal metabolic		bigg.reaction ACOAD14f brenda 1.3.8.7;1.3.8.8;1.3.99.41 ec-code 1.3.8.7;1.3.8.8;1.3.99.41 gpr_status PROVISIONAL sbo SBO:0000176	Energy metabolism / respiration	Energy metabolism / respiration	reaction name: hydrogenase	HIERARCHICAL_REACTION_NAME
ACOAD15f	Acyl CoA dehydrogenase  Phenylheptanoyl CoA	Internal metabolic		bigg.reaction ACOAD15f brenda 1.3.8.7;1.3.8.8;1.3.99.41 ec-code 1.3.8.7;1.3.8.8;1.3.99.41 gpr_status PROVISIONAL sbo SBO:0000176	Energy metabolism / respiration	Energy metabolism / respiration	reaction name: hydrogenase	HIERARCHICAL_REACTION_NAME
ACOAD16f	Acyl CoA dehydrogenase  Phenylhexanoyl CoA	Internal metabolic		bigg.reaction ACOAD16f brenda 1.3.8.7;1.3.8.8;1.3.99.41 ec-code 1.3.8.7;1.3.8.8;1.3.99.41 gpr_status PROVISIONAL sbo SBO:0000176	Energy metabolism / respiration	Energy metabolism / respiration	reaction name: hydrogenase	HIERARCHICAL_REACTION_NAME
ACOAD17f	Acyl CoA dehydrogenase  Phenylpentanoyl CoA	Internal metabolic		bigg.reaction ACOAD17f brenda 1.3.8.7;1.3.8.8;1.3.99.41 ec-code 1.3.8.7;1.3.8.8;1.3.99.41 gpr_status PROVISIONAL sbo SBO:0000176	Energy metabolism / respiration	Energy metabolism / respiration	reaction name: hydrogenase	HIERARCHICAL_REACTION_NAME
ACOAD18f	Acyl CoA dehydrogenase  Phenylbutyryl CoA	Internal metabolic		bigg.reaction ACOAD18f brenda 1.3.8.7;1.3.8.8;1.3.99.41 ec-code 1.3.8.7;1.3.8.8;1.3.99.41 gpr_status PROVISIONAL sbo SBO:0000176	Energy metabolism / respiration	Energy metabolism / respiration	reaction name: hydrogenase	HIERARCHICAL_REACTION_NAME
ACOAD19f	Acyl CoA dehydrogenase  Phenylpropionyl CoA	Internal metabolic		bigg.reaction ACOAD19f brenda 1.3.8.7;1.3.8.8;1.3.99.41 ec-code 1.3.8.7;1.3.8.8;1.3.99.41 gpr_status PROVISIONAL sbo SBO:0000176	Energy metabolism / respiration	Energy metabolism / respiration	reaction name: hydrogenase	HIERARCHICAL_REACTION_NAME
ACOAD1f	Acyl-CoA dehydrogenase (butanoyl-CoA)	Internal metabolic		bigg.reaction ACOAD1f brenda 1.3.3.6;1.3.8.1;1.3.8.7;1.3.8.8;1.3.99.3 ec-code 1.3.3.6;1.3.8.1;1.3.8.7;1.3.99.-;1.3.99.3;1.3.8.8 kegg.reaction R01175 metanetx.reaction MNXR95302 reactome R-BTA-77319;R-CFA-77319;R-DME-77319;R-DRE-77319;R-GGA-77319;R-HSA-77319;R-MMU-77319;R-RNO-77319;R-SSC-77319;R-TGU-77319;R-XTR-77319 rhea 24004;24005;24006;24007;30731;30732;30733;30734 sbo SBO:0000176 seed.reaction rxn00872	Energy metabolism / respiration	Energy metabolism / respiration	reaction name: hydrogenase	HIERARCHICAL_REACTION_NAME
ACOAD2	Acyl-CoA dehydrogenase (hexanoyl-CoA)	Internal metabolic		bigg.reaction ACOAD2 brenda 1.3.1.44;1.3.8.7;1.3.8.8 ec-code 1.3.1.44;1.3.8.7;1.3.8.8 metanetx.reaction MNXR95308 sbo SBO:0000176	Energy metabolism / respiration	Energy metabolism / respiration	reaction name: hydrogenase	HIERARCHICAL_REACTION_NAME
ACOAD20f	Acyl CoA dehydrogenase  6 acetylthiohexanoyl CoA	Internal metabolic		bigg.reaction ACOAD20f brenda 1.3.8.7;1.3.8.8 ec-code 1.3.8.7;1.3.8.8 gpr_status PROVISIONAL sbo SBO:0000176	Energy metabolism / respiration	Energy metabolism / respiration	reaction name: hydrogenase	HIERARCHICAL_REACTION_NAME
ACOAD21f	Acyl CoA dehydrogenase  4 acetylthiobutanoyl CoA	Internal metabolic		bigg.reaction ACOAD21f brenda 1.3.8.7;1.3.8.8 ec-code 1.3.8.7;1.3.8.8 gpr_status PROVISIONAL sbo SBO:0000176	Energy metabolism / respiration	Energy metabolism / respiration	reaction name: hydrogenase	HIERARCHICAL_REACTION_NAME
ACOAD22f	Acyl CoA dehydrogenase  vaccenyl CoA	Internal metabolic		bigg.reaction ACOAD22f brenda 1.3.8.7;1.3.8.8 ec-code 1.3.8.7;1.3.8.8 gpr_status PROVISIONAL metanetx.reaction MNXR154242 sbo SBO:0000176	Energy metabolism / respiration	Energy metabolism / respiration	reaction name: hydrogenase	HIERARCHICAL_REACTION_NAME
ACOAD23f	Acyl CoA dehydrogenase  cis hexadec 9 enoyl CoA	Internal metabolic		bigg.reaction ACOAD23f brenda 1.3.8.7;1.3.8.8 ec-code 1.3.8.7;1.3.8.8 gpr_status PROVISIONAL metanetx.reaction MNXR154243 sbo SBO:0000176	Energy metabolism / respiration	Energy metabolism / respiration	reaction name: hydrogenase	HIERARCHICAL_REACTION_NAME
ACOAD24f	Acyl CoA dehydrogenase  cis tetradec 7 enoyl CoA	Internal metabolic		bigg.reaction ACOAD24f brenda 1.3.8.7;1.3.8.8 ec-code 1.3.8.7;1.3.8.8 gpr_status PROVISIONAL metanetx.reaction MNXR154244 sbo SBO:0000176	Energy metabolism / respiration	Energy metabolism / respiration	reaction name: hydrogenase	HIERARCHICAL_REACTION_NAME
ACOAD25f	Acyl CoA dehydrogenase  cis dodedec 5 enoyl CoA  C121d5	Internal metabolic		bigg.reaction ACOAD25f brenda 1.3.8.7;1.3.8.8 ec-code 1.3.8.7;1.3.8.8 gpr_status PROVISIONAL sbo SBO:0000176	Energy metabolism / respiration	Energy metabolism / respiration	reaction name: hydrogenase	HIERARCHICAL_REACTION_NAME
ACOAD26f	Acyl CoA dehydrogenase  acyl CoA dehydrogenase  oleicyl CoA   C181d9	Internal metabolic		bigg.reaction ACOAD26f brenda 1.3.8.7;1.3.8.8 ec-code 1.3.8.7;1.3.8.8 metanetx.reaction MNXR154246 sbo SBO:0000176	Energy metabolism / respiration	Energy metabolism / respiration	reaction name: hydrogenase	HIERARCHICAL_REACTION_NAME
ACOAD27f	Acyl CoA dehydrogenase  cis hexadec 7 enoyl CoA	Internal metabolic		bigg.reaction ACOAD27f brenda 1.3.8.7;1.3.8.8 ec-code 1.3.8.7;1.3.8.8 gpr_status PROVISIONAL metanetx.reaction MNXR154247 sbo SBO:0000176	Energy metabolism / respiration	Energy metabolism / respiration	reaction name: hydrogenase	HIERARCHICAL_REACTION_NAME
ACOAD28f	Acyl CoA dehydrogenase  cis tetradec 5 enoyl CoA	Internal metabolic		bigg.reaction ACOAD28f brenda 1.3.8.7;1.3.8.8 ec-code 1.3.8.7;1.3.8.8 gpr_status PROVISIONAL metanetx.reaction MNXR154248 sbo SBO:0000176	Energy metabolism / respiration	Energy metabolism / respiration	reaction name: hydrogenase	HIERARCHICAL_REACTION_NAME
ACOAD29f	Acyl CoA dehydrogenase  petroselenyl CoA	Internal metabolic		bigg.reaction ACOAD29f brenda 1.3.8.7;1.3.8.8 ec-code 1.3.8.7;1.3.8.8 gpr_status PROVISIONAL sbo SBO:0000176	Energy metabolism / respiration	Energy metabolism / respiration	reaction name: hydrogenase	HIERARCHICAL_REACTION_NAME
ACOAD2f	Acyl-CoA dehydrogenase (hexanoyl-CoA)	Internal metabolic		bigg.reaction ACOAD2f brenda 1.3.8.7;1.3.8.8;1.3.99.3;1.3.99.41 ec-code 1.3.99.3;1.3.8.7;1.3.8.8;1.3.99.41 metanetx.reaction MNXR95303 sbo SBO:0000176	Energy metabolism / respiration	Energy metabolism / respiration	reaction name: hydrogenase	HIERARCHICAL_REACTION_NAME
ACOAD3	Acyl-CoA dehydrogenase (octanoyl-CoA)	Internal metabolic		bigg.reaction ACOAD3 brenda 1.3.8.7;1.3.8.8;1.3.99.3 ec-code 1.3.99.3;1.3.8.7;1.3.8.8 metanetx.reaction MNXR95310 sbo SBO:0000176 seed.reaction rxn10011	Energy metabolism / respiration	Energy metabolism / respiration	reaction name: hydrogenase	HIERARCHICAL_REACTION_NAME
ACOAD30f	Acyl CoA dehydrogenase  cis hexadec 4 enoyl CoA	Internal metabolic		bigg.reaction ACOAD30f brenda 1.3.8.7;1.3.8.8 ec-code 1.3.8.7;1.3.8.8 gpr_status PROVISIONAL sbo SBO:0000176	Energy metabolism / respiration	Energy metabolism / respiration	reaction name: hydrogenase	HIERARCHICAL_REACTION_NAME
ACOAD31f	Acyl CoA dehydrogenase  linoleic coenzyme A	Internal metabolic		bigg.reaction ACOAD31f brenda 1.3.8.7;1.3.8.8 ec-code 1.3.8.7;1.3.8.8 sbo SBO:0000176	Energy metabolism / respiration	Energy metabolism / respiration	reaction name: hydrogenase	HIERARCHICAL_REACTION_NAME
ACOAD32f	Acyl CoA dehydrogenase  cis cis hexadec 7 10 dienoyl CoA	Internal metabolic		bigg.reaction ACOAD32f brenda 1.3.8.7;1.3.8.8 ec-code 1.3.8.7;1.3.8.8 gpr_status PROVISIONAL metanetx.reaction MNXR154252 sbo SBO:0000176	Energy metabolism / respiration	Energy metabolism / respiration	reaction name: hydrogenase	HIERARCHICAL_REACTION_NAME
ACOAD33f	Acyl CoA dehydrogenase  cis cis tetradec 5 8 dienoyl CoA	Internal metabolic		bigg.reaction ACOAD33f brenda 1.3.8.7;1.3.8.8 ec-code 1.3.8.7;1.3.8.8 gpr_status PROVISIONAL metanetx.reaction MNXR154253 sbo SBO:0000176	Energy metabolism / respiration	Energy metabolism / respiration	reaction name: hydrogenase	HIERARCHICAL_REACTION_NAME
ACOAD34f	Acyl CoA dehydrogenase  4 cis decenoyl CoA	Internal metabolic		bigg.reaction ACOAD34f brenda 1.3.8.7;1.3.8.8 ec-code 1.3.8.7;1.3.8.8 gpr_status PROVISIONAL sbo SBO:0000176	Energy metabolism / respiration	Energy metabolism / respiration	reaction name: hydrogenase	HIERARCHICAL_REACTION_NAME
ACOAD3f	Acyl-CoA dehydrogenase (octanoyl-CoA)	Internal metabolic		bigg.reaction ACOAD3f brenda 1.3.3.6;1.3.8.7;1.3.8.8;1.3.99.3;1.3.99.41 ec-code 1.3.3.6;1.3.8.7;1.3.8.8;1.3.99.-;1.3.99.3;1.3.99.41 kegg.reaction R03777 metanetx.reaction MNXR95304 reactome R-BTA-77338;R-CEL-77338;R-CFA-77338;R-DME-77338;R-DRE-77338;R-HSA-77338;R-MMU-77338;R-RNO-77338;R-SSC-77338;R-TGU-77338;R-XTR-77338 rhea 30943;30944;30945;30946;48180;48181;48182;48183 sbo SBO:0000176 seed.reaction rxn02679	Energy metabolism / respiration	Energy metabolism / respiration	reaction name: hydrogenase	HIERARCHICAL_REACTION_NAME
ACOAD4	Acyl-CoA dehydrogenase (decanoyl-CoA)	Internal metabolic		bigg.reaction ACOAD4 brenda 1.3.8.7;1.3.8.8;1.3.99.3 ec-code 1.3.99.3;1.3.8.7;1.3.8.8 metanetx.reaction MNXR95311 sbo SBO:0000176	Energy metabolism / respiration	Energy metabolism / respiration	reaction name: hydrogenase	HIERARCHICAL_REACTION_NAME
ACOAD4f	Acyl-CoA dehydrogenase (decanoyl-CoA)	Internal metabolic		bigg.reaction ACOAD4f brenda 1.3.8.7;1.3.8.8;1.3.99.3;1.3.99.41 ec-code 1.3.99.3;1.3.8.7;1.3.8.8;1.3.99.41 metanetx.reaction MNXR95298 sbo SBO:0000176	Energy metabolism / respiration	Energy metabolism / respiration	reaction name: hydrogenase	HIERARCHICAL_REACTION_NAME
ACOAD5	Acyl-CoA dehydrogenase (dodecanoyl-CoA)	Internal metabolic		bigg.reaction ACOAD5 brenda 1.3.8.7;1.3.8.8 ec-code 1.3.8.7;1.3.8.8 metanetx.reaction MNXR95313 rhea 45408;45409;45410;45411 sbo SBO:0000176 seed.reaction rxn10013	Energy metabolism / respiration	Energy metabolism / respiration	reaction name: hydrogenase	HIERARCHICAL_REACTION_NAME
ACOAD5f	Acyl-CoA dehydrogenase (dodecanoyl-CoA)	Internal metabolic		bigg.reaction ACOAD5f brenda 1.3.3.6;1.3.8.7;1.3.8.8;1.3.99.3;1.3.99.41 ec-code 1.3.3.6;1.3.8.7;1.3.8.8;1.3.99.-;1.3.99.3;1.3.99.41 kegg.reaction R03857 metanetx.reaction MNXR95299 reactome R-BTA-77263;R-CFA-77263;R-DRE-77263;R-GGA-77263;R-HSA-77263;R-MMU-77263;R-RNO-77263;R-SSC-77263;R-TGU-77263;R-XTR-77263 rhea 31039;31040;31041;31042;47296;47297;47298;47299 sbo SBO:0000176 seed.reaction rxn02720	Energy metabolism / respiration	Energy metabolism / respiration	reaction name: hydrogenase	HIERARCHICAL_REACTION_NAME
ACOAD6	Acyl-CoA dehydrogenase (tetradecanoyl-CoA)	Internal metabolic		bigg.reaction ACOAD6 brenda 1.3.8.7;1.3.8.8;1.3.99.3 ec-code 1.3.99.3;1.3.8.7;1.3.8.8 metanetx.reaction MNXR95315 sbo SBO:0000176 seed.reaction rxn10014	Energy metabolism / respiration	Energy metabolism / respiration	reaction name: hydrogenase	HIERARCHICAL_REACTION_NAME
ACOAD6f	Acyl-CoA dehydrogenase (tetradecanoyl-CoA)	Internal metabolic		bigg.reaction ACOAD6f brenda 1.3.3.6;1.3.8.7;1.3.8.8;1.3.8.9;1.3.99.3;1.3.99.41 ec-code 1.3.3.6;1.3.8.7;1.3.8.8;1.3.8.9;1.3.99.-;1.3.99.3;1.3.99.41 kegg.reaction R03990 metanetx.reaction MNXR95300 reactome R-BTA-77274;R-CFA-77274;R-DRE-77274;R-GGA-77274;R-HSA-77274;R-MMU-77274;R-RNO-77274;R-SSC-77274;R-TGU-77274;R-XTR-77274 rhea 28358;28359;28360;28361;47316;47317;47318;47319 sbo SBO:0000176 seed.reaction rxn02803	Energy metabolism / respiration	Energy metabolism / respiration	reaction name: hydrogenase	HIERARCHICAL_REACTION_NAME
ACOAD7	Acyl-CoA dehydrogenase (hexadecanoyl-CoA)	Internal metabolic		bigg.reaction ACOAD7 brenda 1.3.8.7;1.3.8.8 ec-code 1.3.8.7;1.3.8.8 metanetx.reaction MNXR95316 rhea 46072;46073;46074;46075 sbo SBO:0000176 seed.reaction rxn05732	Energy metabolism / respiration	Energy metabolism / respiration	reaction name: hydrogenase	HIERARCHICAL_REACTION_NAME
ACOAD7f	Acyl-CoA dehydrogenase (hexadecanoyl-CoA)	Internal metabolic		bigg.reaction ACOAD7f brenda 1.3.3.6;1.3.8.7;1.3.8.8;1.3.8.9;1.3.99.3;1.3.99.41 ec-code 1.3.3.6;1.3.8.7;1.3.8.8;1.3.8.9;1.3.99.-;1.3.99.3;1.3.99.41 kegg.reaction R01279 metanetx.reaction MNXR95301 rhea 30747;30748;30749;30750;43448;43449;43450;43451 sbo SBO:0000176 seed.reaction rxn00946	Energy metabolism / respiration	Energy metabolism / respiration	reaction name: hydrogenase	HIERARCHICAL_REACTION_NAME
ACOAD8f	Acyl-CoA dehydrogenase (octadecanoyl-CoA)	Internal metabolic		bigg.reaction ACOAD8f brenda 1.3.8.7;1.3.8.8;1.3.99.41 ec-code 1.3.8.7;1.3.8.8;1.3.99.41 metanetx.reaction MNXR95317 rhea 40843;40844;40845;40846;47240;47241;47242;47243 sbo SBO:0000176 seed.reaction rxn08053	Energy metabolism / respiration	Energy metabolism / respiration	reaction name: hydrogenase	HIERARCHICAL_REACTION_NAME
ACOADH1	2-oxoisovalerate dehydrogenase (acylating; 3-methyl-2-oxopentanoate)	Internal metabolic		bigg.reaction ACOADH1 ec-code 1.3.99.3 metanetx.reaction MNXR95306 reactome R-BTA-70800;R-CEL-70800;R-CFA-70800;R-DDI-70800;R-DME-70800;R-DRE-70800;R-GGA-70800;R-HSA-70800;R-MMU-70800;R-RNO-70800;R-SSC-70800;R-TGU-70800;R-XTR-70800 rhea 43780;43781;43782;43783 sbo SBO:0000176 seed.reaction rxn02270	Energy metabolism / respiration	Energy metabolism / respiration	reaction name: hydrogenase	HIERARCHICAL_REACTION_NAME
ACODA	Acetylornithine deacetylase	Internal metabolic		bigg.reaction ACODA biocyc META:ACETYLORNDEACET-RXN brenda 3.5.1.14;3.5.1.16 ec-code 3.5.1.14;3.5.1.16 kegg.reaction R00669 metanetx.reaction MNXR95377 rhea 15941;15942;15943;15944 sbo SBO:0000176 seed.reaction rxn00469;rxn27670;rxn30596	Amino acid metabolism	Amino acid metabolism	reaction name: ornithine	HIERARCHICAL_REACTION_NAME
ACONCt4pp	Citrate transport via sodium symport  periplasm	Transport		bigg.reaction ACONCt4pp gpr_status PROVISIONAL sbo SBO:0000185	Central carbon metabolism	Central carbon metabolism	transported substrate: aconitate	TRANSPORT_SUBSTRATE_CURATED_RULE
ACONCtex	Cisaconitat transport via diffusion extracellular to periplasm	Transport		bigg.reaction ACONCtex metanetx.reaction MNXR95381 sbo SBO:0000185 seed.reaction rxn12788	Central carbon metabolism	Central carbon metabolism	transported substrate: aconitate	TRANSPORT_SUBSTRATE_CURATED_RULE
ACONCtupp	Cisaconitate transport periplasm	Transport		bigg.reaction ACONCtupp gpr_status PROVISIONAL metanetx.reaction MNXR95381 sbo SBO:0000185 seed.reaction rxn12788	Central carbon metabolism	Central carbon metabolism	transported substrate: aconitate	TRANSPORT_SUBSTRATE_CURATED_RULE
ACONT	Aconitate hydratase	Internal metabolic		bigg.reaction ACONT brenda 4.2.1.3;4.2.1.99 ec-code 4.2.1.3;4.2.1.99 kegg.reaction R01324 metanetx.reaction MNXR95384 rhea 10336;10337;10338;10339 sbo SBO:0000176 seed.reaction rxn00973	Central carbon metabolism	Central carbon metabolism	metabolite context: citrate	HIERARCHICAL_METABOLITE_CONTEXT
ACONTa	Aconitase (half-reaction A, Citrate hydro-lyase)	Internal metabolic		bigg.reaction ACONTa biocyc META:ACONITATEDEHYDR-RXN brenda 4.2.1.3;4.2.1.99 ec-code 4.2.1.3;4.2.1.99 kegg.reaction R01325 metanetx.reaction MNXR95386 rhea 10228;10229;10230;10231 sbo SBO:0000176 seed.reaction rxn00974	Central carbon metabolism	Central carbon metabolism	reaction name: citrate	HIERARCHICAL_REACTION_NAME
ACONTb	Aconitase (half-reaction B, Isocitrate hydro-lyase)	Internal metabolic		bigg.reaction ACONTb brenda 4.2.1.3;4.2.1.99 ec-code 4.2.1.3;4.2.1.99 kegg.reaction R01900 metanetx.reaction MNXR95387 rhea 22144;22145;22146;22147 sbo SBO:0000176 seed.reaction rxn01388	Central carbon metabolism	Central carbon metabolism	reaction name: citrate	HIERARCHICAL_REACTION_NAME
ACOTA	Acetylornithine transaminase	Internal metabolic		bigg.reaction ACOTA;ACOAT_h;ACOTAim biocyc META:ACETYLORNTRANSAM-RXN brenda 2.6.1.11 ec-code 2.6.1.11 kegg.reaction R02283 metanetx.reaction MNXR95388 rhea 18049;18050;18051;18052 sbo SBO:0000176 seed.reaction rxn01637;rxn27671;rxn30089	Amino acid metabolism	Amino acid metabolism	reaction name: ornithine	HIERARCHICAL_REACTION_NAME
ACOXT	Acetyl-CoA:oxalate CoA-transferase	Internal metabolic		bigg.reaction ACOXT biocyc META:RXN0-7075 brenda 2.8.3.19 ec-code 2.8.3.19 kegg.reaction R10614 metanetx.reaction MNXR189251 rhea 37886;37883 sbo SBO:0000176 seed.reaction rxn40364	Central carbon metabolism	Central carbon metabolism	reaction name: acetyl-coa	HIERARCHICAL_REACTION_NAME
ACP1_FMN	Acid phosphatase (FMN)	Internal metabolic		bigg.reaction ACP1_FMN biocyc META:RXN0-5187 brenda 3.1.3.102;3.1.3.2;3.1.3.48 ec-code 3.1.3.102;3.1.3.2;3.1.3.48 gpr_status PROVISIONAL kegg.reaction R00548 metanetx.reaction MNXR95393 reactome R-ATH-196950;R-BTA-196950;R-CEL-196950;R-CFA-196950;R-DRE-196950;R-GGA-196950;R-HSA-196950;R-MMU-196950;R-OSA-196950;R-RNO-196950;R-SSC-196950;R-XTR-196950 rhea 35587;35588;35589;35590 sbo SBO:0000176 seed.reaction rxn00391	Cofactor and vitamin metabolism	Cofactor and vitamin metabolism	metabolite context: riboflavin	HIERARCHICAL_METABOLITE_CONTEXT
ACPPAT120	Acyl-(acyl carrier protein):phosphate acyltransferase (C12:0)	Internal metabolic		bigg.reaction ACPPAT120 brenda 2.3.1.274 ec-code 2.3.1.274 metanetx.reaction MNXR95395 sbo SBO:0000176	Lipid metabolism	Lipid metabolism	reaction name: acyl carrier	HIERARCHICAL_REACTION_NAME
ACPPAT141	Acyl-(acyl carrier protein):phosphate acyltransferase (C14:1)	Internal metabolic		bigg.reaction ACPPAT141 brenda 2.3.1.274 ec-code 2.3.1.274 metanetx.reaction MNXR95397 sbo SBO:0000176	Lipid metabolism	Lipid metabolism	reaction name: acyl carrier	HIERARCHICAL_REACTION_NAME
ACPPAT161	Acyl-(acyl carrier protein):phosphate acyltransferase (C16:1)	Internal metabolic		bigg.reaction ACPPAT161 brenda 2.3.1.274 ec-code 2.3.1.274 metanetx.reaction MNXR95399 sbo SBO:0000176	Lipid metabolism	Lipid metabolism	reaction name: acyl carrier	HIERARCHICAL_REACTION_NAME
ACS	Acetyl-CoA synthetase	Internal metabolic		bigg.reaction ACS biocyc META:ACETATE--COA-LIGASE-RXN brenda 6.2.1.1 ec-code 6.2.1.1 kegg.reaction R00235 metanetx.reaction MNXR95413 reactome R-ATH-71735;R-BTA-449911;R-BTA-71735;R-BTA-8875071;R-CEL-71735;R-CFA-449911;R-CFA-71735;R-CFA-8875071;R-DDI-449911;R-DDI-8875071;R-DME-71735;R-DME-8875071;R-DRE-449911;R-DRE-71735;R-DRE-8875071;R-GGA-449911;R-GGA-71735;R-GGA-8875071;R-HSA-449911;R-HSA-71735;R-HSA-8875071;R-MMU-449911;R-MMU-71735;R-MMU-8875071;R-OSA-71735;R-PFA-449911;R-RNO-449911;R-RNO-71735;R-RNO-8875071;R-SCE-449911;R-SCE-71735;R-SCE-8875071;R-SPO-449911;R-SSC-449911;R-SSC-71735;R-SSC-8875071;R-TGU-449911;R-TGU-71735;R-TGU-8875071;R-XTR-449911;R-XTR-71735;R-XTR-8875071 rhea 23176;23177;23178;23179 sbo SBO:0000176 seed.reaction rxn00175	Central carbon metabolism	Central carbon metabolism	reaction name: acetyl-coa	HIERARCHICAL_REACTION_NAME
ACS2	Acetyl-CoA synthase (propionate)	Internal metabolic		bigg.reaction ACS2 brenda 6.2.1.17 ec-code 6.2.1.17 metanetx.reaction MNXR95222 sbo SBO:0000176	Central carbon metabolism	Central carbon metabolism	reaction name: acetyl-coa	HIERARCHICAL_REACTION_NAME
ACSERHS	O3-Acetyl-L-serine acetate-lyase (adding hydrogen sulfide)	Internal metabolic		bigg.reaction ACSERHS brenda 2.5.1.47 ec-code 2.5.1.47 sbo SBO:0000176	Amino acid metabolism	Amino acid metabolism	reaction name: serine	HIERARCHICAL_REACTION_NAME
ACSERL	O3-Acetyl-L-serine acetate-lyase (adding hydrogen sulfide), cytosol	Internal metabolic		bigg.reaction ACSERL biocyc META:RXN-12726 brenda 2.5.1.47 ec-code 2.5.1.47 kegg.reaction R03601 metanetx.reaction MNXR95414 sbo SBO:0000176 seed.reaction rxn02571;rxn09886	Amino acid metabolism	Amino acid metabolism	reaction name: serine	HIERARCHICAL_REACTION_NAME
ACSERtex	O-Acetyl-L-serine transport via diffusion (extracellular to periplasm)	Transport		bigg.reaction ACSERtex biocyc META:RXN0-1923 metanetx.reaction MNXR95416 rhea 29659;29660;29661;29662 sbo SBO:0000185 seed.reaction rxn08059;rxn08060	Amino acid metabolism	Amino acid metabolism	transported substrate: serine	TRANSPORT_SUBSTRATE_CURATED_RULE
ACSERtpp	O-Acetyl-L-serine export via facilitated transport	Transport		bigg.reaction ACSERtpp biocyc META:RXN0-1923 gpr_status PROVISIONAL metanetx.reaction MNXR95416 rhea 29659;29660;29661;29662 sbo SBO:0000185 seed.reaction rxn08059;rxn08060	Amino acid metabolism	Amino acid metabolism	transported substrate: serine	TRANSPORT_SUBSTRATE_CURATED_RULE
ACSPHAC121d6	R 3 Hydroxyacid Acyl CoA Synthetase  C121d6	Internal metabolic		bigg.reaction ACSPHAC121d6 brenda 6.2.1.3 ec-code 6.2.1.3 gpr_status PROVISIONAL metanetx.reaction MNXR154385 sbo SBO:0000176	Cofactor and vitamin metabolism	Cofactor and vitamin metabolism	metabolite context: coenzyme	HIERARCHICAL_METABOLITE_CONTEXT
ACSPHAC141d5	R 3 Hydroxyacid Acyl CoA Synthetase  C141	Internal metabolic		bigg.reaction ACSPHAC141d5 brenda 6.2.1.3 ec-code 6.2.1.3 gpr_status PROVISIONAL metanetx.reaction MNXR154388 sbo SBO:0000176	Cofactor and vitamin metabolism	Cofactor and vitamin metabolism	metabolite context: coenzyme	HIERARCHICAL_METABOLITE_CONTEXT
ACSPHACT40	R 3 Hydroxyacid Acyl CoA Synthetase  Acetylthio C40	Internal metabolic		bigg.reaction ACSPHACT40 brenda 6.2.1.3 ec-code 6.2.1.3 gpr_status PROVISIONAL metanetx.reaction MNXR154404 sbo SBO:0000176	Cofactor and vitamin metabolism	Cofactor and vitamin metabolism	metabolite context: coenzyme	HIERARCHICAL_METABOLITE_CONTEXT
ACSPHACT60	R 3 Hydroxyacid Acyl CoA Synthetase  Acetylthio C60	Internal metabolic		bigg.reaction ACSPHACT60 brenda 6.2.1.3 ec-code 6.2.1.3 gpr_status PROVISIONAL metanetx.reaction MNXR154405 sbo SBO:0000176	Cofactor and vitamin metabolism	Cofactor and vitamin metabolism	metabolite context: coenzyme	HIERARCHICAL_METABOLITE_CONTEXT
ACTD	Acetoin dehydrogenase	Internal metabolic		bigg.reaction ACTD biocyc META:RXN-11036 brenda 1.1.1.303;1.1.99.21 ec-code 1.1.1.303;1.1.99.21 gpr_status PROVISIONAL kegg.reaction R02855;R02343 metanetx.reaction MNXR95419 rhea 22900;22901;22902;22903 sbo SBO:0000176 seed.reaction rxn15373	Energy metabolism / respiration	Energy metabolism / respiration	reaction name: hydrogenase	HIERARCHICAL_REACTION_NAME
ACTD2	Acetoin dehydrogenase	Internal metabolic		bigg.reaction ACTD2 metanetx.reaction MNXR95420 sbo SBO:0000176	Energy metabolism / respiration	Energy metabolism / respiration	reaction name: hydrogenase	HIERARCHICAL_REACTION_NAME
ACTD_1	ACTD_1	Internal metabolic		bigg.reaction ACTD_1;ACTD biocyc META:RXN-11036 brenda 1.1.1.303;1.1.1.36 ec-code 1.1.1.36;1.1.1.303 gpr_status PROVISIONAL kegg.reaction R02855;R02343 metanetx.reaction MNXR95419 rhea 22900 sbo SBO:0000176 seed.reaction rxn15373	Nucleotide metabolism	Nucleotide metabolism	metabolite context: nucleotide	HIERARCHICAL_METABOLITE_CONTEXT
ACTDa	Acetoin dehydrogenase	Internal metabolic		bigg.reaction ACTDa brenda 1.1.99.21 ec-code 1.1.99.21 gpr_status PROVISIONAL kegg.reaction R02856 metanetx.reaction MNXR95421 sbo SBO:0000176 seed.reaction rxn39370	Energy metabolism / respiration	Energy metabolism / respiration	reaction name: hydrogenase	HIERARCHICAL_REACTION_NAME
ACt2rpp	Acetate reversible transport via proton symport (periplasm)	Transport		bigg.reaction ACt2rpp biocyc META:TRANS-RXN0-571 gpr_status PROVISIONAL metanetx.reaction MNXR95429 sbo SBO:0000185 seed.reaction rxn05488;rxn08061	Central carbon metabolism	Central carbon metabolism	transported substrate: acetate	TRANSPORT_SUBSTRATE_CURATED_RULE
ACt4pp	Na+/Acetate symport (periplasm)	Transport		bigg.reaction ACt4pp metanetx.reaction MNXR95430 sbo SBO:0000185 seed.reaction rxn08062	Central carbon metabolism	Central carbon metabolism	transported substrate: acetate	TRANSPORT_SUBSTRATE_CURATED_RULE
ACtex	Acetate transport via diffusion (extracellular to periplasm)	Transport		bigg.reaction ACtex biocyc META:RXN0-1981;META:TRANS-RXN0-567 gpr_status PROVISIONAL metanetx.reaction MNXR95431 rhea 27814;27815;27816;27817 sbo SBO:0000185 seed.reaction rxn08063;rxn09787;rxn09866;rxn10904	Central carbon metabolism	Central carbon metabolism	transported substrate: acetate	TRANSPORT_SUBSTRATE_CURATED_RULE
ADA	Adenosine deaminase	Internal metabolic		bigg.reaction ADA biocyc META:ADENODEAMIN-RXN brenda 3.5.4.4 ec-code 3.5.4.4 kegg.reaction R01560 metanetx.reaction MNXR95432 reactome R-BTA-5693346;R-CFA-5693346;R-DDI-5693346;R-DME-5693346;R-DRE-5693346;R-GGA-5693346;R-HSA-5693346;R-SSC-5693346;R-TGU-5693346;R-XTR-5693346 rhea 24408;24409;24410;24411 sbo SBO:0000176 seed.reaction rxn01137	Nucleotide metabolism	Nucleotide metabolism	reaction name: adenosine	HIERARCHICAL_REACTION_NAME
ADCL	4-aminobenzoate synthase	Internal metabolic		bigg.reaction ADCL biocyc META:ADCLY-RXN brenda 4.1.3.38 ec-code 4.1.3.38 kegg.reaction R05553 metanetx.reaction MNXR95436 rhea 16201;16202;16203;16204 sbo SBO:0000176 seed.reaction rxn03841;rxn19071	Central carbon metabolism	Central carbon metabolism	metabolite context: pyruvate	HIERARCHICAL_METABOLITE_CONTEXT
ADCPS1	Adenosylcobinamide-phosphate synthase	Internal metabolic		bigg.reaction ADCPS1 biocyc META:6.3.1.10-RXN brenda 6.3.1.10 ec-code 6.3.1.10 kegg.reaction R07302 metanetx.reaction MNXR95438 sbo SBO:0000176 seed.reaction rxn05054	Inorganic ion metabolism	Inorganic ion metabolism	reaction name: phosphate	HIERARCHICAL_REACTION_NAME
ADCPS2	Adenosylcobinamide-phosphate synthase	Internal metabolic		bigg.reaction ADCPS2 biocyc META:RXN-6261 brenda 6.3.1.10 ec-code 6.3.1.10 kegg.reaction R06529 metanetx.reaction MNXR95439 rhea 21896;21897;21898;21899 sbo SBO:0000176 seed.reaction rxn04384	Inorganic ion metabolism	Inorganic ion metabolism	reaction name: phosphate	HIERARCHICAL_REACTION_NAME
ADCS	4-amino-4-deoxychorismate synthase	Internal metabolic		bigg.reaction ADCS biocyc META:PABASYN-RXN brenda 2.6.1.85;4.1.3.27 ec-code 2.6.1.85;4.1.3.27 kegg.reaction R01716 metanetx.reaction MNXR95440 rhea 11672;11673;11674;11675 sbo SBO:0000176 seed.reaction rxn01257;rxn20498;rxn20499;rxn33973	Amino acid metabolism	Amino acid metabolism	reaction name: chorismate	HIERARCHICAL_REACTION_NAME
ADD	Adenine deaminase	Internal metabolic		bigg.reaction ADD biocyc META:ADENINE-DEAMINASE-RXN brenda 3.5.4.2 ec-code 3.5.4.2 kegg.reaction R01244 metanetx.reaction MNXR95443 rhea 23688;23689;23690;23691 sbo SBO:0000176 seed.reaction rxn00926	Nucleotide metabolism	Nucleotide metabolism	metabolite context: xanthine	HIERARCHICAL_METABOLITE_CONTEXT
ADEt2rpp	Adenine transport via proton symport (reversible) (periplasm)	Transport		bigg.reaction ADEt2rpp biocyc META:TRANS-RXN-198;META:TRANS-RXN0-447 gpr_status PROVISIONAL metanetx.reaction MNXR95446 rhea 28719;28720;28721;28722 sbo SBO:0000185 seed.reaction rxn05491;rxn08064	Nucleotide metabolism	Nucleotide metabolism	transported substrate: adenine	TRANSPORT_SUBSTRATE_CURATED_RULE
ADEtex	Adenine transport via diffusion (extracellular to periplasm)	Transport		bigg.reaction ADEtex biocyc META:TRANS-RXN0-577 metanetx.reaction MNXR95445 sbo SBO:0000185 seed.reaction rxn08065;rxn09786;rxn10918	Nucleotide metabolism	Nucleotide metabolism	transported substrate: adenine	TRANSPORT_SUBSTRATE_CURATED_RULE
ADK1	Adenylate kinase	Internal metabolic		bigg.reaction ADK1;ADK1g;ADK1m;ATAMh biocyc META:ADENYL-KIN-RXN brenda 2.7.4.3 ec-code 2.7.4.3 kegg.reaction R00127 metanetx.reaction MNXR95450 reactome R-ATH-110144;R-ATH-110145;R-BTA-110144;R-BTA-110145;R-CEL-110144;R-CEL-110145;R-CFA-110144;R-CFA-110145;R-DDI-110144;R-DDI-110145;R-DME-110144;R-DME-110145;R-DRE-110144;R-DRE-110145;R-GGA-110144;R-GGA-110145;R-HSA-110144;R-HSA-110145;R-MMU-110144;R-MMU-110145;R-OSA-110144;R-OSA-110145;R-PFA-110144;R-PFA-110145;R-RNO-110144;R-RNO-110145;R-SCE-110144;R-SCE-110145;R-SPO-110144;R-SPO-110145;R-SSC-110144;R-SSC-110145;R-TGU-110144;R-TGU-110145;R-XTR-110144;R-XTR-110145 rhea 12973;12974;12975;12976 sbo SBO:0000176 seed.reaction rxn00097	Nucleotide metabolism	Nucleotide metabolism	reaction name: adenylate	HIERARCHICAL_REACTION_NAME
ADK3	Adentylate kinase (GTP)	Internal metabolic		bigg.reaction ADK3 biocyc META:RXN-14074 brenda 2.7.4.10;2.7.4.3;2.7.4.4 ec-code 2.7.4.10;2.7.4.4;2.7.4.3 gpr_status PROVISIONAL metanetx.reaction MNXR95452 reactome R-BTA-1008248;R-CEL-1008248;R-CFA-1008248;R-DDI-1008248;R-DME-1008248;R-DRE-1008248;R-GGA-1008248;R-HSA-1008248;R-MMU-1008248;R-RNO-1008248;R-SCE-1008248;R-SSC-1008248;R-TGU-1008248;R-XTR-1008248 rhea 29863;29864;29865;29866 sbo SBO:0000176 seed.reaction rxn08066	Nucleotide metabolism	Nucleotide metabolism	curated reaction-ID mapping	CURATED_ID_OVERRIDE
ADK4	Adentylate kinase (ITP)	Internal metabolic		bigg.reaction ADK4 brenda 2.7.4.3 ec-code 2.7.4.3 gpr_status PROVISIONAL metanetx.reaction MNXR95453 rhea 29867;29868;29869;29870 sbo SBO:0000176 seed.reaction rxn08067	Nucleotide metabolism	Nucleotide metabolism	curated reaction-ID mapping	CURATED_ID_OVERRIDE
ADKd	Adenylate kinase (d form)	Internal metabolic		bigg.reaction ADKd brenda 2.7.4.3 ec-code 2.7.4.3 metanetx.reaction MNXR95454 rhea 78311 sbo SBO:0000176 seed.reaction rxn10427	Nucleotide metabolism	Nucleotide metabolism	reaction name: adenylate	HIERARCHICAL_REACTION_NAME
ADMDC	Adenosylmethionine decarboxylase	Internal metabolic		bigg.reaction ADMDC biocyc META:SAMDECARB-RXN brenda 4.1.1.50 ec-code 4.1.1.50 kegg.reaction R00178 metanetx.reaction MNXR95455 rhea 15981;15982;15983;15984 sbo SBO:0000176 seed.reaction rxn00127	Amino acid metabolism	Amino acid metabolism	reaction name: methionine	HIERARCHICAL_REACTION_NAME
ADNCYC	Adenylate cyclase	Internal metabolic		bigg.reaction ADNCYC;ADECn biocyc META:ADENYLATECYC-RXN brenda 4.6.1.1 ec-code 4.6.1.1 gpr_status PROVISIONAL kegg.reaction R00089 metanetx.reaction MNXR95444 reactome R-BTA-111930;R-BTA-164377;R-BTA-170676;R-BTA-381607;R-BTA-5610727;R-CEL-111930;R-CEL-164377;R-CEL-170676;R-CFA-111930;R-CFA-164377;R-CFA-170676;R-CFA-381607;R-CFA-421879;R-CFA-5610727;R-DDI-111930;R-DDI-164377;R-DDI-170676;R-DDI-381607;R-DDI-5610727;R-DME-111930;R-DME-164377;R-DME-170676;R-DME-381607;R-DME-5610727;R-DRE-111930;R-DRE-164377;R-DRE-170676;R-DRE-381607;R-DRE-5610727;R-GGA-111930;R-GGA-164377;R-GGA-170676;R-GGA-381607;R-GGA-5610727;R-HSA-111930;R-HSA-164377;R-HSA-170676;R-HSA-381607;R-HSA-392129;R-HSA-5211224;R-HSA-5610727;R-MMU-111930;R-MMU-164377;R-MMU-170676;R-MMU-381607;R-MMU-5610727;R-RNO-111930;R-RNO-164377;R-RNO-170676;R-RNO-381607;R-RNO-5610727;R-SSC-111930;R-SSC-164377;R-SSC-170676;R-SSC-381607;R-SSC-5610727;R-TGU-111930;R-TGU-164377;R-TGU-170676;R-TGU-381607;R-TGU-5610727;R-XTR-111930;R-XTR-164377;R-XTR-170676;R-XTR-381607;R-XTR-5610727 rhea 15389;15390;15391;15392 sbo SBO:0000176 seed.reaction rxn00065	Nucleotide metabolism	Nucleotide metabolism	database annotation: adenylate	HIERARCHICAL_DATABASE_ANNOTATION
ADNK1	Adenosine kinase	Internal metabolic		bigg.reaction ADNK1 biocyc META:ADENOSINE-KINASE-RXN brenda 2.7.1.20;2.7.1.74;2.7.4.3 ec-code 2.7.1.20;2.7.1.74;2.7.4.3 gpr_status PROVISIONAL kegg.reaction R00185 metanetx.reaction MNXR95456 rhea 20824;20825;20826;20827 sbo SBO:0000176 seed.reaction rxn00134	Nucleotide metabolism	Nucleotide metabolism	curated reaction-ID mapping	CURATED_ID_OVERRIDE
ADNt2	Adenosine transport in via proton symport	Transport		bigg.reaction ADNt2 biocyc META:TRANS-RXN-108A;META:TRANS-RXN-203 gpr_status PROVISIONAL metanetx.reaction MNXR95461 rhea 29987;29988;29989;29990 sbo SBO:0000185 seed.reaction rxn05318;rxn08068	Nucleotide metabolism	Nucleotide metabolism	reaction name: adenosine	TRANSPORT_SUBSTRATE_REACTION_NAME
ADNtex	Adenosine transport via diffusion (extracellular to periplasm)	Transport		bigg.reaction ADNtex metanetx.reaction MNXR95460 sbo SBO:0000185 seed.reaction rxn08069;rxn11000	Nucleotide metabolism	Nucleotide metabolism	reaction name: adenosine	TRANSPORT_SUBSTRATE_REACTION_NAME
ADOCBIAH	MNXR85327	Internal metabolic		bigg.reaction ADOCBIAH biocyc META:R346-RXN ec-code 3.5.1.90 kegg.reaction R05226 metanetx.reaction MNXR95464 sbo SBO:0000176 seed.reaction rxn03541	Cofactor and vitamin metabolism	Cofactor and vitamin metabolism	curated reaction-ID mapping	CURATED_ID_OVERRIDE
ADOCBIK	Adenosyl cobinamide kinase	Internal metabolic		bigg.reaction ADOCBIK biocyc META:COBINAMIDEKIN-RXN brenda 2.7.1.156;2.7.7.62 ec-code 2.7.1.156;2.7.7.62 kegg.reaction R05221 metanetx.reaction MNXR95465 sbo SBO:0000176 seed.reaction rxn03536	Inorganic ion metabolism	Inorganic ion metabolism	metabolite context: phosphate	HIERARCHICAL_METABOLITE_CONTEXT
ADPRDP	ADPribose diphosphatase	Internal metabolic		bigg.reaction ADPRDP brenda 3.6.1.13 ec-code 3.6.1.13 metanetx.reaction MNXR95480 sbo SBO:0000176	Carbohydrate metabolism	Carbohydrate metabolism	reaction name: ribose	HIERARCHICAL_REACTION_NAME
ADPT	Adenine phosphoribosyltransferase	Internal metabolic		bigg.reaction ADPT biocyc META:ADENPRIBOSYLTRAN-RXN brenda 2.4.2.7;2.4.2.8 ec-code 2.4.2.7;2.4.2.8 kegg.reaction R00190 metanetx.reaction MNXR95482 reactome R-ATH-74213;R-BTA-74213;R-CEL-74213;R-CFA-74213;R-DDI-74213;R-DME-74213;R-DRE-74213;R-GGA-74213;R-HSA-74213;R-MMU-74213;R-OSA-74213;R-RNO-74213;R-SCE-74213;R-SPO-74213;R-SSC-74213;R-TGU-74213;R-XTR-74213 rhea 16609;16610;16611;16612 sbo SBO:0000176 seed.reaction rxn00139	Nucleotide metabolism	Nucleotide metabolism	reaction name: phosphoribosyl	HIERARCHICAL_REACTION_NAME
ADSELK	Adenylyl-selenate kinase	Internal metabolic		bigg.reaction ADSELK brenda 2.7.1.25;2.7.7.4 ec-code 2.7.1.25;2.7.7.4 gpr_status PROVISIONAL metanetx.reaction MNXR95491 sbo SBO:0000176	Inorganic ion metabolism	Inorganic ion metabolism	reaction name: selen	HIERARCHICAL_REACTION_NAME
ADSELR	Phosphoadenylyl selenate reductase  thioredoxin	Internal metabolic		bigg.reaction ADSELR gpr_status PROVISIONAL metanetx.reaction MNXR154426 sbo SBO:0000176	Energy metabolism / respiration	Energy metabolism / respiration	reaction name: thioredoxin	HIERARCHICAL_REACTION_NAME
ADSK	Adenylyl-sulfate kinase	Internal metabolic		bigg.reaction ADSK biocyc META:ADENYLYLSULFKIN-RXN brenda 2.7.1.25;2.7.7.4 ec-code 2.7.1.25;2.7.7.4 gpr_status PROVISIONAL kegg.reaction R00509 metanetx.reaction MNXR95159 reactome R-ATH-174389;R-BTA-174389;R-CEL-174389;R-CFA-174389;R-DME-174389;R-DRE-174389;R-GGA-174389;R-HSA-174389;R-MMU-174389;R-OSA-174389;R-RNO-174389;R-SCE-174389;R-SPO-174389;R-SSC-174389;R-TGU-174389;R-XTR-174389 rhea 24152;24153;24154;24155 sbo SBO:0000176 seed.reaction rxn00361	Sulfur metabolism	Sulfur metabolism	reaction name: sulfate	HIERARCHICAL_REACTION_NAME
ADSL1r	Adenylsuccinate lyase	Internal metabolic		bigg.reaction ADSL1r biocyc META:AMPSYN-RXN brenda 4.3.2.2 ec-code 4.3.2.2 kegg.reaction R01083 metanetx.reaction MNXR95493 reactome R-ATH-73828;R-BTA-73828;R-CEL-73828;R-DDI-73828;R-DME-73828;R-DRE-73828;R-GGA-421197;R-GGA-73828;R-HSA-73828;R-MMU-73828;R-OSA-73828;R-PFA-73828;R-RNO-73828;R-SCE-73828;R-SPO-73828;R-SSC-73828;R-TGU-73828;R-XTR-73828 rhea 16853;16854;16855;16856 sbo SBO:0000176 seed.reaction rxn00800	Central carbon metabolism	Central carbon metabolism	reaction name: succinate	HIERARCHICAL_REACTION_NAME
ADSL2r	Adenylosuccinate lyase	Internal metabolic		bigg.reaction ADSL2r biocyc META:AICARSYN-RXN brenda 4.3.2.2 ec-code 4.3.2.2 kegg.reaction R04559 metanetx.reaction MNXR108966 reactome R-ATH-73800;R-BTA-73800;R-CEL-73800;R-DDI-73800;R-DME-73800;R-DRE-73800;R-GGA-419255;R-GGA-73800;R-HSA-73800;R-MMU-73800;R-OSA-73800;R-PFA-73800;R-RNO-73800;R-SCE-73800;R-SPO-73800;R-SSC-73800;R-TGU-73800;R-XTR-73800 rhea 23920;23921;23922;23923 sbo SBO:0000176	Central carbon metabolism	Central carbon metabolism	reaction name: succinate	HIERARCHICAL_REACTION_NAME
ADSS	Adenylosuccinate synthase	Internal metabolic		bigg.reaction ADSS biocyc META:ADENYLOSUCCINATE-SYNTHASE-RXN brenda 6.3.4.4 ec-code 6.3.4.4 kegg.reaction R01135 metanetx.reaction MNXR95495 reactome R-ATH-111524;R-BTA-111524;R-CEL-111524;R-CFA-111524;R-DDI-111524;R-DME-111524;R-DRE-111524;R-GGA-111524;R-GGA-421201;R-HSA-111524;R-MMU-111519;R-MMU-111524;R-OSA-111524;R-PFA-111524;R-RNO-111524;R-SCE-111524;R-SPO-111524;R-SSC-111524;R-TGU-111524;R-XTR-111524 rhea 15753;15754;15755;15756 sbo SBO:0000176 seed.reaction rxn00838	Central carbon metabolism	Central carbon metabolism	database annotation: succinate	HIERARCHICAL_DATABASE_ANNOTATION
AEPTA	2 aminoethylphosphonate pyruvate transaminase	Internal metabolic		bigg.reaction AEPTA brenda 2.6.1.37 ec-code 2.6.1.37 sbo SBO:0000176	Central carbon metabolism	Central carbon metabolism	reaction name: pyruvate	HIERARCHICAL_REACTION_NAME
AEPtex	AEP transport via diffusion extracellular to periplasm	Transport		bigg.reaction AEPtex metanetx.reaction MNXR95499 sbo SBO:0000185	Other curated	Other curated	transport chemistry present but substrate class is outside the controlled categories	TRANSPORT_OTHER_CURATED
AGDC	N-acetylglucosamine-6-phosphate deacetylase	Internal metabolic		bigg.reaction AGDC biocyc META:NAG6PDEACET-RXN brenda 3.5.1.25 ec-code 3.5.1.25;3.4.19.- gpr_status PROVISIONAL kegg.reaction R02059 metanetx.reaction MNXR95528 rhea 22936;22937;22938;22939 sbo SBO:0000176 seed.reaction rxn01484	Inorganic ion metabolism	Inorganic ion metabolism	reaction name: phosphate	HIERARCHICAL_REACTION_NAME
AGM3PA	N-Acetyl-D-glucosamine(anhydrous)N-Acetylmuramyl-tripeptide amidase	Internal metabolic		bigg.reaction AGM3PA metanetx.reaction MNXR95543 sbo SBO:0000176 seed.reaction rxn08073	Amino acid metabolism	Amino acid metabolism	metabolite context: alanine	HIERARCHICAL_METABOLITE_CONTEXT
AGM3PApp	N-Acetyl-D-glucosamine(anhydrous)N-Acetylmuramyl-tripeptide amidase (periplasm)	Internal metabolic		bigg.reaction AGM3PApp brenda 3.5.1.28 ec-code 3.5.1.28 gpr_status PROVISIONAL metanetx.reaction MNXR95543 sbo SBO:0000176 seed.reaction rxn08073	Amino acid metabolism	Amino acid metabolism	metabolite context: alanine	HIERARCHICAL_METABOLITE_CONTEXT
AGM3PH	N-Acetyl-D-glucosamine(anhydrous)N-Acetylmuramyl-tripeptide beta -1,4-N-acetylglucosaminidase	Internal metabolic		bigg.reaction AGM3PH brenda 3.2.1.52 ec-code 3.2.1.52 gpr_status PROVISIONAL metanetx.reaction MNXR95544 sbo SBO:0000176 seed.reaction rxn08074	Cell envelope / membrane biosynthesis	Cell envelope / membrane biosynthesis	curated reaction-ID mapping	CURATED_ID_OVERRIDE
AGM3Pt2pp	GlcNAc-anhMurNAc tripeptide transport in via proton symport (periplasm)	Transport		bigg.reaction AGM3Pt2pp gpr_status PROVISIONAL metanetx.reaction MNXR95545 sbo SBO:0000185 seed.reaction rxn08075	Carbohydrate metabolism	Carbohydrate metabolism	transported substrate: n-acetyl-d-glucosamine	TRANSPORT_SUBSTRATE_CURATED_RULE
AGM4PA	N-Acetyl-D-glucosamine(anhydrous)N-Acetylmuramyl-tetrapeptide amidase	Internal metabolic		bigg.reaction AGM4PA metanetx.reaction MNXR95546 sbo SBO:0000176 seed.reaction rxn08076	Amino acid metabolism	Amino acid metabolism	metabolite context: alanine	HIERARCHICAL_METABOLITE_CONTEXT
AGM4PApp	N-Acetyl-D-glucosamine(anhydrous)N-Acetylmuramyl-tetrapeptide amidase (periplasm)	Internal metabolic		bigg.reaction AGM4PApp brenda 3.5.1.28 ec-code 3.5.1.28 gpr_status PROVISIONAL metanetx.reaction MNXR95546 sbo SBO:0000176 seed.reaction rxn08076	Amino acid metabolism	Amino acid metabolism	metabolite context: alanine	HIERARCHICAL_METABOLITE_CONTEXT
AGM4PCPpp	N-Acetyl-D-glucosamine(anhydrous)N-Acetylmuramyl-tetrapeptide L,D-carboxypeptidase (periplasmic)	Internal metabolic		bigg.reaction AGM4PCPpp metanetx.reaction MNXR95547 sbo SBO:0000176 seed.reaction rxn08077	Amino acid metabolism	Amino acid metabolism	metabolite context: alanine	HIERARCHICAL_METABOLITE_CONTEXT
AGM4PH	N-Acetyl-D-glucosamine(anhydrous)N-Acetylmuramyl-tetrapeptide beta -1,4-N-acetylglucosaminidase	Internal metabolic		bigg.reaction AGM4PH brenda 3.2.1.52 ec-code 3.2.1.52 gpr_status PROVISIONAL metanetx.reaction MNXR95548 sbo SBO:0000176 seed.reaction rxn08078	Cell envelope / membrane biosynthesis	Cell envelope / membrane biosynthesis	curated reaction-ID mapping	CURATED_ID_OVERRIDE
AGM4Pt2pp	GlcNAc-anhMurNAc tetrapeptide transport in via proton symport (periplasm)	Transport		bigg.reaction AGM4Pt2pp gpr_status PROVISIONAL metanetx.reaction MNXR95549 sbo SBO:0000185 seed.reaction rxn08079	Carbohydrate metabolism	Carbohydrate metabolism	transported substrate: n-acetyl-d-glucosamine	TRANSPORT_SUBSTRATE_CURATED_RULE
AGMDA	Agmatine deaminase	Internal metabolic		bigg.reaction AGMDA;AGDI_1 biocyc META:AGMATINE-DEIMINASE-RXN brenda 3.5.3.12 ec-code 3.5.3.12 kegg.reaction R01416 metanetx.reaction MNXR95529 rhea 18037;18038;18039;18040 sbo SBO:0000176 seed.reaction rxn01029;rxn27690;rxn30602;rxn35369;rxn35370	Nitrogen metabolism	Nitrogen metabolism	metabolite context: ammonium	HIERARCHICAL_METABOLITE_CONTEXT
AGMH	N-Acetyl-D-glucosamine(anhydrous)N-Acetylmuramyl beta -1,4-N-acetylglucosaminidase	Internal metabolic		bigg.reaction AGMH brenda 3.2.1.52 ec-code 3.2.1.52 gpr_status PROVISIONAL metanetx.reaction MNXR95550 sbo SBO:0000176 seed.reaction rxn08080	Cell envelope / membrane biosynthesis	Cell envelope / membrane biosynthesis	curated reaction-ID mapping	CURATED_ID_OVERRIDE
AGMt2pp	GlcNAc-anhMurNAc transport in via proton symport (periplasm)	Transport		bigg.reaction AGMt2pp gpr_status PROVISIONAL metanetx.reaction MNXR95555 sbo SBO:0000185 seed.reaction rxn08081	Carbohydrate metabolism	Carbohydrate metabolism	transported substrate: n-acetyl-d-glucosamine	TRANSPORT_SUBSTRATE_CURATED_RULE
AGMtex	Agmatine transport via diffusion (extracellular to periplasm)	Transport		bigg.reaction AGMtex metanetx.reaction MNXR95556 sbo SBO:0000185 seed.reaction rxn08082	Amino acid metabolism	Amino acid metabolism	transported substrate: agmatine	TRANSPORT_SUBSTRATE_CURATED_RULE
AGPAT120	1-tetradecanoyl-sn-glycerol 3-phosphate O-acyltransferase (n-C12:0)	Internal metabolic		bigg.reaction AGPAT120 brenda 2.3.1.51 ec-code 2.3.1.51 metanetx.reaction MNXR95558 sbo SBO:0000176	Inorganic ion metabolism	Inorganic ion metabolism	reaction name: phosphate	HIERARCHICAL_REACTION_NAME
AGPAT141	1-tetradec-7-enoyl-sn-glycerol 3-phosphate O-acyltransferase (n-C14:1)	Internal metabolic		bigg.reaction AGPAT141 brenda 2.3.1.51 ec-code 2.3.1.51 metanetx.reaction MNXR95560 sbo SBO:0000176	Inorganic ion metabolism	Inorganic ion metabolism	reaction name: phosphate	HIERARCHICAL_REACTION_NAME
AGPAT161	1-hexadec-7-enoyl-sn-glycerol 3-phosphate O-acyltransferase (n-C16:1)	Internal metabolic		bigg.reaction AGPAT161;AGPATACP_HDE_HDE_h brenda 2.3.1.51 ec-code 2.3.1.51 metanetx.reaction MNXR95564 sbo SBO:0000176	Inorganic ion metabolism	Inorganic ion metabolism	reaction name: phosphate	HIERARCHICAL_REACTION_NAME
AGPOP	DGTP:pyruvate 2-O-phosphotransferase, cytosol	Internal metabolic		bigg.reaction AGPOP biocyc META:RXN-14207 brenda 2.7.1.40 ec-code 2.7.1.40 kegg.reaction R01858 metanetx.reaction MNXR95613 rhea 30791;30792;30793;30794 sbo SBO:0000176 seed.reaction rxn01354;rxn32775;rxn35430	Central carbon metabolism	Central carbon metabolism	reaction name: pyruvate	HIERARCHICAL_REACTION_NAME
AGPR	N-acetyl-g-glutamyl-phosphate reductase	Internal metabolic		bigg.reaction AGPR;AGPR_h;AGPRim biocyc META:N-ACETYLGLUTPREDUCT-RXN brenda 1.2.1.38 ec-code 1.2.1.38 kegg.reaction R03443 metanetx.reaction MNXR95530 rhea 21588;21589;21590;21591 sbo SBO:0000176 seed.reaction rxn02465;rxn28002;rxn30339	Inorganic ion metabolism	Inorganic ion metabolism	reaction name: phosphate	HIERARCHICAL_REACTION_NAME
AHCYSNS	S-adenosylhomocysteine nucleosidase	Internal metabolic		bigg.reaction AHCYSNS biocyc META:ADENOSYLHOMOCYSTEINE-NUCLEOSIDASE-RXN brenda 3.2.2.9 ec-code 3.2.2.9 kegg.reaction R00194 metanetx.reaction MNXR95625 rhea 17805;17806;17807;17808 sbo SBO:0000176 seed.reaction rxn00143	Amino acid metabolism	Amino acid metabolism	database annotation: cysteine	HIERARCHICAL_DATABASE_ANNOTATION
AHMMPS_1	4 amino 5 hydroxymethyl 2 methylpyrimidine synthetase	Internal metabolic		bigg.reaction AHMMPS_1 brenda 2.7.1.180 ec-code 2.7.1.180 gpr_status PROVISIONAL metanetx.reaction MNXR95633 sbo SBO:0000176	Nucleotide metabolism	Nucleotide metabolism	reaction name: pyrimidine	HIERARCHICAL_REACTION_NAME
AHSERL2	O acetylhomoserine  thiol  lyase	Internal metabolic		bigg.reaction AHSERL2 biocyc META:ACETYLHOMOSER-CYS-RXN brenda 2.5.1.49 ec-code 2.5.1.49;2.5.1.- kegg.reaction R01287 metanetx.reaction MNXR95631 rhea 27822;27823;27824;27825 sbo SBO:0000176 seed.reaction rxn00952	Amino acid metabolism	Amino acid metabolism	reaction name: serine	HIERARCHICAL_REACTION_NAME
AHSERL4	Cysteine synthase  Thiosulfate	Internal metabolic		bigg.reaction AHSERL4 brenda 2.5.1.47;2.5.1.49;4.2.99.8 ec-code 2.5.1.47;2.5.1.49;4.2.99.8 kegg.reaction R04859 metanetx.reaction MNXR95636 sbo SBO:0000176 seed.reaction rxn05733	Amino acid metabolism	Amino acid metabolism	reaction name: cysteine	HIERARCHICAL_REACTION_NAME
AI2tex	Ai2 transport, outer membrane	Transport		bigg.reaction AI2tex sbo SBO:0000185	Other curated	Other curated	transport chemistry present but substrate class is outside the controlled categories	TRANSPORT_OTHER_CURATED
AI2tpp	Quorum signal AI-2 exporter	Transport		bigg.reaction AI2tpp gpr_status PROVISIONAL sbo SBO:0000185	Other curated	Other curated	transport chemistry present but substrate class is outside the controlled categories	TRANSPORT_OTHER_CURATED
AICART	Phosphoribosylaminoimidazolecarboxamide formyltransferase	Internal metabolic		bigg.reaction AICART brenda 2.1.2.3;3.5.4.10 ec-code 2.1.2.3;3.5.4.10 kegg.reaction R04560 metanetx.reaction MNXR95639 reactome R-ATH-73798;R-BTA-73798;R-CFA-73798;R-DDI-73798;R-DME-73798;R-DRE-73798;R-GGA-419254;R-GGA-73798;R-HSA-73798;R-MMU-73798;R-OSA-73798;R-RNO-73798;R-SCE-73798;R-SPO-73798;R-SSC-73798;R-TGU-73798;R-XTR-73798 rhea 22192;22193;22194;22195 sbo SBO:0000176	Nucleotide metabolism	Nucleotide metabolism	reaction name: phosphoribosyl	HIERARCHICAL_REACTION_NAME
AIRC1	Phosphoribosylaminoimidazole carboxylase  ATP dependent	Internal metabolic		bigg.reaction AIRC1 brenda 5.4.99.18;6.3.4.18 ec-code 5.4.99.18;6.3.4.18 gpr_status PROVISIONAL metanetx.reaction MNXR95643 sbo SBO:0000176	Nucleotide metabolism	Nucleotide metabolism	reaction name: phosphoribosyl	HIERARCHICAL_REACTION_NAME
AIRC2	Phosphoribosylaminoimidazole carboxylase	Internal metabolic		bigg.reaction AIRC2 brenda 6.3.4.18 ec-code 6.3.4.18 metanetx.reaction MNXR95644 rhea 19317;19318;19319;19320 sbo SBO:0000176	Nucleotide metabolism	Nucleotide metabolism	reaction name: phosphoribosyl	HIERARCHICAL_REACTION_NAME
AIRC3	Phosphoribosylaminoimidazole carboxylase (mutase rxn)	Internal metabolic		bigg.reaction AIRC3 biocyc META:RXN0-743 brenda 5.4.99.18 ec-code 5.4.99.18 kegg.reaction R07405 metanetx.reaction MNXR95645 rhea 13193;13194;13195;13196 sbo SBO:0000176 seed.reaction rxn05115	Nucleotide metabolism	Nucleotide metabolism	curated reaction-ID mapping	CURATED_ID_OVERRIDE
AKGDH	2-Oxogluterate dehydrogenase	Internal metabolic		bigg.reaction AKGDH biocyc META:2OXOGLUTARATEDEH-RXN brenda 1.2.1.52;1.2.4.2;1.8.1.4;2.3.1.61 ec-code 1.2.1.52;1.2.4.2;1.8.1.4;2.3.1.61 kegg.reaction R08549 metanetx.reaction MNXR95655 reactome R-ATH-71401;R-BTA-71401;R-CEL-71401;R-CFA-71401;R-DDI-71401;R-DME-71401;R-DRE-71401;R-GGA-373042;R-GGA-71401;R-HSA-71401;R-MMU-71401;R-OSA-71401;R-PFA-71401;R-RNO-71401;R-SCE-71401;R-SPO-71401;R-SSC-71401;R-TGU-71401;R-XTR-71401 rhea 27786;27787;27788;27789 sbo SBO:0000176 seed.reaction rxn08094	Energy metabolism / respiration	Energy metabolism / respiration	reaction name: hydrogenase	HIERARCHICAL_REACTION_NAME
AKGDa	Oxoglutarate dehydrogenase (lipoamide)	Internal metabolic		bigg.reaction AKGDa brenda 1.2.4.2 ec-code 1.2.4.2 metanetx.reaction MNXR95657 sbo SBO:0000176 seed.reaction rxn01243	Energy metabolism / respiration	Energy metabolism / respiration	reaction name: hydrogenase	HIERARCHICAL_REACTION_NAME
AKGDb	Oxoglutarate dehydrogenase (dihydrolipoamide S-succinyltransferase)	Internal metabolic		bigg.reaction AKGDb brenda 2.3.1.61 ec-code 2.3.1.61 metanetx.reaction MNXR95656 sbo SBO:0000176 seed.reaction rxn01872	Energy metabolism / respiration	Energy metabolism / respiration	reaction name: hydrogenase	HIERARCHICAL_REACTION_NAME
AKGt2r	2 oxoglutarate reversible transport via symport	Transport		bigg.reaction AKGt2r biocyc META:TRANS-RXN-23 metanetx.reaction MNXR95661 rhea 29011;29012;29013;29014 sbo SBO:0000185 seed.reaction rxn05493;rxn08095;rxn09827	Central carbon metabolism	Central carbon metabolism	transported substrate: 2 oxoglutarate	TRANSPORT_SUBSTRATE_CURATED_RULE
ALAALAD	D-alanine-D-alanine dipeptidase	Internal metabolic		bigg.reaction ALAALAD biocyc META:3.4.13.22-RXN brenda 3.4.13.22 ec-code 3.4.13.22 kegg.reaction R07651 metanetx.reaction MNXR95675 rhea 20661;20662;20663;20664 sbo SBO:0000176 seed.reaction rxn07466	Amino acid metabolism	Amino acid metabolism	reaction name: alanine	HIERARCHICAL_REACTION_NAME
ALAALAabcpp	D-alanyl-D-alanine (DalaDala) transport via ABC system (periplasm)	Transport		bigg.reaction ALAALAabcpp gpr_status PROVISIONAL metanetx.reaction MNXR95677 sbo SBO:0000185 seed.reaction rxn08098	Amino acid metabolism	Amino acid metabolism	transported substrate: alanine	TRANSPORT_SUBSTRATE_CURATED_RULE
ALAALAr	D-alanine-D-alanine ligase (reversible)	Internal metabolic		bigg.reaction ALAALAr biocyc META:DALADALALIG-RXN brenda 6.3.2.4 ec-code 6.3.2.4 kegg.reaction R01150 metanetx.reaction MNXR95678 rhea 11224;11225;11226;11227 sbo SBO:0000176 seed.reaction rxn00851;rxn13802	Amino acid metabolism	Amino acid metabolism	reaction name: alanine	HIERARCHICAL_REACTION_NAME
ALAALAtex	D-alanyl-D-alanine (DalaDala) transport via diffusion (extracellular to periplasm)	Transport		bigg.reaction ALAALAtex metanetx.reaction MNXR95679 sbo SBO:0000185 seed.reaction rxn08099	Amino acid metabolism	Amino acid metabolism	transported substrate: alanine	TRANSPORT_SUBSTRATE_CURATED_RULE
ALAD_L	L-alanine dehydrogenase	Internal metabolic		bigg.reaction ALAD_L biocyc META:ALANINE-DEHYDROGENASE-RXN brenda 1.4.1.1 ec-code 1.4.1.1 kegg.reaction R00396 metanetx.reaction MNXR95687 rhea 18405;18406;18407;18408 sbo SBO:0000176 seed.reaction rxn00278	Energy metabolism / respiration	Energy metabolism / respiration	database annotation: hydrogenase	HIERARCHICAL_DATABASE_ANNOTATION
ALAGLUabcpp	L Alaninylglutamate  LalaLglu  transport via ABC system  periplasm	Transport		bigg.reaction ALAGLUabcpp sbo SBO:0000185	Amino acid metabolism	Amino acid metabolism	transported substrate: alanine	TRANSPORT_SUBSTRATE_CURATED_RULE
ALAHISabcpp	L Alaninylhistidine  Ala His  transport via ABC system  periplasm	Transport		bigg.reaction ALAHISabcpp sbo SBO:0000185	Amino acid metabolism	Amino acid metabolism	transported substrate: histidine	TRANSPORT_SUBSTRATE_CURATED_RULE
ALAHIStex	L Alaninylhistidine transport via diffusion  extracellular to periplasm	Transport		bigg.reaction ALAHIStex sbo SBO:0000185	Amino acid metabolism	Amino acid metabolism	transported substrate: histidine	TRANSPORT_SUBSTRATE_CURATED_RULE
ALALEUabcpp	L Alaninylleucine  Ala Leu  transport via ABC system  periplasm	Transport		bigg.reaction ALALEUabcpp sbo SBO:0000185	Amino acid metabolism	Amino acid metabolism	transported substrate: leucine	TRANSPORT_SUBSTRATE_CURATED_RULE
ALALEUtex	L Alaninylleucine transport via diffusion  extracellular to periplasm	Transport		bigg.reaction ALALEUtex sbo SBO:0000185	Amino acid metabolism	Amino acid metabolism	transported substrate: leucine	TRANSPORT_SUBSTRATE_CURATED_RULE
ALAR	Alanine racemase	Internal metabolic		bigg.reaction ALAR biocyc META:ALARACECAT-RXN brenda 5.1.1.1 ec-code 5.1.1.1 kegg.reaction R00401 metanetx.reaction MNXR95693 rhea 20249;20250;20251;20252 sbo SBO:0000176 seed.reaction rxn00283;rxn19085;rxn38030	Amino acid metabolism	Amino acid metabolism	reaction name: alanine	HIERARCHICAL_REACTION_NAME
ALATA_D	D-alanine transaminase	Internal metabolic		bigg.reaction ALATA_D biocyc META:D-ALANINE-AMINOTRANSFERASE-RXN brenda 2.6.1.21 ec-code 2.6.1.21 kegg.reaction R01148 metanetx.reaction MNXR95696 rhea 15869;15870;15871;15872 sbo SBO:0000176 seed.reaction rxn00849;rxn27773;rxn27774	Amino acid metabolism	Amino acid metabolism	database annotation: alanine	HIERARCHICAL_DATABASE_ANNOTATION
ALATA_D2	D-alanine transaminase	Internal metabolic		bigg.reaction ALATA_D2 biocyc META:RXN0-5240 brenda 2.1.2.1 ec-code 2.1.2.1 gpr_status PROVISIONAL kegg.reaction R01147 metanetx.reaction MNXR95697 rhea 28562;28563;28564;28565 sbo SBO:0000176 seed.reaction rxn00848;rxn28681;rxn33135	Amino acid metabolism	Amino acid metabolism	reaction name: alanine	HIERARCHICAL_REACTION_NAME
ALATA_L	L-alanine transaminase	Internal metabolic		bigg.reaction ALATA_L;ALATA_Lm biocyc META:ALANINE-AMINOTRANSFERASE-RXN;META:RXN-13698 brenda 2.6.1.2 ec-code 2.6.1.2 kegg.reaction R00258 metanetx.reaction MNXR95698 reactome R-ATH-507749;R-ATH-507775;R-ATH-70523;R-ATH-70524;R-BTA-507749;R-BTA-507775;R-BTA-70523;R-BTA-70524;R-CEL-507749;R-CEL-507775;R-CEL-70523;R-CEL-70524;R-CFA-507749;R-CFA-507775;R-CFA-70523;R-CFA-70524;R-DDI-507749;R-DDI-507775;R-DDI-70523;R-DDI-70524;R-DME-507749;R-DME-507775;R-DME-70523;R-DME-70524;R-DRE-507749;R-DRE-507775;R-DRE-70523;R-DRE-70524;R-GGA-507749;R-GGA-507775;R-HSA-507749;R-HSA-507775;R-HSA-70523;R-HSA-70524;R-MMU-507749;R-MMU-507775;R-MMU-70523;R-MMU-70524;R-OSA-507749;R-OSA-507775;R-OSA-70523;R-OSA-70524;R-RNO-507749;R-RNO-507775;R-RNO-70523;R-RNO-70524;R-SCE-507749;R-SCE-507775;R-SCE-70523;R-SCE-70524;R-SPO-507749;R-SPO-507775;R-SPO-70523;R-SPO-70524;R-SSC-507749;R-SSC-507775;R-SSC-70523;R-SSC-70524;R-TGU-507749;R-TGU-507775;R-XTR-507749;R-XTR-507775;R-XTR-70523;R-XTR-70524 rhea 19453;19454;19455;19456 sbo SBO:0000176 seed.reaction rxn00191;rxn27697;rxn27698;rxn31211;rxn38028;rxn38029	Amino acid metabolism	Amino acid metabolism	database annotation: alanine	HIERARCHICAL_DATABASE_ANNOTATION
ALATA_L2	Alanine transaminase	Internal metabolic		bigg.reaction ALATA_L2 brenda 2.1.2.1 ec-code 2.1.2.1 gpr_status PROVISIONAL metanetx.reaction MNXR95699 rhea 30023;30024;30025;30026 sbo SBO:0000176 seed.reaction rxn08103	Amino acid metabolism	Amino acid metabolism	reaction name: alanine	HIERARCHICAL_REACTION_NAME
ALATHRabcpp	L Alaninylthreonine  Ala thr  transport via ABC system  periplasm	Transport		bigg.reaction ALATHRabcpp sbo SBO:0000185	Amino acid metabolism	Amino acid metabolism	transported substrate: threonine	TRANSPORT_SUBSTRATE_CURATED_RULE
ALATHRtex	L Alaninylthreonine transport via diffusion  extracellular to periplasm	Transport		bigg.reaction ALATHRtex sbo SBO:0000185	Amino acid metabolism	Amino acid metabolism	transported substrate: threonine	TRANSPORT_SUBSTRATE_CURATED_RULE
ALATRPabcpp	L Alaninyltryptophan  Ala Trp  transport via ABC system  periplasm	Transport		bigg.reaction ALATRPabcpp sbo SBO:0000185	Amino acid metabolism	Amino acid metabolism	transported substrate: tryptophan	TRANSPORT_SUBSTRATE_CURATED_RULE
ALATRPtex	L Alaninyltryptophan transport via diffusion  extracellular to periplasm	Transport		bigg.reaction ALATRPtex sbo SBO:0000185	Amino acid metabolism	Amino acid metabolism	transported substrate: tryptophan	TRANSPORT_SUBSTRATE_CURATED_RULE
ALAabc	L-alanine transport via ABC system	Transport		bigg.reaction ALAabc metanetx.reaction MNXR95703 sbo SBO:0000185 seed.reaction rxn08097;rxn10170	Amino acid metabolism	Amino acid metabolism	transported substrate: alanine	TRANSPORT_SUBSTRATE_CURATED_RULE
ALAabcpp	L-alanine transport via ABC system (periplasm)	Transport		bigg.reaction ALAabcpp metanetx.reaction MNXR95703 sbo SBO:0000185 seed.reaction rxn08097;rxn10170	Amino acid metabolism	Amino acid metabolism	transported substrate: alanine	TRANSPORT_SUBSTRATE_CURATED_RULE
ALAt2r	L alanine reversible transport via proton symport	Transport		bigg.reaction ALAt2r biocyc META:RXN0-5202 metanetx.reaction MNXR95704 rhea 29443;29444;29445;29446 sbo SBO:0000185 seed.reaction rxn05496;rxn08101	Amino acid metabolism	Amino acid metabolism	transported substrate: alanine	TRANSPORT_SUBSTRATE_CURATED_RULE
ALAt4	Alanine-Sodium symporter	Transport		bigg.reaction ALAt4 biocyc META:TRANS-RXN-125 metanetx.reaction MNXR95692 rhea 29283;29284;29285;29286 sbo SBO:0000185 seed.reaction rxn05215;rxn08102	Amino acid metabolism	Amino acid metabolism	transported substrate: alanine	TRANSPORT_SUBSTRATE_CURATED_RULE
ALAt4pp	L-alanine transport in via sodium symport (periplasm)	Transport		bigg.reaction ALAt4pp biocyc META:TRANS-RXN-125 metanetx.reaction MNXR95692 rhea 29283;29284;29285;29286 sbo SBO:0000185 seed.reaction rxn05215;rxn08102	Amino acid metabolism	Amino acid metabolism	transported substrate: alanine	TRANSPORT_SUBSTRATE_CURATED_RULE
ALAtex	L-alanine transport via diffusion (extracellular to periplasm)	Transport		bigg.reaction ALAtex metanetx.reaction MNXR95706 sbo SBO:0000185 seed.reaction rxn08104;rxn10921;rxn13221	Amino acid metabolism	Amino acid metabolism	transported substrate: alanine	TRANSPORT_SUBSTRATE_CURATED_RULE
ALCD1	Alcohol dehydrogenase (methanol)	Internal metabolic		bigg.reaction ALCD1 biocyc META:METHANOL-DEHYDROGENASE-RXN brenda 1.1.1.244 ec-code 1.1.1.244 gpr_status PROVISIONAL kegg.reaction R00605 metanetx.reaction MNXR95708 rhea 19401;19402;19403;19404 sbo SBO:0000176 seed.reaction rxn00430;rxn38171	Energy metabolism / respiration	Energy metabolism / respiration	database annotation: hydrogenase	HIERARCHICAL_DATABASE_ANNOTATION
ALCD19	Alcohol dehydrogenase (glycerol)	Internal metabolic		bigg.reaction ALCD19;ALCD19c brenda 1.1.1.1;1.1.1.21;1.1.1.284;1.1.1.72 ec-code 1.1.1.21;1.1.1.72;1.1.1.1;1.1.1.284 kegg.reaction R01036 metanetx.reaction MNXR95709 rhea 30027;30028;30029;30030 sbo SBO:0000176 seed.reaction rxn00763;rxn37672	Energy metabolism / respiration	Energy metabolism / respiration	reaction name: hydrogenase	HIERARCHICAL_REACTION_NAME
ALCD19y	Alcohol dehydrogenase  glycerol  NADP	Internal metabolic		bigg.reaction ALCD19y;r0246 biocyc META:GLYCEROL-DEHYDROGENASE-NADP+-RXN brenda 1.1.1.2;1.1.1.21;1.1.1.372;1.1.1.72 ec-code 1.1.1.2;1.1.1.21;1.1.1.372;1.1.1.72 kegg.reaction R01041 metanetx.reaction MNXR95711 rhea 23592;23593;23594;23595 sbo SBO:0000176 seed.reaction rxn00765;rxn37671	Energy metabolism / respiration	Energy metabolism / respiration	database annotation: hydrogenase	HIERARCHICAL_DATABASE_ANNOTATION
ALCD22_L	Alcohol dehydrogenase (L-lactaldehyde)	Internal metabolic		bigg.reaction ALCD22_L brenda 1.1.1.21;1.1.1.6;1.1.1.78 ec-code 1.1.1.21;1.1.1.6;1.1.1.78 kegg.reaction R02531;R10715 metanetx.reaction MNXR95715 sbo SBO:0000176 seed.reaction rxn01835	Energy metabolism / respiration	Energy metabolism / respiration	reaction name: hydrogenase	HIERARCHICAL_REACTION_NAME
ALCD2ir	Alcohol dehydrogenase  reverse rxn  acetaldehyde   ethanol	Internal metabolic		bigg.reaction ALCD2ir;ALCD2irm;ALCD2x biocyc META:ALCOHOL-DEHYDROG-RXN brenda 1.1.1.1;1.1.1.284;1.1.1.71 ec-code 1.1.1.1;1.1.1.71;1.1.1.284 gpr_status PROVISIONAL kegg.reaction R00754 metanetx.reaction MNXR95725 reactome R-ATH-71707;R-BTA-71707;R-CEL-71707;R-CFA-71707;R-DDI-71707;R-DME-71707;R-DRE-71707;R-GGA-71707;R-HSA-71707;R-MMU-71707;R-OSA-71707;R-RNO-71707;R-SCE-71707;R-SPO-71707;R-SSC-71707;R-TGU-71707;R-XTR-71707 rhea 25290;25291;25292;25293 sbo SBO:0000176 seed.reaction rxn00543;rxn27700;rxn30083;rxn38033;rxn38034	Energy metabolism / respiration	Energy metabolism / respiration	reaction name: hydrogenase	HIERARCHICAL_REACTION_NAME
ALCD2x	Alcohol dehydrogenase (ethanol)	Internal metabolic		bigg.reaction ALCD2x;ALCD2ir;ALCD2irm biocyc META:ALCOHOL-DEHYDROG-RXN brenda 1.1.1.1;1.1.1.284;1.1.1.71 ec-code 1.1.1.1;1.1.1.71;1.1.1.284 kegg.reaction R00754 metanetx.reaction MNXR95725 reactome R-ATH-71707;R-BTA-71707;R-CEL-71707;R-CFA-71707;R-DDI-71707;R-DME-71707;R-DRE-71707;R-GGA-71707;R-HSA-71707;R-MMU-71707;R-OSA-71707;R-RNO-71707;R-SCE-71707;R-SPO-71707;R-SSC-71707;R-TGU-71707;R-XTR-71707 rhea 25290;25291;25292;25293 sbo SBO:0000176 seed.reaction rxn00543;rxn27700;rxn30083;rxn38033;rxn38034	Energy metabolism / respiration	Energy metabolism / respiration	reaction name: hydrogenase	HIERARCHICAL_REACTION_NAME
ALCD2y	Alcohol dehydrogenase (ethanol, NADP)	Internal metabolic		bigg.reaction ALCD2y;ALCDH_nadp_hi biocyc META:RXN-12484 brenda 1.1.1.1;1.1.1.184;1.1.1.2;1.1.1.21;1.1.1.71 ec-code 1.1.1.1;1.1.1.184;1.1.1.2;1.1.1.21;1.1.1.71 gpr_status PROVISIONAL kegg.reaction R00746 metanetx.reaction MNXR95726 sbo SBO:0000176 seed.reaction rxn00536;rxn34194	Cofactor and vitamin metabolism	Cofactor and vitamin metabolism	database annotation: nad	HIERARCHICAL_DATABASE_ANNOTATION
ALCD3ir	Alcohol dehydrogenase Propanal	Internal metabolic		bigg.reaction ALCD3ir biocyc META:RXN-13198 brenda 1.1.1.1;1.1.1.2;1.1.1.202;1.1.1.21;1.1.1.51 ec-code 1.1.1.1;1.1.1.2;1.1.1.202;1.1.1.21;1.1.1.51 kegg.reaction R02377 metanetx.reaction MNXR95727 rhea 50707;50704 sbo SBO:0000176 seed.reaction rxn01710	Energy metabolism / respiration	Energy metabolism / respiration	reaction name: hydrogenase	HIERARCHICAL_REACTION_NAME
ALCD4	Alcohol dehydrogenase (butanol)	Internal metabolic		bigg.reaction ALCD4 biocyc META:RXN-161 ec-code 1.1.1.- gpr_status PROVISIONAL kegg.reaction R03544 metanetx.reaction MNXR95728 rhea 33199;33200;33201;33202 sbo SBO:0000176 seed.reaction rxn02527	Energy metabolism / respiration	Energy metabolism / respiration	reaction name: hydrogenase	HIERARCHICAL_REACTION_NAME
ALCDpp	Alcohol dehydrogenase  forward rxn  ethanol   acetaldehyde	Internal metabolic		bigg.reaction ALCDpp;ALCDkt gpr_status PROVISIONAL metanetx.reaction MNXR95731 sbo SBO:0000176 seed.reaction rxn03517	Energy metabolism / respiration	Energy metabolism / respiration	reaction name: hydrogenase	HIERARCHICAL_REACTION_NAME
ALDD1	Aldehyde dehydrogenase  formaldehyde  NAD	Internal metabolic		bigg.reaction ALDD1 biocyc META:FORMALDEHYDE-DEHYDROGENASE-RXN brenda 1.2.1.3;1.2.1.46 ec-code 1.2.1.46;1.2.1.3 kegg.reaction R00604 metanetx.reaction MNXR95732 rhea 16425;16426;16427;16428 sbo SBO:0000176 seed.reaction rxn00429;rxn33269;rxn33270;rxn33272	Energy metabolism / respiration	Energy metabolism / respiration	database annotation: hydrogenase	HIERARCHICAL_DATABASE_ANNOTATION
ALDD19xr	Aldehyde dehydrogenase (phenylacetaldehyde, NAD)	Internal metabolic		bigg.reaction ALDD19xr biocyc META:PHENDEHYD-RXN brenda 1.2.1.3;1.2.1.39;1.2.1.5 ec-code 1.2.1.39;1.2.1.5;1.2.1.3 kegg.reaction R02536 metanetx.reaction MNXR95743 rhea 21392;21393;21394;21395 sbo SBO:0000176 seed.reaction rxn01840	Energy metabolism / respiration	Energy metabolism / respiration	reaction name: hydrogenase	HIERARCHICAL_REACTION_NAME
ALDD20x	Aldehyde dehydrogenase (indole-3-acetaldehyde, NAD)	Internal metabolic		bigg.reaction ALDD20x;ALDD20xm biocyc META:RXN-10715 brenda 1.2.1.3 ec-code 1.2.1.3 kegg.reaction R02678 metanetx.reaction MNXR95744 rhea 30867;30868;30869;30870 sbo SBO:0000176 seed.reaction rxn01937;rxn30344;rxn31901	Energy metabolism / respiration	Energy metabolism / respiration	reaction name: hydrogenase	HIERARCHICAL_REACTION_NAME
ALDD2x	Aldehyde dehydrogenase (acetaldehyde, NAD)	Internal metabolic		bigg.reaction ALDD2x;ALDD2xm biocyc META:RXN66-3 brenda 1.2.1.3;1.2.1.5 ec-code 1.2.1.3;1.2.1.5 kegg.reaction R00710 metanetx.reaction MNXR95749 reactome R-ATH-71691;R-ATH-71723;R-BTA-5696091;R-BTA-71691;R-BTA-71723;R-CEL-71691;R-CEL-71723;R-CFA-5696091;R-CFA-71691;R-CFA-71723;R-DME-71723;R-DRE-71723;R-GGA-71691;R-GGA-71723;R-HSA-5696091;R-HSA-71691;R-HSA-71723;R-MMU-5696091;R-MMU-71691;R-MMU-71723;R-OSA-71691;R-OSA-71723;R-RNO-5696091;R-RNO-71691;R-RNO-71723;R-SCE-71691;R-SCE-71723;R-SSC-5696091;R-SSC-71691;R-SSC-71723;R-TGU-71691;R-TGU-71723;R-XTR-5696091;R-XTR-71691;R-XTR-71723 rhea 25294;25295;25296;25297 sbo SBO:0000176 seed.reaction rxn00506;rxn19123;rxn31362	Energy metabolism / respiration	Energy metabolism / respiration	reaction name: hydrogenase	HIERARCHICAL_REACTION_NAME
ALDD2y	Aldehyde dehydrogenase (acetaldehyde, NADP)	Internal metabolic		bigg.reaction ALDD2y;ALDD2ym biocyc META:RXN0-3962 brenda 1.2.1.4;1.2.1.5 ec-code 1.2.1.-;1.2.1.4;1.2.1.5 kegg.reaction R00711 metanetx.reaction MNXR95750 rhea 25298;25299;25300;25301 sbo SBO:0000176 seed.reaction rxn00507;rxn30086;rxn31363	Energy metabolism / respiration	Energy metabolism / respiration	reaction name: hydrogenase	HIERARCHICAL_REACTION_NAME
ALDD3	Aldehyde dehydrogenase  propanal  NAD	Internal metabolic		bigg.reaction ALDD3 brenda 1.2.1.3 ec-code 1.2.1.3 gpr_status PROVISIONAL metanetx.reaction MNXR95751 sbo SBO:0000176	Energy metabolism / respiration	Energy metabolism / respiration	reaction name: hydrogenase	HIERARCHICAL_REACTION_NAME
ALDD31	Aminoacetaldehyde oxidation	Internal metabolic		bigg.reaction ALDD31 metanetx.reaction MNXR95752 rhea 81191 sbo SBO:0000176 seed.reaction rxn05735	Amino acid metabolism	Amino acid metabolism	metabolite context: glycine	HIERARCHICAL_METABOLITE_CONTEXT
ALDD31_1	Aldehyde dehydrogenase  aminoacetaldehyde  NAD	Internal metabolic		bigg.reaction ALDD31_1 brenda 1.2.1.3 ec-code 1.2.1.3 gpr_status PROVISIONAL metanetx.reaction MNXR95752 rhea 81191 sbo SBO:0000176 seed.reaction rxn05735	Energy metabolism / respiration	Energy metabolism / respiration	reaction name: hydrogenase	HIERARCHICAL_REACTION_NAME
ALDD3y	Aldehyde dehydrogenase (propanal, NADP)	Internal metabolic		bigg.reaction ALDD3y metanetx.reaction MNXR95754 sbo SBO:0000176	Energy metabolism / respiration	Energy metabolism / respiration	reaction name: hydrogenase	HIERARCHICAL_REACTION_NAME
ALDD4	Aldehyde dehydrogenase (butanal, NAD)	Internal metabolic		bigg.reaction ALDD4 brenda 1.2.1.3 ec-code 1.2.1.3 gpr_status PROVISIONAL metanetx.reaction MNXR95755 sbo SBO:0000176	Energy metabolism / respiration	Energy metabolism / respiration	reaction name: hydrogenase	HIERARCHICAL_REACTION_NAME
ALKP	Alkaline phosphatase	Internal metabolic		bigg.reaction ALKP;r0242 biocyc META:RXN0-7249 brenda 3.1.3.1;3.1.3.2 ec-code 3.1.3.-;3.1.3.1;3.1.3.2 kegg.reaction R01010 metanetx.reaction MNXR95764 rhea 51728;51729;51730;51731 sbo SBO:0000176 seed.reaction rxn00743	Inorganic ion metabolism	Inorganic ion metabolism	metabolite context: phosphate	HIERARCHICAL_METABOLITE_CONTEXT
ALLTAMH	Allantoate amidohydrolase	Internal metabolic		bigg.reaction ALLTAMH brenda 3.5.3.9 ec-code 3.5.3.9 metanetx.reaction MNXR95768 rhea 32279;32280;32281;32282 sbo SBO:0000176 seed.reaction rxn08114	Nitrogen metabolism	Nitrogen metabolism	metabolite context: ammonium	HIERARCHICAL_METABOLITE_CONTEXT
ALLTN	Allantoinase	Internal metabolic		bigg.reaction ALLTN brenda 3.5.2.5 ec-code 3.5.2.5;3.4.19.- gpr_status PROVISIONAL kegg.reaction R02424 metanetx.reaction MNXR95769 rhea 30819;30820;30821;30822 sbo SBO:0000176 seed.reaction rxn01748;rxn30607;rxn35435	Nucleotide metabolism	Nucleotide metabolism	reaction name: allantoin	HIERARCHICAL_REACTION_NAME
ALLTNt2r	Allantoin transport in via proton symport	Transport		bigg.reaction ALLTNt2r gpr_status PROVISIONAL metanetx.reaction MNXR95770 sbo SBO:0000185 seed.reaction rxn05682;rxn08116	Nucleotide metabolism	Nucleotide metabolism	reaction name: allantoin	TRANSPORT_SUBSTRATE_REACTION_NAME
ALLTNt2rpp	Allantoin transport in via proton symport (periplasm)	Transport		bigg.reaction ALLTNt2rpp metanetx.reaction MNXR95770 sbo SBO:0000185 seed.reaction rxn05682;rxn08116	Nucleotide metabolism	Nucleotide metabolism	reaction name: allantoin	TRANSPORT_SUBSTRATE_REACTION_NAME
ALLTNtex	Allantoin transport via diffusion (extracellular to periplasm)	Transport		bigg.reaction ALLTNtex biocyc META:TRANS-RXN0-557 metanetx.reaction MNXR95771 sbo SBO:0000185 seed.reaction rxn08117;rxn09698	Nucleotide metabolism	Nucleotide metabolism	reaction name: allantoin	TRANSPORT_SUBSTRATE_REACTION_NAME
ALPHNH	Allophanate hydrolase	Internal metabolic		bigg.reaction ALPHNH;ALPHm biocyc META:ALLOPHANATE-HYDROLASE-RXN brenda 3.5.1.54 ec-code 3.5.1.54 gpr_status PROVISIONAL kegg.reaction R00005 metanetx.reaction MNXR95786 rhea 19029;19030;19031;19032 sbo SBO:0000176 seed.reaction rxn00002;rxn30346;rxn35525	Nitrogen metabolism	Nitrogen metabolism	metabolite context: ammonium	HIERARCHICAL_METABOLITE_CONTEXT
ALR2	Aldose reductase (methylglyoxal)	Internal metabolic		bigg.reaction ALR2 biocyc META:RXN0-4281 brenda 1.1.1.313 ec-code 1.1.1.-;1.1.1.313 kegg.reaction R02528 metanetx.reaction MNXR95788 rhea 27986;27987;27988;27989 sbo SBO:0000176 seed.reaction rxn01832;rxn26077;rxn26078	Nucleotide metabolism	Nucleotide metabolism	metabolite context: nucleotide	HIERARCHICAL_METABOLITE_CONTEXT
ALR3	Aldose reductase (acetol)	Internal metabolic		bigg.reaction ALR3 biocyc META:RXN-22516 metanetx.reaction MNXR95789 sbo SBO:0000176	Nucleotide metabolism	Nucleotide metabolism	metabolite context: nucleotide	HIERARCHICAL_METABOLITE_CONTEXT
AM3PA	Anhydrous-N-Acetylmuramyl-tripeptide amidase	Internal metabolic		bigg.reaction AM3PA gpr_status PROVISIONAL metanetx.reaction MNXR95792 sbo SBO:0000176 seed.reaction rxn08123	Amino acid metabolism	Amino acid metabolism	metabolite context: alanine	HIERARCHICAL_METABOLITE_CONTEXT
AM4PA	Anhydrous-N-Acetylmuramyl-tetrapeptide amidase	Internal metabolic		bigg.reaction AM4PA gpr_status PROVISIONAL metanetx.reaction MNXR95793 sbo SBO:0000176 seed.reaction rxn08124	Amino acid metabolism	Amino acid metabolism	metabolite context: alanine	HIERARCHICAL_METABOLITE_CONTEXT
AMANAPEr	N-acetylmannosamine 6-phosphate epimerase	Internal metabolic		bigg.reaction AMANAPEr biocyc META:NANE-RXN ec-code 5.1.3.9 kegg.reaction R02087 metanetx.reaction MNXR95804 rhea 25257;25258;25259;25260 sbo SBO:0000176 seed.reaction rxn01506	Inorganic ion metabolism	Inorganic ion metabolism	reaction name: phosphate	HIERARCHICAL_REACTION_NAME
AMANK	N-acetyl-D-mannosamine kinase	Internal metabolic		bigg.reaction AMANK biocyc META:NANK-RXN brenda 2.7.1.60 ec-code 2.7.1.60 kegg.reaction R02705 metanetx.reaction MNXR95805 reactome R-BTA-4085028;R-CFA-4085028;R-DRE-4085028;R-GGA-4085028;R-HSA-4085028;R-MMU-4085028;R-RNO-4085028;R-TGU-4085028;R-XTR-4085028 rhea 25253;25254;25255;25256 sbo SBO:0000176 seed.reaction rxn01951	Inorganic ion metabolism	Inorganic ion metabolism	metabolite context: phosphate	HIERARCHICAL_METABOLITE_CONTEXT
AMID2	Amidase	Internal metabolic		bigg.reaction AMID2 biocyc META:RXN-12492 brenda 3.5.1.11;3.5.1.4 ec-code 3.5.1.11;3.5.1.4 kegg.reaction R02540 metanetx.reaction MNXR95813 sbo SBO:0000176 seed.reaction rxn01843	Nitrogen metabolism	Nitrogen metabolism	metabolite context: ammonium	HIERARCHICAL_METABOLITE_CONTEXT
AMMQLT8	S-adenosylmethione:2-demthylmenaquinole methyltransferase (menaquinone 8)	Internal metabolic		bigg.reaction AMMQLT8 biocyc META:ADOMET-DMK-METHYLTRANSFER-RXN brenda 2.1.1.163;2.1.1.201 ec-code 2.1.1.163;2.1.1.201 metanetx.reaction MNXR95819 rhea 30063;30064;30065;30066 sbo SBO:0000176 seed.reaction rxn08130	Energy metabolism / respiration	Energy metabolism / respiration	reaction name: quinone	HIERARCHICAL_REACTION_NAME
AMMQT8_2	S-adenosylmethione:2-demethylmenaquinone methyltransferase	Internal metabolic		bigg.reaction AMMQT8_2 brenda 2.1.1.163;2.1.1.201 ec-code 2.1.1.163;2.1.1.201 metanetx.reaction MNXR95823 sbo SBO:0000176 seed.reaction rxn10094	Energy metabolism / respiration	Energy metabolism / respiration	reaction name: quinone	HIERARCHICAL_REACTION_NAME
AMPD2	AMP deaminase	Internal metabolic		bigg.reaction AMPD2;AMPDg kegg.reaction R00181 metanetx.reaction MNXR190279 sbo SBO:0000176	Nucleotide metabolism	Nucleotide metabolism	metabolite context: imp 	HIERARCHICAL_METABOLITE_CONTEXT
AMPEP1	Aminopeptidase	Internal metabolic		bigg.reaction AMPEP1 brenda 3.4.11.9 ec-code 3.4.11.9 gpr_status PROVISIONAL metanetx.reaction MNXR137145 sbo SBO:0000176 seed.reaction rxn12645	Amino acid metabolism	Amino acid metabolism	metabolite context: asparagine	HIERARCHICAL_METABOLITE_CONTEXT
AMPEP10	Aminopeptidase	Internal metabolic		bigg.reaction AMPEP10 brenda 3.4.11.9 ec-code 3.4.11.9 gpr_status PROVISIONAL metanetx.reaction MNXR154646 sbo SBO:0000176	Amino acid metabolism	Amino acid metabolism	metabolite context: aspartate	HIERARCHICAL_METABOLITE_CONTEXT
AMPEP11	Aminopeptidase	Internal metabolic		bigg.reaction AMPEP11 brenda 3.4.11.9 ec-code 3.4.11.9 gpr_status PROVISIONAL metanetx.reaction MNXR137142 sbo SBO:0000176	Amino acid metabolism	Amino acid metabolism	metabolite context: glycine	HIERARCHICAL_METABOLITE_CONTEXT
AMPEP13	Aminopeptidase	Internal metabolic		bigg.reaction AMPEP13 brenda 3.4.11.9 ec-code 3.4.11.9 gpr_status PROVISIONAL metanetx.reaction MNXR197220 sbo SBO:0000176	Amino acid metabolism	Amino acid metabolism	metabolite context: alanine	HIERARCHICAL_METABOLITE_CONTEXT
AMPEP14	Aminopeptidase	Internal metabolic		bigg.reaction AMPEP14 brenda 3.4.11.9 ec-code 3.4.11.9 gpr_status PROVISIONAL metanetx.reaction MNXR137141 sbo SBO:0000176 seed.reaction rxn12636	Amino acid metabolism	Amino acid metabolism	metabolite context: alanine	HIERARCHICAL_METABOLITE_CONTEXT
AMPEP15	Aminopeptidase	Internal metabolic		bigg.reaction AMPEP15 brenda 3.4.11.9 ec-code 3.4.11.9 gpr_status PROVISIONAL metanetx.reaction MNXR154648 sbo SBO:0000176	Amino acid metabolism	Amino acid metabolism	metabolite context: glutamate	HIERARCHICAL_METABOLITE_CONTEXT
AMPEP18	Aminopeptidase	Internal metabolic		bigg.reaction AMPEP18 brenda 3.4.11.9 ec-code 3.4.11.9 gpr_status PROVISIONAL metanetx.reaction MNXR154651 sbo SBO:0000176	Amino acid metabolism	Amino acid metabolism	metabolite context: glutamate	HIERARCHICAL_METABOLITE_CONTEXT
AMPEP5	Aminopeptidase	Internal metabolic		bigg.reaction AMPEP5 brenda 3.4.11.9 ec-code 3.4.11.9 gpr_status PROVISIONAL metanetx.reaction MNXR137143 sbo SBO:0000176 seed.reaction rxn12640	Amino acid metabolism	Amino acid metabolism	metabolite context: alanine	HIERARCHICAL_METABOLITE_CONTEXT
AMPEP8	Aminopeptidase	Internal metabolic		bigg.reaction AMPEP8 brenda 3.4.11.9 ec-code 3.4.11.9 gpr_status PROVISIONAL metanetx.reaction MNXR137140 sbo SBO:0000176 seed.reaction rxn12634	Amino acid metabolism	Amino acid metabolism	metabolite context: glutamate	HIERARCHICAL_METABOLITE_CONTEXT
AMPMS2	4-amino-2-methyl-5-phosphomethylpyrimidine synthetase	Internal metabolic		bigg.reaction AMPMS2 brenda 4.1.99.17 ec-code 4.1.99.17 metanetx.reaction MNXR142626 sbo SBO:0000176	Nucleotide metabolism	Nucleotide metabolism	reaction name: pyrimidine	HIERARCHICAL_REACTION_NAME
AMPTASEAH	Aminopeptidase  Ala His	Internal metabolic		bigg.reaction AMPTASEAH brenda 3.4.11.1;3.4.11.10;3.4.11.2 ec-code 3.4.11.1;3.4.11.10;3.4.11.2 gpr_status PROVISIONAL metanetx.reaction MNXR154660 sbo SBO:0000176	Amino acid metabolism	Amino acid metabolism	metabolite context: alanine	HIERARCHICAL_METABOLITE_CONTEXT
AMPTASEAL	Aminopeptidase  Ala Leu	Internal metabolic		bigg.reaction AMPTASEAL brenda 3.4.11.1;3.4.11.10;3.4.11.2 ec-code 3.4.11.1;3.4.11.10;3.4.11.2 metanetx.reaction MNXR154661 sbo SBO:0000176	Amino acid metabolism	Amino acid metabolism	metabolite context: alanine	HIERARCHICAL_METABOLITE_CONTEXT
AMPTASEAT	Aminopeptidase  Ala Thr	Internal metabolic		bigg.reaction AMPTASEAT brenda 3.4.11.1;3.4.11.10;3.4.11.2 ec-code 3.4.11.1;3.4.11.10;3.4.11.2 gpr_status PROVISIONAL metanetx.reaction MNXR154662 sbo SBO:0000176	Amino acid metabolism	Amino acid metabolism	metabolite context: alanine	HIERARCHICAL_METABOLITE_CONTEXT
AMPTASEATRP	Aminopeptidase  Ala Trp	Internal metabolic		bigg.reaction AMPTASEATRP brenda 3.4.11.1;3.4.11.10;3.4.11.2 ec-code 3.4.11.1;3.4.11.10;3.4.11.2 gpr_status PROVISIONAL metanetx.reaction MNXR154663 sbo SBO:0000176	Amino acid metabolism	Amino acid metabolism	metabolite context: alanine	HIERARCHICAL_METABOLITE_CONTEXT
AMPTASECG	Alanyl aminopeptidase (cys-gly)	Internal metabolic		bigg.reaction AMPTASECG;AMPTASECGe biocyc META:RXN-6622 brenda 2.8.1.7;3.4.11.1;3.4.11.10;3.4.11.18;3.4.11.2;3.4.11.23;3.4.11.9;3.4.13.18 ec-code 3.4.11.1;3.4.11.2;3.4.11.23;3.4.13.-;3.4.13.18;2.8.1.7;3.4.11.10;3.4.11.18;3.4.11.9 kegg.reaction R00899 metanetx.reaction MNXR95828 reactome R-BTA-1247910;R-CEL-1247910;R-CFA-1247910;R-DDI-1247910;R-DME-1247910;R-DRE-1247910;R-GGA-1247910;R-HSA-1247910;R-MMU-1247910;R-RNO-1247910;R-SCE-1247910;R-SPO-1247910;R-SSC-1247910;R-TGU-1247910;R-XTR-1247910 rhea 28783;28784;28785;28786 sbo SBO:0000176 seed.reaction rxn00650;rxn30878;rxn32989;rxn32991	Amino acid metabolism	Amino acid metabolism	metabolite context: cysteine	HIERARCHICAL_METABOLITE_CONTEXT
AMPTASEGGLN	Aminopeptidase  Gly Gln	Internal metabolic		bigg.reaction AMPTASEGGLN brenda 3.4.11.1;3.4.11.10;3.4.11.2 ec-code 3.4.11.1;3.4.11.10;3.4.11.2 gpr_status PROVISIONAL metanetx.reaction MNXR154664 sbo SBO:0000176	Amino acid metabolism	Amino acid metabolism	metabolite context: glutamine	HIERARCHICAL_METABOLITE_CONTEXT
AMPTASEGGLU	Aminopeptidase  Gly Glu	Internal metabolic		bigg.reaction AMPTASEGGLU brenda 3.4.11.1;3.4.11.10;3.4.11.2 ec-code 3.4.11.1;3.4.11.10;3.4.11.2 gpr_status PROVISIONAL metanetx.reaction MNXR154665 sbo SBO:0000176	Amino acid metabolism	Amino acid metabolism	metabolite context: glutamate	HIERARCHICAL_METABOLITE_CONTEXT
AMPTASEGM	Aminopeptidase  Gly Met	Internal metabolic		bigg.reaction AMPTASEGM brenda 3.4.11.1;3.4.11.10;3.4.11.2 ec-code 3.4.11.1;3.4.11.10;3.4.11.2 gpr_status PROVISIONAL metanetx.reaction MNXR154666 sbo SBO:0000176	Amino acid metabolism	Amino acid metabolism	metabolite context: glycine	HIERARCHICAL_METABOLITE_CONTEXT
AMPTASEGS	Aminopeptidase  Gly Ser	Internal metabolic		bigg.reaction AMPTASEGS brenda 3.4.11.1;3.4.11.10;3.4.11.2 ec-code 3.4.11.1;3.4.11.10;3.4.11.2 gpr_status PROVISIONAL metanetx.reaction MNXR154667 sbo SBO:0000176	Amino acid metabolism	Amino acid metabolism	metabolite context: glycine	HIERARCHICAL_METABOLITE_CONTEXT
AMPTASEHG	Aminopeptidase  His Gly	Internal metabolic		bigg.reaction AMPTASEHG brenda 3.4.11.1;3.4.11.10;3.4.11.2 ec-code 3.4.11.1;3.4.11.10;3.4.11.2 gpr_status PROVISIONAL metanetx.reaction MNXR154668 sbo SBO:0000176	Amino acid metabolism	Amino acid metabolism	metabolite context: glycine	HIERARCHICAL_METABOLITE_CONTEXT
AMPTASEHH	Aminopeptidase  His His	Internal metabolic		bigg.reaction AMPTASEHH brenda 3.4.11.1;3.4.11.10;3.4.11.2 ec-code 3.4.11.1;3.4.11.10;3.4.11.2 gpr_status PROVISIONAL metanetx.reaction MNXR154669 sbo SBO:0000176	Amino acid metabolism	Amino acid metabolism	metabolite context: histidine	HIERARCHICAL_METABOLITE_CONTEXT
AMPTASEPG	Aminopeptidase (pro-gly)	Internal metabolic		bigg.reaction AMPTASEPG brenda 3.4.11.1;3.4.11.10;3.4.11.2;3.4.13.18 ec-code 3.4.11.1;3.4.11.10;3.4.11.2;3.4.13.18 metanetx.reaction MNXR95829 rhea 28799;28800;28801;28802 sbo SBO:0000176 seed.reaction rxn08133	Amino acid metabolism	Amino acid metabolism	metabolite context: glycine	HIERARCHICAL_METABOLITE_CONTEXT
ANHGMtex	GlcNAc-anhMurNAc transport via diffusion (extracellular to periplasm)	Transport		bigg.reaction ANHGMtex metanetx.reaction MNXR95839 sbo SBO:0000185 seed.reaction rxn08135	Carbohydrate metabolism	Carbohydrate metabolism	transported substrate: n-acetyl-d-glucosamine	TRANSPORT_SUBSTRATE_CURATED_RULE
ANHMK	1,6-anhydrous-N-Acetylmuramate kinase	Internal metabolic		bigg.reaction ANHMK brenda 2.7.1.170 ec-code 2.7.1.170 gpr_status PROVISIONAL metanetx.reaction MNXR95840 sbo SBO:0000176 seed.reaction rxn08136	Inorganic ion metabolism	Inorganic ion metabolism	metabolite context: phosphate	HIERARCHICAL_METABOLITE_CONTEXT
ANPRT	Anthranilate phosphoribosyltransferase	Internal metabolic		bigg.reaction ANPRT biocyc META:PRTRANS-RXN brenda 2.4.2.18;4.1.3.27 ec-code 2.4.2.18;4.1.3.27 kegg.reaction R01073 metanetx.reaction MNXR95842 rhea 11768;11769;11770;11771 sbo SBO:0000176 seed.reaction rxn00791	Nucleotide metabolism	Nucleotide metabolism	reaction name: phosphoribosyl	HIERARCHICAL_REACTION_NAME
ANS	Anthranilate synthase	Internal metabolic		bigg.reaction ANS;ATNS biocyc META:ANTHRANSYN-RXN brenda 4.1.3.27 ec-code 4.1.3.27 kegg.reaction R00986 metanetx.reaction MNXR95843 rhea 21732;21733;21734;21735 sbo SBO:0000176 seed.reaction rxn00727;rxn27709;rxn38042;rxn38043	Central carbon metabolism	Central carbon metabolism	metabolite context: pyruvate	HIERARCHICAL_METABOLITE_CONTEXT
ANS2	Anthranilate synthase 2	Internal metabolic		bigg.reaction ANS2 brenda 4.1.3.27 ec-code 4.1.3.27 kegg.reaction R00985 metanetx.reaction MNXR95844 sbo SBO:0000176 seed.reaction rxn00726;rxn11283	Central carbon metabolism	Central carbon metabolism	metabolite context: pyruvate	HIERARCHICAL_METABOLITE_CONTEXT
ANSN	Anthranilate synthase (NH3)	Internal metabolic		bigg.reaction ANSN brenda 4.1.3.27 ec-code 4.1.3.27 gpr_status PROVISIONAL kegg.reaction R00985 metanetx.reaction MNXR152986 sbo SBO:0000176	Central carbon metabolism	Central carbon metabolism	metabolite context: pyruvate	HIERARCHICAL_METABOLITE_CONTEXT
AP4AH	Ap4A hydrolase	Internal metabolic		bigg.reaction AP4AH biocyc META:3.6.1.41-RXN brenda 3.6.1.41 ec-code 3.6.1.41 kegg.reaction R00125 metanetx.reaction MNXR95856 rhea 24252;24253;24254;24255 sbo SBO:0000176 seed.reaction rxn00095	Inorganic ion metabolism	Inorganic ion metabolism	metabolite context: phosphate	HIERARCHICAL_METABOLITE_CONTEXT
AP4AS	Ap4A synthetase	Internal metabolic		bigg.reaction AP4AS biocyc META:RXN0-5208 brenda 6.1.1.6 ec-code 2.7.7.-;6.1.1.6 gpr_status PROVISIONAL metanetx.reaction MNXR95858 rhea 34935;34936;34937;34938 sbo SBO:0000176	Inorganic ion metabolism	Inorganic ion metabolism	metabolite context: phosphate	HIERARCHICAL_METABOLITE_CONTEXT
APAT_1	APAT_1	Internal metabolic		bigg.reaction APAT_1;APAT brenda 6.2.1.1 ec-code 6.2.1.1 gpr_status PROVISIONAL metanetx.reaction MNXR95861 sbo SBO:0000176	Nucleotide metabolism	Nucleotide metabolism	metabolite context: adenylate	HIERARCHICAL_METABOLITE_CONTEXT
APATr	B alanine pyruvate aminotransferase	Internal metabolic		bigg.reaction APATr biocyc META:2.6.1.18-RXN brenda 2.6.1.18 ec-code 2.6.1.18 gpr_status PROVISIONAL kegg.reaction R00907 metanetx.reaction MNXR95865 reactome R-HSA-909776;R-RNO-909762 rhea 14077;14078;14079;14080 sbo SBO:0000176 seed.reaction rxn00656;rxn17652;rxn32229;rxn32234	Central carbon metabolism	Central carbon metabolism	reaction name: pyruvate	HIERARCHICAL_REACTION_NAME
APG3PAT120	Acyl-phosphate:glycerol-3-phosphate acyltransferase (C12:0)	Internal metabolic		bigg.reaction APG3PAT120 brenda 2.3.1.275 ec-code 2.3.1.275 metanetx.reaction MNXR95869 sbo SBO:0000176	Inorganic ion metabolism	Inorganic ion metabolism	reaction name: phosphate	HIERARCHICAL_REACTION_NAME
APG3PAT141	Acyl-phosphate:glycerol-3-phosphate acyltransferase (C14:1)	Internal metabolic		bigg.reaction APG3PAT141 brenda 2.3.1.275 ec-code 2.3.1.275 metanetx.reaction MNXR95871 sbo SBO:0000176	Inorganic ion metabolism	Inorganic ion metabolism	reaction name: phosphate	HIERARCHICAL_REACTION_NAME
APG3PAT161	Acyl-phosphate:glycerol-3-phosphate acyltransferase (C16:1)	Internal metabolic		bigg.reaction APG3PAT161 brenda 2.3.1.275 ec-code 2.3.1.275 metanetx.reaction MNXR95873 sbo SBO:0000176	Inorganic ion metabolism	Inorganic ion metabolism	reaction name: phosphate	HIERARCHICAL_REACTION_NAME
APH120	Acylphosphatase (C12:0)	Internal metabolic		bigg.reaction APH120 brenda 3.6.1.7 ec-code 3.6.1.7 gpr_status PROVISIONAL metanetx.reaction MNXR95876 sbo SBO:0000176	Inorganic ion metabolism	Inorganic ion metabolism	metabolite context: phosphate	HIERARCHICAL_METABOLITE_CONTEXT
APH141	Acylphosphatase (C14:1)	Internal metabolic		bigg.reaction APH141 brenda 3.6.1.7 ec-code 3.6.1.7 gpr_status PROVISIONAL metanetx.reaction MNXR95878 sbo SBO:0000176	Inorganic ion metabolism	Inorganic ion metabolism	metabolite context: phosphate	HIERARCHICAL_METABOLITE_CONTEXT
APH161	Acylphosphatase (C16:1)	Internal metabolic		bigg.reaction APH161 brenda 3.6.1.7 ec-code 3.6.1.7 gpr_status PROVISIONAL metanetx.reaction MNXR95880 sbo SBO:0000176	Inorganic ion metabolism	Inorganic ion metabolism	metabolite context: phosphate	HIERARCHICAL_METABOLITE_CONTEXT
APPAT	ATP:pantetheine-4'-phosphate adenylyltransferase	Internal metabolic		bigg.reaction APPAT biocyc META:PANTEPADENYLYLTRAN-RXN brenda 2.7.7.3 ec-code 2.7.7.3 kegg.reaction R03035 metanetx.reaction MNXR95892 reactome R-ATH-196754;R-BTA-196754;R-CEL-196754;R-CFA-196754;R-DDI-196754;R-DME-196754;R-DRE-196754;R-GGA-196754;R-HSA-196754;R-MMU-196754;R-OSA-196754;R-PFA-196754;R-RNO-196754;R-SCE-196754;R-SSC-196754;R-TGU-196754;R-XTR-196754 rhea 19801;19802;19803;19804 sbo SBO:0000176 seed.reaction rxn02175	Inorganic ion metabolism	Inorganic ion metabolism	reaction name: phosphate	HIERARCHICAL_REACTION_NAME
APPLDHr	Aminopropanol dehydrogenase reversible	Internal metabolic		bigg.reaction APPLDHr biocyc META:AMINOPROPDEHYDROG-RXN ec-code 1.1.1.75;2.3.1.37 kegg.reaction R03759 metanetx.reaction MNXR95894 rhea 16517;16518;16519;16520 sbo SBO:0000176 seed.reaction rxn02667	Energy metabolism / respiration	Energy metabolism / respiration	reaction name: hydrogenase	HIERARCHICAL_REACTION_NAME
APRAUR	5-amino-6-(5-phosphoribosylamino)uracil reductase	Internal metabolic		bigg.reaction APRAUR biocyc META:RIBOFLAVINSYNREDUC-RXN brenda 1.1.1.193;3.5.4.26 ec-code 1.1.1.193;3.5.4.26 kegg.reaction R03458 metanetx.reaction MNXR95898 rhea 17845;17846;17847;17848 sbo SBO:0000176 seed.reaction rxn02474	Cofactor and vitamin metabolism	Cofactor and vitamin metabolism	database annotation: riboflavin	HIERARCHICAL_DATABASE_ANNOTATION
APSR	Adenosine 5'-phosphosulfate reductase;	Internal metabolic		bigg.reaction APSR biocyc META:RXN-12019 brenda 1.8.4.10 ec-code 1.8.4.10 gpr_status PROVISIONAL kegg.reaction R07176 metanetx.reaction MNXR95901 sbo SBO:0000176 seed.reaction rxn05256;rxn11051	Nucleotide metabolism	Nucleotide metabolism	reaction name: adenosine	HIERARCHICAL_REACTION_NAME
APTNAT	5-aminopentanoate:2-oxoglutarate aminotransferase	Internal metabolic		bigg.reaction APTNAT biocyc META:VAGL-RXN brenda 2.6.1.48 ec-code 2.6.1.48 kegg.reaction R02274 metanetx.reaction MNXR95904 rhea 10212;10213;10214;10215 sbo SBO:0000176 seed.reaction rxn01631	Amino acid metabolism	Amino acid metabolism	metabolite context: glutamate	HIERARCHICAL_METABOLITE_CONTEXT
ARBabc	L-arabinose transport via ABC system	Transport		bigg.reaction ARBabc biocyc META:ABC-2-RXN ec-code 3.6.3.17 metanetx.reaction MNXR95935 sbo SBO:0000185	Carbohydrate metabolism	Carbohydrate metabolism	transported substrate: arabinose	TRANSPORT_SUBSTRATE_CURATED_RULE
ARBabcpp	L-arabinose transport via ABC system (periplasm)	Transport		bigg.reaction ARBabcpp biocyc META:ABC-2-RXN ec-code 3.6.3.17 metanetx.reaction MNXR95935 sbo SBO:0000185	Carbohydrate metabolism	Carbohydrate metabolism	transported substrate: arabinose	TRANSPORT_SUBSTRATE_CURATED_RULE
ARBt2r	L-arabinose transport via proton symport	Transport		bigg.reaction ARBt2r biocyc META:TRANS-RXN-10 metanetx.reaction MNXR95936 sbo SBO:0000185	Carbohydrate metabolism	Carbohydrate metabolism	transported substrate: arabinose	TRANSPORT_SUBSTRATE_CURATED_RULE
ARBt3ipp	L-arabinose transport via proton antiport (periplasm)	Transport		bigg.reaction ARBt3ipp biocyc META:TRANS-RXN-40 metanetx.reaction MNXR95937 sbo SBO:0000185	Carbohydrate metabolism	Carbohydrate metabolism	transported substrate: arabinose	TRANSPORT_SUBSTRATE_CURATED_RULE
ARBtex	L-arabinose transport via diffusion (extracellular to periplasm)	Transport		bigg.reaction ARBtex metanetx.reaction MNXR95913 sbo SBO:0000185	Carbohydrate metabolism	Carbohydrate metabolism	transported substrate: arabinose	TRANSPORT_SUBSTRATE_CURATED_RULE
ARGDC	Arginine decarboxylase	Internal metabolic		bigg.reaction ARGDC;ARGDCm;ARGDCpp biocyc META:ARGDECARBOX-RXN brenda 4.1.1.19 ec-code 4.1.1.19 kegg.reaction R00566 metanetx.reaction MNXR95940 reactome R-ATH-350598;R-BTA-350598;R-CEL-350598;R-CFA-350598;R-DDI-350598;R-DME-350598;R-GGA-350598;R-HSA-350598;R-MMU-350598;R-OSA-350598;R-PFA-350598;R-RNO-350598;R-SCE-350598;R-SPO-350598;R-SSC-350598;R-TGU-350598;R-XTR-350598 rhea 17641;17642;17643;17644 sbo SBO:0000176 seed.reaction rxn00405;rxn19180;rxn32213;rxn35371	Amino acid metabolism	Amino acid metabolism	reaction name: arginine	HIERARCHICAL_REACTION_NAME
ARGDCpp	Arginine decarboxylase	Internal metabolic		bigg.reaction ARGDCpp;ARGDC;ARGDCm biocyc META:ARGDECARBOX-RXN brenda 4.1.1.19 ec-code 4.1.1.19 kegg.reaction R00566 metanetx.reaction MNXR95940 reactome R-ATH-350598;R-BTA-350598;R-CEL-350598;R-CFA-350598;R-DDI-350598;R-DME-350598;R-GGA-350598;R-HSA-350598;R-MMU-350598;R-OSA-350598;R-PFA-350598;R-RNO-350598;R-SCE-350598;R-SPO-350598;R-SSC-350598;R-TGU-350598;R-XTR-350598 rhea 17641;17642;17643;17644 sbo SBO:0000176 seed.reaction rxn00405;rxn19180;rxn32213;rxn35371	Amino acid metabolism	Amino acid metabolism	reaction name: arginine	HIERARCHICAL_REACTION_NAME
ARGDI	Arginine deiminase	Internal metabolic		bigg.reaction ARGDI biocyc META:ARGININE-DEIMINASE-RXN brenda 3.5.3.6 ec-code 3.5.3.6 kegg.reaction R00552 metanetx.reaction MNXR95941 rhea 19597;19598;19599;19600 sbo SBO:0000176 seed.reaction rxn00395	Amino acid metabolism	Amino acid metabolism	database annotation: arginine	HIERARCHICAL_DATABASE_ANNOTATION
ARGDr	Arginine deiminase	Internal metabolic		bigg.reaction ARGDr biocyc META:ARGININE-DEIMINASE-RXN brenda 3.5.3.6 ec-code 3.5.3.6 kegg.reaction R00552 metanetx.reaction MNXR95941 rhea 19597;19598;19599;19600 sbo SBO:0000176 seed.reaction rxn00395	Amino acid metabolism	Amino acid metabolism	database annotation: arginine	HIERARCHICAL_DATABASE_ANNOTATION
ARGORNt3	Arginineornithine antiporter	Transport		bigg.reaction ARGORNt3 sbo SBO:0000185	Amino acid metabolism	Amino acid metabolism	transported substrate: arginine	TRANSPORT_SUBSTRATE_CURATED_RULE
ARGSL	Argininosuccinate lyase	Internal metabolic		bigg.reaction ARGSL biocyc META:ARGSUCCINLYA-RXN brenda 4.3.2.1 ec-code 4.3.2.1 kegg.reaction R01086 metanetx.reaction MNXR138059 reactome R-ATH-70573;R-BTA-70573;R-DME-70573;R-DRE-70573;R-GGA-70573;R-HSA-70573;R-OSA-70573;R-SCE-70573;R-SPO-70573;R-SSC-70573;R-TGU-70573;R-XTR-70573 rhea 24020;24021;24022;24023 sbo SBO:0000176 seed.reaction rxn00802;rxn27716;rxn29990	Central carbon metabolism	Central carbon metabolism	reaction name: succinate	HIERARCHICAL_REACTION_NAME
ARGSS	Argininosuccinate synthase	Internal metabolic		bigg.reaction ARGSS biocyc META:ARGSUCCINSYN-RXN brenda 6.3.4.5 ec-code 6.3.4.5 kegg.reaction R01954 metanetx.reaction MNXR138060 reactome R-BTA-70577;R-CFA-70577;R-GGA-70577;R-HSA-70577;R-MMU-70577;R-RNO-70577;R-SSC-70577;R-TGU-70577;R-XTR-70577 rhea 10932;10933;10934;10935 sbo SBO:0000176 seed.reaction rxn01434	Central carbon metabolism	Central carbon metabolism	reaction name: succinate	HIERARCHICAL_REACTION_NAME
ARGabc	L-arginine transport via ABC system	Transport		bigg.reaction ARGabc biocyc META:ABC-4-RXN ec-code 3.6.3.21 metanetx.reaction MNXR95952 rhea 29879;29880;29881;29882 sbo SBO:0000185 seed.reaction rxn05154;rxn08151;rxn11236	Amino acid metabolism	Amino acid metabolism	transported substrate: arginine	TRANSPORT_SUBSTRATE_CURATED_RULE
ARGabcpp	L-arginine transport via ABC system (periplasm)	Transport		bigg.reaction ARGabcpp biocyc META:ABC-4-RXN ec-code 3.6.3.21 gpr_status PROVISIONAL metanetx.reaction MNXR95952 rhea 29879;29880;29881;29882 sbo SBO:0000185 seed.reaction rxn05154;rxn08151;rxn11236	Amino acid metabolism	Amino acid metabolism	transported substrate: arginine	TRANSPORT_SUBSTRATE_CURATED_RULE
ARGt2r	L arganine reversible transport via proton symport	Transport		bigg.reaction ARGt2r gpr_status PROVISIONAL metanetx.reaction MNXR95953 sbo SBO:0000185 seed.reaction rxn05303;rxn09783	Amino acid metabolism	Amino acid metabolism	transported substrate: arginine	TRANSPORT_SUBSTRATE_CURATED_RULE
ARGt3pp	L-arginine transport out via proton antiport (cytoplasm to periplasm)	Transport		bigg.reaction ARGt3pp gpr_status PROVISIONAL metanetx.reaction MNXR95954 sbo SBO:0000185 seed.reaction rxn08154;rxn13228	Amino acid metabolism	Amino acid metabolism	transported substrate: arginine	TRANSPORT_SUBSTRATE_CURATED_RULE
ARGt5r	ARGtiDF	Transport		bigg.reaction ARGt5r biocyc META:RXN66-448 gpr_status PROVISIONAL metanetx.reaction MNXR95951 rhea 32143;32144;32145;32146 sbo SBO:0000185 seed.reaction rxn08155;rxn10840	Amino acid metabolism	Amino acid metabolism	transported substrate: arginine	TRANSPORT_SUBSTRATE_CURATED_RULE
ARGtex	L-arginine transport via diffusion (extracellular to periplasm)	Transport		bigg.reaction ARGtex biocyc META:RXN66-448 metanetx.reaction MNXR95951 rhea 32143;32144;32145;32146 sbo SBO:0000185 seed.reaction rxn08155;rxn10840	Amino acid metabolism	Amino acid metabolism	transported substrate: arginine	TRANSPORT_SUBSTRATE_CURATED_RULE
AROH	L-Arogenate hydro-lyase	Internal metabolic		bigg.reaction AROH biocyc META:CARBOXYCYCLOHEXADIENYL-DEHYDRATASE-RXN brenda 4.2.1.51;4.2.1.91;5.4.99.5 ec-code 4.2.1.51;4.2.1.91;5.4.99.5 kegg.reaction R00691 metanetx.reaction MNXR95958 rhea 12536;12537;12538;12539 sbo SBO:0000176 seed.reaction rxn00490	Amino acid metabolism	Amino acid metabolism	metabolite context: alanine	HIERARCHICAL_METABOLITE_CONTEXT
ARSR	ARSR	Internal metabolic		bigg.reaction ARSR metanetx.reaction MNXR195383 sbo SBO:0000176	Unresolved	Unresolved	insufficient functional text	UNRESOLVED_FALLBACK
ARUH	L Arginine pyruvate transaminase	Internal metabolic		bigg.reaction ARUH biocyc META:RXN-8956 brenda 2.6.1.84 ec-code 2.6.1.84;2.6.1.- gpr_status PROVISIONAL kegg.reaction R08197 metanetx.reaction MNXR96038 rhea 13833;13834;13835;13836 sbo SBO:0000176 seed.reaction rxn11731;rxn12670	Central carbon metabolism	Central carbon metabolism	reaction name: pyruvate	HIERARCHICAL_REACTION_NAME
ASAD	Aspartate-semialdehyde dehydrogenase	Internal metabolic		bigg.reaction ASAD;ASADH biocyc META:ASPARTATE-SEMIALDEHYDE-DEHYDROGENASE-RXN brenda 1.2.1.11 ec-code 1.2.1.11 kegg.reaction R02291 metanetx.reaction MNXR96039 rhea 24284;24285;24286;24287 sbo SBO:0000176 seed.reaction rxn01643;rxn27723;rxn33374	Energy metabolism / respiration	Energy metabolism / respiration	database annotation: hydrogenase	HIERARCHICAL_DATABASE_ANNOTATION
ASNN	L-asparaginase	Internal metabolic		bigg.reaction ASNN biocyc META:ASPARAGHYD-RXN brenda 3.5.1.1;3.5.1.38;3.5.5.4 ec-code 3.5.1.1;3.5.1.38;3.5.5.4 kegg.reaction R00485 metanetx.reaction MNXR96056 reactome R-BTA-6797627;R-CEL-6797627;R-CFA-6797627;R-DDI-6797627;R-DME-6797627;R-DRE-6797627;R-GGA-6797627;R-HSA-6797627;R-MMU-6797627;R-RNO-6797627;R-SPO-6797627;R-TGU-6797627;R-XTR-6797627 rhea 21016;21017;21018;21019 sbo SBO:0000176 seed.reaction rxn00342	Amino acid metabolism	Amino acid metabolism	metabolite context: asparagine	HIERARCHICAL_METABOLITE_CONTEXT
ASNNpp	L-asparaginase	Internal metabolic		bigg.reaction ASNNpp biocyc META:ASPARAGHYD-RXN brenda 3.5.1.1;3.5.1.38;3.5.5.4 ec-code 3.5.1.1;3.5.1.38;3.5.5.4 kegg.reaction R00485 metanetx.reaction MNXR96056 reactome R-BTA-6797627;R-CEL-6797627;R-CFA-6797627;R-DDI-6797627;R-DME-6797627;R-DRE-6797627;R-GGA-6797627;R-HSA-6797627;R-MMU-6797627;R-RNO-6797627;R-SPO-6797627;R-TGU-6797627;R-XTR-6797627 rhea 21016;21017;21018;21019 sbo SBO:0000176 seed.reaction rxn00342	Amino acid metabolism	Amino acid metabolism	metabolite context: asparagine	HIERARCHICAL_METABOLITE_CONTEXT
ASNtex	L-asparagine transport via diffusion (extracellular to periplasm)	Transport		bigg.reaction ASNtex metanetx.reaction MNXR96069 sbo SBO:0000185 seed.reaction rxn05220;rxn08162	Amino acid metabolism	Amino acid metabolism	transported substrate: asparagine	TRANSPORT_SUBSTRATE_CURATED_RULE
ASO3t4pp	Arsenite transporter via sodium antiport (periplasm)	Transport		bigg.reaction ASO3t4pp gpr_status PROVISIONAL metanetx.reaction MNXR96071 sbo SBO:0000185	Inorganic ion metabolism	Inorganic ion metabolism	transported substrate: arsenite	TRANSPORT_SUBSTRATE_CURATED_RULE
ASO3tex	Arsenite transport via diffusion (extracellular to periplasm)	Transport		bigg.reaction ASO3tex biocyc META:TRANS-RXN0-551 metanetx.reaction MNXR96073 sbo SBO:0000185 seed.reaction rxn05507;rxn08164	Inorganic ion metabolism	Inorganic ion metabolism	transported substrate: arsenite	TRANSPORT_SUBSTRATE_CURATED_RULE
ASO4rt2rpp	Arsenate reversible transport via symport (periplasm)	Transport		bigg.reaction ASO4rt2rpp biocyc META:TRANS-RXN0-550 metanetx.reaction MNXR96074 sbo SBO:0000185 seed.reaction rxn13759	Inorganic ion metabolism	Inorganic ion metabolism	transported substrate: arsenate	TRANSPORT_SUBSTRATE_CURATED_RULE
ASO4t4pp	Arsenate transporter via sodium antiport (periplasm)	Transport		bigg.reaction ASO4t4pp gpr_status PROVISIONAL metanetx.reaction MNXR96075 sbo SBO:0000185	Inorganic ion metabolism	Inorganic ion metabolism	transported substrate: arsenate	TRANSPORT_SUBSTRATE_CURATED_RULE
ASP1DC	Aspartate 1-decarboxylase	Internal metabolic		bigg.reaction ASP1DC biocyc META:ASPDECARBOX-RXN brenda 4.1.1.11;4.1.1.15 ec-code 4.1.1.11;4.1.1.15 kegg.reaction R00489 metanetx.reaction MNXR96077 rhea 19497;19498;19499;19500 sbo SBO:0000176 seed.reaction rxn00346	Amino acid metabolism	Amino acid metabolism	reaction name: aspartate	HIERARCHICAL_REACTION_NAME
ASPCT	Aspartate carbamoyltransferase	Internal metabolic		bigg.reaction ASPCT biocyc META:ASPCARBTRANS-RXN brenda 2.1.3.2 ec-code 2.1.3.2 kegg.reaction R01397 metanetx.reaction MNXR96080 reactome R-ATH-73573;R-BTA-73573;R-CEL-73573;R-CFA-73573;R-DDI-73573;R-DME-73573;R-DRE-73573;R-GGA-419451;R-GGA-73573;R-HSA-73573;R-MMU-73573;R-OSA-73573;R-PFA-73573;R-RNO-73573;R-SCE-73573;R-SPO-73573;R-SSC-73573;R-TGU-73573;R-XTR-73573 rhea 20013;20014;20015;20016 sbo SBO:0000176 seed.reaction rxn01018	Amino acid metabolism	Amino acid metabolism	reaction name: aspartate	HIERARCHICAL_REACTION_NAME
ASPK	Aspartate kinase	Internal metabolic		bigg.reaction ASPK;ASPK_1 biocyc META:ASPARTATEKIN-RXN brenda 2.7.2.4 ec-code 2.7.2.4 kegg.reaction R00480 metanetx.reaction MNXR96085 rhea 23776;23777;23778;23779 sbo SBO:0000176 seed.reaction rxn00337;rxn27724	Amino acid metabolism	Amino acid metabolism	database annotation: aspartate	HIERARCHICAL_DATABASE_ANNOTATION
ASPO1	L-aspartate oxidase	Internal metabolic		bigg.reaction ASPO1 brenda 1.4.3.16;1.4.3.2 ec-code 1.4.3.16;1.4.3.2 kegg.reaction R00357 metanetx.reaction MNXR96088 rhea 19025;19026;19027;19028 sbo SBO:0000176 seed.reaction rxn00262	Energy metabolism / respiration	Energy metabolism / respiration	reaction name: oxidase	HIERARCHICAL_REACTION_NAME
ASPO3	L-aspartate oxidase	Internal metabolic		bigg.reaction ASPO3 brenda 1.4.3.16 ec-code 1.4.3.16 metanetx.reaction MNXR96091 rhea 28683;28684;28685;28686 sbo SBO:0000176 seed.reaction rxn08166	Energy metabolism / respiration	Energy metabolism / respiration	reaction name: oxidase	HIERARCHICAL_REACTION_NAME
ASPO4	L-aspartate oxidase	Internal metabolic		bigg.reaction ASPO4 brenda 1.4.3.16 ec-code 1.4.3.16 metanetx.reaction MNXR96092 rhea 29191;29192;29193;29194 sbo SBO:0000176 seed.reaction rxn08167	Energy metabolism / respiration	Energy metabolism / respiration	reaction name: oxidase	HIERARCHICAL_REACTION_NAME
ASPO5	L-aspartate oxidase	Internal metabolic		bigg.reaction ASPO5 biocyc META:RXN-9772 brenda 1.4.3.16 ec-code 1.5.99.-;1.4.3.16 metanetx.reaction MNXR96093 rhea 30043;30044;30045;30046 sbo SBO:0000176 seed.reaction rxn08168	Energy metabolism / respiration	Energy metabolism / respiration	reaction name: oxidase	HIERARCHICAL_REACTION_NAME
ASPO6	L-aspartate oxidase	Internal metabolic		bigg.reaction ASPO6 biocyc META:L-ASPARTATE-OXID-RXN brenda 1.4.3.16 ec-code 1.4.3.16 kegg.reaction R00481 metanetx.reaction MNXR96094 rhea 25876;25877;25878;25879 sbo SBO:0000176 seed.reaction rxn00338	Amino acid metabolism	Amino acid metabolism	database annotation: aspartate	HIERARCHICAL_DATABASE_ANNOTATION
ASPSALy	L aspartate semialdehyde dehydrogenase  NADP	Internal metabolic		bigg.reaction ASPSALy gpr_status PROVISIONAL metanetx.reaction MNXR154809 sbo SBO:0000176	Energy metabolism / respiration	Energy metabolism / respiration	reaction name: hydrogenase	HIERARCHICAL_REACTION_NAME
ASPTA	Aspartate transaminase	Internal metabolic		bigg.reaction ASPTA biocyc META:ASPAMINOTRANS-RXN;META:RXN-13697 brenda 2.6.1.1 ec-code 2.6.1.1;2.6.1.- gpr_status PROVISIONAL kegg.reaction R00355 metanetx.reaction MNXR96079 reactome R-ATH-70596;R-ATH-70613;R-BTA-70581;R-BTA-70592;R-BTA-70596;R-BTA-70613;R-CEL-70581;R-CEL-70592;R-CEL-70596;R-CEL-70613;R-CFA-70581;R-CFA-70592;R-CFA-70596;R-CFA-70613;R-DDI-70596;R-DDI-70613;R-DME-70581;R-DME-70592;R-DME-70596;R-DME-70613;R-DRE-70581;R-DRE-70592;R-DRE-70596;R-DRE-70613;R-GGA-372559;R-GGA-372564;R-GGA-372717;R-GGA-372719;R-GGA-70581;R-GGA-70592;R-GGA-70596;R-GGA-70613;R-HSA-70581;R-HSA-70592;R-HSA-70596;R-HSA-70613;R-MMU-70581;R-MMU-70592;R-MMU-70596;R-MMU-70613;R-OSA-70596;R-OSA-70613;R-PFA-70581;R-PFA-70592;R-PFA-70596;R-PFA-70613;R-RNO-70581;R-RNO-70592;R-RNO-70596;R-RNO-70613;R-SCE-70581;R-SCE-70592;R-SCE-70596;R-SCE-70613;R-SPO-70581;R-SPO-70592;R-SPO-70596;R-SPO-70613;R-SSC-70581;R-SSC-70592;R-SSC-70596;R-SSC-70613;R-TGU-70581;R-TGU-70592;R-TGU-70596;R-TGU-70613;R-XTR-70581;R-XTR-70592;R-XTR-70596;R-XTR-70613 rhea 21824;21825;21826;21827 sbo SBO:0000176 seed.reaction rxn00260	Amino acid metabolism	Amino acid metabolism	reaction name: aspartate	HIERARCHICAL_REACTION_NAME
ASPabc	L-aspartate transport via ABC system	Transport		bigg.reaction ASPabc biocyc META:TRANS-RXN0-222 ec-code 3.6.3.21 metanetx.reaction MNXR96103 rhea 29039;29040;29041;29042 sbo SBO:0000185 seed.reaction rxn05152;rxn08165	Amino acid metabolism	Amino acid metabolism	transported substrate: aspartate	TRANSPORT_SUBSTRATE_CURATED_RULE
ASPabcpp	L-aspartate transport via ABC system (periplasm)	Transport		bigg.reaction ASPabcpp biocyc META:TRANS-RXN0-222 ec-code 3.6.3.21 gpr_status PROVISIONAL metanetx.reaction MNXR96103 rhea 29039;29040;29041;29042 sbo SBO:0000185 seed.reaction rxn05152;rxn08165	Amino acid metabolism	Amino acid metabolism	transported substrate: aspartate	TRANSPORT_SUBSTRATE_CURATED_RULE
ASPtex	L-aspartate transport via diffusion (extracellular to periplasm)	Transport		bigg.reaction ASPtex biocyc META:TRANS-RXN0-554 metanetx.reaction MNXR96107 sbo SBO:0000185 seed.reaction rxn08170;rxn10906;rxn13232	Amino acid metabolism	Amino acid metabolism	transported substrate: aspartate	TRANSPORT_SUBSTRATE_CURATED_RULE
ASPtpp	L-aspartate uptake via facillitated diffusion	Transport		bigg.reaction ASPtpp sbo SBO:0000185	Amino acid metabolism	Amino acid metabolism	transported substrate: aspartate	TRANSPORT_SUBSTRATE_CURATED_RULE
ASR	Arsenate reductase	Internal metabolic		bigg.reaction ASR brenda 1.20.4.1 ec-code 1.20.4.1 metanetx.reaction MNXR96113 sbo SBO:0000176 seed.reaction rxn08171	Inorganic ion metabolism	Inorganic ion metabolism	reaction name: arsen	HIERARCHICAL_REACTION_NAME
ASR2	Arsenate reductase (thioredoxin)	Internal metabolic		bigg.reaction ASR2 biocyc META:RXN-10737 brenda 1.20.4.1;1.20.4.4 ec-code 1.20.4.-;1.20.4.1;1.20.4.4 gpr_status PROVISIONAL kegg.reaction R10927 metanetx.reaction MNXR96114 sbo SBO:0000176	Energy metabolism / respiration	Energy metabolism / respiration	reaction name: thioredoxin	HIERARCHICAL_REACTION_NAME
AST	Arginine succinyltransferase	Internal metabolic		bigg.reaction AST biocyc META:ARGININE-N-SUCCINYLTRANSFERASE-RXN brenda 2.3.1.109 ec-code 2.3.1.109 kegg.reaction R00832 metanetx.reaction MNXR96115 rhea 15185;15186;15187;15188 sbo SBO:0000176 seed.reaction rxn00601	Amino acid metabolism	Amino acid metabolism	database annotation: arginine	HIERARCHICAL_DATABASE_ANNOTATION
ATAH_1	ATAH_1	Internal metabolic		bigg.reaction ATAH_1 sbo SBO:0000176	Nitrogen metabolism	Nitrogen metabolism	metabolite context: urea	HIERARCHICAL_METABOLITE_CONTEXT
ATHRDHr	L-allo-threonine dehydrogenase	Internal metabolic		bigg.reaction ATHRDHr biocyc META:RXN-16000 brenda 1.1.1.313;1.1.1.381 ec-code 1.1.1.381;1.1.1.313 gpr_status PROVISIONAL kegg.reaction R10851 metanetx.reaction MNXR96121 rhea 30055;30056;30057;30058 sbo SBO:0000176 seed.reaction rxn08172	Energy metabolism / respiration	Energy metabolism / respiration	reaction name: hydrogenase	HIERARCHICAL_REACTION_NAME
ATPHs	ATP amine hydrolysis (spontaneous)	Internal metabolic		bigg.reaction ATPHs biocyc META:ATP-DEAMINASE-RXN brenda 3.5.4.17;3.5.4.18 ec-code 3.5.4.17;3.5.4.18 kegg.reaction R00088 metanetx.reaction MNXR96130 rhea 13037;13038;13039;13040 sbo SBO:0000176 seed.reaction rxn00064	Nitrogen metabolism	Nitrogen metabolism	metabolite context: ammonium	HIERARCHICAL_METABOLITE_CONTEXT
ATPPRT	ATP phosphoribosyltransferase	Internal metabolic		bigg.reaction ATPPRT biocyc META:ATPPHOSPHORIBOSYLTRANS-RXN brenda 2.4.2.17 ec-code 2.4.2.17 kegg.reaction R01071 metanetx.reaction MNXR96132 rhea 18473;18474;18475;18476 sbo SBO:0000176 seed.reaction rxn00789	Nucleotide metabolism	Nucleotide metabolism	database annotation: phosphoribosyl	HIERARCHICAL_DATABASE_ANNOTATION
ATPS4rpp	ATP synthase (four protons for one ATP) (periplasm)	Transport		bigg.reaction ATPS4rpp biocyc META:ATPSYN-RXN ec-code 3.6.3.14 metanetx.reaction MNXR96136 sbo SBO:0000185 seed.reaction rxn08173;rxn10042	Energy metabolism / respiration	Energy metabolism / respiration	reaction name: atp synthase	TRANSPORT_SUBSTRATE_REACTION_NAME
BDH	3-HYDROXYBUTYRATE-DEHYDROGENASE-RXN	Internal metabolic		bigg.reaction BDH;BDHm;HBNOx biocyc META:3-HYDROXYBUTYRATE-DEHYDROGENASE-RXN brenda 1.1.1.30 ec-code 1.1.1.30 gpr_status PROVISIONAL kegg.reaction R01361 metanetx.reaction MNXR96232 reactome R-ATH-5696457;R-BTA-5696457;R-BTA-73912;R-BTA-73920;R-CFA-5696457;R-CFA-73912;R-CFA-73920;R-DRE-5696457;R-DRE-73912;R-DRE-73920;R-GGA-5696457;R-GGA-73912;R-GGA-73920;R-HSA-5696457;R-HSA-73912;R-HSA-73920;R-MMU-5696457;R-MMU-73912;R-MMU-73920;R-OSA-5696457;R-RNO-5696457;R-RNO-73912;R-RNO-73920;R-SCE-5696457;R-SCE-73912;R-SCE-73920;R-SSC-5696457;R-SSC-73912;R-SSC-73920;R-TGU-5696457;R-TGU-73912;R-TGU-73920;R-XTR-5696457;R-XTR-73912;R-XTR-73920 rhea 20521;20522;20523;20524 sbo SBO:0000176 seed.reaction rxn00992;rxn27539;rxn34633	Energy metabolism / respiration	Energy metabolism / respiration	database annotation: hydrogenase	HIERARCHICAL_DATABASE_ANNOTATION
BEF	BEF	Internal metabolic		bigg.reaction BEF brenda 1.1.99.1;1.2.1.8 ec-code 1.1.99.1;1.2.1.8 gpr_status PROVISIONAL sbo SBO:0000176	Amino acid metabolism	Amino acid metabolism	metabolite context: glycine	HIERARCHICAL_METABOLITE_CONTEXT
BETALDHx	Betaine-aldehyde dehydrogenase	Internal metabolic		bigg.reaction BETALDHx;BETALDHxm biocyc META:BADH-RXN brenda 1.2.1.3;1.2.1.8 ec-code 1.2.1.8;1.2.1.3 kegg.reaction R02565 metanetx.reaction MNXR96237 reactome R-ATH-6797955;R-BTA-6797955;R-CEL-6797955;R-CFA-6797955;R-DDI-6797955;R-DME-6797955;R-DRE-6797955;R-GGA-6797955;R-HSA-6797955;R-MMU-6797955;R-OSA-6797955;R-RNO-6797955;R-SCE-6797955;R-SSC-6797955;R-TGU-6797955;R-XTR-6797955 rhea 15305;15306;15307;15308 sbo SBO:0000176 seed.reaction rxn01867;rxn19217;rxn19218;rxn19219;rxn27728	Energy metabolism / respiration	Energy metabolism / respiration	reaction name: hydrogenase	HIERARCHICAL_REACTION_NAME
BETALDHy	Betaine-aldehyde dehydrogenase	Internal metabolic		bigg.reaction BETALDHy brenda 1.2.1.3;1.2.1.8 ec-code 1.2.1.8;1.2.1.3 kegg.reaction R02566 metanetx.reaction MNXR96238 rhea 30067;30068;30069;30070 sbo SBO:0000176 seed.reaction rxn01868;rxn33130;rxn33145	Energy metabolism / respiration	Energy metabolism / respiration	reaction name: hydrogenase	HIERARCHICAL_REACTION_NAME
BHBtpp	Transport of (r)-3-hydroxybutanoate [extraorganism-cytosol](passive)	Transport		bigg.reaction BHBtpp metanetx.reaction MNXR96249 sbo SBO:0000185	PHB / storage metabolism	PHB / storage metabolism	transported substrate: 3-hydroxybutanoate	TRANSPORT_SUBSTRATE_CURATED_RULE
BPNT	3',5'-bisphosphate nucleotidase	Internal metabolic		bigg.reaction BPNT biocyc META:325-BISPHOSPHATE-NUCLEOTIDASE-RXN brenda 3.1.3.7;3.1.3.97 ec-code 3.1.3.7;3.1.3.97 kegg.reaction R00188 metanetx.reaction MNXR96321 reactome R-BTA-176606;R-CEL-176606;R-CFA-176606;R-DDI-176606;R-DME-176606;R-DRE-176606;R-GGA-176606;R-HSA-176606;R-MMU-176606;R-RNO-176606;R-SSC-176606;R-TGU-176606;R-XTR-176606 rhea 10040;10041;10042;10043 sbo SBO:0000176 seed.reaction rxn00137;rxn11357	Inorganic ion metabolism	Inorganic ion metabolism	database annotation: phosphate	HIERARCHICAL_DATABASE_ANNOTATION
BTDD_RR	R R  butanediol dehydrogenase	Internal metabolic		bigg.reaction BTDD_RR brenda 1.1.1.4 ec-code 1.1.1.4 metanetx.reaction MNXR96327 sbo SBO:0000176	Energy metabolism / respiration	Energy metabolism / respiration	reaction name: hydrogenase	HIERARCHICAL_REACTION_NAME
BTDDtpp	Butanediol  pasive diffusion	Transport		bigg.reaction BTDDtpp sbo SBO:0000185	Central carbon metabolism	Central carbon metabolism	transported substrate: butanediol	TRANSPORT_SUBSTRATE_CURATED_RULE
BTS	Butanol synthase	Internal metabolic		bigg.reaction BTS biocyc META:RXN-161 brenda 1.1.1.313 ec-code 1.1.1.-;1.1.1.313 gpr_status PROVISIONAL kegg.reaction R03544 metanetx.reaction MNXR95728 rhea 33199;33200;33201;33202 sbo SBO:0000176 seed.reaction rxn02527	Nucleotide metabolism	Nucleotide metabolism	metabolite context: nucleotide	HIERARCHICAL_METABOLITE_CONTEXT
BTS2	Biotin synthase (ala-L producing)	Internal metabolic		bigg.reaction BTS2 metanetx.reaction MNXR96341 sbo SBO:0000176 seed.reaction rxn10089	Cofactor and vitamin metabolism	Cofactor and vitamin metabolism	reaction name: biotin	HIERARCHICAL_REACTION_NAME
BTS4	Biotin synthase	Internal metabolic		bigg.reaction BTS4 brenda 2.8.1.6 ec-code 2.8.1.6 metanetx.reaction MNXR138149 sbo SBO:0000176	Cofactor and vitamin metabolism	Cofactor and vitamin metabolism	reaction name: biotin	HIERARCHICAL_REACTION_NAME
BTS_nadph	Butanol synthase (NADPH)	Internal metabolic		bigg.reaction BTS_nadph biocyc META:ENZRXN-201-RXN ec-code 1.1.1.-;1.1.1.1;1.1.1.188;1.1.1.2;1.1.1.21 kegg.reaction R03545 metanetx.reaction MNXR95729 rhea 64711;64708 sbo SBO:0000176 seed.reaction rxn02528;rxn19673	Cofactor and vitamin metabolism	Cofactor and vitamin metabolism	database annotation: nad	HIERARCHICAL_DATABASE_ANNOTATION
BUP	Beta ureidopropionase	Internal metabolic		bigg.reaction BUP metanetx.reaction MNXR173403 sbo SBO:0000176	Nitrogen metabolism	Nitrogen metabolism	metabolite context: ammonium	HIERARCHICAL_METABOLITE_CONTEXT
BUP2	Beta-ureidopropionase (D-3-amino-isobutanoate forming)	Internal metabolic		bigg.reaction BUP2 metanetx.reaction MNXR96346 sbo SBO:0000176	Nitrogen metabolism	Nitrogen metabolism	metabolite context: ammonium	HIERARCHICAL_METABOLITE_CONTEXT
BUPN	Beta-ureidopropionase	Internal metabolic		bigg.reaction BUPN;UPPN biocyc META:BETA-UREIDOPROPIONASE-RXN brenda 3.5.1.6 ec-code 3.5.1.6 kegg.reaction R00905 metanetx.reaction MNXR96347 reactome R-ATH-73591;R-BTA-73591;R-CEL-73591;R-CFA-73591;R-DDI-73591;R-DME-73591;R-DRE-73591;R-GGA-73591;R-HSA-73591;R-MMU-73591;R-OSA-73591;R-RNO-73591;R-SSC-73591;R-TGU-73591;R-XTR-73591 rhea 11184;11185;11186;11187 sbo SBO:0000176 seed.reaction rxn00654;rxn33392;rxn34582	Amino acid metabolism	Amino acid metabolism	metabolite context: alanine	HIERARCHICAL_METABOLITE_CONTEXT
BUTCT	Acetyl-CoA:butyrate-CoA transferase	Internal metabolic		bigg.reaction BUTCT brenda 2.8.3.8 ec-code 2.8.3.8 gpr_status PROVISIONAL metanetx.reaction MNXR96217 sbo SBO:0000176	Central carbon metabolism	Central carbon metabolism	reaction name: acetyl-coa	HIERARCHICAL_REACTION_NAME
BUTCT2	BUTCT2	Internal metabolic		bigg.reaction BUTCT2 metanetx.reaction MNXR147276 sbo SBO:0000176	Central carbon metabolism	Central carbon metabolism	metabolite context: acetyl-coa	HIERARCHICAL_METABOLITE_CONTEXT
BUTSO3abcpp	Butanesulfonate transport via ABC system (periplasm)	Transport		bigg.reaction BUTSO3abcpp metanetx.reaction MNXR96350 sbo SBO:0000185 seed.reaction rxn05512;rxn08181	Sulfur metabolism	Sulfur metabolism	reaction name: sulfonate	TRANSPORT_SUBSTRATE_REACTION_NAME
BUTSO3tex	Butanesulfonate transport via diffusion (extracellular to periplasm)	Transport		bigg.reaction BUTSO3tex metanetx.reaction MNXR96351 sbo SBO:0000185 seed.reaction rxn08182	Sulfur metabolism	Sulfur metabolism	reaction name: sulfonate	TRANSPORT_SUBSTRATE_REACTION_NAME
BUTt2rpp	Butyrate transport via proton symport, reversible (periplasm)	Transport		bigg.reaction BUTt2rpp gpr_status PROVISIONAL metanetx.reaction MNXR96353 sbo SBO:0000185	Central carbon metabolism	Central carbon metabolism	transported substrate: butyrate	TRANSPORT_SUBSTRATE_CURATED_RULE
BUTt4pp	Butyrate transport via sodium symport (periplasm)	Transport		bigg.reaction BUTt4pp gpr_status PROVISIONAL metanetx.reaction MNXR96354 sbo SBO:0000185	Central carbon metabolism	Central carbon metabolism	transported substrate: butyrate	TRANSPORT_SUBSTRATE_CURATED_RULE
BUTtex	Butyrate transport via diffusion (extracellular to periplasm)	Transport		bigg.reaction BUTtex metanetx.reaction MNXR96352 sbo SBO:0000185	Central carbon metabolism	Central carbon metabolism	transported substrate: butyrate	TRANSPORT_SUBSTRATE_CURATED_RULE
BZt1pp	Benzoate transport in via proton symport (periplasm)	Transport		bigg.reaction BZt1pp metanetx.reaction MNXR96371 sbo SBO:0000185 seed.reaction rxn12435	Other curated	Other curated	transport chemistry present but substrate class is outside the controlled categories	TRANSPORT_OTHER_CURATED
BZtex	Benzoate transport via diffusion (extracellular to periplasm)	Transport		bigg.reaction BZtex metanetx.reaction MNXR96370 rhea 32811;32812;32813;32814 sbo SBO:0000185 seed.reaction rxn12436	Other curated	Other curated	transport chemistry present but substrate class is outside the controlled categories	TRANSPORT_OTHER_CURATED
CA2abcpp	Calcium transport via ABC system (periplasm)	Transport		bigg.reaction CA2abcpp biocyc META:TRANS-RXN-193 ec-code 3.6.3.-;3.6.3.8 gpr_status PROVISIONAL metanetx.reaction MNXR96434 rhea 18105;18106;18107;18108 sbo SBO:0000185 seed.reaction rxn10447	Inorganic ion metabolism	Inorganic ion metabolism	transported substrate: calcium	TRANSPORT_SUBSTRATE_CURATED_RULE
CA2tex	Calcium (Ca+2) transport via diffusion (extracellular to periplasm)	Transport		bigg.reaction CA2tex biocyc META:TRANS-RXN-144;META:TRANS-RXN0-497 ec-code 3.6.3.8 metanetx.reaction MNXR96436 reactome R-ATH-2685505;R-ATH-418309;R-BTA-139854;R-BTA-139855;R-BTA-2089943;R-BTA-210420;R-BTA-2534359;R-BTA-265645;R-BTA-2685505;R-BTA-2855020;R-BTA-3295579;R-BTA-418309;R-BTA-432164;R-BTA-5263618;R-BTA-5577213;R-CEL-139854;R-CEL-2089943;R-CEL-265645;R-CEL-3295579;R-CEL-418309;R-CEL-432164;R-CEL-5263618;R-CFA-139854;R-CFA-139855;R-CFA-2089943;R-CFA-210420;R-CFA-2534359;R-CFA-265645;R-CFA-2685505;R-CFA-2855020;R-CFA-3295579;R-CFA-418309;R-CFA-432164;R-CFA-5263618;R-CFA-5577213;R-DDI-2685505;R-DDI-3295579;R-DDI-418309;R-DME-139854;R-DME-2089943;R-DME-3295579;R-DME-418309;R-DME-432164;R-DME-434802;R-DME-5263618;R-DRE-139854;R-DRE-139855;R-DRE-2089943;R-DRE-210420;R-DRE-265645;R-DRE-2685505;R-DRE-2855020;R-DRE-3295579;R-DRE-418309;R-DRE-432164;R-DRE-5263618;R-DRE-5577213;R-GGA-139854;R-GGA-139855;R-GGA-2089943;R-GGA-210420;R-GGA-265645;R-GGA-2685505;R-GGA-2855020;R-GGA-3295579;R-GGA-418309;R-GGA-432164;R-GGA-5263618;R-GGA-5577213;R-HSA-139854;R-HSA-139855;R-HSA-169683;R-HSA-2089943;R-HSA-210420;R-HSA-2534359;R-HSA-265645;R-HSA-2685505;R-HSA-2855020;R-HSA-3295579;R-HSA-418309;R-HSA-432164;R-HSA-434798;R-HSA-4420052;R-HSA-5263618;R-HSA-5577213;R-HSA-8863009;R-MMU-139854;R-MMU-139855;R-MMU-2089943;R-MMU-210420;R-MMU-2534359;R-MMU-265645;R-MMU-2685505;R-MMU-2855020;R-MMU-3295579;R-MMU-418309;R-MMU-432164;R-MMU-5263618;R-MMU-5577213;R-OSA-2685505;R-OSA-418309;R-RNO-139854;R-RNO-139855;R-RNO-182097;R-RNO-2089943;R-RNO-210420;R-RNO-2534359;R-RNO-265645;R-RNO-2685505;R-RNO-2855020;R-RNO-3295579;R-RNO-418309;R-RNO-432164;R-RNO-5263618;R-RNO-5577213;R-SCE-418309;R-SPO-418309;R-SSC-139854;R-SSC-139855;R-SSC-2089943;R-SSC-210420;R-SSC-2534359;R-SSC-265645;R-SSC-2685505;R-SSC-2855020;R-SSC-3295579;R-SSC-418309;R-SSC-432164;R-SSC-5263618;R-SSC-5577213;R-TGU-139854;R-TGU-139855;R-TGU-2089943;R-TGU-210420;R-TGU-265645;R-TGU-2685505;R-TGU-2855020;R-TGU-3295579;R-TGU-418309;R-TGU-432164;R-TGU-5263618;R-TGU-5577213;R-XTR-139854;R-XTR-139855;R-XTR-2089943;R-XTR-210420;R-XTR-265645;R-XTR-2685505;R-XTR-2855020;R-XTR-3295579;R-XTR-418309;R-XTR-432164;R-XTR-5263618;R-XTR-5577213 rhea 29671;29672;29673;29674 sbo SBO:0000185 seed.reaction rxn08186	Inorganic ion metabolism	Inorganic ion metabolism	transported substrate: calcium	TRANSPORT_SUBSTRATE_CURATED_RULE
CARNabcpp	Carnosine transport via ABC system  periplasm	Transport		bigg.reaction CARNabcpp gpr_status PROVISIONAL sbo SBO:0000185	Amino acid metabolism	Amino acid metabolism	transported substrate: carnosine	TRANSPORT_SUBSTRATE_CURATED_RULE
CARNtex	L Carnosine transport via diffusion  extracellular to periplasm	Transport		bigg.reaction CARNtex sbo SBO:0000185	Amino acid metabolism	Amino acid metabolism	transported substrate: carnosine	TRANSPORT_SUBSTRATE_CURATED_RULE
CAT	Catalase	Internal metabolic		bigg.reaction CAT;CATm;CATp;CATpp;CATr biocyc META:CATAL-RXN brenda 1.11.1.21;1.11.1.6 ec-code 1.11.1.21;1.11.1.6 kegg.reaction R00009 metanetx.reaction MNXR96455 reactome R-ATH-76031;R-BTA-76031;R-CEL-76031;R-CFA-76031;R-DDI-76031;R-DME-76031;R-DRE-76031;R-GGA-76031;R-HSA-1222704;R-HSA-76031;R-MMU-76031;R-OSA-76031;R-RNO-76031;R-SCE-76031;R-SPO-76031;R-SSC-76031;R-TGU-76031;R-XTR-76031 rhea 20309;20310;20311;20312 sbo SBO:0000176 seed.reaction rxn00006;rxn19264;rxn22404;rxn27744;rxn31381	Energy metabolism / respiration	Energy metabolism / respiration	reaction name: catalase	HIERARCHICAL_REACTION_NAME
CATpp	Catalase  periplasm	Internal metabolic		bigg.reaction CATpp;CAT;CATm;CATp;CATr biocyc META:CATAL-RXN brenda 1.11.1.6;1.11.1.21 ec-code 1.11.1.6;1.11.1.21 gpr_status PROVISIONAL kegg.reaction R00009 metanetx.reaction MNXR96455 rhea 20309 sbo SBO:0000176 seed.reaction rxn00006;rxn19264;rxn22404;rxn27744;rxn31381	Energy metabolism / respiration	Energy metabolism / respiration	reaction name: catalase	HIERARCHICAL_REACTION_NAME
CAt6pp	Calcium / sodium antiporter (1:1)	Transport		bigg.reaction CAt6pp metanetx.reaction MNXR96460 rhea 29255;29256;29257;29258 sbo SBO:0000185 seed.reaction rxn08188;rxn10448	Inorganic ion metabolism	Inorganic ion metabolism	transported substrate: calcium	TRANSPORT_SUBSTRATE_CURATED_RULE
CBMKr	Carbamate kinase	Internal metabolic		bigg.reaction CBMKr biocyc META:CARBAMATE-KINASE-RXN brenda 2.7.2.2 ec-code 2.7.2.2 gpr_status PROVISIONAL kegg.reaction R00150 metanetx.reaction MNXR96482 rhea 10152;10153;10154;10155 sbo SBO:0000176 seed.reaction rxn00114	Nitrogen metabolism	Nitrogen metabolism	metabolite context: ammonium	HIERARCHICAL_METABOLITE_CONTEXT
CBPAH	N-carbamoylputrescine amidohydrolase	Internal metabolic		bigg.reaction CBPAH;NCPA_c gpr_status PROVISIONAL metanetx.reaction MNXR96483 sbo SBO:0000176	Nitrogen metabolism	Nitrogen metabolism	metabolite context: ammonium	HIERARCHICAL_METABOLITE_CONTEXT
CBPS	Carbamoyl-phosphate synthase (glutamine-hydrolysing)	Internal metabolic		bigg.reaction CBPS;CBPSn;HCGALm biocyc META:CARBPSYN-RXN brenda 2.1.3.2;6.3.4.16;6.3.5.5 ec-code 6.3.5.5;2.1.3.2;6.3.4.16 kegg.reaction R00575 metanetx.reaction MNXR96485 reactome R-ATH-73577;R-BTA-73577;R-CEL-73577;R-CFA-73577;R-DDI-73577;R-DME-73577;R-DRE-73577;R-GGA-419440;R-GGA-73577;R-HSA-73577;R-MMU-73577;R-OSA-73577;R-PFA-73577;R-RNO-73577;R-SCE-73577;R-SPO-73577;R-SSC-73577;R-TGU-73577;R-XTR-73577 rhea 18633;18634;18635;18636 sbo SBO:0000176 seed.reaction rxn00414;rxn27743;rxn30627;rxn31216;rxn38060	Amino acid metabolism	Amino acid metabolism	reaction name: glutamine	HIERARCHICAL_REACTION_NAME
CD2abcpp	Cadmium (Cd+2) ABC transporter (periplasm)	Transport		bigg.reaction CD2abcpp biocyc META:3.6.3.3-RXN;META:3.6.3.46-RXN ec-code 3.6.3.3;3.6.3.46 gpr_status PROVISIONAL metanetx.reaction MNXR96495 rhea 12132;12133;12134;12135 sbo SBO:0000185 seed.reaction rxn05516;rxn08195	Inorganic ion metabolism	Inorganic ion metabolism	transported substrate: cadmium	TRANSPORT_SUBSTRATE_CURATED_RULE
CD2t3pp	Cadmium (Cd+2) transport out via proton antiport (periplasm)	Transport		bigg.reaction CD2t3pp biocyc META:TRANS-RXN0-244 metanetx.reaction MNXR96497 rhea 28739;28740;28741;28742 sbo SBO:0000185 seed.reaction rxn08196;rxn13814	Inorganic ion metabolism	Inorganic ion metabolism	transported substrate: cadmium	TRANSPORT_SUBSTRATE_CURATED_RULE
CD2t4	Cadminum transport out via antiport	Transport		bigg.reaction CD2t4 metanetx.reaction MNXR96498 sbo SBO:0000185 seed.reaction rxn05517	Inorganic ion metabolism	Inorganic ion metabolism	transported substrate: cadmium	TRANSPORT_SUBSTRATE_CURATED_RULE
CD2t4pp	Cadmium (Cd+2) transport out via proton antiport (periplasm)	Transport		bigg.reaction CD2t4pp gpr_status PROVISIONAL metanetx.reaction MNXR96498 sbo SBO:0000185 seed.reaction rxn05517	Inorganic ion metabolism	Inorganic ion metabolism	transported substrate: cadmium	TRANSPORT_SUBSTRATE_CURATED_RULE
CD2t5	Cadmium  Cd2  transport out via proton antiport  cytosolexternal	Transport		bigg.reaction CD2t5 gpr_status PROVISIONAL sbo SBO:0000185	Inorganic ion metabolism	Inorganic ion metabolism	transported substrate: cadmium	TRANSPORT_SUBSTRATE_CURATED_RULE
CD2t6	Cadmium  Cd2  transport out via proton antiport  periplasmexternal	Transport		bigg.reaction CD2t6 gpr_status PROVISIONAL sbo SBO:0000185	Inorganic ion metabolism	Inorganic ion metabolism	transported substrate: cadmium	TRANSPORT_SUBSTRATE_CURATED_RULE
CD2tex	Cadmium (Cd+2) transport via diffusion (extracellular to periplasm)	Transport		bigg.reaction CD2tex biocyc META:RXN0-10 metanetx.reaction MNXR96499 rhea 28707;28708;28709;28710 sbo SBO:0000185 seed.reaction rxn08197;rxn08198	Inorganic ion metabolism	Inorganic ion metabolism	transported substrate: cadmium	TRANSPORT_SUBSTRATE_CURATED_RULE
CD2tpp	Cadmium (+2) transport in via permease (no H+)	Transport		bigg.reaction CD2tpp biocyc META:RXN0-10 metanetx.reaction MNXR96499 rhea 28707;28708;28709;28710 sbo SBO:0000185 seed.reaction rxn08197;rxn08198	Inorganic ion metabolism	Inorganic ion metabolism	transported substrate: cadmium	TRANSPORT_SUBSTRATE_CURATED_RULE
CD6P	CD6P	Internal metabolic		bigg.reaction CD6P brenda 2.7.1.90 ec-code 2.7.1.90 gpr_status PROVISIONAL metanetx.reaction MNXR173114 sbo SBO:0000176	Inorganic ion metabolism	Inorganic ion metabolism	metabolite context: phosphate	HIERARCHICAL_METABOLITE_CONTEXT
CDGUNPD	3,5-cyclic-nucleotide phosphodiesterase	Internal metabolic		bigg.reaction CDGUNPD brenda 2.7.13.3;3.1.4.52 ec-code 2.7.13.3;3.1.4.52 metanetx.reaction MNXR96524 sbo SBO:0000176	Nucleotide metabolism	Nucleotide metabolism	reaction name: nucleotide	HIERARCHICAL_REACTION_NAME
CDPMEK	4-(cytidine 5'-diphospho)-2-C-methyl-D-erythritol kinase	Internal metabolic		bigg.reaction CDPMEK biocyc META:2.7.1.148-RXN brenda 2.7.1.148 ec-code 2.7.1.148 kegg.reaction R05634 metanetx.reaction MNXR96558 rhea 18437;18438;18439;18440 sbo SBO:0000176 seed.reaction rxn03908	Nucleotide metabolism	Nucleotide metabolism	reaction name: cytid	HIERARCHICAL_REACTION_NAME
CEPA	Cellobiose phosphorylase	Internal metabolic		bigg.reaction CEPA brenda 2.4.1.20 ec-code 2.4.1.20 kegg.reaction R00952;R06056 metanetx.reaction MNXR96591 sbo SBO:0000176	Inorganic ion metabolism	Inorganic ion metabolism	metabolite context: phosphate	HIERARCHICAL_METABOLITE_CONTEXT
CGLYabcpp	L-Cysteinylglycine (Cys-Gly) transport via ABC system (periplasm)	Transport		bigg.reaction CGLYabcpp gpr_status PROVISIONAL metanetx.reaction MNXR96656 sbo SBO:0000185 seed.reaction rxn05539;rxn08210	Amino acid metabolism	Amino acid metabolism	transported substrate: glycine	TRANSPORT_SUBSTRATE_CURATED_RULE
CGLYtex	L-Cysteinylglycine transport via diffusion (extracellular to periplasm)	Transport		bigg.reaction CGLYtex metanetx.reaction MNXR96658 sbo SBO:0000185 seed.reaction rxn08211	Amino acid metabolism	Amino acid metabolism	transported substrate: glycine	TRANSPORT_SUBSTRATE_CURATED_RULE
CH4St	Methanethiol diffusion	Transport		bigg.reaction CH4St metanetx.reaction MNXR96663 sbo SBO:0000185 seed.reaction rxn10470	Sulfur metabolism	Sulfur metabolism	transported substrate: methanethiol	TRANSPORT_SUBSTRATE_CURATED_RULE
CHLabc	Choline transport via ABC system	Transport		bigg.reaction CHLabc gpr_status PROVISIONAL metanetx.reaction MNXR96691 rhea 38715;38716;38717;38718 sbo SBO:0000185 seed.reaction rxn05159;rxn08212	Amino acid metabolism	Amino acid metabolism	transported substrate: choline	TRANSPORT_SUBSTRATE_CURATED_RULE
CHLabcpp	Choline transport via ABC system (periplasm)	Transport		bigg.reaction CHLabcpp metanetx.reaction MNXR96691 rhea 38715;38716;38717;38718 sbo SBO:0000185 seed.reaction rxn05159;rxn08212	Amino acid metabolism	Amino acid metabolism	transported substrate: choline	TRANSPORT_SUBSTRATE_CURATED_RULE
CHLt2	Choline transport via proton symport	Transport		bigg.reaction CHLt2 biocyc META:TRANS-RXN-99 metanetx.reaction MNXR96692 rhea 28843;28844;28845;28846 sbo SBO:0000185 seed.reaction rxn08213;rxn09692	Amino acid metabolism	Amino acid metabolism	transported substrate: choline	TRANSPORT_SUBSTRATE_CURATED_RULE
CHLt2pp	Choline transport via proton symport (periplasm)	Transport		bigg.reaction CHLt2pp biocyc META:TRANS-RXN-99 metanetx.reaction MNXR96692 rhea 28843;28844;28845;28846 sbo SBO:0000185 seed.reaction rxn08213;rxn09692	Amino acid metabolism	Amino acid metabolism	transported substrate: choline	TRANSPORT_SUBSTRATE_CURATED_RULE
CHLt3pp	Choline transport via proton antiport (periplasm)	Transport		bigg.reaction CHLt3pp gpr_status PROVISIONAL sbo SBO:0000185	Amino acid metabolism	Amino acid metabolism	transported substrate: choline	TRANSPORT_SUBSTRATE_CURATED_RULE
CHLtex	Choline transport via diffusion (extracellular to periplasm)	Transport		bigg.reaction CHLtex biocyc META:TRANS-RXN-319 metanetx.reaction MNXR96693 reactome R-ATH-444433;R-ATH-6797956;R-BTA-444433;R-BTA-6797956;R-CEL-444433;R-CFA-444433;R-CFA-6797956;R-DDI-444433;R-DDI-6797956;R-DME-444433;R-DME-6797956;R-DRE-444433;R-DRE-6797956;R-GGA-444433;R-GGA-6797956;R-HSA-444433;R-HSA-6797956;R-MMU-444433;R-MMU-6797956;R-OSA-444433;R-OSA-6797956;R-RNO-444433;R-RNO-6797956;R-SCE-444433;R-SCE-6797956;R-SSC-444433;R-SSC-6797956;R-TGU-444433;R-TGU-6797956;R-XTR-444433;R-XTR-6797956 rhea 32751;32752;32753;32754 sbo SBO:0000185 seed.reaction rxn08214	Amino acid metabolism	Amino acid metabolism	transported substrate: choline	TRANSPORT_SUBSTRATE_CURATED_RULE
CHOLD	Choline dehydrogenase	Internal metabolic		bigg.reaction CHOLD biocyc META:RXN-6021 brenda 1.1.1.1;1.1.99.1;1.2.1.8 ec-code 1.1.1.-;1.1.1.1;1.1.99.1;1.2.1.8 kegg.reaction R08557 metanetx.reaction MNXR96697 rhea 33051;33052;33053;33054 sbo SBO:0000176 seed.reaction rxn10770;rxn28318;rxn38396;rxn38397;rxn38398	Energy metabolism / respiration	Energy metabolism / respiration	reaction name: hydrogenase	HIERARCHICAL_REACTION_NAME
CHOLt4ipp	Choline  sodium cotransport	Transport		bigg.reaction CHOLt4ipp gpr_status PROVISIONAL sbo SBO:0000185	Amino acid metabolism	Amino acid metabolism	transported substrate: choline	TRANSPORT_SUBSTRATE_CURATED_RULE
CHORM	Chorismate mutase	Internal metabolic		bigg.reaction CHORM biocyc META:CHORISMATEMUT-RXN brenda 4.2.1.51;5.4.99.5 ec-code 5.4.99.5;4.2.1.51 kegg.reaction R01715 metanetx.reaction MNXR96708 rhea 13897;13898;13899;13900 sbo SBO:0000176 seed.reaction rxn01256	Amino acid metabolism	Amino acid metabolism	database annotation: chorismate	HIERARCHICAL_DATABASE_ANNOTATION
CHORS	Chorismate synthase	Internal metabolic		bigg.reaction CHORS;CHRS biocyc META:CHORISMATE-SYNTHASE-RXN brenda 4.2.3.5 ec-code 4.2.3.5 kegg.reaction R01714 metanetx.reaction MNXR96709 rhea 21020;21021;21022;21023 sbo SBO:0000176 seed.reaction rxn01255;rxn32460	Amino acid metabolism	Amino acid metabolism	database annotation: chorismate	HIERARCHICAL_DATABASE_ANNOTATION
CHORt2	Chorismate transport inout via proton symport	Transport		bigg.reaction CHORt2 metanetx.reaction MNXR96710 sbo SBO:0000185 seed.reaction rxn05519	Amino acid metabolism	Amino acid metabolism	reaction name: chorismate	TRANSPORT_SUBSTRATE_REACTION_NAME
CHRPL	Chorismate pyruvate lyase	Internal metabolic		bigg.reaction CHRPL biocyc META:CHORPYRLY-RXN brenda 4.1.3.40 ec-code 4.1.3.40 kegg.reaction R01302 metanetx.reaction MNXR96711 rhea 16505;16506;16507;16508 sbo SBO:0000176 seed.reaction rxn00966	Central carbon metabolism	Central carbon metabolism	reaction name: pyruvate	HIERARCHICAL_REACTION_NAME
CHTBStex	Chitobiose transport via diffusion (extracellular to periplasm)	Transport		bigg.reaction CHTBStex metanetx.reaction MNXR138171 sbo SBO:0000185	Carbohydrate metabolism	Carbohydrate metabolism	transported substrate: chitobiose	TRANSPORT_SUBSTRATE_CURATED_RULE
CINNMtex	Cinnamic acid transport  diffusion  extra organism	Transport		bigg.reaction CINNMtex sbo SBO:0000185	Other curated	Other curated	transport chemistry present but substrate class is outside the controlled categories	TRANSPORT_OTHER_CURATED
CINNMtpp	Cinnamic acid transport  diffusion  periplasm	Transport		bigg.reaction CINNMtpp sbo SBO:0000185	Other curated	Other curated	transport chemistry present but substrate class is outside the controlled categories	TRANSPORT_OTHER_CURATED
CITt4pp_1	Citrate transport via sodium symport  periplasm	Transport		bigg.reaction CITt4pp_1 gpr_status PROVISIONAL sbo SBO:0000185	Central carbon metabolism	Central carbon metabolism	reaction name: citrate	TRANSPORT_SUBSTRATE_REACTION_NAME
CITtex	Citrate transport via diffusion (extracellular to periplasm)	Transport		bigg.reaction CITtex metanetx.reaction MNXR96756 rhea 33183;33184;33185;33186 sbo SBO:0000185 seed.reaction rxn08217;rxn10946	Central carbon metabolism	Central carbon metabolism	reaction name: citrate	TRANSPORT_SUBSTRATE_REACTION_NAME
CITtupp	Citrate transport periplasm	Transport		bigg.reaction CITtupp gpr_status PROVISIONAL metanetx.reaction MNXR96756 rhea 33183;33184;33185;33186 sbo SBO:0000185 seed.reaction rxn08217;rxn10946	Central carbon metabolism	Central carbon metabolism	reaction name: citrate	TRANSPORT_SUBSTRATE_REACTION_NAME
CLBtex	Cellobiose transport transport via diffusion extracellular to periplasm	Transport		bigg.reaction CLBtex metanetx.reaction MNXR96760 sbo SBO:0000185	Carbohydrate metabolism	Carbohydrate metabolism	transported substrate: cellobiose	TRANSPORT_SUBSTRATE_CURATED_RULE
CLPNH120pp	Cardiolipin hydrolase (periplasm, n-C12:0)	Internal metabolic		bigg.reaction CLPNH120pp metanetx.reaction MNXR96774 sbo SBO:0000176	Lipid metabolism	Lipid metabolism	reaction name: cardiolipin	HIERARCHICAL_REACTION_NAME
CLPNH140pp	Cardiolipin hydrolase (periplasm, n-C14:0)	Internal metabolic		bigg.reaction CLPNH140pp metanetx.reaction MNXR96775 sbo SBO:0000176	Lipid metabolism	Lipid metabolism	reaction name: cardiolipin	HIERARCHICAL_REACTION_NAME
CLPNH141pp	Cardiolipin hydrolase (periplasm, n-C14:1)	Internal metabolic		bigg.reaction CLPNH141pp metanetx.reaction MNXR96776 sbo SBO:0000176	Lipid metabolism	Lipid metabolism	reaction name: cardiolipin	HIERARCHICAL_REACTION_NAME
CLPNH160pp	Cardiolipin hydrolase (periplasm, n-C16:0)	Internal metabolic		bigg.reaction CLPNH160pp metanetx.reaction MNXR96777 sbo SBO:0000176 seed.reaction rxn08222	Lipid metabolism	Lipid metabolism	reaction name: cardiolipin	HIERARCHICAL_REACTION_NAME
CLPNH161pp	Cardiolipin hydrolase (periplasm, n-C16:1)	Internal metabolic		bigg.reaction CLPNH161pp metanetx.reaction MNXR96778 sbo SBO:0000176	Lipid metabolism	Lipid metabolism	reaction name: cardiolipin	HIERARCHICAL_REACTION_NAME
CLPNH180pp	Cardiolipin hydrolase (periplasm, n-C18:0)	Internal metabolic		bigg.reaction CLPNH180pp metanetx.reaction MNXR96779 sbo SBO:0000176	Lipid metabolism	Lipid metabolism	reaction name: cardiolipin	HIERARCHICAL_REACTION_NAME
CLPNH181pp	Cardiolipin hydrolase (periplasm, n-C18:1)	Internal metabolic		bigg.reaction CLPNH181pp metanetx.reaction MNXR96780 sbo SBO:0000176	Lipid metabolism	Lipid metabolism	reaction name: cardiolipin	HIERARCHICAL_REACTION_NAME
CLPNS120pp	Cardiolipin synthase (periplasmic, n-C12:0)	Internal metabolic		bigg.reaction CLPNS120pp;CLPNS120 gpr_status PROVISIONAL metanetx.reaction MNXR96781 sbo SBO:0000176	Lipid metabolism	Lipid metabolism	reaction name: cardiolipin	HIERARCHICAL_REACTION_NAME
CLPNS140pp	Cardiolipin synthase (periplasmic, n-C14:0)	Internal metabolic		bigg.reaction CLPNS140pp;CLPNS140 gpr_status PROVISIONAL metanetx.reaction MNXR96782 sbo SBO:0000176	Lipid metabolism	Lipid metabolism	reaction name: cardiolipin	HIERARCHICAL_REACTION_NAME
CLPNS141pp	Cardiolipin synthase (periplasmic, n-C14:1)	Internal metabolic		bigg.reaction CLPNS141pp gpr_status PROVISIONAL metanetx.reaction MNXR96783 sbo SBO:0000176	Lipid metabolism	Lipid metabolism	reaction name: cardiolipin	HIERARCHICAL_REACTION_NAME
CLPNS160pp	Cardiolipin synthase (periplasmic, n-C16:0)	Internal metabolic		bigg.reaction CLPNS160pp gpr_status PROVISIONAL metanetx.reaction MNXR96784 sbo SBO:0000176 seed.reaction rxn08229	Lipid metabolism	Lipid metabolism	reaction name: cardiolipin	HIERARCHICAL_REACTION_NAME
CLPNS161pp	Cardiolipin synthase (periplasmic, n-C16:1)	Internal metabolic		bigg.reaction CLPNS161pp;CLPNS161 gpr_status PROVISIONAL metanetx.reaction MNXR96786 sbo SBO:0000176	Lipid metabolism	Lipid metabolism	reaction name: cardiolipin	HIERARCHICAL_REACTION_NAME
CLPNS180pp	Cardiolipin synthase (periplasmic, n-C18:0)	Internal metabolic		bigg.reaction CLPNS180pp;CLPNS180 gpr_status PROVISIONAL metanetx.reaction MNXR96787 sbo SBO:0000176	Lipid metabolism	Lipid metabolism	reaction name: cardiolipin	HIERARCHICAL_REACTION_NAME
CLPNS181pp	Cardiolipin synthase (periplasmic, n-C18:1)	Internal metabolic		bigg.reaction CLPNS181pp;CLPNS181 gpr_status PROVISIONAL metanetx.reaction MNXR96788 sbo SBO:0000176	Lipid metabolism	Lipid metabolism	reaction name: cardiolipin	HIERARCHICAL_REACTION_NAME
CLt3_2pp	Chloride transport out via proton antiport (2:1) (periplasm)	Transport		bigg.reaction CLt3_2pp biocyc META:RXN0-2501 gpr_status PROVISIONAL metanetx.reaction MNXR96796 rhea 29567;29568;29569;29570 sbo SBO:0000185 seed.reaction rxn08233	Inorganic ion metabolism	Inorganic ion metabolism	transported substrate: chloride	TRANSPORT_SUBSTRATE_CURATED_RULE
CLtex	Chloride (Cl-1) transport via diffusion (extracellular to periplasm)	Transport		bigg.reaction CLtex biocyc META:TRANS-RXN-139 metanetx.reaction MNXR96797 reactome R-ATH-2684901;R-ATH-427570;R-BTA-2684901;R-BTA-2744228;R-BTA-2744242;R-BTA-2744349;R-BTA-2744361;R-BTA-427570;R-BTA-975340;R-BTA-975389;R-BTA-975449;R-CEL-2684901;R-CEL-2744228;R-CEL-2744361;R-CEL-427570;R-CEL-975340;R-CEL-975389;R-CFA-2684901;R-CFA-2744228;R-CFA-2744242;R-CFA-2744349;R-CFA-2744361;R-CFA-427570;R-CFA-975340;R-CFA-975389;R-CFA-975449;R-DDI-2684901;R-DDI-2744228;R-DDI-427570;R-DME-2684901;R-DME-2744228;R-DME-2744242;R-DME-2744349;R-DME-2744361;R-DME-427570;R-DME-975340;R-DME-975389;R-DRE-2684901;R-DRE-2744228;R-DRE-2744242;R-DRE-2744349;R-DRE-2744361;R-DRE-975340;R-DRE-975389;R-DRE-975449;R-GGA-2684901;R-GGA-2744228;R-GGA-2744242;R-GGA-2744361;R-GGA-427570;R-GGA-975340;R-GGA-975389;R-GGA-975449;R-HSA-2684901;R-HSA-2744228;R-HSA-2744242;R-HSA-2744349;R-HSA-2744361;R-HSA-427570;R-HSA-975340;R-HSA-975389;R-HSA-975449;R-MMU-2684901;R-MMU-2744228;R-MMU-2744242;R-MMU-2744349;R-MMU-2744361;R-MMU-427570;R-MMU-975340;R-MMU-975389;R-MMU-975449;R-OSA-2684901;R-OSA-427570;R-PFA-427570;R-RNO-2684901;R-RNO-2744228;R-RNO-2744242;R-RNO-2744349;R-RNO-2744361;R-RNO-427570;R-RNO-975340;R-RNO-975389;R-RNO-975449;R-SCE-2744228;R-SCE-427570;R-SPO-2684901;R-SSC-2684901;R-SSC-2744228;R-SSC-2744242;R-SSC-2744349;R-SSC-2744361;R-SSC-427570;R-SSC-975340;R-SSC-975389;R-SSC-975449;R-TGU-2684901;R-TGU-2744228;R-TGU-2744242;R-TGU-2744361;R-TGU-427570;R-TGU-975340;R-TGU-975389;R-TGU-975449;R-XTR-2684901;R-XTR-2744228;R-XTR-2744242;R-XTR-2744349;R-XTR-2744361;R-XTR-427570;R-XTR-975340;R-XTR-975389;R-XTR-975449 rhea 29823;29824;29825;29826 sbo SBO:0000185 seed.reaction rxn08234;rxn10473	Inorganic ion metabolism	Inorganic ion metabolism	transported substrate: chloride	TRANSPORT_SUBSTRATE_CURATED_RULE
CO2t	CO2 transporter via diffusion	Transport		bigg.reaction CO2t biocyc META:TRANS-RXN0-545 metanetx.reaction MNXR96810 reactome R-ATH-1237042;R-ATH-1247649;R-BTA-1237042;R-BTA-1237069;R-BTA-1247645;R-BTA-1247649;R-CEL-1237069;R-CEL-1247645;R-CFA-1237042;R-CFA-1237069;R-CFA-1247645;R-CFA-1247649;R-DDI-1237042;R-DDI-1237069;R-DDI-1247645;R-DDI-1247649;R-DME-1237042;R-DME-1237069;R-DME-1247645;R-DME-1247649;R-DRE-1237042;R-DRE-1237069;R-DRE-1247645;R-DRE-1247649;R-GGA-1237042;R-GGA-1237069;R-GGA-1247645;R-GGA-1247649;R-HSA-1237042;R-HSA-1237069;R-HSA-1247645;R-HSA-1247649;R-MMU-1237042;R-MMU-1237069;R-MMU-1247645;R-MMU-1247649;R-OSA-1237042;R-OSA-1247649;R-RNO-1237042;R-RNO-1237069;R-RNO-1247645;R-RNO-1247649;R-SCE-1237042;R-SCE-1247649;R-SSC-1237042;R-SSC-1237069;R-SSC-1247645;R-SSC-1247649;R-TGU-1237042;R-TGU-1237069;R-TGU-1247645;R-TGU-1247649;R-XTR-1237069;R-XTR-1247645 sbo SBO:0000185 seed.reaction rxn05467;rxn08237;rxn08238;rxn09706;rxn09775;rxn09821;rxn09860;rxn09876	Central carbon metabolism	Central carbon metabolism	transported substrate: co2	TRANSPORT_SUBSTRATE_CURATED_RULE
CO2tex	CO2 transport via diffusion (extracellular to periplasm)	Transport		bigg.reaction CO2tex biocyc META:TRANS-RXN0-545 metanetx.reaction MNXR96810 reactome R-ATH-1237042;R-ATH-1247649;R-BTA-1237042;R-BTA-1237069;R-BTA-1247645;R-BTA-1247649;R-CEL-1237069;R-CEL-1247645;R-CFA-1237042;R-CFA-1237069;R-CFA-1247645;R-CFA-1247649;R-DDI-1237042;R-DDI-1237069;R-DDI-1247645;R-DDI-1247649;R-DME-1237042;R-DME-1237069;R-DME-1247645;R-DME-1247649;R-DRE-1237042;R-DRE-1237069;R-DRE-1247645;R-DRE-1247649;R-GGA-1237042;R-GGA-1237069;R-GGA-1247645;R-GGA-1247649;R-HSA-1237042;R-HSA-1237069;R-HSA-1247645;R-HSA-1247649;R-MMU-1237042;R-MMU-1237069;R-MMU-1247645;R-MMU-1247649;R-OSA-1237042;R-OSA-1247649;R-RNO-1237042;R-RNO-1237069;R-RNO-1247645;R-RNO-1247649;R-SCE-1237042;R-SCE-1247649;R-SSC-1237042;R-SSC-1237069;R-SSC-1247645;R-SSC-1247649;R-TGU-1237042;R-TGU-1237069;R-TGU-1247645;R-TGU-1247649;R-XTR-1237069;R-XTR-1247645 sbo SBO:0000185 seed.reaction rxn05467;rxn08237;rxn08238;rxn09706;rxn09775;rxn09821;rxn09860;rxn09876	Central carbon metabolism	Central carbon metabolism	transported substrate: co2	TRANSPORT_SUBSTRATE_CURATED_RULE
CO2tpp	CO2 transporter via diffusion (periplasm)	Transport		bigg.reaction CO2tpp biocyc META:TRANS-RXN0-545 metanetx.reaction MNXR96810 reactome R-ATH-1237042;R-ATH-1247649;R-BTA-1237042;R-BTA-1237069;R-BTA-1247645;R-BTA-1247649;R-CEL-1237069;R-CEL-1247645;R-CFA-1237042;R-CFA-1237069;R-CFA-1247645;R-CFA-1247649;R-DDI-1237042;R-DDI-1237069;R-DDI-1247645;R-DDI-1247649;R-DME-1237042;R-DME-1237069;R-DME-1247645;R-DME-1247649;R-DRE-1237042;R-DRE-1237069;R-DRE-1247645;R-DRE-1247649;R-GGA-1237042;R-GGA-1237069;R-GGA-1247645;R-GGA-1247649;R-HSA-1237042;R-HSA-1237069;R-HSA-1247645;R-HSA-1247649;R-MMU-1237042;R-MMU-1237069;R-MMU-1247645;R-MMU-1247649;R-OSA-1237042;R-OSA-1247649;R-RNO-1237042;R-RNO-1237069;R-RNO-1247645;R-RNO-1247649;R-SCE-1237042;R-SCE-1247649;R-SSC-1237042;R-SSC-1237069;R-SSC-1247645;R-SSC-1247649;R-TGU-1237042;R-TGU-1237069;R-TGU-1247645;R-TGU-1247649;R-XTR-1237069;R-XTR-1247645 sbo SBO:0000185 seed.reaction rxn05467;rxn08237;rxn08238;rxn09706;rxn09775;rxn09821;rxn09860;rxn09876	Central carbon metabolism	Central carbon metabolism	transported substrate: co2	TRANSPORT_SUBSTRATE_CURATED_RULE
COALCDH	Coniferyl alcohol dehydrogenase	Internal metabolic		bigg.reaction COALCDH gpr_status PROVISIONAL metanetx.reaction MNXR96812 sbo SBO:0000176 seed.reaction rxn12675	Energy metabolism / respiration	Energy metabolism / respiration	reaction name: hydrogenase	HIERARCHICAL_REACTION_NAME
COALDDH	Coniferyl aldehyde dehydrogenase	Internal metabolic		bigg.reaction COALDDH brenda 1.2.1.68 ec-code 1.2.1.68 gpr_status PROVISIONAL kegg.reaction R05700 metanetx.reaction MNXR96813 rhea 23968;23969;23970;23971 sbo SBO:0000176 seed.reaction rxn03970	Energy metabolism / respiration	Energy metabolism / respiration	reaction name: hydrogenase	HIERARCHICAL_REACTION_NAME
COBALT2abcpp	Cobalt (Co+2) ABC transporter (periplasm)	Transport		bigg.reaction COBALT2abcpp curation_status TRANSPORT_REBUILD_PENDING metanetx.reaction MNXR96819 rhea 32779;32780;32781;32782 sbo SBO:0000185 seed.reaction rxn08239	Inorganic ion metabolism	Inorganic ion metabolism	transported substrate: cobalt	TRANSPORT_SUBSTRATE_CURATED_RULE
COBALT2t3pp	Cobalt (Co+2) transport out via proton antiport (periplasm)	Transport		bigg.reaction COBALT2t3pp metanetx.reaction MNXR96820 sbo SBO:0000185 seed.reaction rxn08240;rxn13681	Inorganic ion metabolism	Inorganic ion metabolism	transported substrate: cobalt	TRANSPORT_SUBSTRATE_CURATED_RULE
COBALT2tex	Cobalt (Co+2) transport via diffusion (extracellular to periplasm)	Transport		bigg.reaction COBALT2tex biocyc META:TRANS-RXN-141A metanetx.reaction MNXR96821 rhea 28578;28579;28580;28581 sbo SBO:0000185 seed.reaction rxn08241;rxn08242;rxn10474	Inorganic ion metabolism	Inorganic ion metabolism	transported substrate: cobalt	TRANSPORT_SUBSTRATE_CURATED_RULE
COBALT2tpp	Cobalt transport in via permease (no H+)	Transport		bigg.reaction COBALT2tpp biocyc META:TRANS-RXN-141A metanetx.reaction MNXR96821 rhea 28578;28579;28580;28581 sbo SBO:0000185 seed.reaction rxn08241;rxn08242;rxn10474	Inorganic ion metabolism	Inorganic ion metabolism	transported substrate: cobalt	TRANSPORT_SUBSTRATE_CURATED_RULE
COBALTt4pp	Cobalt transport out via proton antiporter (periplasm)	Transport		bigg.reaction COBALTt4pp gpr_status PROVISIONAL metanetx.reaction MNXR96822 sbo SBO:0000185	Inorganic ion metabolism	Inorganic ion metabolism	transported substrate: cobalt	TRANSPORT_SUBSTRATE_CURATED_RULE
COBALTt5	Cobalt (Co+2) transport via diffusion (extracellular to cytoplasm)	Transport		bigg.reaction COBALTt5 biocyc META:TRANS-RXN-141A metanetx.reaction MNXR96821 rhea 28578;28579;28580;28581 sbo SBO:0000185 seed.reaction rxn08241;rxn08242;rxn10474	Inorganic ion metabolism	Inorganic ion metabolism	transported substrate: cobalt	TRANSPORT_SUBSTRATE_CURATED_RULE
CONFRLtex	Conyferyl alcohol transport via diffusion  extracellular to periplasm	Transport		bigg.reaction CONFRLtex metanetx.reaction MNXR96848 sbo SBO:0000185 seed.reaction rxn12793;rxn12794	Other curated	Other curated	transport chemistry present but substrate class is outside the controlled categories	TRANSPORT_OTHER_CURATED
CONFRLtpp	Conyferyl alcohol transport via diffusion   periplasm	Transport		bigg.reaction CONFRLtpp metanetx.reaction MNXR96848 sbo SBO:0000185 seed.reaction rxn12793;rxn12794	Other curated	Other curated	transport chemistry present but substrate class is outside the controlled categories	TRANSPORT_OTHER_CURATED
COabc	Cobalt transport via ABC system	Transport		bigg.reaction COabc gpr_status PROVISIONAL metanetx.reaction MNXR96862 rhea 32779;32780;32781;32782 sbo SBO:0000185 seed.reaction rxn05166	Inorganic ion metabolism	Inorganic ion metabolism	transported substrate: cobalt	TRANSPORT_SUBSTRATE_CURATED_RULE
CPK1	Adenylate kinase	Internal metabolic		bigg.reaction CPK1;CYTK6n brenda 2.7.4.3 ec-code 2.7.4.3 metanetx.reaction MNXR96876 sbo SBO:0000176	Nucleotide metabolism	Nucleotide metabolism	reaction name: adenylate	HIERARCHICAL_REACTION_NAME
CPPPGO	Coproporphyrinogen oxidase (O2 required)	Internal metabolic		bigg.reaction CPPPGO biocyc META:RXN0-1461 brenda 1.3.3.3 ec-code 1.3.3.3 kegg.reaction R03220 metanetx.reaction MNXR96880 rhea 18257;18258;18259;18260 sbo SBO:0000176 seed.reaction rxn02303;rxn25989	Energy metabolism / respiration	Energy metabolism / respiration	reaction name: oxidase	HIERARCHICAL_REACTION_NAME
CPPPGO2	Oxygen Independent coproporphyrinogen-III oxidase	Internal metabolic		bigg.reaction CPPPGO2 biocyc META:HEMN-RXN brenda 1.3.98.3;1.3.99.22 ec-code 1.3.98.3;1.3.99.22 kegg.reaction R06895 metanetx.reaction MNXR96881 rhea 15425;15426;15427;15428 sbo SBO:0000176 seed.reaction rxn04704	Energy metabolism / respiration	Energy metabolism / respiration	reaction name: oxidase	HIERARCHICAL_REACTION_NAME
CRNDH	Carnitine 3 dehydrogenase	Internal metabolic		bigg.reaction CRNDH brenda 1.1.1.108 ec-code 1.1.1.108 gpr_status PROVISIONAL metanetx.reaction MNXR155356 sbo SBO:0000176	Energy metabolism / respiration	Energy metabolism / respiration	reaction name: hydrogenase	HIERARCHICAL_REACTION_NAME
CRNtex	L-carnitine transport via diffusion (extracellular to periplasm)	Transport		bigg.reaction CRNtex metanetx.reaction MNXR96906 rhea 34959;34960;34961;34962 sbo SBO:0000185 seed.reaction rxn08265;rxn09691;rxn09773;rxn09858	Cofactor and vitamin metabolism	Cofactor and vitamin metabolism	transported substrate: carnitine	TRANSPORT_SUBSTRATE_CURATED_RULE
CRO4t3	Chromate transport out via proton antiport	Transport		bigg.reaction CRO4t3 gpr_status PROVISIONAL metanetx.reaction MNXR96913 sbo SBO:0000185 seed.reaction rxn05526	Inorganic ion metabolism	Inorganic ion metabolism	transported substrate: chromate	TRANSPORT_SUBSTRATE_CURATED_RULE
CRO4tex	Cromate transport via diffusion (extracellular to periplasm)	Transport		bigg.reaction CRO4tex metanetx.reaction MNXR96914 rhea 32819;32820;32821;32822 sbo SBO:0000185	Inorganic ion metabolism	Inorganic ion metabolism	transported substrate: chromate	TRANSPORT_SUBSTRATE_CURATED_RULE
CS	Citrate synthase	Internal metabolic		bigg.reaction CS biocyc META:CITSYN-RXN;META:RXN-14905 brenda 2.3.3.1;2.3.3.16;2.3.3.3 ec-code 2.3.3.1;2.3.3.16;2.3.3.3 kegg.reaction R00351 metanetx.reaction MNXR96920 reactome R-ATH-70975;R-BTA-70975;R-CEL-70975;R-CFA-70975;R-DDI-70975;R-DME-70975;R-DRE-70975;R-GGA-373006;R-GGA-70975;R-HSA-70975;R-MMU-70975;R-OSA-70975;R-PFA-70975;R-RNO-70975;R-SCE-70975;R-SPO-70975;R-SSC-70975;R-XTR-70975 rhea 16845;16846;16847;16848 sbo SBO:0000176 seed.reaction rxn00256	Central carbon metabolism	Central carbon metabolism	reaction name: citrate	HIERARCHICAL_REACTION_NAME
CSND	Cytosine deaminase	Internal metabolic		bigg.reaction CSND biocyc META:CYTDEAM-RXN brenda 3.5.4.1 ec-code 3.5.4.1 kegg.reaction R00974 metanetx.reaction MNXR96927 rhea 20605;20606;20607;20608 sbo SBO:0000176 seed.reaction rxn00717	Nitrogen metabolism	Nitrogen metabolism	metabolite context: ammonium	HIERARCHICAL_METABOLITE_CONTEXT
CSNt2pp	Cytosine transport in via proton symport (periplasm)	Transport		bigg.reaction CSNt2pp biocyc META:TRANS-RXN-116;META:TRANS-RXN-199 metanetx.reaction MNXR96929 rhea 29935;29936;29937;29938 sbo SBO:0000185 seed.reaction rxn05527;rxn08266	Nucleotide metabolism	Nucleotide metabolism	transported substrate: cytosine	TRANSPORT_SUBSTRATE_CURATED_RULE
CSNtex	Cytosine transport via diffusion (extracellular to periplasm)	Transport		bigg.reaction CSNtex metanetx.reaction MNXR96928 sbo SBO:0000185 seed.reaction rxn08267	Nucleotide metabolism	Nucleotide metabolism	transported substrate: cytosine	TRANSPORT_SUBSTRATE_CURATED_RULE
CT6PT	CT6PT	Internal metabolic		bigg.reaction CT6PT brenda 2.7.1.90 ec-code 2.7.1.90 gpr_status PROVISIONAL metanetx.reaction MNXR155393 sbo SBO:0000176	Inorganic ion metabolism	Inorganic ion metabolism	metabolite context: phosphate	HIERARCHICAL_METABOLITE_CONTEXT
CTECOAI6	3-cis-2-trans-enoyl-CoA isomerase	Internal metabolic		bigg.reaction CTECOAI6 brenda 5.3.3.8 ec-code 5.3.3.8 gpr_status PROVISIONAL metanetx.reaction MNXR96940 sbo SBO:0000176	Other curated	Other curated	named biochemical reaction without controlled-category match	NAMED_REACTION_FALLBACK
CTECOAI7	3-cis-2-trans-enoyl-CoA isomerase	Internal metabolic		bigg.reaction CTECOAI7 brenda 5.3.3.8 ec-code 5.3.3.8 gpr_status PROVISIONAL metanetx.reaction MNXR96941 sbo SBO:0000176	Other curated	Other curated	named biochemical reaction without controlled-category match	NAMED_REACTION_FALLBACK
CTECOAI8	3-cis-2-trans-enoyl-CoA isomerase	Internal metabolic		bigg.reaction CTECOAI8 brenda 5.3.3.8 ec-code 5.3.3.8 gpr_status PROVISIONAL metanetx.reaction MNXR96942 sbo SBO:0000176	Other curated	Other curated	named biochemical reaction without controlled-category match	NAMED_REACTION_FALLBACK
CTI1	Cis trans enoyl CoA isomerase  cis tetradec 2 enoyl CoA	Internal metabolic		bigg.reaction CTI1 metanetx.reaction MNXR155395 sbo SBO:0000176	Other curated	Other curated	named biochemical reaction without controlled-category match	NAMED_REACTION_FALLBACK
CTPS1	CTP synthase  NH3	Internal metabolic		bigg.reaction CTPS1 biocyc META:RXN-14325 brenda 6.3.4.2 ec-code 6.3.4.2 kegg.reaction R00571 metanetx.reaction MNXR96944 rhea 16597;16598;16599;16600 sbo SBO:0000176 seed.reaction rxn00410	Nitrogen metabolism	Nitrogen metabolism	metabolite context: ammonium	HIERARCHICAL_METABOLITE_CONTEXT
CTPS2	CTP synthase (glutamine)	Internal metabolic		bigg.reaction CTPS2 biocyc META:CTPSYN-RXN brenda 6.3.4.2 ec-code 6.3.4.2 kegg.reaction R00573 metanetx.reaction MNXR96945 reactome R-ATH-504054;R-ATH-73647;R-BTA-504054;R-BTA-73647;R-CFA-504054;R-CFA-73647;R-DDI-504054;R-DDI-73647;R-DME-504054;R-DME-73647;R-DRE-73647;R-GGA-504054;R-GGA-73647;R-HSA-504054;R-HSA-73647;R-MMU-504054;R-MMU-73647;R-OSA-504054;R-OSA-73647;R-PFA-504054;R-PFA-73647;R-RNO-504054;R-RNO-73647;R-SCE-504054;R-SCE-73647;R-SPO-504054;R-SPO-73647;R-SSC-504054;R-SSC-73647;R-TGU-504054;R-TGU-73647;R-XTR-504054;R-XTR-73647 rhea 26426;26427;26428;26429 sbo SBO:0000176 seed.reaction rxn00412;rxn11276	Amino acid metabolism	Amino acid metabolism	reaction name: glutamine	HIERARCHICAL_REACTION_NAME
CU2abcpp	Copper (Cu+2) ABC transporter (periplasm)	Transport		bigg.reaction CU2abcpp biocyc META:3.6.3.4-RXN;META:TRANS-RXN-178 ec-code 3.6.3.-;3.6.3.4 gpr_status PROVISIONAL metanetx.reaction MNXR96950 reactome R-ATH-936895;R-BTA-936802;R-BTA-936895;R-CEL-936802;R-CEL-936895;R-CFA-936802;R-CFA-936895;R-DDI-936895;R-DME-936802;R-DME-936895;R-DRE-936802;R-DRE-936895;R-GGA-936802;R-GGA-936895;R-HSA-936802;R-HSA-936895;R-MMU-936802;R-MMU-936895;R-OSA-936895;R-RNO-936802;R-RNO-936895;R-SCE-936895;R-SPO-936895;R-SSC-936802;R-TGU-936802;R-TGU-936895;R-XTR-936802;R-XTR-936895 rhea 10376;10377;10378;10379 sbo SBO:0000185 seed.reaction rxn05528;rxn08271	Inorganic ion metabolism	Inorganic ion metabolism	transported substrate: copper	TRANSPORT_SUBSTRATE_CURATED_RULE
CU2t4pp	Copper  Cu2  transport out via proton antiport  periplasm	Transport		bigg.reaction CU2t4pp sbo SBO:0000185	Inorganic ion metabolism	Inorganic ion metabolism	transported substrate: copper	TRANSPORT_SUBSTRATE_CURATED_RULE
CU2tex	Copper (Cu+2) transport via diffusion (extracellular to periplasm)	Transport		bigg.reaction CU2tex biocyc META:RXN0-14 metanetx.reaction MNXR96951 reactome R-BTA-437300;R-CFA-437300;R-DME-437300;R-DRE-437300;R-GGA-437300;R-HSA-437300;R-MMU-437300;R-RNO-437300;R-SCE-437300;R-SSC-437300;R-TGU-437300;R-XTR-437300 rhea 28703;28704;28705;28706 sbo SBO:0000185 seed.reaction rxn05212;rxn08273;rxn08274	Inorganic ion metabolism	Inorganic ion metabolism	transported substrate: copper	TRANSPORT_SUBSTRATE_CURATED_RULE
CU2tpp	Copper transport in via permease (no H+)	Transport		bigg.reaction CU2tpp biocyc META:RXN0-14 metanetx.reaction MNXR96951 reactome R-BTA-437300;R-CFA-437300;R-DME-437300;R-DRE-437300;R-GGA-437300;R-HSA-437300;R-MMU-437300;R-RNO-437300;R-SCE-437300;R-SSC-437300;R-TGU-437300;R-XTR-437300 rhea 28703;28704;28705;28706 sbo SBO:0000185 seed.reaction rxn05212;rxn08273;rxn08274	Inorganic ion metabolism	Inorganic ion metabolism	transported substrate: copper	TRANSPORT_SUBSTRATE_CURATED_RULE
CUabcpp	Copper transport via ABC system (periplasm)	Transport		bigg.reaction CUabcpp ec-code 3.6.3.4 gpr_status PROVISIONAL metanetx.reaction MNXR96952 rhea 10376;10377;10378;10379 sbo SBO:0000185 seed.reaction rxn10481	Inorganic ion metabolism	Inorganic ion metabolism	transported substrate: copper	TRANSPORT_SUBSTRATE_CURATED_RULE
CYANST	Cyanide sulfurtransferase	Internal metabolic		bigg.reaction CYANST biocyc META:THIOSULFATE-SULFURTRANSFERASE-RXN brenda 2.8.1.1 ec-code 2.8.1.1 gpr_status PROVISIONAL kegg.reaction R01931 metanetx.reaction MNXR138187 rhea 16881;16882;16883;16884 sbo SBO:0000176 seed.reaction rxn01416	Sulfur metabolism	Sulfur metabolism	database annotation: sulfur	HIERARCHICAL_DATABASE_ANNOTATION
CYANtex	Cyanide transport via diffusion (extracellular to periplasm)	Transport		bigg.reaction CYANtex metanetx.reaction MNXR96957 sbo SBO:0000185 seed.reaction rxn08276	Nitrogen metabolism	Nitrogen metabolism	transported substrate: cyanide	TRANSPORT_SUBSTRATE_CURATED_RULE
CYO1_KT	Ubiquinol   cytochrome c reductase	Transport		bigg.reaction CYO1_KT gpr_status PROVISIONAL metanetx.reaction MNXR96964 sbo SBO:0000185	Energy metabolism / respiration	Energy metabolism / respiration	reaction name: cytochrome	TRANSPORT_SUBSTRATE_REACTION_NAME
CYO4pp	Cytochrome c reductase  pqq dependent	Transport		bigg.reaction CYO4pp metanetx.reaction MNXR155412 sbo SBO:0000185	Energy metabolism / respiration	Energy metabolism / respiration	reaction name: cytochrome	TRANSPORT_SUBSTRATE_REACTION_NAME
CYSDDS	D-cysteine desulfhydrase	Internal metabolic		bigg.reaction CYSDDS biocyc META:DCYSDESULF-RXN brenda 3.5.99.7;4.4.1.15 ec-code 4.4.1.15;3.5.99.7 gpr_status PROVISIONAL kegg.reaction R01874 metanetx.reaction MNXR96992 rhea 11268;11269;11270;11271 sbo SBO:0000176 seed.reaction rxn01365	Amino acid metabolism	Amino acid metabolism	reaction name: cysteine	HIERARCHICAL_REACTION_NAME
CYSDS	Cysteine Desulfhydrase	Internal metabolic		bigg.reaction CYSDS biocyc META:LCYSDESULF-RXN brenda 3.5.99.7;4.4.1.1;4.4.1.13;4.4.1.28;4.4.1.8 ec-code 4.4.1.1;4.4.1.28;4.4.1.8;3.5.99.7;4.4.1.13 gpr_status PROVISIONAL kegg.reaction R00782 metanetx.reaction MNXR96994 rhea 24931;24932;24933;24934 sbo SBO:0000176 seed.reaction rxn00566	Amino acid metabolism	Amino acid metabolism	reaction name: cysteine	HIERARCHICAL_REACTION_NAME
CYSDSF	Cysteine desulfurase	Internal metabolic		bigg.reaction CYSDSF brenda 2.8.1.7 ec-code 2.8.1.7 metanetx.reaction MNXR138195 sbo SBO:0000176	Amino acid metabolism	Amino acid metabolism	reaction name: cysteine	HIERARCHICAL_REACTION_NAME
CYSS	Cysteine synthase	Internal metabolic		bigg.reaction CYSS biocyc META:ACSERLY-RXN brenda 2.5.1.47;2.5.1.65 ec-code 2.5.1.47;2.5.1.65 kegg.reaction R00897 metanetx.reaction MNXR97007 rhea 14829;14830;14831;14832 sbo SBO:0000176 seed.reaction rxn00649	Amino acid metabolism	Amino acid metabolism	reaction name: cysteine	HIERARCHICAL_REACTION_NAME
CYSS_2	Cysteine synthase	Internal metabolic		bigg.reaction CYSS_2;CYSS biocyc META:ACSERLY-RXN brenda 2.5.1.47;2.5.1.65 ec-code 2.5.1.47;2.5.1.65 kegg.reaction R00897 metanetx.reaction MNXR97007 rhea 14829;14830;14831;14832 sbo SBO:0000176 seed.reaction rxn00649	Amino acid metabolism	Amino acid metabolism	reaction name: cysteine	HIERARCHICAL_REACTION_NAME
CYSTA	Cysteine transaminase	Internal metabolic		bigg.reaction CYSTA biocyc META:CYSTEINE-AMINOTRANSFERASE-RXN brenda 2.6.1.1;2.6.1.3 ec-code 2.6.1.1;2.6.1.3 gpr_status PROVISIONAL kegg.reaction R00895;R00896 metanetx.reaction MNXR96990 rhea 17441;17442;17443;17444 sbo SBO:0000176 seed.reaction rxn00647	Amino acid metabolism	Amino acid metabolism	database annotation: cysteine	HIERARCHICAL_DATABASE_ANNOTATION
CYSTL	Cystathionine b-lyase	Internal metabolic		bigg.reaction CYSTL;CBL;CBL_m;CYSTLp biocyc META:CYSTATHIONINE-BETA-LYASE-RXN brenda 4.4.1.13;4.4.1.8 ec-code 4.4.1.8;4.4.1.13 kegg.reaction R01286 metanetx.reaction MNXR96469 rhea 13965;13966;13967;13968 sbo SBO:0000176 seed.reaction rxn15166;rxn19347;rxn30001;rxn30363;rxn30634;rxn35282	Central carbon metabolism	Central carbon metabolism	metabolite context: pyruvate	HIERARCHICAL_METABOLITE_CONTEXT
CYSTS	Cystathionine beta synthase	Internal metabolic		bigg.reaction CYSTS biocyc META:CYSTATHIONINE-BETA-SYNTHASE-RXN brenda 4.2.1.22 ec-code 4.2.1.22 kegg.reaction R01290 metanetx.reaction MNXR97019 reactome R-BTA-1614524;R-CEL-1614524;R-CFA-1614524;R-DDI-1614524;R-DME-1614524;R-DRE-1614524;R-GGA-1614524;R-HSA-1614524;R-MMU-1614524;R-RNO-1614524;R-SCE-1614524;R-TGU-1614524;R-XTR-1614524 rhea 10112;10113;10114;10115 sbo SBO:0000176 seed.reaction rxn15167;rxn30635	Amino acid metabolism	Amino acid metabolism	metabolite context: cysteine	HIERARCHICAL_METABOLITE_CONTEXT
CYSabc	L-cysteine transport via ABC system	Transport		bigg.reaction CYSabc biocyc META:TRANS-RXN-265 ec-code 3.6.3.21 metanetx.reaction MNXR97025 rhea 29783;29784;29785;29786;32795;32796;32797;32798 sbo SBO:0000185 seed.reaction rxn05237;rxn08281	Amino acid metabolism	Amino acid metabolism	transported substrate: cysteine	TRANSPORT_SUBSTRATE_CURATED_RULE
CYSabc2pp	L-cysteine export via ABC system (cytoplasm to periplasm)	Transport		bigg.reaction CYSabc2pp biocyc META:RXN0-3 ec-code 3.6.3.21 gpr_status PROVISIONAL metanetx.reaction MNXR97026 rhea 29783;29784;29785;29786;32795;32796;32797;32798 sbo SBO:0000185 seed.reaction rxn08280	Amino acid metabolism	Amino acid metabolism	transported substrate: cysteine	TRANSPORT_SUBSTRATE_CURATED_RULE
CYSabcpp	L-cysteine uptake via ABC system (periplasm)	Transport		bigg.reaction CYSabcpp biocyc META:TRANS-RXN-265 ec-code 3.6.3.21 metanetx.reaction MNXR97025 rhea 29783;29784;29785;29786;32795;32796;32797;32798 sbo SBO:0000185 seed.reaction rxn05237;rxn08281	Amino acid metabolism	Amino acid metabolism	transported substrate: cysteine	TRANSPORT_SUBSTRATE_CURATED_RULE
CYStex	L-cysteine transport via diffusion (extracellular to periplasm)	Transport		bigg.reaction CYStex biocyc META:RXN0-1924 metanetx.reaction MNXR97029 rhea 29655;29656;29657;29658 sbo SBO:0000185 seed.reaction rxn08284;rxn08286;rxn10998	Amino acid metabolism	Amino acid metabolism	transported substrate: cysteine	TRANSPORT_SUBSTRATE_CURATED_RULE
CYStpp	L-cysteine export via facilitated transport	Transport		bigg.reaction CYStpp biocyc META:RXN0-1924 gpr_status PROVISIONAL metanetx.reaction MNXR97029 rhea 29655;29656;29657;29658 sbo SBO:0000185 seed.reaction rxn08284;rxn08286;rxn10998	Amino acid metabolism	Amino acid metabolism	transported substrate: cysteine	TRANSPORT_SUBSTRATE_CURATED_RULE
CYTBD2pp	Cytochrome oxidase bd (menaquinol-8: 2 protons) (periplasm)	Transport		bigg.reaction CYTBD2pp gpr_status PROVISIONAL metanetx.reaction MNXR97032 sbo SBO:0000185 seed.reaction rxn08287;rxn10806	Energy metabolism / respiration	Energy metabolism / respiration	transported substrate: o2	TRANSPORT_SUBSTRATE_CURATED_RULE
CYTBDpp	Cytochrome oxidase bd (ubiquinol-8: 2 protons) (periplasm)	Transport		bigg.reaction CYTBDpp gpr_status PROVISIONAL metanetx.reaction MNXR97031 sbo SBO:0000185 seed.reaction rxn08288;rxn10112;rxn12494	Energy metabolism / respiration	Energy metabolism / respiration	transported substrate: o2	TRANSPORT_SUBSTRATE_CURATED_RULE
CYTBO3_4pp	Cytochrome oxidase bo3 (ubiquinol-8: 4 protons) (periplasm)	Transport		bigg.reaction CYTBO3_4pp metanetx.reaction MNXR97036 sbo SBO:0000185	Energy metabolism / respiration	Energy metabolism / respiration	transported substrate: o2	TRANSPORT_SUBSTRATE_CURATED_RULE
CYTCAA3pp	Cytochrome c oxidase aa3  2 protons1 electron    periplasm	Transport		bigg.reaction CYTCAA3pp gpr_status PROVISIONAL sbo SBO:0000185	Energy metabolism / respiration	Energy metabolism / respiration	transported substrate: o2	TRANSPORT_SUBSTRATE_CURATED_RULE
CYTD	Cytidine deaminase	Internal metabolic		bigg.reaction CYTD biocyc META:CYTIDEAM2-RXN brenda 3.5.4.5 ec-code 3.5.4.5 kegg.reaction R01878 metanetx.reaction MNXR97039 rhea 16069;16070;16071;16072 sbo SBO:0000176 seed.reaction rxn01368	Nucleotide metabolism	Nucleotide metabolism	database annotation: cytid	HIERARCHICAL_DATABASE_ANNOTATION
CYTDt2	Cytidine transport in via proton symport	Transport		bigg.reaction CYTDt2 biocyc META:TRANS-RXN-108B gpr_status PROVISIONAL metanetx.reaction MNXR97044 rhea 29983;29984;29985;29986 sbo SBO:0000185 seed.reaction rxn05198;rxn08289	Nucleotide metabolism	Nucleotide metabolism	reaction name: cytid	TRANSPORT_SUBSTRATE_REACTION_NAME
CYTDtex	Cytidine transport via diffusion (extracellular to periplasm)	Transport		bigg.reaction CYTDtex metanetx.reaction MNXR97043 sbo SBO:0000185 seed.reaction rxn08290;rxn10997;rxn13338	Nucleotide metabolism	Nucleotide metabolism	reaction name: cytid	TRANSPORT_SUBSTRATE_REACTION_NAME
CYTK1	Cytidylate kinase (CMP)	Internal metabolic		bigg.reaction CYTK1 biocyc META:RXN-11832 brenda 2.7.4.14;2.7.4.25;2.7.4.3 ec-code 2.7.4.14;2.7.4.25;2.7.4.3 kegg.reaction R00512 metanetx.reaction MNXR97047 rhea 11600;11601;11602;11603 sbo SBO:0000176 seed.reaction rxn00364	Nucleotide metabolism	Nucleotide metabolism	reaction name: cytid	HIERARCHICAL_REACTION_NAME
CYTK2	Cytidylate kinase (dCMP)	Internal metabolic		bigg.reaction CYTK2;CYTK2m;CYTK2n biocyc META:RXN-7913 brenda 2.7.4.13;2.7.4.14;2.7.4.25;2.7.4.3 ec-code 2.7.4.13;2.7.4.14;2.7.4.25;2.7.4.3 kegg.reaction R01665 metanetx.reaction MNXR97053 rhea 25094;25095;25096;25097 sbo SBO:0000176 seed.reaction rxn01219	Nucleotide metabolism	Nucleotide metabolism	reaction name: cytid	HIERARCHICAL_REACTION_NAME
CYTK2_1	Adenylate kinase	Internal metabolic		bigg.reaction CYTK2_1;CYTK3n brenda 2.7.4.3 ec-code 2.7.4.3 metanetx.reaction MNXR97054 sbo SBO:0000176	Nucleotide metabolism	Nucleotide metabolism	reaction name: adenylate	HIERARCHICAL_REACTION_NAME
Clt	Major Facilitator(MFS) TCDB:2.A.1.14.6	Transport		bigg.reaction Clt biocyc META:TRANS-RXN-139 gpr_status PROVISIONAL metanetx.reaction MNXR96797 reactome R-ATH-2684901;R-ATH-427570;R-BTA-2684901;R-BTA-2744228;R-BTA-2744242;R-BTA-2744349;R-BTA-2744361;R-BTA-427570;R-BTA-975340;R-BTA-975389;R-BTA-975449;R-CEL-2684901;R-CEL-2744228;R-CEL-2744361;R-CEL-427570;R-CEL-975340;R-CEL-975389;R-CFA-2684901;R-CFA-2744228;R-CFA-2744242;R-CFA-2744349;R-CFA-2744361;R-CFA-427570;R-CFA-975340;R-CFA-975389;R-CFA-975449;R-DDI-2684901;R-DDI-2744228;R-DDI-427570;R-DME-2684901;R-DME-2744228;R-DME-2744242;R-DME-2744349;R-DME-2744361;R-DME-427570;R-DME-975340;R-DME-975389;R-DRE-2684901;R-DRE-2744228;R-DRE-2744242;R-DRE-2744349;R-DRE-2744361;R-DRE-975340;R-DRE-975389;R-DRE-975449;R-GGA-2684901;R-GGA-2744228;R-GGA-2744242;R-GGA-2744361;R-GGA-427570;R-GGA-975340;R-GGA-975389;R-GGA-975449;R-HSA-2684901;R-HSA-2744228;R-HSA-2744242;R-HSA-2744349;R-HSA-2744361;R-HSA-427570;R-HSA-975340;R-HSA-975389;R-HSA-975449;R-MMU-2684901;R-MMU-2744228;R-MMU-2744242;R-MMU-2744349;R-MMU-2744361;R-MMU-427570;R-MMU-975340;R-MMU-975389;R-MMU-975449;R-OSA-2684901;R-OSA-427570;R-PFA-427570;R-RNO-2684901;R-RNO-2744228;R-RNO-2744242;R-RNO-2744349;R-RNO-2744361;R-RNO-427570;R-RNO-975340;R-RNO-975389;R-RNO-975449;R-SCE-2744228;R-SCE-427570;R-SPO-2684901;R-SSC-2684901;R-SSC-2744228;R-SSC-2744242;R-SSC-2744349;R-SSC-2744361;R-SSC-427570;R-SSC-975340;R-SSC-975389;R-SSC-975449;R-TGU-2684901;R-TGU-2744228;R-TGU-2744242;R-TGU-2744361;R-TGU-427570;R-TGU-975340;R-TGU-975389;R-TGU-975449;R-XTR-2684901;R-XTR-2744228;R-XTR-2744242;R-XTR-2744349;R-XTR-2744361;R-XTR-427570;R-XTR-975340;R-XTR-975389;R-XTR-975449 rhea 29823;29824;29825;29826 sbo SBO:0000185 seed.reaction rxn08234;rxn10473	Inorganic ion metabolism	Inorganic ion metabolism	transported substrate: chloride	TRANSPORT_SUBSTRATE_CURATED_RULE
Cobalt2abcppI	Cobalt II transport via ABC system periplasm I	Transport		bigg.reaction Cobalt2abcppI gpr_status PROVISIONAL metanetx.reaction MNXR96862 rhea 32779;32780;32781;32782 sbo SBO:0000185 seed.reaction rxn05166	Inorganic ion metabolism	Inorganic ion metabolism	transported substrate: cobalt	TRANSPORT_SUBSTRATE_CURATED_RULE
Cuabc	Copper transport via ABC system	Transport		bigg.reaction Cuabc ec-code 3.6.3.4 gpr_status PROVISIONAL metanetx.reaction MNXR96952 rhea 10376;10377;10378;10379 sbo SBO:0000185 seed.reaction rxn10481	Inorganic ion metabolism	Inorganic ion metabolism	transported substrate: copper	TRANSPORT_SUBSTRATE_CURATED_RULE
Cut1	Copper export via ATPase	Transport		bigg.reaction Cut1 biocyc META:3.6.3.4-RXN;META:TRANS-RXN-178 ec-code 3.6.3.-;3.6.3.4 gpr_status PROVISIONAL metanetx.reaction MNXR96950 reactome R-ATH-936895;R-BTA-936802;R-BTA-936895;R-CEL-936802;R-CEL-936895;R-CFA-936802;R-CFA-936895;R-DDI-936895;R-DME-936802;R-DME-936895;R-DRE-936802;R-DRE-936895;R-GGA-936802;R-GGA-936895;R-HSA-936802;R-HSA-936895;R-MMU-936802;R-MMU-936895;R-OSA-936895;R-RNO-936802;R-RNO-936895;R-SCE-936895;R-SPO-936895;R-SSC-936802;R-TGU-936802;R-TGU-936895;R-XTR-936802;R-XTR-936895 rhea 10376;10377;10378;10379 sbo SBO:0000185 seed.reaction rxn05528;rxn08271	Inorganic ion metabolism	Inorganic ion metabolism	transported substrate: copper	TRANSPORT_SUBSTRATE_CURATED_RULE
D3AIBT	D3AIBT	Internal metabolic		bigg.reaction D3AIBT;D3AIBTm metanetx.reaction MNXR107287 sbo SBO:0000176	Central carbon metabolism	Central carbon metabolism	metabolite context: pyruvate	HIERARCHICAL_METABOLITE_CONTEXT
D4DGCD	5 dehydro 4 deoxyglucarate dehydratase	Internal metabolic		bigg.reaction D4DGCD metanetx.reaction MNXR97069 sbo SBO:0000176	Carbohydrate metabolism	Carbohydrate metabolism	reaction name: glucarate	HIERARCHICAL_REACTION_NAME
D5KGK	2-Deoxy-5-Keto-D-gluconate kinase	Internal metabolic		bigg.reaction D5KGK biocyc META:5-DEHYDRO-2-DEOXYGLUCONOKINASE-RXN brenda 2.7.1.92 ec-code 2.7.1.92 gpr_status PROVISIONAL kegg.reaction R05661 metanetx.reaction MNXR97071 rhea 13497;13498;13499;13500 sbo SBO:0000176	Carbohydrate metabolism	Carbohydrate metabolism	reaction name: gluconate	HIERARCHICAL_REACTION_NAME
D5KGPA	2-Deoxy-5-keto-D-gluconate 6-phosphate aldolase	Internal metabolic		bigg.reaction D5KGPA biocyc META:4.1.2.29-RXN ec-code 4.1.2.29 kegg.reaction R05378 metanetx.reaction MNXR97072 rhea 13177;13178;13179;13180 sbo SBO:0000176	Inorganic ion metabolism	Inorganic ion metabolism	reaction name: phosphate	HIERARCHICAL_REACTION_NAME
DAAD	D-Amino acid dehydrogenase	Internal metabolic		bigg.reaction DAAD brenda 1.4.99.1 ec-code 1.4.99.1 gpr_status PROVISIONAL metanetx.reaction MNXR97073 sbo SBO:0000176 seed.reaction rxn08291	Energy metabolism / respiration	Energy metabolism / respiration	reaction name: hydrogenase	HIERARCHICAL_REACTION_NAME
DAAD7	D Amino acid dehydrogenase  pro D	Internal metabolic		bigg.reaction DAAD7 sbo SBO:0000176	Energy metabolism / respiration	Energy metabolism / respiration	reaction name: hydrogenase	HIERARCHICAL_REACTION_NAME
DABAAT2	DABA aminotransferase	Internal metabolic		bigg.reaction DABAAT2 brenda 2.6.1.76 ec-code 2.6.1.76 metanetx.reaction MNXR97074 sbo SBO:0000176	Amino acid metabolism	Amino acid metabolism	metabolite context: aspartate	HIERARCHICAL_METABOLITE_CONTEXT
DACL	DACL	Internal metabolic		bigg.reaction DACL metanetx.reaction MNXR155472 sbo SBO:0000176	Amino acid metabolism	Amino acid metabolism	metabolite context: glutamate	HIERARCHICAL_METABOLITE_CONTEXT
DADA	Deoxyadenosine deaminase	Internal metabolic		bigg.reaction DADA;DADAe biocyc META:ADDALT-RXN brenda 3.5.4.2;3.5.4.4 ec-code 3.5.4.4;3.5.4.2 gpr_status PROVISIONAL kegg.reaction R02556 metanetx.reaction MNXR97076 rhea 28190;28191;28192;28193 sbo SBO:0000176 seed.reaction rxn01858;rxn30004;rxn32203;rxn32204	Nucleotide metabolism	Nucleotide metabolism	reaction name: adenosine	HIERARCHICAL_REACTION_NAME
DADK	Deoxyadenylate kinase	Internal metabolic		bigg.reaction DADK;ATDAMh;ATDAMm biocyc META:DEOXYADENYLATE-KINASE-RXN brenda 2.7.4.11;2.7.4.13;2.7.4.3 ec-code 2.7.4.11;2.7.4.13;2.7.4.3 kegg.reaction R01547 metanetx.reaction MNXR96117 reactome R-BTA-110141;R-BTA-74220;R-CEL-110141;R-CEL-74220;R-CFA-110141;R-CFA-74220;R-DME-110141;R-DME-74220;R-DRE-110141;R-DRE-74220;R-GGA-110141;R-GGA-74220;R-HSA-110141;R-HSA-74220;R-MMU-110141;R-MMU-74220;R-PFA-110141;R-PFA-74220;R-RNO-110141;R-RNO-74220;R-SCE-110141;R-SCE-74220;R-SSC-110141;R-SSC-74220;R-TGU-110141;R-TGU-74220;R-XTR-110141;R-XTR-74220 rhea 23100;23101;23102;23103 sbo SBO:0000176 seed.reaction rxn01127	Nucleotide metabolism	Nucleotide metabolism	database annotation: adenylate	HIERARCHICAL_DATABASE_ANNOTATION
DADNt2	Deoxyadenosine transport in via proton symport	Transport		bigg.reaction DADNt2 biocyc META:TRANS-RXN-108C gpr_status PROVISIONAL metanetx.reaction MNXR97080 rhea 29979;29980;29981;29982 sbo SBO:0000185 seed.reaction rxn05317;rxn08292	Nucleotide metabolism	Nucleotide metabolism	reaction name: adenosine	TRANSPORT_SUBSTRATE_REACTION_NAME
DAGK120	Diacylglycerol kinase (n-C12:0)	Internal metabolic		bigg.reaction DAGK120 brenda 2.7.1.107 ec-code 2.7.1.107 metanetx.reaction MNXR97091 sbo SBO:0000176	Inorganic ion metabolism	Inorganic ion metabolism	metabolite context: phosphate	HIERARCHICAL_METABOLITE_CONTEXT
DAGK140	Diacylglycerol kinase (n-C14:0)	Internal metabolic		bigg.reaction DAGK140 brenda 2.7.1.107 ec-code 2.7.1.107 metanetx.reaction MNXR97092 sbo SBO:0000176	Inorganic ion metabolism	Inorganic ion metabolism	metabolite context: phosphate	HIERARCHICAL_METABOLITE_CONTEXT
DAGK141	Diacylglycerol kinase (n-C14:1)	Internal metabolic		bigg.reaction DAGK141 brenda 2.7.1.107 ec-code 2.7.1.107 metanetx.reaction MNXR97093 sbo SBO:0000176	Inorganic ion metabolism	Inorganic ion metabolism	metabolite context: phosphate	HIERARCHICAL_METABOLITE_CONTEXT
DAGK160	Diacylglycerol kinase (n-C16:0)	Internal metabolic		bigg.reaction DAGK160;DAGK160h brenda 2.7.1.107 ec-code 2.7.1.107 metanetx.reaction MNXR97094 sbo SBO:0000176	Inorganic ion metabolism	Inorganic ion metabolism	metabolite context: phosphate	HIERARCHICAL_METABOLITE_CONTEXT
DAGK161	Diacylglycerol kinase (n-C16:1)	Internal metabolic		bigg.reaction DAGK161 brenda 2.7.1.107 ec-code 2.7.1.107 metanetx.reaction MNXR97097 sbo SBO:0000176	Inorganic ion metabolism	Inorganic ion metabolism	metabolite context: phosphate	HIERARCHICAL_METABOLITE_CONTEXT
DAGK180	Diacylglycerol kinase (n-C18:0)	Internal metabolic		bigg.reaction DAGK180 brenda 2.7.1.107 ec-code 2.7.1.107 metanetx.reaction MNXR97098 sbo SBO:0000176	Inorganic ion metabolism	Inorganic ion metabolism	metabolite context: phosphate	HIERARCHICAL_METABOLITE_CONTEXT
DAGK181	Diacylglycerol kinase (n-C18:1)	Internal metabolic		bigg.reaction DAGK181 brenda 2.7.1.107 ec-code 2.7.1.107 metanetx.reaction MNXR97100 sbo SBO:0000176	Inorganic ion metabolism	Inorganic ion metabolism	metabolite context: phosphate	HIERARCHICAL_METABOLITE_CONTEXT
DALAabcpp	D-alanine transport via ABC peptide transporter	Transport		bigg.reaction DALAabcpp gpr_status PROVISIONAL sbo SBO:0000185	Amino acid metabolism	Amino acid metabolism	transported substrate: alanine	TRANSPORT_SUBSTRATE_CURATED_RULE
DALAt2r	D-alanine transport via proton symport	Transport		bigg.reaction DALAt2r biocyc META:TRANS-RXN-62A metanetx.reaction MNXR97135 rhea 28903;28904;28905;28906 sbo SBO:0000185 seed.reaction rxn05494;rxn08301	Amino acid metabolism	Amino acid metabolism	transported substrate: alanine	TRANSPORT_SUBSTRATE_CURATED_RULE
DALAtex	D-Alanine transport via diffusion (extracellular to periplasm)	Transport		bigg.reaction DALAtex metanetx.reaction MNXR95702 sbo SBO:0000185 seed.reaction rxn08302;rxn10991	Amino acid metabolism	Amino acid metabolism	transported substrate: alanine	TRANSPORT_SUBSTRATE_CURATED_RULE
DAPDC	Diaminopimelate decarboxylase	Internal metabolic		bigg.reaction DAPDC biocyc META:DIAMINOPIMDECARB-RXN brenda 4.1.1.20 ec-code 4.1.1.20 kegg.reaction R00451 metanetx.reaction MNXR97141 rhea 15101;15102;15103;15104 sbo SBO:0000176 seed.reaction rxn00313	Cell envelope / membrane biosynthesis	Cell envelope / membrane biosynthesis	reaction name: diaminopimelate	HIERARCHICAL_REACTION_NAME
DAPE	Diaminopimelate epimerase	Internal metabolic		bigg.reaction DAPE;DAPEP_h biocyc META:DIAMINOPIMEPIM-RXN brenda 5.1.1.7 ec-code 5.1.1.7 kegg.reaction R02735 metanetx.reaction MNXR97143 rhea 15393;15394;15395;15396 sbo SBO:0000176 seed.reaction rxn01974;rxn27789	Cell envelope / membrane biosynthesis	Cell envelope / membrane biosynthesis	curated reaction-ID mapping	CURATED_ID_OVERRIDE
DARBabcpp	D-arabinose transport via ABC system (periplasm)	Transport		bigg.reaction DARBabcpp curation_status TRANSPORT_REBUILD_PENDING metanetx.reaction MNXR95934 sbo SBO:0000185 seed.reaction rxn10822	Carbohydrate metabolism	Carbohydrate metabolism	transported substrate: arabinose	TRANSPORT_SUBSTRATE_CURATED_RULE
DARBt3ipp	D-arabinose transport via proton antiport (periplasm)	Transport		bigg.reaction DARBt3ipp metanetx.reaction MNXR97149 sbo SBO:0000185	Carbohydrate metabolism	Carbohydrate metabolism	transported substrate: arabinose	TRANSPORT_SUBSTRATE_CURATED_RULE
DARBtex	D-arabinose transport via diffusion (extracellular to periplasm)	Transport		bigg.reaction DARBtex metanetx.reaction MNXR95912 sbo SBO:0000185 seed.reaction rxn05499	Carbohydrate metabolism	Carbohydrate metabolism	transported substrate: arabinose	TRANSPORT_SUBSTRATE_CURATED_RULE
DASYN120	CDP-diacylglycerol synthetase (n-C12:0)	Internal metabolic		bigg.reaction DASYN120 brenda 2.7.7.41 ec-code 2.7.7.41 metanetx.reaction MNXR97154 sbo SBO:0000176 seed.reaction rxn08306	Inorganic ion metabolism	Inorganic ion metabolism	metabolite context: phosphate	HIERARCHICAL_METABOLITE_CONTEXT
DASYN140	CDP-diacylglycerol synthetase (n-C14:0)	Internal metabolic		bigg.reaction DASYN140 brenda 2.7.7.41 ec-code 2.7.7.41 metanetx.reaction MNXR97155 sbo SBO:0000176 seed.reaction rxn08307	Inorganic ion metabolism	Inorganic ion metabolism	metabolite context: phosphate	HIERARCHICAL_METABOLITE_CONTEXT
DASYN141	CDP-diacylglycerol synthetase (n-C14:1)	Internal metabolic		bigg.reaction DASYN141 brenda 2.7.7.41 ec-code 2.7.7.41 metanetx.reaction MNXR97156 sbo SBO:0000176 seed.reaction rxn08308	Inorganic ion metabolism	Inorganic ion metabolism	metabolite context: phosphate	HIERARCHICAL_METABOLITE_CONTEXT
DASYN160	CDP-diacylglycerol synthetase (n-C16:0)	Internal metabolic		bigg.reaction DASYN160 brenda 2.7.7.41 ec-code 2.7.7.41 metanetx.reaction MNXR97157 sbo SBO:0000176 seed.reaction rxn08309	Inorganic ion metabolism	Inorganic ion metabolism	metabolite context: phosphate	HIERARCHICAL_METABOLITE_CONTEXT
DASYN161	CDP-diacylglycerol synthetase (n-C16:1)	Internal metabolic		bigg.reaction DASYN161 brenda 2.7.7.41 ec-code 2.7.7.41 metanetx.reaction MNXR97159 sbo SBO:0000176 seed.reaction rxn08310	Inorganic ion metabolism	Inorganic ion metabolism	metabolite context: phosphate	HIERARCHICAL_METABOLITE_CONTEXT
DASYN180	CDP-diacylglycerol synthetase (n-C18:0)	Internal metabolic		bigg.reaction DASYN180 brenda 2.7.7.41 ec-code 2.7.7.41 metanetx.reaction MNXR97160 sbo SBO:0000176 seed.reaction rxn08311	Inorganic ion metabolism	Inorganic ion metabolism	metabolite context: phosphate	HIERARCHICAL_METABOLITE_CONTEXT
DASYN181	CDP-diacylglycerol synthetase (n-C18:1)	Internal metabolic		bigg.reaction DASYN181 brenda 2.7.7.41 ec-code 2.7.7.41 metanetx.reaction MNXR97161 sbo SBO:0000176 seed.reaction rxn08312	Inorganic ion metabolism	Inorganic ion metabolism	metabolite context: phosphate	HIERARCHICAL_METABOLITE_CONTEXT
DATPHs	DATP amine hydrolysis (spontaneous)	Internal metabolic		bigg.reaction DATPHs metanetx.reaction MNXR97174 sbo SBO:0000176 seed.reaction rxn08313	Nitrogen metabolism	Nitrogen metabolism	metabolite context: ammonium	HIERARCHICAL_METABOLITE_CONTEXT
DB4PS	3,4-Dihydroxy-2-butanone-4-phosphate synthase	Internal metabolic		bigg.reaction DB4PS brenda 3.5.4.25;4.1.99.12 ec-code 4.1.99.12;3.5.4.25 kegg.reaction R07281 metanetx.reaction MNXR97178 rhea 18460 sbo SBO:0000176 seed.reaction rxn05040	Inorganic ion metabolism	Inorganic ion metabolism	reaction name: phosphate	HIERARCHICAL_REACTION_NAME
DC6PH	Diacetylchitobiose-6-phosphate hydrolase	Internal metabolic		bigg.reaction DC6PH metanetx.reaction MNXR96671 sbo SBO:0000176	Inorganic ion metabolism	Inorganic ion metabolism	reaction name: phosphate	HIERARCHICAL_REACTION_NAME
DCAtex	Decanoate transport via diffusion (extracellular to periplasm)	Transport		bigg.reaction DCAtex metanetx.reaction MNXR97181 sbo SBO:0000185	Lipid metabolism	Lipid metabolism	transported substrate: decanoate	TRANSPORT_SUBSTRATE_CURATED_RULE
DCTPD	DCTP deaminase	Internal metabolic		bigg.reaction DCTPD biocyc META:DCTP-DEAM-RXN brenda 3.5.4.13 ec-code 3.5.4.13 kegg.reaction R02325 metanetx.reaction MNXR97201 rhea 22680;22681;22682;22683 sbo SBO:0000176 seed.reaction rxn01672	Nitrogen metabolism	Nitrogen metabolism	metabolite context: ammonium	HIERARCHICAL_METABOLITE_CONTEXT
DCTPD2	DCTP deaminase	Internal metabolic		bigg.reaction DCTPD2 biocyc META:RXN-14118 brenda 3.5.4.13 ec-code 3.5.4.13 kegg.reaction R00568 metanetx.reaction MNXR97202 rhea 30335;30336;30337;30338 sbo SBO:0000176 seed.reaction rxn00407	Nitrogen metabolism	Nitrogen metabolism	metabolite context: ammonium	HIERARCHICAL_METABOLITE_CONTEXT
DCYTD	Deoxycytidine deaminase	Internal metabolic		bigg.reaction DCYTD;DCYTDn biocyc META:CYTIDEAM-RXN brenda 3.5.4.5 ec-code 3.5.4.5 kegg.reaction R02485 metanetx.reaction MNXR97207 reactome R-BTA-73608;R-CEL-73608;R-CFA-73608;R-DDI-73608;R-DME-73608;R-DRE-73608;R-GGA-73608;R-HSA-73608;R-MMU-73608;R-RNO-73608;R-SCE-73608;R-SPO-73608;R-SSC-73608;R-TGU-73608 rhea 13433;13434;13435;13436 sbo SBO:0000176 seed.reaction rxn01800;rxn30007	Nucleotide metabolism	Nucleotide metabolism	database annotation: cytid	HIERARCHICAL_DATABASE_ANNOTATION
DCYTt2	Deoxycytidine transport in via proton symport	Transport		bigg.reaction DCYTt2 biocyc META:TRANS-RXN-108D gpr_status PROVISIONAL metanetx.reaction MNXR97209 rhea 29975;29976;29977;29978 sbo SBO:0000185 seed.reaction rxn05205;rxn08316	Nucleotide metabolism	Nucleotide metabolism	reaction name: cytid	TRANSPORT_SUBSTRATE_REACTION_NAME
DDCAtexi	Fatty acid (dodecanoate) transport via facilitated irreversible diffusion (extracellular to periplasm)	Transport		bigg.reaction DDCAtexi metanetx.reaction MNXR97211 sbo SBO:0000185	Lipid metabolism	Lipid metabolism	transported substrate: fatty acid	TRANSPORT_SUBSTRATE_CURATED_RULE
DDGALK	2-dehydro-3-deoxygalactonokinase	Internal metabolic		bigg.reaction DDGALK biocyc META:DEHYDDEOXGALACTKIN-RXN brenda 2.7.1.178;2.7.1.58 ec-code 2.7.1.178;2.7.1.58 kegg.reaction R03387 metanetx.reaction MNXR97213 rhea 16525;16526;16527;16528 sbo SBO:0000176 seed.reaction rxn02429	Inorganic ion metabolism	Inorganic ion metabolism	metabolite context: phosphate	HIERARCHICAL_METABOLITE_CONTEXT
DDGLK	2-dehydro-3-deoxygluconokinase	Internal metabolic		bigg.reaction DDGLK biocyc META:DEOXYGLUCONOKIN-RXN brenda 2.7.1.178;2.7.1.45 ec-code 2.7.1.178;2.7.1.45 kegg.reaction R01541 metanetx.reaction MNXR138209 rhea 14797;14798;14799;14800 sbo SBO:0000176 seed.reaction rxn01123	Inorganic ion metabolism	Inorganic ion metabolism	metabolite context: phosphate	HIERARCHICAL_METABOLITE_CONTEXT
DDPA	3-deoxy-D-arabino-heptulosonate 7-phosphate synthetase	Internal metabolic		bigg.reaction DDPA;DDPAm;DPHS biocyc META:DAHPSYN-RXN brenda 2.5.1.54 ec-code 2.5.1.54 kegg.reaction R01826 metanetx.reaction MNXR97218 reactome R-MTU-964912 rhea 14717;14718;14719;14720 sbo SBO:0000176 seed.reaction rxn01332;rxn30366;rxn30649;rxn32105;rxn38069	Inorganic ion metabolism	Inorganic ion metabolism	reaction name: phosphate	HIERARCHICAL_REACTION_NAME
DDPGA	2-dehydro-3-deoxy-phosphogluconate aldolase	Internal metabolic		bigg.reaction DDPGA biocyc META:4OH2OXOGLUTARALDOL-RXN brenda 4.1.2.14;4.1.3.16;4.1.3.42 ec-code 4.1.3.16;4.1.3.42;4.1.2.14 kegg.reaction R00470 metanetx.reaction MNXR97219 rhea 18169;18170;18171;18172 sbo SBO:0000176 seed.reaction rxn00328	Carbohydrate metabolism	Carbohydrate metabolism	reaction name: gluconate	HIERARCHICAL_REACTION_NAME
DDPGALA	2-dehydro-3-deoxy-6-phosphogalactonate aldolase	Internal metabolic		bigg.reaction DDPGALA biocyc META:DEHYDDEOXPHOSGALACT-ALDOL-RXN brenda 4.1.2.21;4.1.2.55 ec-code 4.1.2.21;4.1.2.55 kegg.reaction R01064 metanetx.reaction MNXR97220 rhea 24464;24465;24466;24467 sbo SBO:0000176 seed.reaction rxn00783	Carbohydrate metabolism	Carbohydrate metabolism	reaction name: galactonate	HIERARCHICAL_REACTION_NAME
DEXTRINt2	Dextrin transport in via proton symport	Transport		bigg.reaction DEXTRINt2 metanetx.reaction MNXR97260 sbo SBO:0000185 seed.reaction rxn05531	Carbohydrate metabolism	Carbohydrate metabolism	transported substrate: dextrin	TRANSPORT_SUBSTRATE_CURATED_RULE
DGK1	Deoxyguanylate kinase (dGMP:ATP)	Internal metabolic		bigg.reaction DGK1 biocyc META:GMKALT-RXN brenda 2.7.4.12;2.7.4.13;2.7.4.8 ec-code 2.7.4.12;2.7.4.13;2.7.4.8 kegg.reaction R02090 metanetx.reaction MNXR97320 reactome R-BTA-110133;R-BTA-73788;R-CEL-110133;R-CEL-73788;R-CFA-110133;R-CFA-73788;R-DDI-110133;R-DDI-73788;R-DME-110133;R-DME-73788;R-DRE-110133;R-DRE-73788;R-GGA-110133;R-GGA-73788;R-HSA-110133;R-HSA-73788;R-MMU-110133;R-MMU-73788;R-PFA-110133;R-PFA-73788;R-RNO-110133;R-RNO-73788;R-SCE-110133;R-SCE-73788;R-SPO-110133;R-SPO-73788;R-SSC-110133;R-SSC-73788;R-TGU-110133;R-TGU-73788;R-XTR-110133;R-XTR-73788 rhea 12697;12698;12699;12700 sbo SBO:0000176 seed.reaction rxn01509	Nucleotide metabolism	Nucleotide metabolism	reaction name: guanyl	HIERARCHICAL_REACTION_NAME
DGSNtex	Deoxyguanosine transport via diffusion (extracellular to periplasm)	Transport		bigg.reaction DGSNtex metanetx.reaction MNXR97324 sbo SBO:0000185 seed.reaction rxn08324	Nucleotide metabolism	Nucleotide metabolism	transported substrate: guanosine	TRANSPORT_SUBSTRATE_CURATED_RULE
DGUNC	Diguanylate cyclase	Internal metabolic		bigg.reaction DGUNC metanetx.reaction MNXR97353 sbo SBO:0000176	Nucleotide metabolism	Nucleotide metabolism	reaction name: guanyl	HIERARCHICAL_REACTION_NAME
DHAD1	Dihydroxy-acid dehydratase (2,3-dihydroxy-3-methylbutanoate)	Internal metabolic		bigg.reaction DHAD1;DHAD1m;DHAD_3mob_h biocyc META:DIHYDROXYISOVALDEHYDRAT-RXN brenda 4.2.1.9 ec-code 4.2.1.9 kegg.reaction R04441 metanetx.reaction MNXR97358 rhea 24809;24810;24811;24812 sbo SBO:0000176 seed.reaction rxn15467;rxn30367;rxn35527	Other curated	Other curated	named biochemical reaction without controlled-category match	NAMED_REACTION_FALLBACK
DHAD2	Dihydroxy-acid dehydratase (2,3-dihydroxy-3-methylpentanoate)	Internal metabolic		bigg.reaction DHAD2 biocyc META:DIHYDROXYMETVALDEHYDRAT-RXN brenda 4.2.1.9 ec-code 4.2.1.9 kegg.reaction R05070 metanetx.reaction MNXR97359 rhea 27694;27695;27696;27697 sbo SBO:0000176	Other curated	Other curated	named biochemical reaction without controlled-category match	NAMED_REACTION_FALLBACK
DHAK	Dihydroxyacetone kinase	Internal metabolic		bigg.reaction DHAK;HMR_7755 biocyc META:GLYCERONE-KINASE-RXN brenda 2.7.1.29 ec-code 2.7.1.29 kegg.reaction R01011 metanetx.reaction MNXR97361 rhea 15773;15774;15775;15776 sbo SBO:0000176 seed.reaction rxn00744	Inorganic ion metabolism	Inorganic ion metabolism	metabolite context: phosphate	HIERARCHICAL_METABOLITE_CONTEXT
DHAPT	Dihydroxyacetone phosphotransferase	Internal metabolic		bigg.reaction DHAPT biocyc META:2.7.1.121-RXN brenda 2.7.1.121 ec-code 2.7.1.121 kegg.reaction R01012 metanetx.reaction MNXR97364 rhea 18381;18382;18383;18384 sbo SBO:0000176 seed.reaction rxn00745	Central carbon metabolism	Central carbon metabolism	metabolite context: pyruvate	HIERARCHICAL_METABOLITE_CONTEXT
DHAt	Dihydroxyacetone transport via facilitated diffusion	Transport		bigg.reaction DHAt biocyc META:TRANS-RXN0-559 metanetx.reaction MNXR97367 sbo SBO:0000185 seed.reaction rxn05532;rxn08325;rxn08326	Other curated	Other curated	transport chemistry present but substrate class is outside the controlled categories	TRANSPORT_OTHER_CURATED
DHDPRx_r	Dihydrodipicolinate reductase (NADH) reversible	Internal metabolic		bigg.reaction DHDPRx_r brenda 1.17.1.8;1.3.1.26 ec-code 1.3.1.26;1.17.1.8 gpr_status PROVISIONAL metanetx.reaction MNXR134417 sbo SBO:0000176 seed.reaction rxn02928;rxn27816	Cofactor and vitamin metabolism	Cofactor and vitamin metabolism	reaction name: nad	HIERARCHICAL_REACTION_NAME
DHDPRy	Dihydrodipicolinate reductase (NADPH)	Internal metabolic		bigg.reaction DHDPRy;DHPR_h brenda 1.17.1.8;1.3.1.26 ec-code 1.3.1.26;1.17.1.8 gpr_status PROVISIONAL metanetx.reaction MNXR134418 sbo SBO:0000176 seed.reaction rxn02929;rxn27815	Cofactor and vitamin metabolism	Cofactor and vitamin metabolism	reaction name: nad	HIERARCHICAL_REACTION_NAME
DHDPS	Dihydrodipicolinate synthase	Internal metabolic		bigg.reaction DHDPS;DHPS_h brenda 4.3.3.7 ec-code 4.3.3.7 gpr_status PROVISIONAL metanetx.reaction MNXR125801 rhea 14845;14846;14847;14848 sbo SBO:0000176 seed.reaction rxn01644;rxn19487	Central carbon metabolism	Central carbon metabolism	metabolite context: pyruvate	HIERARCHICAL_METABOLITE_CONTEXT
DHFR	Dihydrofolate reductase	Internal metabolic		bigg.reaction DHFR brenda 1.5.1.3 ec-code 1.5.1.3 kegg.reaction R00939 metanetx.reaction MNXR97401 reactome R-BTA-197972;R-CEL-197972;R-CFA-197972;R-DDI-197972;R-DME-197972;R-DRE-197972;R-GGA-197972;R-HSA-197972;R-MMU-197972;R-RNO-197972;R-SCE-197972;R-SPO-197972;R-SSC-197972;R-TGU-197972;R-XTR-197972 rhea 15009;15010;15011;15012 sbo SBO:0000176	Cofactor and vitamin metabolism	Cofactor and vitamin metabolism	reaction name: folate	HIERARCHICAL_REACTION_NAME
DHFS	Dihydrofolate synthase	Internal metabolic		bigg.reaction DHFS biocyc META:DIHYDROFOLATESYNTH-RXN brenda 6.3.2.12;6.3.2.17 ec-code 6.3.2.12;6.3.2.17 kegg.reaction R02237 metanetx.reaction MNXR140043 rhea 23584;23585;23586;23587 sbo SBO:0000176 seed.reaction rxn01603;rxn19488	Cofactor and vitamin metabolism	Cofactor and vitamin metabolism	database annotation: folate	HIERARCHICAL_DATABASE_ANNOTATION
DHMPTRx	Dihydromonapterin reductase	Internal metabolic		bigg.reaction DHMPTRx metanetx.reaction MNXR155800 sbo SBO:0000176	Nucleotide metabolism	Nucleotide metabolism	metabolite context: nucleotide	HIERARCHICAL_METABOLITE_CONTEXT
DHNAOT4	1,4-dihydroxy-2-naphthoate octaprenyltransferase	Internal metabolic		bigg.reaction DHNAOT4 biocyc META:DMK-RXN brenda 2.5.1.74 ec-code 2.5.1.74 metanetx.reaction MNXR97408 rhea 30099;30100;30101;30102 sbo SBO:0000176 seed.reaction rxn08333	Energy metabolism / respiration	Energy metabolism / respiration	metabolite context: quinol	HIERARCHICAL_METABOLITE_CONTEXT
DHNCOAS	1,4-dihydroxy-2-napthoyl-CoA synthase	Internal metabolic		bigg.reaction DHNCOAS brenda 4.1.3.36 ec-code 4.1.3.36 metanetx.reaction MNXR97412 sbo SBO:0000176	Other curated	Other curated	named biochemical reaction without controlled-category match	NAMED_REACTION_FALLBACK
DHNCOAT	1,4-dihydroxy-2-napthoyl-CoA thioesterase	Internal metabolic		bigg.reaction DHNCOAT metanetx.reaction MNXR97413 sbo SBO:0000176	Cofactor and vitamin metabolism	Cofactor and vitamin metabolism	metabolite context: coenzyme	HIERARCHICAL_METABOLITE_CONTEXT
DHNPA_1	Dihydroneopterin aldolase	Internal metabolic		bigg.reaction DHNPA_1 brenda 2.7.6.3;4.1.2.25 ec-code 2.7.6.3;4.1.2.25 metanetx.reaction MNXR138235 sbo SBO:0000176	Cofactor and vitamin metabolism	Cofactor and vitamin metabolism	curated reaction-ID mapping	CURATED_ID_OVERRIDE
DHORD2	Dihydoorotic acid dehydrogenase (quinone8)	Internal metabolic		bigg.reaction DHORD2;DHORD9m brenda 1.3.5.2 ec-code 1.3.5.2 metanetx.reaction MNXR97418 rhea 28687;28688;28689;28690 sbo SBO:0000176 seed.reaction rxn08335;rxn36702;rxn37588;rxn37592;rxn37676;rxn38081	Energy metabolism / respiration	Energy metabolism / respiration	reaction name: quinone	HIERARCHICAL_REACTION_NAME
DHORD5	Dihydroorotic acid (menaquinone-8)	Internal metabolic		bigg.reaction DHORD5 brenda 1.3.5.2 ec-code 1.3.5.2 metanetx.reaction MNXR97421 rhea 29199;29200;29201;29202 sbo SBO:0000176 seed.reaction rxn08336	Energy metabolism / respiration	Energy metabolism / respiration	reaction name: quinone	HIERARCHICAL_REACTION_NAME
DHORDfum	Fumarate dependent DHORD	Internal metabolic		bigg.reaction DHORDfum biocyc META:RXN-9929 brenda 1.3.5.2;1.3.98.1 ec-code 1.3.98.1;1.3.5.2 gpr_status PROVISIONAL kegg.reaction R01867 metanetx.reaction MNXR97425 rhea 30059;30060;30061;30062 sbo SBO:0000176 seed.reaction rxn13251;rxn37804	Central carbon metabolism	Central carbon metabolism	reaction name: fumarate	HIERARCHICAL_REACTION_NAME
DHORTS	Dihydroorotase	Internal metabolic		bigg.reaction DHORTS;DHORTSn biocyc META:DIHYDROOROT-RXN brenda 2.1.3.2;3.5.2.3 ec-code 3.5.2.3;2.1.3.2 kegg.reaction R01993 metanetx.reaction MNXR97428 reactome R-ATH-73571;R-BTA-73571;R-CEL-73571;R-CFA-73571;R-DDI-73571;R-DME-73571;R-DRE-73571;R-GGA-419465;R-GGA-73571;R-HSA-73571;R-MMU-73571;R-OSA-73571;R-PFA-73571;R-RNO-73571;R-SCE-73571;R-SPO-73571;R-SSC-73571;R-TGU-73571;R-XTR-73571 rhea 24296;24297;24298;24299 sbo SBO:0000176 seed.reaction rxn01465;rxn27794;rxn35449	Amino acid metabolism	Amino acid metabolism	metabolite context: aspartate	HIERARCHICAL_METABOLITE_CONTEXT
DHPACCOAHIT	1,2-Dihydroxy-1,2-dihydrophenylacetyl-CoA Hydratase/Isomerase/Ketothiolase complex	Internal metabolic		bigg.reaction DHPACCOAHIT gpr_status PROVISIONAL metanetx.reaction MNXR97429 sbo SBO:0000176 seed.reaction rxn12772	Central carbon metabolism	Central carbon metabolism	reaction name: acetyl-coa	HIERARCHICAL_REACTION_NAME
DHPM1	Dihydropyrimidinase (5,6-dihydrouracil)	Internal metabolic		bigg.reaction DHPM1 biocyc META:DIHYDROPYRIMIDINASE-RXN brenda 3.5.2.2 ec-code 3.5.2.2;3.4.19.- kegg.reaction R02269 metanetx.reaction MNXR97432 reactome R-ATH-73589;R-BTA-73589;R-CEL-73589;R-CFA-73589;R-DDI-73589;R-DRE-73589;R-GGA-73589;R-HSA-73589;R-MMU-73589;R-OSA-73589;R-RNO-73589;R-SCE-73589;R-SSC-73589;R-TGU-73589;R-XTR-73589 rhea 16121;16122;16123;16124 sbo SBO:0000176 seed.reaction rxn01626;rxn31924	Amino acid metabolism	Amino acid metabolism	metabolite context: alanine	HIERARCHICAL_METABOLITE_CONTEXT
DHPM2	Dihydropyrimidinase (dihydrothymine)	Internal metabolic		bigg.reaction DHPM2 brenda 3.5.2.2 ec-code 3.5.2.2;3.4.19.- metanetx.reaction MNXR97433 rhea 37335;37336;37337;37338 sbo SBO:0000176 seed.reaction rxn02190	Nucleotide metabolism	Nucleotide metabolism	reaction name: thym	HIERARCHICAL_REACTION_NAME
DHPPDA	Diaminohydroxyphosphoribosylaminopyrimidine deaminase	Internal metabolic		bigg.reaction DHPPDA metanetx.reaction MNXR97430 sbo SBO:0000176	Nucleotide metabolism	Nucleotide metabolism	reaction name: pyrimidine	HIERARCHICAL_REACTION_NAME
DHPPDA2	Diaminohydroxyphosphoribosylaminopryrimidine deaminase (25drapp)	Internal metabolic		bigg.reaction DHPPDA2 biocyc META:RIBOFLAVINSYNDEAM-RXN brenda 1.1.1.193;3.5.4.26 ec-code 3.5.4.26;1.1.1.193 kegg.reaction R03459 metanetx.reaction MNXR97435 rhea 21868;21869;21870;21871 sbo SBO:0000176	Cofactor and vitamin metabolism	Cofactor and vitamin metabolism	database annotation: riboflavin	HIERARCHICAL_DATABASE_ANNOTATION
DHPS	Dihydropteroate synthase	Internal metabolic		bigg.reaction DHPS metanetx.reaction MNXR142732 sbo SBO:0000176	Cofactor and vitamin metabolism	Cofactor and vitamin metabolism	curated reaction-ID mapping	CURATED_ID_OVERRIDE
DHPTDCs2	4,5-dihydroxy-2,3-pentanedione cyclization (spontaneous)	Internal metabolic		bigg.reaction DHPTDCs2 biocyc META:RXN-10015 metanetx.reaction MNXR97442 rhea 35155;35156;35157;35158 sbo SBO:0000176	Other curated	Other curated	named biochemical reaction without controlled-category match	NAMED_REACTION_FALLBACK
DHQS	3-dehydroquinate synthase	Internal metabolic		bigg.reaction DHQS biocyc META:3-DEHYDROQUINATE-SYNTHASE-RXN brenda 4.2.3.4 ec-code 4.2.3.4 kegg.reaction R03083 metanetx.reaction MNXR97447 rhea 21968;21969;21970;21971 sbo SBO:0000176 seed.reaction rxn02212	Inorganic ion metabolism	Inorganic ion metabolism	metabolite context: phosphate	HIERARCHICAL_METABOLITE_CONTEXT
DHQTi	3-dehydroquinate dehydratase, irreversible	Internal metabolic		bigg.reaction DHQTi biocyc META:3-DEHYDROQUINATE-DEHYDRATASE-RXN brenda 4.2.1.10 ec-code 4.2.1.10 kegg.reaction R03084 metanetx.reaction MNXR97449 rhea 21096;21097;21098;21099 sbo SBO:0000176 seed.reaction rxn02213	Amino acid metabolism	Amino acid metabolism	metabolite context: shikimate	HIERARCHICAL_METABOLITE_CONTEXT
DINStex	Deoxyinosine transport via diffusion (extracellular to periplasm)	Transport		bigg.reaction DINStex metanetx.reaction MNXR97466 sbo SBO:0000185 seed.reaction rxn08344	Nucleotide metabolism	Nucleotide metabolism	reaction name: inosine	TRANSPORT_SUBSTRATE_REACTION_NAME
DIPEPabc1	Dipeptide transport via ABC system  ala asp	Transport		bigg.reaction DIPEPabc1 gpr_status PROVISIONAL metanetx.reaction MNXR97467 rhea 37263;37264;37265;37266 sbo SBO:0000185 seed.reaction rxn05533	Amino acid metabolism	Amino acid metabolism	transported substrate: peptide	TRANSPORT_SUBSTRATE_CURATED_RULE
DIPEPabc10	Dipeptide transport via ABC system  gly glu	Transport		bigg.reaction DIPEPabc10 gpr_status PROVISIONAL metanetx.reaction MNXR97468 sbo SBO:0000185 seed.reaction rxn05534	Amino acid metabolism	Amino acid metabolism	transported substrate: peptide	TRANSPORT_SUBSTRATE_CURATED_RULE
DIPEPabc12	Dipeptide transport via ABC system  met ala	Transport		bigg.reaction DIPEPabc12 gpr_status PROVISIONAL metanetx.reaction MNXR97470 sbo SBO:0000185 seed.reaction rxn05536	Amino acid metabolism	Amino acid metabolism	transported substrate: peptide	TRANSPORT_SUBSTRATE_CURATED_RULE
DIPEPabc13	Dipeptide transport via ABC system  gly asp	Transport		bigg.reaction DIPEPabc13 gpr_status PROVISIONAL metanetx.reaction MNXR142734 sbo SBO:0000185 seed.reaction rxn05537	Amino acid metabolism	Amino acid metabolism	transported substrate: peptide	TRANSPORT_SUBSTRATE_CURATED_RULE
DIPEPabc14	Dipeptide transport via ABC system  gly pro L	Transport		bigg.reaction DIPEPabc14 gpr_status PROVISIONAL metanetx.reaction MNXR97472 sbo SBO:0000185 seed.reaction rxn05538	Amino acid metabolism	Amino acid metabolism	transported substrate: peptide	TRANSPORT_SUBSTRATE_CURATED_RULE
DIPEPabc15	Dipeptide transport via ABC system  cgly	Transport		bigg.reaction DIPEPabc15 gpr_status PROVISIONAL metanetx.reaction MNXR96656 sbo SBO:0000185 seed.reaction rxn05539;rxn08210	Amino acid metabolism	Amino acid metabolism	transported substrate: peptide	TRANSPORT_SUBSTRATE_CURATED_RULE
DIPEPabc3	Dipeptide transport via ABC system  ala glu	Transport		bigg.reaction DIPEPabc3 gpr_status PROVISIONAL metanetx.reaction MNXR97474 sbo SBO:0000185 seed.reaction rxn05541	Amino acid metabolism	Amino acid metabolism	transported substrate: peptide	TRANSPORT_SUBSTRATE_CURATED_RULE
DIPEPabc8	Dipeptide transport via ABC system  gly asn	Transport		bigg.reaction DIPEPabc8 gpr_status PROVISIONAL metanetx.reaction MNXR97479 sbo SBO:0000185 seed.reaction rxn05546	Amino acid metabolism	Amino acid metabolism	transported substrate: peptide	TRANSPORT_SUBSTRATE_CURATED_RULE
DKDID	D-2,3-Diketo 4-deoxy-epi-inositol dehydratase	Internal metabolic		bigg.reaction DKDID biocyc META:R503-RXN ec-code 3.7.1.- gpr_status PROVISIONAL metanetx.reaction MNXR138244 sbo SBO:0000176 seed.reaction rxn03931	Carbohydrate metabolism	Carbohydrate metabolism	reaction name: inositol	HIERARCHICAL_REACTION_NAME
DKGLCNR3	2 5 diketo D gluconate reductase	Internal metabolic		bigg.reaction DKGLCNR3 biocyc META:1.1.1.274-RXN brenda 1.1.1.274 ec-code 1.1.1.274 gpr_status PROVISIONAL kegg.reaction R05823 metanetx.reaction MNXR109861 rhea 23831;23828 sbo SBO:0000176 seed.reaction rxn04056;rxn14298	Carbohydrate metabolism	Carbohydrate metabolism	reaction name: gluconate	HIERARCHICAL_REACTION_NAME
DLCYSR	Cysteine racemase	Internal metabolic		bigg.reaction DLCYSR biocyc META:RXN-23259 kegg.reaction R00903 metanetx.reaction MNXR106740 rhea 59272 sbo SBO:0000176 seed.reaction rxn00652;rxn31853;rxn31854;rxn31855	Amino acid metabolism	Amino acid metabolism	reaction name: cysteine	HIERARCHICAL_REACTION_NAME
DLYSAD	D Amino acid dehydrogenase	Internal metabolic		bigg.reaction DLYSAD metanetx.reaction MNXR155839 sbo SBO:0000176	Energy metabolism / respiration	Energy metabolism / respiration	reaction name: hydrogenase	HIERARCHICAL_REACTION_NAME
DLYSPYRAT	D Lysinepyruvate aminotransferase	Internal metabolic		bigg.reaction DLYSPYRAT metanetx.reaction MNXR97507 sbo SBO:0000176 seed.reaction rxn12744	Central carbon metabolism	Central carbon metabolism	reaction name: pyruvate	HIERARCHICAL_REACTION_NAME
DMATT	Dimethylallyltranstransferase	Internal metabolic		bigg.reaction DMATT;DMATTx;GPPS_h biocyc META:GPPSYN-RXN brenda 2.5.1.1 ec-code 2.5.1.1 kegg.reaction R01658 metanetx.reaction MNXR97512 reactome R-ATH-191322;R-BTA-191322;R-CEL-191322;R-CFA-191322;R-DDI-191322;R-DME-191322;R-DRE-191322;R-GGA-191322;R-HSA-191322;R-MMU-191322;R-OSA-191322;R-PFA-191322;R-RNO-191322;R-SCE-191322;R-SPO-191322;R-SSC-191322;R-TGU-191322;R-XTR-191322 rhea 22408;22409;22410;22411 sbo SBO:0000176 seed.reaction rxn01213	Inorganic ion metabolism	Inorganic ion metabolism	metabolite context: phosphate	HIERARCHICAL_METABOLITE_CONTEXT
DMPPS	1-hydroxy-2-methyl-2-(E)-butenyl 4-diphosphate reductase (dmpp)	Internal metabolic		bigg.reaction DMPPS brenda 1.17.1.2;1.17.7.4 ec-code 1.17.1.2;1.17.7.4 metanetx.reaction MNXR97524 sbo SBO:0000176 seed.reaction rxn08352	Inorganic ion metabolism	Inorganic ion metabolism	reaction name: phosphate	HIERARCHICAL_REACTION_NAME
DMSOR1pp	Dimethyl sulfoxide reductase (Menaquinol 8) (periplasm)	Transport		bigg.reaction DMSOR1pp metanetx.reaction MNXR97530 sbo SBO:0000185 seed.reaction rxn08355;rxn10129	Sulfur metabolism	Sulfur metabolism	transported substrate: dimethyl sulfoxide	TRANSPORT_SUBSTRATE_CURATED_RULE
DMSOR2pp	Dimethyl sulfoxide reductase (Demethylmenaquinol 8) (periplasm)	Transport		bigg.reaction DMSOR2pp metanetx.reaction MNXR97532 sbo SBO:0000185 seed.reaction rxn08357;rxn10130	Sulfur metabolism	Sulfur metabolism	transported substrate: dimethyl sulfoxide	TRANSPORT_SUBSTRATE_CURATED_RULE
DMSOtex	Dimethyl sulfoxide transport via diffusion (extracellular to periplasm)	Transport		bigg.reaction DMSOtex biocyc META:TRANS-RXN0-273 metanetx.reaction MNXR97533 rhea 29699;29700;29701;29702 sbo SBO:0000185 seed.reaction rxn08358	Sulfur metabolism	Sulfur metabolism	transported substrate: dimethyl sulfoxide	TRANSPORT_SUBSTRATE_CURATED_RULE
DMStex	Dimethyl sulfide transport via diffusion (extracellular to periplasm)	Transport		bigg.reaction DMStex metanetx.reaction MNXR97534 sbo SBO:0000185 seed.reaction rxn08359;rxn10500	Sulfur metabolism	Sulfur metabolism	reaction name: sulfide	TRANSPORT_SUBSTRATE_REACTION_NAME
DNADDP	Deamino-NAD+ nucleotidohydrolase	Internal metabolic		bigg.reaction DNADDP brenda 3.6.1.22;3.6.1.9 ec-code 3.6.1.22;3.6.1.9 kegg.reaction R03004 metanetx.reaction MNXR97624 sbo SBO:0000176 seed.reaction rxn02154	Nucleotide metabolism	Nucleotide metabolism	database annotation: dna	HIERARCHICAL_DATABASE_ANNOTATION
DNMPPA	Dihydroneopterin monophosphate dephosphorylase	Internal metabolic		bigg.reaction DNMPPA biocyc META:DIHYDRONEOPTERIN-MONO-P-DEPHOS-RXN brenda 2.7.7.1;5.6.2.4 ec-code 3.6.1.-;2.7.7.1;5.6.2.4 kegg.reaction R04621 metanetx.reaction MNXR126238 rhea 25306;25307;25308;25309 sbo SBO:0000176 seed.reaction rxn03168	Inorganic ion metabolism	Inorganic ion metabolism	reaction name: phosphate	HIERARCHICAL_REACTION_NAME
DNTPPA	Dihydroneopterin triphosphate pyrophosphatase	Internal metabolic		bigg.reaction DNTPPA biocyc META:H2NEOPTERINP3PYROPHOSPHOHYDRO-RXN brenda 2.7.7.1;3.6.1.55;3.6.1.67;5.6.2.4 ec-code 3.6.1.67;2.7.7.1;3.6.1.-;3.6.1.55;5.6.2.4 gpr_status PROVISIONAL kegg.reaction R04638 metanetx.reaction MNXR97680 rhea 25302;25303;25304;25305 sbo SBO:0000176 seed.reaction rxn03173	Inorganic ion metabolism	Inorganic ion metabolism	reaction name: phosphate	HIERARCHICAL_REACTION_NAME
DOPDH	Ketoglutarate semialdehyde dehydrogenase	Internal metabolic		bigg.reaction DOPDH brenda 1.2.1.26 ec-code 1.2.1.26 gpr_status PROVISIONAL metanetx.reaction MNXR106443 sbo SBO:0000176	Energy metabolism / respiration	Energy metabolism / respiration	reaction name: hydrogenase	HIERARCHICAL_REACTION_NAME
DPCOAK	Dephospho-CoA kinase	Internal metabolic		bigg.reaction DPCOAK biocyc META:DEPHOSPHOCOAKIN-RXN brenda 2.7.1.24 ec-code 2.7.1.24 kegg.reaction R00130 metanetx.reaction MNXR97762 reactome R-ATH-196773;R-BTA-196773;R-CEL-196773;R-CFA-196773;R-DDI-196773;R-DME-196773;R-DRE-196773;R-GGA-196773;R-HSA-196773;R-MMU-196773;R-OSA-196773;R-PFA-196773;R-RNO-196773;R-SCE-196773;R-SSC-196773;R-TGU-196773;R-XTR-196773 rhea 18245;18246;18247;18248 sbo SBO:0000176 seed.reaction rxn00100	Cofactor and vitamin metabolism	Cofactor and vitamin metabolism	metabolite context: coenzyme	HIERARCHICAL_METABOLITE_CONTEXT
DPR	2-dehydropantoate 2-reductase	Internal metabolic		bigg.reaction DPR;DPRm;PNORn biocyc META:2-DEHYDROPANTOATE-REDUCT-RXN brenda 1.1.1.169;1.1.1.86 ec-code 1.1.1.169;1.1.1.86 kegg.reaction R02472 metanetx.reaction MNXR97779 rhea 16233;16234;16235;16236 sbo SBO:0000176 seed.reaction rxn01790;rxn30146;rxn35353;rxn37906	Nucleotide metabolism	Nucleotide metabolism	metabolite context: nucleotide	HIERARCHICAL_METABOLITE_CONTEXT
DRBK	Deoxyribokinase	Internal metabolic		bigg.reaction DRBK ec-code 2.7.1.15 kegg.reaction R02750 metanetx.reaction MNXR97781 sbo SBO:0000176 seed.reaction rxn01987	Inorganic ion metabolism	Inorganic ion metabolism	metabolite context: phosphate	HIERARCHICAL_METABOLITE_CONTEXT
DRIBabc	Deoxyribose transport via ABC system	Transport		bigg.reaction DRIBabc metanetx.reaction MNXR97782 sbo SBO:0000185 seed.reaction rxn05549	Carbohydrate metabolism	Carbohydrate metabolism	transported substrate: ribose	TRANSPORT_SUBSTRATE_CURATED_RULE
DRIBtex_1	5-Deoxy-D-ribose transport by diffusion	Transport		bigg.reaction DRIBtex_1 sbo SBO:0000185	Carbohydrate metabolism	Carbohydrate metabolism	transported substrate: ribose	TRANSPORT_SUBSTRATE_CURATED_RULE
DRPA	Deoxyribose-phosphate aldolase	Internal metabolic		bigg.reaction DRPA biocyc META:DEOXYRIBOSE-P-ALD-RXN brenda 4.1.2.4 ec-code 4.1.2.4 kegg.reaction R01066 metanetx.reaction MNXR97787 reactome R-BTA-6787321;R-CEL-6787321;R-CFA-6787321;R-DME-6787321;R-DRE-6787321;R-GGA-6787321;R-HSA-6787321;R-MMU-6787321;R-PFA-6787321;R-RNO-6787321;R-SSC-6787321;R-TGU-6787321;R-XTR-6787321 rhea 12821;12822;12823;12824 sbo SBO:0000176 seed.reaction rxn00784	Carbohydrate metabolism	Carbohydrate metabolism	database annotation: ribose	HIERARCHICAL_DATABASE_ANNOTATION
DSERDHr	D-serine dehydrogenase	Internal metabolic		bigg.reaction DSERDHr brenda 1.1.1.313 ec-code 1.1.1.313 gpr_status PROVISIONAL metanetx.reaction MNXR97797 rhea 30107;30108;30109;30110 sbo SBO:0000176 seed.reaction rxn08371	Energy metabolism / respiration	Energy metabolism / respiration	reaction name: hydrogenase	HIERARCHICAL_REACTION_NAME
DTMPK	DTMP kinase	Internal metabolic		bigg.reaction DTMPK;DTMPKm biocyc META:DTMPKI-RXN brenda 2.7.4.12;2.7.4.13;2.7.4.9 ec-code 2.7.4.12;2.7.4.13;2.7.4.9 kegg.reaction R02094 metanetx.reaction MNXR97804 rhea 13517;13518;13519;13520 sbo SBO:0000176 seed.reaction rxn01513	Nucleotide metabolism	Nucleotide metabolism	curated reaction-ID mapping	CURATED_ID_OVERRIDE
DURAD	Dihydrouracil dehydrogenase (NADP)	Internal metabolic		bigg.reaction DURAD biocyc META:1.3.1.2-RXN brenda 1.3.1.1;1.3.1.2 ec-code 1.3.1.2;1.3.1.1 gpr_status PROVISIONAL kegg.reaction R00978 metanetx.reaction MNXR97814 reactome R-ATH-73585;R-BTA-73585;R-CEL-73585;R-CFA-73585;R-DDI-73585;R-DME-73585;R-DRE-73585;R-GGA-73585;R-HSA-73585;R-MMU-73585;R-OSA-73585;R-RNO-73585;R-SCE-73585;R-SSC-73585;R-TGU-73585;R-XTR-73585 rhea 18093;18094;18095;18096 sbo SBO:0000176 seed.reaction rxn00720	Energy metabolism / respiration	Energy metabolism / respiration	reaction name: hydrogenase	HIERARCHICAL_REACTION_NAME
DURAD2	Dihydrothymin dehydrogenase (NADP)	Internal metabolic		bigg.reaction DURAD2 biocyc META:RXN-11209 brenda 1.3.1.1;1.3.1.2 ec-code 1.3.1.2;1.3.1.1 gpr_status PROVISIONAL kegg.reaction R01415 metanetx.reaction MNXR97815 reactome R-ATH-73616;R-BTA-73616;R-CEL-73616;R-CFA-73616;R-DDI-73616;R-DME-73616;R-DRE-73616;R-GGA-73616;R-HSA-73616;R-MMU-73616;R-OSA-73616;R-RNO-73616;R-SCE-73616;R-SSC-73616;R-TGU-73616;R-XTR-73616 rhea 58284 sbo SBO:0000176 seed.reaction rxn01028	Energy metabolism / respiration	Energy metabolism / respiration	reaction name: hydrogenase	HIERARCHICAL_REACTION_NAME
DURIPP	Deoxyuridine phosphorylase	Internal metabolic		bigg.reaction DURIPP biocyc META:URA-PHOSPH-RXN brenda 2.4.2.1;2.4.2.2;2.4.2.3;2.4.2.4 ec-code 2.4.2.1;2.4.2.2;2.4.2.3;2.4.2.4 kegg.reaction R02484 metanetx.reaction MNXR97818 rhea 22824;22825;22826;22827 sbo SBO:0000176 seed.reaction rxn01799	Nucleotide metabolism	Nucleotide metabolism	reaction name: urid	HIERARCHICAL_REACTION_NAME
DURIt2	Deoxyuridine transport in via proton symport	Transport		bigg.reaction DURIt2 biocyc META:TRANS-RXN-108F gpr_status PROVISIONAL metanetx.reaction MNXR97820 rhea 29967;29968;29969;29970 sbo SBO:0000185 seed.reaction rxn08376;rxn09685	Nucleotide metabolism	Nucleotide metabolism	reaction name: urid	TRANSPORT_SUBSTRATE_REACTION_NAME
DUTPDP	DUTP diphosphatase	Internal metabolic		bigg.reaction DUTPDP;DUTPDPm;DUTPDPn biocyc META:DUTP-PYROP-RXN brenda 3.6.1.23;3.6.1.9 ec-code 3.6.1.-;3.6.1.23;3.6.1.9 kegg.reaction R02100 metanetx.reaction MNXR97822 reactome R-ATH-73666;R-BTA-73666;R-CEL-73666;R-CFA-73666;R-DDI-73666;R-DME-73666;R-DRE-73666;R-GGA-73666;R-HSA-73666;R-MMU-73666;R-OSA-73666;R-RNO-73666;R-SCE-73666;R-SPO-73666;R-SSC-73666;R-TGU-73666 rhea 10248;10249;10250;10251 sbo SBO:0000176 seed.reaction rxn01519	Nucleotide metabolism	Nucleotide metabolism	metabolite context: ump 	HIERARCHICAL_METABOLITE_CONTEXT
DXPRIi	1-deoxy-D-xylulose reductoisomerase	Internal metabolic		bigg.reaction DXPRIi biocyc META:DXPREDISOM-RXN brenda 1.1.1.267 ec-code 1.1.1.267 kegg.reaction R05688 metanetx.reaction MNXR97830 rhea 13717;13718;13719;13720 sbo SBO:0000176 seed.reaction rxn03958	Nucleotide metabolism	Nucleotide metabolism	metabolite context: nucleotide	HIERARCHICAL_METABOLITE_CONTEXT
DXPS	1-deoxy-D-xylulose 5-phosphate synthase	Internal metabolic		bigg.reaction DXPS biocyc META:DXS-RXN brenda 2.2.1.7 ec-code 2.2.1.7 kegg.reaction R05636 metanetx.reaction MNXR97831 rhea 12605;12606;12607;12608 sbo SBO:0000176 seed.reaction rxn03909	Inorganic ion metabolism	Inorganic ion metabolism	reaction name: phosphate	HIERARCHICAL_REACTION_NAME
DXYLK	1-Deoxy-D-xylulose kinase	Internal metabolic		bigg.reaction DXYLK biocyc META:RXN0-382 brenda 2.7.1.17 ec-code 2.7.1.-;2.7.1.17 gpr_status PROVISIONAL metanetx.reaction MNXR97832 rhea 27990;27991;27992;27993 sbo SBO:0000176 seed.reaction rxn08380	Inorganic ion metabolism	Inorganic ion metabolism	metabolite context: phosphate	HIERARCHICAL_METABOLITE_CONTEXT
D_LACt2	D lactate transport via proton symport	Transport		bigg.reaction D_LACt2 biocyc META:TRANS-RXN0-515 gpr_status PROVISIONAL metanetx.reaction MNXR97838 sbo SBO:0000185 seed.reaction rxn08350;rxn09772;rxn10171	Central carbon metabolism	Central carbon metabolism	transported substrate: lactate	TRANSPORT_SUBSTRATE_CURATED_RULE
E4PD	Erythrose 4-phosphate dehydrogenase	Internal metabolic		bigg.reaction E4PD biocyc META:ERYTH4PDEHYDROG-RXN brenda 1.2.1.12;1.2.1.72 ec-code 1.2.1.72;1.2.1.-;1.2.1.12 gpr_status PROVISIONAL kegg.reaction R01825 metanetx.reaction MNXR97842 rhea 12056;12057;12058;12059 sbo SBO:0000176 seed.reaction rxn01331	Energy metabolism / respiration	Energy metabolism / respiration	reaction name: hydrogenase	HIERARCHICAL_REACTION_NAME
ECOAH1	3-hydroxyacyl-CoA dehydratase (3-hydroxybutanoyl-CoA)	Internal metabolic		bigg.reaction ECOAH1 biocyc META:RXN-11667 brenda 4.2.1.150;4.2.1.17;4.2.1.55 ec-code 4.2.1.150;4.2.1.17;4.2.1.55 kegg.reaction R03026 metanetx.reaction MNXR97883 reactome R-BTA-77314;R-CEL-77314;R-CFA-77314;R-DDI-77314;R-DME-77314;R-DRE-77314;R-GGA-77314;R-HSA-77314;R-MMU-77314;R-RNO-77314;R-SCE-77314;R-SSC-77314;R-TGU-77314;R-XTR-77314 rhea 26558;26559;26560;26561 sbo SBO:0000176 seed.reaction rxn02167	Lipid metabolism	Lipid metabolism	reaction name: acyl-coa	HIERARCHICAL_REACTION_NAME
ECOAH12	3-hydroxyacyl-CoA dehydratase (3-hydroxyisobutyryl-CoA) (mitochondria)	Internal metabolic		bigg.reaction ECOAH12 biocyc META:METHYLACYLYLCOA-HYDROXY-RXN brenda 4.2.1.17 ec-code 4.2.1.17 kegg.reaction R04224 metanetx.reaction MNXR138263 rhea 31175;31176;31177;31178 sbo SBO:0000176 seed.reaction rxn02949	Lipid metabolism	Lipid metabolism	reaction name: acyl-coa	HIERARCHICAL_REACTION_NAME
ECOAH14	3 hydroxyacyl CoA dehydratase  3 hydroxyheptanoyl CoA	Internal metabolic		bigg.reaction ECOAH14 brenda 4.2.1.17 ec-code 4.2.1.17 metanetx.reaction MNXR156088 sbo SBO:0000176	Other curated	Other curated	named biochemical reaction without controlled-category match	NAMED_REACTION_FALLBACK
ECOAH15	3 hydroxyacyl CoA dehydratase  3 hydroxynonanoyl CoA	Internal metabolic		bigg.reaction ECOAH15 brenda 4.2.1.17 ec-code 4.2.1.17 metanetx.reaction MNXR156089 sbo SBO:0000176	Other curated	Other curated	named biochemical reaction without controlled-category match	NAMED_REACTION_FALLBACK
ECOAH16	3 hydroxyacyl CoA dehydratase  3 hydroxyphenyldecanoyl CoA	Internal metabolic		bigg.reaction ECOAH16 brenda 4.2.1.17 ec-code 4.2.1.17 metanetx.reaction MNXR156090 sbo SBO:0000176	Other curated	Other curated	named biochemical reaction without controlled-category match	NAMED_REACTION_FALLBACK
ECOAH17	3 hydroxyacyl CoA dehydratase  3 hydroxyphenylnonanoyl CoA	Internal metabolic		bigg.reaction ECOAH17 brenda 4.2.1.17 ec-code 4.2.1.17 metanetx.reaction MNXR156091 sbo SBO:0000176	Other curated	Other curated	named biochemical reaction without controlled-category match	NAMED_REACTION_FALLBACK
ECOAH18	3 hydroxyacyl CoA dehydratase  3 hydroxyphenyloctanoyl CoA	Internal metabolic		bigg.reaction ECOAH18 brenda 4.2.1.17 ec-code 4.2.1.17 metanetx.reaction MNXR156092 sbo SBO:0000176	Other curated	Other curated	named biochemical reaction without controlled-category match	NAMED_REACTION_FALLBACK
ECOAH19	3 hydroxyacyl CoA dehydratase  3 hydroxyphenylheptanoyl CoA	Internal metabolic		bigg.reaction ECOAH19 brenda 4.2.1.17 ec-code 4.2.1.17 metanetx.reaction MNXR156093 sbo SBO:0000176	Other curated	Other curated	named biochemical reaction without controlled-category match	NAMED_REACTION_FALLBACK
ECOAH1_1	3 hydroxyacyl CoA dehydratase  3 hydroxybutanoyl CoA	Internal metabolic		bigg.reaction ECOAH1_1 biocyc META:RXN-11667 brenda 4.2.1.150;4.2.1.17;4.2.1.55 ec-code 4.2.1.150;4.2.1.17;4.2.1.55 kegg.reaction R03026 metanetx.reaction MNXR97883 reactome R-BTA-77314;R-CEL-77314;R-CFA-77314;R-DDI-77314;R-DME-77314;R-DRE-77314;R-GGA-77314;R-HSA-77314;R-MMU-77314;R-RNO-77314;R-SCE-77314;R-SSC-77314;R-TGU-77314;R-XTR-77314 rhea 26558;26559;26560;26561 sbo SBO:0000176 seed.reaction rxn02167	Other curated	Other curated	named biochemical reaction without controlled-category match	NAMED_REACTION_FALLBACK
ECOAH2	3-hydroxyacyl-CoA dehydratase (3-hydroxyhexanoyl-CoA)	Internal metabolic		bigg.reaction ECOAH2 biocyc META:RXN-12567 brenda 4.2.1.17;4.2.1.74 ec-code 4.2.1.17;4.2.1.74 kegg.reaction R04749 metanetx.reaction MNXR97886 reactome R-BTA-77325;R-CEL-77325;R-CFA-77325;R-DDI-77325;R-DME-77325;R-DRE-77325;R-GGA-77325;R-HSA-77325;R-MMU-77325;R-RNO-77325;R-SCE-77325;R-SSC-77325;R-TGU-77325;R-XTR-77325 rhea 30547;30548;30549;30550 sbo SBO:0000176 seed.reaction rxn03250	Lipid metabolism	Lipid metabolism	reaction name: acyl-coa	HIERARCHICAL_REACTION_NAME
ECOAH20	3 hydroxyacyl CoA dehydratase  3 hydroxyphenylhexanoyl CoA	Internal metabolic		bigg.reaction ECOAH20 brenda 4.2.1.17 ec-code 4.2.1.17 metanetx.reaction MNXR156094 sbo SBO:0000176	Other curated	Other curated	named biochemical reaction without controlled-category match	NAMED_REACTION_FALLBACK
ECOAH21	3 hydroxyacyl CoA dehydratase  3 hydroxyphenylpentanoyl CoA	Internal metabolic		bigg.reaction ECOAH21 brenda 4.2.1.17 ec-code 4.2.1.17 metanetx.reaction MNXR156095 sbo SBO:0000176	Other curated	Other curated	named biochemical reaction without controlled-category match	NAMED_REACTION_FALLBACK
ECOAH22	3 hydroxyacyl CoA dehydratase  3 hydroxyphenylbutyryl CoA	Internal metabolic		bigg.reaction ECOAH22 brenda 4.2.1.17 ec-code 4.2.1.17 metanetx.reaction MNXR156096 sbo SBO:0000176	Other curated	Other curated	named biochemical reaction without controlled-category match	NAMED_REACTION_FALLBACK
ECOAH23	3 hydroxyacyl CoA dehydratase  3 hydroxy 6 acetylthiohexanoyl CoA	Internal metabolic		bigg.reaction ECOAH23 brenda 4.2.1.17 ec-code 4.2.1.17 gpr_status PROVISIONAL metanetx.reaction MNXR156097 sbo SBO:0000176	Other curated	Other curated	named biochemical reaction without controlled-category match	NAMED_REACTION_FALLBACK
ECOAH24	3 hydroxyacyl CoA dehydratase  3 hydroxy 4 acetylthiobutanoyl CoA	Internal metabolic		bigg.reaction ECOAH24 brenda 4.2.1.17 ec-code 4.2.1.17 gpr_status PROVISIONAL metanetx.reaction MNXR156098 sbo SBO:0000176	Other curated	Other curated	named biochemical reaction without controlled-category match	NAMED_REACTION_FALLBACK
ECOAH25	3 hydroxyacyl CoA dehydratase  3 hydroxy  11Z  octadecenyl CoA	Internal metabolic		bigg.reaction ECOAH25 brenda 4.2.1.17 ec-code 4.2.1.17 gpr_status PROVISIONAL metanetx.reaction MNXR156099 sbo SBO:0000176	Other curated	Other curated	named biochemical reaction without controlled-category match	NAMED_REACTION_FALLBACK
ECOAH26	3 hydroxyacyl CoA dehydratase  3 hydroxy  9Z  hexadecenyl CoA	Internal metabolic		bigg.reaction ECOAH26 brenda 4.2.1.17 ec-code 4.2.1.17 gpr_status PROVISIONAL metanetx.reaction MNXR156100 sbo SBO:0000176	Other curated	Other curated	named biochemical reaction without controlled-category match	NAMED_REACTION_FALLBACK
ECOAH27	3 hydroxyacyl CoA dehydratase  3 hydroxy  7Z  tetradecenyl CoA	Internal metabolic		bigg.reaction ECOAH27 brenda 4.2.1.17 ec-code 4.2.1.17 gpr_status PROVISIONAL metanetx.reaction MNXR156101 sbo SBO:0000176	Other curated	Other curated	named biochemical reaction without controlled-category match	NAMED_REACTION_FALLBACK
ECOAH28	3 hydroxyacyl CoA dehydratase  3 hydroxy  5Z  dodedecenyl CoA	Internal metabolic		bigg.reaction ECOAH28 brenda 4.2.1.17 ec-code 4.2.1.17 gpr_status PROVISIONAL metanetx.reaction MNXR156102 sbo SBO:0000176	Other curated	Other curated	named biochemical reaction without controlled-category match	NAMED_REACTION_FALLBACK
ECOAH29	3 hydroxyacyl CoA dehydratase  3 hydroxy  9Z  octadecenyl CoA	Internal metabolic		bigg.reaction ECOAH29 brenda 4.2.1.17 ec-code 4.2.1.17 gpr_status PROVISIONAL metanetx.reaction MNXR156103 sbo SBO:0000176	Other curated	Other curated	named biochemical reaction without controlled-category match	NAMED_REACTION_FALLBACK
ECOAH3	3-hydroxyacyl-CoA dehydratase (3-hydroxyoctanoyl-CoA)	Internal metabolic		bigg.reaction ECOAH3 brenda 4.2.1.17;4.2.1.74 ec-code 4.2.1.17;4.2.1.74 kegg.reaction R04746 metanetx.reaction MNXR97888 reactome R-BTA-77333;R-CEL-77333;R-CFA-77333;R-DDI-77333;R-DME-77333;R-DRE-77333;R-GGA-77333;R-HSA-77333;R-MMU-77333;R-RNO-77333;R-SCE-77333;R-SSC-77333;R-TGU-77333;R-XTR-77333 rhea 31199;31200;31201;31202 sbo SBO:0000176 seed.reaction rxn03247	Lipid metabolism	Lipid metabolism	reaction name: acyl-coa	HIERARCHICAL_REACTION_NAME
ECOAH30	3 hydroxyacyl CoA dehydratase  3 hydroxy  7Z  hexadecenyl CoA	Internal metabolic		bigg.reaction ECOAH30 brenda 4.2.1.17 ec-code 4.2.1.17 gpr_status PROVISIONAL metanetx.reaction MNXR156104 sbo SBO:0000176	Other curated	Other curated	named biochemical reaction without controlled-category match	NAMED_REACTION_FALLBACK
ECOAH31	3 hydroxyacyl CoA dehydratase  3 hydroxy  5Z  tetradecenyl CoA	Internal metabolic		bigg.reaction ECOAH31 brenda 4.2.1.17 ec-code 4.2.1.17 gpr_status PROVISIONAL metanetx.reaction MNXR156105 sbo SBO:0000176	Other curated	Other curated	named biochemical reaction without controlled-category match	NAMED_REACTION_FALLBACK
ECOAH32	3 hydroxyacyl CoA dehydratase  3 hydroxy  6Z  octadecenyl CoA	Internal metabolic		bigg.reaction ECOAH32 brenda 4.2.1.17 ec-code 4.2.1.17 gpr_status PROVISIONAL metanetx.reaction MNXR156106 sbo SBO:0000176	Other curated	Other curated	named biochemical reaction without controlled-category match	NAMED_REACTION_FALLBACK
ECOAH33	3 hydroxyacyl CoA dehydratase  3 hydroxy  4Z  hexadecenyl CoA	Internal metabolic		bigg.reaction ECOAH33 brenda 4.2.1.17 ec-code 4.2.1.17 gpr_status PROVISIONAL metanetx.reaction MNXR156107 sbo SBO:0000176	Other curated	Other curated	named biochemical reaction without controlled-category match	NAMED_REACTION_FALLBACK
ECOAH34	3 hydroxyacyl CoA dehydratase  3 hydroxy  9Z 12Z  octadec dienyl CoA	Internal metabolic		bigg.reaction ECOAH34 brenda 4.2.1.17 ec-code 4.2.1.17 gpr_status PROVISIONAL metanetx.reaction MNXR156108 sbo SBO:0000176	Other curated	Other curated	named biochemical reaction without controlled-category match	NAMED_REACTION_FALLBACK
ECOAH35	3 hydroxyacyl CoA dehydratase  3 hydroxy  7Z 10Z  hexadec dienyl CoA	Internal metabolic		bigg.reaction ECOAH35 brenda 4.2.1.17 ec-code 4.2.1.17 gpr_status PROVISIONAL metanetx.reaction MNXR156109 sbo SBO:0000176	Other curated	Other curated	named biochemical reaction without controlled-category match	NAMED_REACTION_FALLBACK
ECOAH36	3 hydroxyacyl CoA dehydratase  3 hydroxy  5Z 8Z  tetradec dienyl CoA	Internal metabolic		bigg.reaction ECOAH36 brenda 4.2.1.17 ec-code 4.2.1.17 gpr_status PROVISIONAL metanetx.reaction MNXR156110 sbo SBO:0000176	Other curated	Other curated	named biochemical reaction without controlled-category match	NAMED_REACTION_FALLBACK
ECOAH37	3 hydroxyacyl CoA dehydratase  3 hydroxy  6Z  dodedecenyl CoA	Internal metabolic		bigg.reaction ECOAH37 brenda 4.2.1.17 ec-code 4.2.1.17 gpr_status PROVISIONAL metanetx.reaction MNXR156111 sbo SBO:0000176	Other curated	Other curated	named biochemical reaction without controlled-category match	NAMED_REACTION_FALLBACK
ECOAH38	3 hydroxyacyl CoA dehydratase  3 hydroxy  4Z  decenyl CoA	Internal metabolic		bigg.reaction ECOAH38 brenda 4.2.1.17 ec-code 4.2.1.17 gpr_status PROVISIONAL metanetx.reaction MNXR156112 sbo SBO:0000176	Other curated	Other curated	named biochemical reaction without controlled-category match	NAMED_REACTION_FALLBACK
ECOAH4	3-hydroxyacyl-CoA dehydratase (3-hydroxydecanoyl-CoA)	Internal metabolic		bigg.reaction ECOAH4 biocyc META:RXN-13616 brenda 4.2.1.17;4.2.1.74 ec-code 4.2.1.17;4.2.1.74 kegg.reaction R04744 metanetx.reaction MNXR97889 reactome R-BTA-77344;R-CEL-77344;R-CFA-77344;R-DDI-77344;R-DME-77344;R-DRE-77344;R-GGA-77344;R-HSA-77344;R-MMU-77344;R-RNO-77344;R-SCE-77344;R-SSC-77344;R-TGU-77344;R-XTR-77344 rhea 31191;31192;31193;31194 sbo SBO:0000176 seed.reaction rxn03245	Lipid metabolism	Lipid metabolism	reaction name: acyl-coa	HIERARCHICAL_REACTION_NAME
ECOAH5	3-hydroxyacyl-CoA dehydratase (3-hydroxydodecanoyl-CoA)	Internal metabolic		bigg.reaction ECOAH5 brenda 4.2.1.17;4.2.1.74 ec-code 4.2.1.17;4.2.1.74 kegg.reaction R04170 metanetx.reaction MNXR97890 reactome R-BTA-77256;R-CEL-77256;R-CFA-77256;R-DDI-77256;R-DME-77256;R-DRE-77256;R-GGA-77256;R-HSA-77256;R-MMU-77256;R-RNO-77256;R-SCE-77256;R-SSC-77256;R-TGU-77256;R-XTR-77256 rhea 31075;31076;31077;31078 sbo SBO:0000176 seed.reaction rxn02911	Lipid metabolism	Lipid metabolism	reaction name: acyl-coa	HIERARCHICAL_REACTION_NAME
ECOAH5_1	3 hydroxyacyl CoA dehydratase  3 hydroxydodecanoyl CoA	Internal metabolic		bigg.reaction ECOAH5_1 brenda 4.2.1.17;4.2.1.74 ec-code 4.2.1.17;4.2.1.74 kegg.reaction R04170 metanetx.reaction MNXR97890 reactome R-BTA-77256;R-CEL-77256;R-CFA-77256;R-DDI-77256;R-DME-77256;R-DRE-77256;R-GGA-77256;R-HSA-77256;R-MMU-77256;R-RNO-77256;R-SCE-77256;R-SSC-77256;R-TGU-77256;R-XTR-77256 rhea 31075;31076;31077;31078 sbo SBO:0000176 seed.reaction rxn02911	Other curated	Other curated	named biochemical reaction without controlled-category match	NAMED_REACTION_FALLBACK
ECOAH6	3-hydroxyacyl-CoA dehydratase (3-hydroxytetradecanoyl-CoA)	Internal metabolic		bigg.reaction ECOAH6 biocyc META:RXN-14273 brenda 4.2.1.17;4.2.1.74 ec-code 4.2.1.17;4.2.1.74 kegg.reaction R04740 metanetx.reaction MNXR97891 reactome R-BTA-77277;R-CEL-77277;R-CFA-77277;R-DME-77277;R-GGA-77277;R-HSA-77277;R-MMU-77277;R-RNO-77277;R-SSC-77277;R-TGU-77277;R-XTR-77277 rhea 31171;31172;31173;31174 sbo SBO:0000176 seed.reaction rxn03241	Lipid metabolism	Lipid metabolism	reaction name: acyl-coa	HIERARCHICAL_REACTION_NAME
ECOAH7	3-hydroxyacyl-CoA dehydratase (3-hydroxyhexadecanoyl-CoA)	Internal metabolic		bigg.reaction ECOAH7 biocyc META:RXN-14272 brenda 4.2.1.17;4.2.1.74 ec-code 4.2.1.17;4.2.1.74 kegg.reaction R04738 metanetx.reaction MNXR97892 reactome R-BTA-77301;R-CEL-77301;R-CFA-77301;R-DME-77301;R-GGA-77301;R-HSA-77301;R-MMU-77301;R-RNO-77301;R-SSC-77301;R-TGU-77301;R-XTR-77301 rhea 31163;31164;31165;31166 sbo SBO:0000176 seed.reaction rxn03240	Lipid metabolism	Lipid metabolism	reaction name: acyl-coa	HIERARCHICAL_REACTION_NAME
ECOAH8	3-hydroxyacyl-CoA dehydratase (3-hydroxyoctadecanoyl-CoA)	Internal metabolic		bigg.reaction ECOAH8 brenda 4.2.1.134;4.2.1.17 ec-code 4.2.1.134;4.2.1.17 metanetx.reaction MNXR97893 sbo SBO:0000176 seed.reaction rxn08413	Lipid metabolism	Lipid metabolism	reaction name: acyl-coa	HIERARCHICAL_REACTION_NAME
ECOAH9ir	2 Methylprop 2 enoyl CoA  2 Methylbut 2 enoyl CoA	Internal metabolic		bigg.reaction ECOAH9ir biocyc META:TIGLYLCOA-HYDROXY-RXN brenda 4.2.1.17 ec-code 4.2.1.17 kegg.reaction R04204 metanetx.reaction MNXR97894 rhea 31119;31120;31121;31122 sbo SBO:0000176 seed.reaction rxn02934	Other curated	Other curated	named biochemical reaction without controlled-category match	NAMED_REACTION_FALLBACK
ECTOH	Ectoine hydrolase	Internal metabolic		bigg.reaction ECTOH metanetx.reaction MNXR156131 sbo SBO:0000176	PHB / storage metabolism	PHB / storage metabolism	reaction name: ectoine	HIERARCHICAL_REACTION_NAME
ECTOabcpp	L ectoine transport via ABC system  periplasm	Transport		bigg.reaction ECTOabcpp sbo SBO:0000185	PHB / storage metabolism	PHB / storage metabolism	reaction name: ectoine	TRANSPORT_SUBSTRATE_REACTION_NAME
ECTOtex	L ectoine transport via diffusion  extracellular to periplasm	Transport		bigg.reaction ECTOtex sbo SBO:0000185	PHB / storage metabolism	PHB / storage metabolism	reaction name: ectoine	TRANSPORT_SUBSTRATE_REACTION_NAME
EDA	2-dehydro-3-deoxy-phosphogluconate aldolase	Internal metabolic		bigg.reaction EDA biocyc META:KDPGALDOL-RXN brenda 4.1.2.14;4.1.2.55 ec-code 4.1.2.14;4.1.2.55 kegg.reaction R05605 metanetx.reaction MNXR97897 rhea 17089;17090;17091;17092 sbo SBO:0000176 seed.reaction rxn03884	Carbohydrate metabolism	Carbohydrate metabolism	reaction name: gluconate	HIERARCHICAL_REACTION_NAME
EDD	6-phosphogluconate dehydratase	Internal metabolic		bigg.reaction EDD;EDD_m biocyc META:PGLUCONDEHYDRAT-RXN brenda 4.2.1.12 ec-code 4.2.1.12 kegg.reaction R02036 metanetx.reaction MNXR97898 rhea 17277;17278;17279;17280 sbo SBO:0000176 seed.reaction rxn01477	Carbohydrate metabolism	Carbohydrate metabolism	reaction name: gluconate	HIERARCHICAL_REACTION_NAME
ENO	Enolase	Internal metabolic		bigg.reaction ENO;ENO_h;ENOf;ENOm biocyc META:2PGADEHYDRAT-RXN brenda 4.2.1.11 ec-code 4.2.1.11 kegg.reaction R00658 metanetx.reaction MNXR97932 reactome R-ATH-70494;R-ATH-71660;R-BTA-70494;R-BTA-71660;R-CEL-70494;R-CEL-71660;R-CFA-70494;R-CFA-71660;R-DDI-70494;R-DDI-71660;R-DME-70494;R-DME-71660;R-DRE-70494;R-DRE-71660;R-GGA-352981;R-GGA-353044;R-GGA-70494;R-GGA-71660;R-HSA-70494;R-HSA-71660;R-MMU-70494;R-MMU-71660;R-OSA-70494;R-OSA-71660;R-PFA-70494;R-PFA-71660;R-RNO-70494;R-RNO-71660;R-SCE-70494;R-SCE-71660;R-SPO-70494;R-SPO-71660;R-SSC-70494;R-SSC-71660;R-TGU-70494;R-TGU-71660;R-XTR-70494;R-XTR-71660 rhea 10164;10165;10166;10167 sbo SBO:0000176 seed.reaction rxn00459;rxn17748;rxn30576;rxn33498;rxn35218;rxn37952;rxn37953	Central carbon metabolism	Central carbon metabolism	metabolite context: pyruvate	HIERARCHICAL_METABOLITE_CONTEXT
ENOPH	Enolase-phosphatase E1	Internal metabolic		bigg.reaction ENOPH biocyc META:3.1.3.77-RXN brenda 3.1.3.77 ec-code 3.1.3.77 kegg.reaction R07395 metanetx.reaction MNXR126089 reactome R-ATH-1237129;R-BTA-1237129;R-CEL-1237129;R-CFA-1237129;R-DDI-1237129;R-DME-1237129;R-DRE-1237129;R-GGA-1237129;R-HSA-1237129;R-MMU-1237129;R-OSA-1237129;R-RNO-1237129;R-SCE-1237129;R-SPO-1237129;R-SSC-1237129;R-TGU-1237129;R-XTR-1237129 rhea 21700;21701;21702;21703 sbo SBO:0000176 seed.reaction rxn05107	Inorganic ion metabolism	Inorganic ion metabolism	metabolite context: phosphate	HIERARCHICAL_METABOLITE_CONTEXT
ETHAAL	Ethanolamine ammonia-lyase	Internal metabolic		bigg.reaction ETHAAL biocyc META:ETHAMLY-RXN brenda 4.3.1.7 ec-code 4.3.1.7 kegg.reaction R00749 metanetx.reaction MNXR97968 rhea 15313;15314;15315;15316 sbo SBO:0000176 seed.reaction rxn00539;rxn30017	Nitrogen metabolism	Nitrogen metabolism	reaction name: ammonia	HIERARCHICAL_REACTION_NAME
ETHAt2pp	Ethanolamine transport in via proton symport	Transport		bigg.reaction ETHAt2pp metanetx.reaction MNXR97975 sbo SBO:0000185 seed.reaction rxn05551;rxn08423	Amino acid metabolism	Amino acid metabolism	transported substrate: ethanolamine	TRANSPORT_SUBSTRATE_CURATED_RULE
ETHAtex	Ethanolamine transport via diffusion (extracellular)	Transport		bigg.reaction ETHAtex biocyc META:TRANS-RXN0-476 metanetx.reaction MNXR97974 rhea 32747;32748;32749;32750 sbo SBO:0000185 seed.reaction rxn08424;rxn10841	Amino acid metabolism	Amino acid metabolism	transported substrate: ethanolamine	TRANSPORT_SUBSTRATE_CURATED_RULE
ETOHtex	Ethanol transport via diffusion (extracellular to periplasm)	Transport		bigg.reaction ETOHtex biocyc META:TRANS-RXN0-546 metanetx.reaction MNXR97980 rhea 35267;35268;35269;35270 sbo SBO:0000185 seed.reaction rxn08428;rxn09683;rxn09764	Central carbon metabolism	Central carbon metabolism	transported substrate: ethanol	TRANSPORT_SUBSTRATE_CURATED_RULE
ETOHtrpp	Ethanol reversible transport via diffusion (periplasm)	Transport		bigg.reaction ETOHtrpp biocyc META:TRANS-RXN0-546 metanetx.reaction MNXR97980 rhea 35267;35268;35269;35270 sbo SBO:0000185 seed.reaction rxn08428;rxn09683;rxn09764	Central carbon metabolism	Central carbon metabolism	transported substrate: ethanol	TRANSPORT_SUBSTRATE_CURATED_RULE
F1PP	D-fructose 1-phosphate phosphatase	Internal metabolic		bigg.reaction F1PP brenda 3.8.1.2 ec-code 3.8.1.2 gpr_status PROVISIONAL metanetx.reaction MNXR150328 sbo SBO:0000176	Inorganic ion metabolism	Inorganic ion metabolism	reaction name: phosphate	HIERARCHICAL_REACTION_NAME
F6PP	D-fructose 6-phosphate phosphatase	Internal metabolic		bigg.reaction F6PP brenda 3.8.1.2 ec-code 3.8.1.2 gpr_status PROVISIONAL metanetx.reaction MNXR99077 sbo SBO:0000176	Inorganic ion metabolism	Inorganic ion metabolism	reaction name: phosphate	HIERARCHICAL_REACTION_NAME
FA120ACPHi	Fatty-acyl-ACP hydrolase	Internal metabolic		bigg.reaction FA120ACPHi;FA120ACPHi_1 brenda 3.1.2.21 ec-code 3.1.2.21 metanetx.reaction MNXR99087 sbo SBO:0000176	Lipid metabolism	Lipid metabolism	metabolite context: acyl carrier	HIERARCHICAL_METABOLITE_CONTEXT
FA141ACPHi	Fatty-acyl-ACP hydrolase	Internal metabolic		bigg.reaction FA141ACPHi brenda 3.1.2.14 ec-code 3.1.2.14 metanetx.reaction MNXR99093 sbo SBO:0000176	Lipid metabolism	Lipid metabolism	metabolite context: acyl carrier	HIERARCHICAL_METABOLITE_CONTEXT
FA161ACPHi	Fatty-acyl-ACP hydrolase	Internal metabolic		bigg.reaction FA161ACPHi;FA161ACPHi_1 brenda 3.1.2.14 ec-code 3.1.2.14 metanetx.reaction MNXR99103 sbo SBO:0000176	Lipid metabolism	Lipid metabolism	metabolite context: acyl carrier	HIERARCHICAL_METABOLITE_CONTEXT
FA80ACPHi	Fatty-acyl-ACP hydrolase	Internal metabolic		bigg.reaction FA80ACPHi;FA80ACPHi_1 brenda 3.1.2.21 ec-code 3.1.2.21 metanetx.reaction MNXR99125 sbo SBO:0000176	Lipid metabolism	Lipid metabolism	metabolite context: acyl carrier	HIERARCHICAL_METABOLITE_CONTEXT
FACOAE100	Fatty-acid-CoA thioesterase (decanoate)	Internal metabolic		bigg.reaction FACOAE100 brenda 3.1.2.2;3.1.2.20 ec-code 3.1.2.2;3.1.2.20 gpr_status PROVISIONAL metanetx.reaction MNXR99127 sbo SBO:0000176	Cofactor and vitamin metabolism	Cofactor and vitamin metabolism	metabolite context: coenzyme	HIERARCHICAL_METABOLITE_CONTEXT
FACOAE120	Fatty-acid-CoA thioesterase (dodecanoate)	Internal metabolic		bigg.reaction FACOAE120 brenda 3.1.2.2;3.1.2.20 ec-code 3.1.2.2;3.1.2.20 gpr_status PROVISIONAL metanetx.reaction MNXR99128 sbo SBO:0000176	Cofactor and vitamin metabolism	Cofactor and vitamin metabolism	metabolite context: coenzyme	HIERARCHICAL_METABOLITE_CONTEXT
FACOAE140	Fatty-acid-CoA thioesterase (tetradecanoate)	Internal metabolic		bigg.reaction FACOAE140 brenda 3.1.2.2;3.1.2.20 ec-code 3.1.2.2;3.1.2.20 gpr_status PROVISIONAL metanetx.reaction MNXR99129 sbo SBO:0000176	Cofactor and vitamin metabolism	Cofactor and vitamin metabolism	metabolite context: coenzyme	HIERARCHICAL_METABOLITE_CONTEXT
FACOAE141	Fatty-acid-CoA thioesterase (tetradecenoate)	Internal metabolic		bigg.reaction FACOAE141 brenda 3.1.2.20 ec-code 3.1.2.20 gpr_status PROVISIONAL metanetx.reaction MNXR99130 sbo SBO:0000176	Cofactor and vitamin metabolism	Cofactor and vitamin metabolism	metabolite context: coenzyme	HIERARCHICAL_METABOLITE_CONTEXT
FACOAE160	Fatty-acid-CoA thioesterase (hexadecanoate)	Internal metabolic		bigg.reaction FACOAE160 biocyc META:PALMITOYL-COA-HYDROLASE-RXN brenda 3.1.2.2;3.1.2.20;3.1.2.22 ec-code 3.1.2.2;3.1.2.22;3.1.2.20 kegg.reaction R01274 metanetx.reaction MNXR99131 rhea 16645;16646;16647;16648 sbo SBO:0000176 seed.reaction rxn00943	Lipid metabolism	Lipid metabolism	database annotation: palmit	HIERARCHICAL_DATABASE_ANNOTATION
FACOAE161	Fatty-acid-CoA thioesterase (hexadecenoate)	Internal metabolic		bigg.reaction FACOAE161 brenda 3.1.2.20 ec-code 3.1.2.20 gpr_status PROVISIONAL metanetx.reaction MNXR99132 sbo SBO:0000176	Cofactor and vitamin metabolism	Cofactor and vitamin metabolism	metabolite context: coenzyme	HIERARCHICAL_METABOLITE_CONTEXT
FACOAE180	Fatty-acid-CoA thioesterase (octadecanoate)	Internal metabolic		bigg.reaction FACOAE180 biocyc META:RXN-9624 brenda 3.1.2.2;3.1.2.20 ec-code 3.1.2.2;3.1.2.20 gpr_status PROVISIONAL kegg.reaction R08174 metanetx.reaction MNXR99133 rhea 30139;30140;30141;30142 sbo SBO:0000176 seed.reaction rxn08444	Lipid metabolism	Lipid metabolism	metabolite context: stear	HIERARCHICAL_METABOLITE_CONTEXT
FACOAE181	Fatty-acid-CoA thioesterase (octadecenoate)	Internal metabolic		bigg.reaction FACOAE181 brenda 3.1.2.20 ec-code 3.1.2.20 gpr_status PROVISIONAL metanetx.reaction MNXR99134 sbo SBO:0000176	Cofactor and vitamin metabolism	Cofactor and vitamin metabolism	metabolite context: coenzyme	HIERARCHICAL_METABOLITE_CONTEXT
FACOAE1829Z12Z	Linoleoyl-CoA hydrolase (18:2(9Z,12Z))	Internal metabolic		bigg.reaction FACOAE1829Z12Z biocyc META:LINOLEOYL-RXN brenda 3.1.2.2;3.1.2.20 ec-code 3.1.2.-;3.1.2.2;3.1.2.20 gpr_status PROVISIONAL kegg.reaction R08177 metanetx.reaction MNXR99136 rhea 40143;40144;40145;40146 sbo SBO:0000176 seed.reaction rxn11712	Cofactor and vitamin metabolism	Cofactor and vitamin metabolism	metabolite context: coenzyme	HIERARCHICAL_METABOLITE_CONTEXT
FACOAE50	Fatty acid CoA thioesterase  pentanoate	Internal metabolic		bigg.reaction FACOAE50 brenda 3.1.2.20 ec-code 3.1.2.20 gpr_status PROVISIONAL metanetx.reaction MNXR157244 sbo SBO:0000176	Lipid metabolism	Lipid metabolism	reaction name: fatty acid	HIERARCHICAL_REACTION_NAME
FACOAE60	Fatty-acid-CoA thioesterase (hexanoate)	Internal metabolic		bigg.reaction FACOAE60 brenda 3.1.2.20 ec-code 3.1.2.20 gpr_status PROVISIONAL metanetx.reaction MNXR99139 sbo SBO:0000176	Cofactor and vitamin metabolism	Cofactor and vitamin metabolism	metabolite context: coenzyme	HIERARCHICAL_METABOLITE_CONTEXT
FACOAE70	Fatty acid CoA thioesterase  heptanoate	Internal metabolic		bigg.reaction FACOAE70 brenda 3.1.2.20 ec-code 3.1.2.20 gpr_status PROVISIONAL metanetx.reaction MNXR157245 sbo SBO:0000176	Lipid metabolism	Lipid metabolism	reaction name: fatty acid	HIERARCHICAL_REACTION_NAME
FACOAE80	Fatty-acid-CoA thioesterase (octanoate)	Internal metabolic		bigg.reaction FACOAE80 brenda 3.1.2.20 ec-code 3.1.2.20 gpr_status PROVISIONAL metanetx.reaction MNXR99140 rhea 30143;30144;30145;30146 sbo SBO:0000176 seed.reaction rxn08447	Cofactor and vitamin metabolism	Cofactor and vitamin metabolism	metabolite context: coenzyme	HIERARCHICAL_METABOLITE_CONTEXT
FACOAE90	Fatty acid CoA thioesterase  nonanoate	Internal metabolic		bigg.reaction FACOAE90 brenda 3.1.2.20 ec-code 3.1.2.20 gpr_status PROVISIONAL metanetx.reaction MNXR157246 sbo SBO:0000176	Lipid metabolism	Lipid metabolism	reaction name: fatty acid	HIERARCHICAL_REACTION_NAME
FACOAL100t2pp	Fatty-acid-CoA ligase (decanoate transport via vectoral Co-A coupling)	Transport		bigg.reaction FACOAL100t2pp gpr_status PROVISIONAL metanetx.reaction MNXR99142 sbo SBO:0000185	Nucleotide metabolism	Nucleotide metabolism	transported substrate: amp	TRANSPORT_SUBSTRATE_CURATED_RULE
FACOAL120t2pp	Fatty-acid-CoA ligase (dodecanoate transport via vectoral Co-A coupling)	Transport		bigg.reaction FACOAL120t2pp metanetx.reaction MNXR99144 sbo SBO:0000185	Nucleotide metabolism	Nucleotide metabolism	transported substrate: amp	TRANSPORT_SUBSTRATE_CURATED_RULE
FACOAL140	Fatty acid  CoA ligase  tetradecanoate	Internal metabolic		bigg.reaction FACOAL140 brenda 6.2.1.3 ec-code 6.2.1.3 metanetx.reaction MNXR99145 sbo SBO:0000176	Lipid metabolism	Lipid metabolism	reaction name: fatty acid	HIERARCHICAL_REACTION_NAME
FACOAL140t2pp	Fatty-acid-CoA ligase (tetradecanoate transport via vectoral Co-A coupling)	Transport		bigg.reaction FACOAL140t2pp metanetx.reaction MNXR99147 sbo SBO:0000185	Nucleotide metabolism	Nucleotide metabolism	transported substrate: amp	TRANSPORT_SUBSTRATE_CURATED_RULE
FACOAL141	Fatty acid  CoA ligase  tetradecenoate	Internal metabolic		bigg.reaction FACOAL141;FACOAL141p brenda 6.2.1.3 ec-code 6.2.1.3 metanetx.reaction MNXR99148 sbo SBO:0000176	Lipid metabolism	Lipid metabolism	reaction name: fatty acid	HIERARCHICAL_REACTION_NAME
FACOAL141t2pp	Fatty-acid-CoA ligase (tetradecenoate transport via vectoral Co-A coupling)	Transport		bigg.reaction FACOAL141t2pp metanetx.reaction MNXR99149 sbo SBO:0000185	Nucleotide metabolism	Nucleotide metabolism	transported substrate: amp	TRANSPORT_SUBSTRATE_CURATED_RULE
FACOAL160	Fatty acid  CoA ligase  hexadecanoate	Internal metabolic		bigg.reaction FACOAL160 biocyc META:RXN-9623 brenda 6.2.1.3 ec-code 6.2.1.3 kegg.reaction R01280 metanetx.reaction MNXR99153 rhea 30751;30752;30753;30754 sbo SBO:0000176 seed.reaction rxn00947	Lipid metabolism	Lipid metabolism	reaction name: fatty acid	HIERARCHICAL_REACTION_NAME
FACOAL160t2pp	Fatty-acid-CoA ligase (hexadecanoate transport via vectoral Co-A coupling)	Transport		bigg.reaction FACOAL160t2pp kegg.reaction R01280 metanetx.reaction MNXR99155 rhea 51716;51717;51718;51719;30754 sbo SBO:0000185	Nucleotide metabolism	Nucleotide metabolism	transported substrate: amp	TRANSPORT_SUBSTRATE_CURATED_RULE
FACOAL161	Fatty acid  CoA ligase  hexadecenoate	Internal metabolic		bigg.reaction FACOAL161 brenda 6.2.1.3 ec-code 6.2.1.3 metanetx.reaction MNXR99156 sbo SBO:0000176	Lipid metabolism	Lipid metabolism	reaction name: fatty acid	HIERARCHICAL_REACTION_NAME
FACOAL161t2pp	Fatty-acid-CoA ligase (hexadecenoate transport via vectoral Co-A coupling)	Transport		bigg.reaction FACOAL161t2pp metanetx.reaction MNXR99158 sbo SBO:0000185	Nucleotide metabolism	Nucleotide metabolism	transported substrate: amp	TRANSPORT_SUBSTRATE_CURATED_RULE
FACOAL180	Fatty acid  CoA ligase  octadecanoate	Internal metabolic		bigg.reaction FACOAL180 biocyc META:RXN-16380 brenda 6.2.1.3 ec-code 6.2.1.3 metanetx.reaction MNXR99164 rhea 33615;33616;33617;33618 sbo SBO:0000176 seed.reaction rxn09449	Lipid metabolism	Lipid metabolism	reaction name: fatty acid	HIERARCHICAL_REACTION_NAME
FACOAL180t2pp	Fatty-acid-CoA ligase (octadecanoate transport via vectoral Co-A coupling)	Transport		bigg.reaction FACOAL180t2pp metanetx.reaction MNXR99167 rhea 51720;51721;51722;51723 sbo SBO:0000185	Nucleotide metabolism	Nucleotide metabolism	transported substrate: amp	TRANSPORT_SUBSTRATE_CURATED_RULE
FACOAL181	Fatty acid  CoA ligase  octadecenoate	Internal metabolic		bigg.reaction FACOAL181 brenda 6.2.1.3 ec-code 6.2.1.3 metanetx.reaction MNXR99168 sbo SBO:0000176	Lipid metabolism	Lipid metabolism	reaction name: fatty acid	HIERARCHICAL_REACTION_NAME
FACOAL1812	Fatty-acid--CoA ligase	Internal metabolic		bigg.reaction FACOAL1812;HMR_2963 brenda 6.2.1.3 ec-code 6.2.1.3 metanetx.reaction MNXR99170 sbo SBO:0000176	Cofactor and vitamin metabolism	Cofactor and vitamin metabolism	metabolite context: coenzyme	HIERARCHICAL_METABOLITE_CONTEXT
FACOAL181d11tpp	Fatty acid CoA ligase  octadecenoate transport via vectoral Co A coupling	Transport		bigg.reaction FACOAL181d11tpp sbo SBO:0000185	Nucleotide metabolism	Nucleotide metabolism	transported substrate: amp	TRANSPORT_SUBSTRATE_CURATED_RULE
FACOAL181d6t2pp	Fatty acid CoA ligase  petroselenic acid transport via vectoral Co A coupling	Transport		bigg.reaction FACOAL181d6t2pp sbo SBO:0000185	Nucleotide metabolism	Nucleotide metabolism	transported substrate: amp	TRANSPORT_SUBSTRATE_CURATED_RULE
FACOAL181t2pp	Fatty-acid-CoA ligase (octadecenoate transport via vectoral Co-A coupling)	Transport		bigg.reaction FACOAL181t2pp metanetx.reaction MNXR99173 sbo SBO:0000185	Nucleotide metabolism	Nucleotide metabolism	transported substrate: amp	TRANSPORT_SUBSTRATE_CURATED_RULE
FACOAL1821	Linoleic acid:CoA ligase (AMP-forming)	Internal metabolic		bigg.reaction FACOAL1821 biocyc META:RXN-9673 brenda 6.2.1.3 ec-code 6.2.1.3 metanetx.reaction MNXR99175 rhea 33651;33652;33653;33654 sbo SBO:0000176	Cofactor and vitamin metabolism	Cofactor and vitamin metabolism	metabolite context: coenzyme	HIERARCHICAL_METABOLITE_CONTEXT
FACOAL182t2pp	Fatty acid CoA ligase  linoleic acid transport via vectoral Co A coupling	Transport		bigg.reaction FACOAL182t2pp sbo SBO:0000185	Nucleotide metabolism	Nucleotide metabolism	transported substrate: amp	TRANSPORT_SUBSTRATE_CURATED_RULE
FACOAL50i	Fatty acid  CoA ligase  pentanoate	Internal metabolic		bigg.reaction FACOAL50i brenda 6.2.1.3 ec-code 6.2.1.3 metanetx.reaction MNXR157256 sbo SBO:0000176	Lipid metabolism	Lipid metabolism	reaction name: fatty acid	HIERARCHICAL_REACTION_NAME
FACOAL60i	Fatty acid  CoA ligase  hexanoate	Internal metabolic		bigg.reaction FACOAL60i brenda 6.2.1.3 ec-code 6.2.1.3 metanetx.reaction MNXR189291 sbo SBO:0000176	Lipid metabolism	Lipid metabolism	reaction name: fatty acid	HIERARCHICAL_REACTION_NAME
FACOAL60t2pp	Fatty-acid-CoA ligase (hexanoate transport via vectoral Co-A coupling)	Transport		bigg.reaction FACOAL60t2pp gpr_status PROVISIONAL metanetx.reaction MNXR99204 sbo SBO:0000185	Nucleotide metabolism	Nucleotide metabolism	transported substrate: amp	TRANSPORT_SUBSTRATE_CURATED_RULE
FACOAL80	Fatty-acid--CoA ligase (octanoate)	Internal metabolic		bigg.reaction FACOAL80 biocyc META:R223-RXN brenda 6.2.1.3 ec-code 6.2.1.3 metanetx.reaction MNXR99205 rhea 33631;33632;33633;33634 sbo SBO:0000176 seed.reaction rxn09444	Cofactor and vitamin metabolism	Cofactor and vitamin metabolism	metabolite context: coenzyme	HIERARCHICAL_METABOLITE_CONTEXT
FACOAL80t2pp	Fatty-acid-CoA ligase (octanoate transport via vectoral Co-A coupling)	Transport		bigg.reaction FACOAL80t2pp gpr_status PROVISIONAL metanetx.reaction MNXR99206 rhea 51824;51825;51826;51827 sbo SBO:0000185	Nucleotide metabolism	Nucleotide metabolism	transported substrate: amp	TRANSPORT_SUBSTRATE_CURATED_RULE
FACOAL90i	Fatty acid  CoA ligase  nonanoic acid	Internal metabolic		bigg.reaction FACOAL90i brenda 6.2.1.3 ec-code 6.2.1.3 metanetx.reaction MNXR157258 sbo SBO:0000176	Lipid metabolism	Lipid metabolism	reaction name: fatty acid	HIERARCHICAL_REACTION_NAME
FACOAL_70_c	Acyl-CoA synthetase (7:0)	Internal metabolic		bigg.reaction FACOAL_70_c brenda 6.2.1.3 ec-code 6.2.1.3 gpr_status PROVISIONAL metanetx.reaction MNXR157271 sbo SBO:0000176	Lipid metabolism	Lipid metabolism	reaction name: acyl-coa	HIERARCHICAL_REACTION_NAME
FADRx	FAD reductase	Internal metabolic		bigg.reaction FADRx biocyc META:RXN-8506 brenda 1.5.1.36;1.5.1.37;1.5.1.45 ec-code 1.5.1.36;1.5.1.37;1.5.1.45 gpr_status PROVISIONAL kegg.reaction R09748 metanetx.reaction MNXR99215 rhea 30147;30148;30149;30150 sbo SBO:0000176 seed.reaction rxn08458	Nucleotide metabolism	Nucleotide metabolism	metabolite context: nucleotide	HIERARCHICAL_METABOLITE_CONTEXT
FADt	FAD transporter, periplasm	Transport		bigg.reaction FADt gpr_status PROVISIONAL sbo SBO:0000185	Nucleotide metabolism	Nucleotide metabolism	transported substrate: adenine	TRANSPORT_SUBSTRATE_CURATED_RULE
FADtex	FAD transport, outer membrane	Transport		bigg.reaction FADtex sbo SBO:0000185	Nucleotide metabolism	Nucleotide metabolism	transported substrate: adenine	TRANSPORT_SUBSTRATE_CURATED_RULE
FALDH2	Formaldehyde dehydrogenase	Internal metabolic		bigg.reaction FALDH2 biocyc META:RXN0-276 brenda 1.1.1.284 ec-code 1.1.1.-;1.1.1.284 kegg.reaction R06983 metanetx.reaction MNXR99237 reactome R-ATH-5692237;R-BTA-5692237;R-CEL-5692237;R-CFA-5692237;R-DDI-5692237;R-DME-5692237;R-DRE-5692237;R-GGA-5692237;R-HSA-5692237;R-MMU-5692237;R-OSA-5692237;R-RNO-5692237;R-SCE-5692237;R-SPO-5692237;R-SSC-5692237;R-TGU-5692237;R-XTR-5692237 rhea 19985;19986;19987;19988 sbo SBO:0000176 seed.reaction rxn04792;rxn08460	Energy metabolism / respiration	Energy metabolism / respiration	reaction name: hydrogenase	HIERARCHICAL_REACTION_NAME
FALDep	Formaldehyde extrusion pump	Transport		bigg.reaction FALDep sbo SBO:0000185	Central carbon metabolism	Central carbon metabolism	transported substrate: formaldehyde	TRANSPORT_SUBSTRATE_CURATED_RULE
FALDtex	Formaldehyde transport via diffusion (extracellular to periplasm)	Transport		bigg.reaction FALDtex metanetx.reaction MNXR99238 sbo SBO:0000185 seed.reaction rxn08461;rxn08462	Central carbon metabolism	Central carbon metabolism	transported substrate: formaldehyde	TRANSPORT_SUBSTRATE_CURATED_RULE
FALDtpp	Formaldehyde transport via diffusion (periplasm)	Transport		bigg.reaction FALDtpp metanetx.reaction MNXR99238 sbo SBO:0000185 seed.reaction rxn08461;rxn08462	Central carbon metabolism	Central carbon metabolism	transported substrate: formaldehyde	TRANSPORT_SUBSTRATE_CURATED_RULE
FALGTHLs	Formaldehyde glutathione ligase (spontaneous)	Internal metabolic		bigg.reaction FALGTHLs biocyc META:RXN-2961 brenda 4.4.1.22 ec-code 4.4.1.22 kegg.reaction R06982 metanetx.reaction MNXR99239 rhea 22488;22489;22490;22491 sbo SBO:0000176 seed.reaction rxn04791;rxn08463	Energy metabolism / respiration	Energy metabolism / respiration	reaction name: glutathione	HIERARCHICAL_REACTION_NAME
FAO1	Fatty acid oxidation (tetradecanoate)	Internal metabolic		bigg.reaction FAO1 metanetx.reaction MNXR99245 sbo SBO:0000176	Lipid metabolism	Lipid metabolism	reaction name: fatty acid	HIERARCHICAL_REACTION_NAME
FAO3	Fatty acid oxidation (octadecanoate)	Internal metabolic		bigg.reaction FAO3 metanetx.reaction MNXR99259 sbo SBO:0000176 seed.reaction rxn10106	Lipid metabolism	Lipid metabolism	reaction name: fatty acid	HIERARCHICAL_REACTION_NAME
FAS100	Fatty acid synthase  n C100	Internal metabolic		bigg.reaction FAS100 brenda 2.3.1.85 ec-code 2.3.1.85 gpr_status PROVISIONAL metanetx.reaction MNXR99382 sbo SBO:0000176	Lipid metabolism	Lipid metabolism	reaction name: fatty acid	HIERARCHICAL_REACTION_NAME
FAS120	Fatty acid synthase  n C120	Internal metabolic		bigg.reaction FAS120 brenda 2.3.1.85 ec-code 2.3.1.85 gpr_status PROVISIONAL metanetx.reaction MNXR99386 sbo SBO:0000176	Lipid metabolism	Lipid metabolism	reaction name: fatty acid	HIERARCHICAL_REACTION_NAME
FAS140	Fatty acid synthase  n C140	Internal metabolic		bigg.reaction FAS140 brenda 2.3.1.85 ec-code 2.3.1.85 gpr_status PROVISIONAL metanetx.reaction MNXR99390 sbo SBO:0000176	Lipid metabolism	Lipid metabolism	reaction name: fatty acid	HIERARCHICAL_REACTION_NAME
FAS160	Fatty acid synthase  n C160	Internal metabolic		bigg.reaction FAS160 brenda 2.3.1.85 ec-code 2.3.1.85 gpr_status PROVISIONAL metanetx.reaction MNXR99396 sbo SBO:0000176	Lipid metabolism	Lipid metabolism	reaction name: fatty acid	HIERARCHICAL_REACTION_NAME
FAS161	Fatty acid synthase  n C161	Internal metabolic		bigg.reaction FAS161 gpr_status PROVISIONAL metanetx.reaction MNXR99400 sbo SBO:0000176	Lipid metabolism	Lipid metabolism	reaction name: fatty acid	HIERARCHICAL_REACTION_NAME
FAS180	Fatty acid synthase  n C180	Internal metabolic		bigg.reaction FAS180 brenda 2.3.1.85 ec-code 2.3.1.85 gpr_status PROVISIONAL metanetx.reaction MNXR99402 sbo SBO:0000176 seed.reaction rxn09429	Lipid metabolism	Lipid metabolism	reaction name: fatty acid	HIERARCHICAL_REACTION_NAME
FAS181	Fatty acid synthase  n C181	Internal metabolic		bigg.reaction FAS181 gpr_status PROVISIONAL metanetx.reaction MNXR99406 sbo SBO:0000176	Lipid metabolism	Lipid metabolism	reaction name: fatty acid	HIERARCHICAL_REACTION_NAME
FAS80_L	Fatty acid synthase  n C80   lumped reaction	Internal metabolic		bigg.reaction FAS80_L ec-code 2.3.1.85 gpr_status PROVISIONAL metanetx.reaction MNXR99416 sbo SBO:0000176 seed.reaction rxn09420	Lipid metabolism	Lipid metabolism	reaction name: fatty acid	HIERARCHICAL_REACTION_NAME
FASC141ACP	Fatty acid biosynthesis (n-C14:1)	Internal metabolic		bigg.reaction FASC141ACP brenda 1.1.1.36 ec-code 1.1.1.36 gpr_status PROVISIONAL metanetx.reaction MNXR99417 sbo SBO:0000176	Lipid metabolism	Lipid metabolism	reaction name: fatty acid	HIERARCHICAL_REACTION_NAME
FBA	Fructose-bisphosphate aldolase	Internal metabolic		bigg.reaction FBA brenda 4.1.2.13 ec-code 4.1.2.13 kegg.reaction R01068 metanetx.reaction MNXR99459 rhea 14729;14730;14731;14732 sbo SBO:0000176 seed.reaction rxn00786	Inorganic ion metabolism	Inorganic ion metabolism	reaction name: phosphate	HIERARCHICAL_REACTION_NAME
FBA2	D Fructose 1 phosphate D glyceraldehyde 3 phosphate lyase	Internal metabolic		bigg.reaction FBA2 brenda 4.1.2.13 ec-code 4.1.2.13 kegg.reaction R02568 metanetx.reaction MNXR99460 rhea 30851;30852;30853;30854 sbo SBO:0000176 seed.reaction rxn01870	Inorganic ion metabolism	Inorganic ion metabolism	reaction name: phosphate	HIERARCHICAL_REACTION_NAME
FBA3	Sedoheptulose 1,7-bisphosphate D-glyceraldehyde-3-phosphate-lyase	Internal metabolic		bigg.reaction FBA3 biocyc META:SEDOBISALDOL-RXN brenda 4.1.2.13 ec-code 4.1.2.-;4.1.2.13 kegg.reaction R01829 metanetx.reaction MNXR99461 rhea 30167;30168;30169;30170 sbo SBO:0000176 seed.reaction rxn01334	Inorganic ion metabolism	Inorganic ion metabolism	reaction name: phosphate	HIERARCHICAL_REACTION_NAME
FCLPA	L-fuculose 1-phosphate aldolase	Internal metabolic		bigg.reaction FCLPA biocyc META:FUCPALDOL-RXN brenda 4.1.2.17 ec-code 4.1.2.17 kegg.reaction R02262 metanetx.reaction MNXR99470 rhea 12933;12934;12935;12936 sbo SBO:0000176 seed.reaction rxn01620	Inorganic ion metabolism	Inorganic ion metabolism	reaction name: phosphate	HIERARCHICAL_REACTION_NAME
FCLT	Ferrochelatase	Internal metabolic		bigg.reaction FCLT;FCLT_h;FCLTm biocyc META:PROTOHEMEFERROCHELAT-RXN brenda 4.98.1.1;4.99.1.1 ec-code 4.99.1.1;4.98.1.1 kegg.reaction R00310 metanetx.reaction MNXR99471 rhea 22584;22585;22586;22587 sbo SBO:0000176	Cofactor and vitamin metabolism	Cofactor and vitamin metabolism	database annotation: heme	HIERARCHICAL_DATABASE_ANNOTATION
FDH	Formate dehydrogenase	Internal metabolic		bigg.reaction FDH biocyc META:1.2.1.2-RXN brenda 1.17.1.9;1.2.1.2 ec-code 1.2.1.2;1.17.1.9 kegg.reaction R00519 metanetx.reaction MNXR99475 rhea 15985;15986;15987;15988 sbo SBO:0000176 seed.reaction rxn00371;rxn31215;rxn33324;rxn33328	Energy metabolism / respiration	Energy metabolism / respiration	reaction name: hydrogenase	HIERARCHICAL_REACTION_NAME
FDH4pp	Formate dehydrogenase (quinone-8) (periplasm)	Transport		bigg.reaction FDH4pp gpr_status PROVISIONAL metanetx.reaction MNXR99478 rhea 29075;29076;29077;29078 sbo SBO:0000185	Central carbon metabolism	Central carbon metabolism	transported substrate: co2	TRANSPORT_SUBSTRATE_CURATED_RULE
FDH4pp_1	Formate dehydrogenase (quinone-8) (periplasm)	Transport		bigg.reaction FDH4pp_1 ec-code 1.2.2.1 gpr_status PROVISIONAL metanetx.reaction MNXR99479 sbo SBO:0000185 seed.reaction rxn08465	Central carbon metabolism	Central carbon metabolism	transported substrate: co2	TRANSPORT_SUBSTRATE_CURATED_RULE
FDH5pp	Formate Dehydrogenase (menaquinone-8) (periplasm)	Transport		bigg.reaction FDH5pp gpr_status PROVISIONAL metanetx.reaction MNXR99480 sbo SBO:0000185	Central carbon metabolism	Central carbon metabolism	transported substrate: co2	TRANSPORT_SUBSTRATE_CURATED_RULE
FDH5pp_1	Formate Dehydrogenase (menaquinone-8) (periplasm)	Transport		bigg.reaction FDH5pp_1 ec-code 1.2.2.1 gpr_status PROVISIONAL metanetx.reaction MNXR99481 sbo SBO:0000185 seed.reaction rxn08466	Central carbon metabolism	Central carbon metabolism	transported substrate: co2	TRANSPORT_SUBSTRATE_CURATED_RULE
FDH5r2pp	Formate Dehydrogenase (menaquinone-8) (periplasm) 2 protons	Transport		bigg.reaction FDH5r2pp ec-code 1.2.2.1 gpr_status PROVISIONAL metanetx.reaction MNXR99482 sbo SBO:0000185	Central carbon metabolism	Central carbon metabolism	transported substrate: co2	TRANSPORT_SUBSTRATE_CURATED_RULE
FDMO4	FMNH2-dependent monooxygenase (butanesulfonate)	Internal metabolic		bigg.reaction FDMO4 ec-code 1.14.14.5 metanetx.reaction MNXR99491 sbo SBO:0000176 seed.reaction rxn08470	Sulfur metabolism	Sulfur metabolism	reaction name: sulfonate	HIERARCHICAL_REACTION_NAME
FDMO4_1	FMN dependent monooxygenase  taurine	Internal metabolic		bigg.reaction FDMO4_1 metanetx.reaction MNXR99492 sbo SBO:0000176	Nucleotide metabolism	Nucleotide metabolism	metabolite context: nucleotide	HIERARCHICAL_METABOLITE_CONTEXT
FE2Gabcpp	Iron (II) transport via ABC system (GTP) (periplasm)	Transport		bigg.reaction FE2Gabcpp metanetx.reaction MNXR99502 sbo SBO:0000185	Inorganic ion metabolism	Inorganic ion metabolism	transported substrate: iron	TRANSPORT_SUBSTRATE_CURATED_RULE
FE2abc	Iron (II) transport via ABC system	Transport		bigg.reaction FE2abc curation_status TRANSPORT_REBUILD_PENDING metanetx.reaction MNXR99504 sbo SBO:0000185 seed.reaction rxn05555;rxn08472	Inorganic ion metabolism	Inorganic ion metabolism	transported substrate: iron	TRANSPORT_SUBSTRATE_CURATED_RULE
FE2abcpp	Iron (II) transport via ABC system (periplasm)	Transport		bigg.reaction FE2abcpp metanetx.reaction MNXR99504 sbo SBO:0000185 seed.reaction rxn05555;rxn08472	Inorganic ion metabolism	Inorganic ion metabolism	transported substrate: iron	TRANSPORT_SUBSTRATE_CURATED_RULE
FE2t	Iron  II  transport	Transport		bigg.reaction FE2t biocyc META:TRANS-RXN-8 gpr_status PROVISIONAL metanetx.reaction MNXR99505 rhea 28486;28487;28488;28489 sbo SBO:0000185 seed.reaction rxn08475;rxn08476;rxn10963;rxn13286	Inorganic ion metabolism	Inorganic ion metabolism	transported substrate: iron	TRANSPORT_SUBSTRATE_CURATED_RULE
FE2t3pp	Iron (Fe+2) transport out via proton antiport (periplasm)	Transport		bigg.reaction FE2t3pp biocyc META:RXN0-6 metanetx.reaction MNXR99506 rhea 29439;29440;29441;29442 sbo SBO:0000185 seed.reaction rxn08474	Inorganic ion metabolism	Inorganic ion metabolism	transported substrate: iron	TRANSPORT_SUBSTRATE_CURATED_RULE
FE2t4pp	Iron(II) transport out via antiport (periplasm)	Transport		bigg.reaction FE2t4pp gpr_status PROVISIONAL metanetx.reaction MNXR99507 sbo SBO:0000185	Inorganic ion metabolism	Inorganic ion metabolism	transported substrate: iron	TRANSPORT_SUBSTRATE_CURATED_RULE
FE2tex	Iron (II) transport via diffusion (extracellular to periplasm)	Transport		bigg.reaction FE2tex biocyc META:TRANS-RXN-8 metanetx.reaction MNXR99505 rhea 28486;28487;28488;28489 sbo SBO:0000185 seed.reaction rxn08475;rxn08476;rxn10963;rxn13286	Inorganic ion metabolism	Inorganic ion metabolism	transported substrate: iron	TRANSPORT_SUBSTRATE_CURATED_RULE
FE2tpp	Iron (+2) transport in via permease (no H+)	Transport		bigg.reaction FE2tpp biocyc META:TRANS-RXN-8 metanetx.reaction MNXR99505 rhea 28486;28487;28488;28489 sbo SBO:0000185 seed.reaction rxn08475;rxn08476;rxn10963;rxn13286	Inorganic ion metabolism	Inorganic ion metabolism	transported substrate: iron	TRANSPORT_SUBSTRATE_CURATED_RULE
FE3DCIT2abcpp	Iron transport from ferric dicitrate via ABC system  periplasm	Transport		bigg.reaction FE3DCIT2abcpp curation_status TRANSPORT_REBUILD_PENDING sbo SBO:0000185	Inorganic ion metabolism	Inorganic ion metabolism	transported substrate: iron	TRANSPORT_SUBSTRATE_CURATED_RULE
FE3DCITCH	Ferric dicitrate chelation	Internal metabolic		bigg.reaction FE3DCITCH;FE3DCITexs metanetx.reaction MNXR157435 sbo SBO:0000176	Central carbon metabolism	Central carbon metabolism	reaction name: citrate	HIERARCHICAL_REACTION_NAME
FE3DCITR3	Ferric dicitrate reductase  fmn	Internal metabolic		bigg.reaction FE3DCITR3 brenda 1.18.1.2 ec-code 1.18.1.2 gpr_status PROVISIONAL metanetx.reaction MNXR157438 sbo SBO:0000176	Central carbon metabolism	Central carbon metabolism	reaction name: citrate	HIERARCHICAL_REACTION_NAME
FE3DCITR5	Ferric-dicitrate reductase via nadph	Internal metabolic		bigg.reaction FE3DCITR5 metanetx.reaction MNXR157440 sbo SBO:0000176	Central carbon metabolism	Central carbon metabolism	reaction name: citrate	HIERARCHICAL_REACTION_NAME
FE3DCITabc	Iron transport from ferric-dicitrate via ABC system	Transport		bigg.reaction FE3DCITabc curation_status TRANSPORT_REBUILD_PENDING metanetx.reaction MNXR99508 sbo SBO:0000185	Inorganic ion metabolism	Inorganic ion metabolism	transported substrate: iron	TRANSPORT_SUBSTRATE_CURATED_RULE
FE3DCITabcpp	Iron transport from ferric-dicitrate via ABC system (periplasm)	Transport		bigg.reaction FE3DCITabcpp curation_status TRANSPORT_REBUILD_PENDING metanetx.reaction MNXR99508 sbo SBO:0000185 seed.reaction rxn08478	Inorganic ion metabolism	Inorganic ion metabolism	transported substrate: iron	TRANSPORT_SUBSTRATE_CURATED_RULE
FE3DCITexs	Dicitrate Fe(III) binding (spontaneous)	Internal metabolic		bigg.reaction FE3DCITexs;FE3DCITCH metanetx.reaction MNXR157435 sbo SBO:0000176	Central carbon metabolism	Central carbon metabolism	reaction name: citrate	HIERARCHICAL_REACTION_NAME
FE3DCITtonex	Ferric-dicitrate transport via ton system (extracellular)	Transport		bigg.reaction FE3DCITtonex gpr_status PROVISIONAL metanetx.reaction MNXR99509 sbo SBO:0000185 seed.reaction rxn08479	Central carbon metabolism	Central carbon metabolism	reaction name: citrate	TRANSPORT_SUBSTRATE_REACTION_NAME
FE3Gabcpp	Iron (III) transport via ABC system (GTP) (periplasm)	Transport		bigg.reaction FE3Gabcpp metanetx.reaction MNXR99513 sbo SBO:0000185	Inorganic ion metabolism	Inorganic ion metabolism	transported substrate: iron	TRANSPORT_SUBSTRATE_CURATED_RULE
FE3HOXexs	Fe(III) hydroxamate Fe-loading reaction (spontaneaous)	Internal metabolic		bigg.reaction FE3HOXexs metanetx.reaction MNXR99520 sbo SBO:0000176 seed.reaction rxn08484	Inorganic ion metabolism	Inorganic ion metabolism	metabolite context: iron	HIERARCHICAL_METABOLITE_CONTEXT
FE3PYOVDL2	Ferripyoverdine complex formation  P putida KT2440 specific	Internal metabolic		bigg.reaction FE3PYOVDL2 metanetx.reaction MNXR157445 sbo SBO:0000176	Inorganic ion metabolism	Inorganic ion metabolism	metabolite context: iron	HIERARCHICAL_METABOLITE_CONTEXT
FE3Ri	Fe(III) reduction	Internal metabolic		bigg.reaction FE3Ri metanetx.reaction MNXR99524 rhea 30155;30156;30157;30158 sbo SBO:0000176 seed.reaction rxn08491	Nucleotide metabolism	Nucleotide metabolism	metabolite context: nucleotide	HIERARCHICAL_METABOLITE_CONTEXT
FE3abc	Iron (III) transport via ABC system	Transport		bigg.reaction FE3abc biocyc META:3.6.3.30-RXN ec-code 3.6.3.30 metanetx.reaction MNXR99525 rhea 12332;12333;12334;12335 sbo SBO:0000185 seed.reaction rxn05195;rxn08477	Inorganic ion metabolism	Inorganic ion metabolism	transported substrate: iron	TRANSPORT_SUBSTRATE_CURATED_RULE
FE3abcpp	Iron (III) transport via ABC system (periplasm to cytoplasm)	Transport		bigg.reaction FE3abcpp biocyc META:3.6.3.30-RXN ec-code 3.6.3.30 gpr_status PROVISIONAL metanetx.reaction MNXR99525 rhea 12332;12333;12334;12335 sbo SBO:0000185 seed.reaction rxn05195;rxn08477	Inorganic ion metabolism	Inorganic ion metabolism	transported substrate: iron	TRANSPORT_SUBSTRATE_CURATED_RULE
FE3tex	Iron (III) transport via diffusion (extracellular to periplasm)	Transport		bigg.reaction FE3tex metanetx.reaction MNXR99522 reactome R-BTA-442368;R-CFA-442368;R-GGA-442368;R-HSA-442368;R-MMU-442368;R-RNO-442368;R-SSC-442368;R-TGU-442368 rhea 34971;34972;34973;34974 sbo SBO:0000185 seed.reaction rxn05292;rxn08492	Inorganic ion metabolism	Inorganic ion metabolism	transported substrate: iron	TRANSPORT_SUBSTRATE_CURATED_RULE
FEDCabc	Iron  III  dicitrate transport via ABC system	Transport		bigg.reaction FEDCabc curation_status TRANSPORT_REBUILD_PENDING metanetx.reaction MNXR99538 sbo SBO:0000185 seed.reaction rxn05557	Inorganic ion metabolism	Inorganic ion metabolism	transported substrate: iron	TRANSPORT_SUBSTRATE_CURATED_RULE
FEENTERtex	Enterochelin transport (secretion periplasm)	Transport		bigg.reaction FEENTERtex gpr_status PROVISIONAL metanetx.reaction MNXR99548 sbo SBO:0000185 seed.reaction rxn08506	Inorganic ion metabolism	Inorganic ion metabolism	transported substrate: enterochelin	TRANSPORT_SUBSTRATE_CURATED_RULE
FEENTERtonex	Fe-enterobactin transport via ton system (extracellular)	Transport		bigg.reaction FEENTERtonex gpr_status PROVISIONAL metanetx.reaction MNXR99549 sbo SBO:0000185	Inorganic ion metabolism	Inorganic ion metabolism	transported substrate: enterobactin	TRANSPORT_SUBSTRATE_CURATED_RULE
FEOXAMR1	Ferroxamine reductase	Internal metabolic		bigg.reaction FEOXAMR1 gpr_status PROVISIONAL metanetx.reaction MNXR143097 sbo SBO:0000176 seed.reaction rxn08511	Nucleotide metabolism	Nucleotide metabolism	metabolite context: nucleotide	HIERARCHICAL_METABOLITE_CONTEXT
FEOXAMR2	Ferroxamine reductase	Internal metabolic		bigg.reaction FEOXAMR2 gpr_status PROVISIONAL metanetx.reaction MNXR143098 sbo SBO:0000176 seed.reaction rxn08512	Other curated	Other curated	named biochemical reaction without controlled-category match	NAMED_REACTION_FALLBACK
FEOXAMR3	Ferroxamine reductase	Internal metabolic		bigg.reaction FEOXAMR3 gpr_status PROVISIONAL metanetx.reaction MNXR143099 sbo SBO:0000176 seed.reaction rxn08513	Cofactor and vitamin metabolism	Cofactor and vitamin metabolism	metabolite context: riboflavin	HIERARCHICAL_METABOLITE_CONTEXT
FEOXAMUtex	Ferroxamine (minus Fe3) secretion (to extracellular)	Transport		bigg.reaction FEOXAMUtex metanetx.reaction MNXR99554 sbo SBO:0000185 seed.reaction rxn08515	Inorganic ion metabolism	Inorganic ion metabolism	transported substrate: ferroxamine	TRANSPORT_SUBSTRATE_CURATED_RULE
FEOXAMUtpp	Ferroxamine (minus Fe3) secretion (to periplasm)	Transport		bigg.reaction FEOXAMUtpp metanetx.reaction MNXR99555 sbo SBO:0000185 seed.reaction rxn08516	Inorganic ion metabolism	Inorganic ion metabolism	transported substrate: ferroxamine	TRANSPORT_SUBSTRATE_CURATED_RULE
FEOXAMabcpp	Ferroxamine transport via ABC system (periplasm)	Transport		bigg.reaction FEOXAMabcpp metanetx.reaction MNXR143100 sbo SBO:0000185 seed.reaction rxn05558;rxn08509	Inorganic ion metabolism	Inorganic ion metabolism	transported substrate: ferroxamine	TRANSPORT_SUBSTRATE_CURATED_RULE
FEOXAMtonex	Ferroxamine transport via ton system (extracellular)	Transport		bigg.reaction FEOXAMtonex gpr_status PROVISIONAL metanetx.reaction MNXR143102 sbo SBO:0000185 seed.reaction rxn08514	Inorganic ion metabolism	Inorganic ion metabolism	transported substrate: ferroxamine	TRANSPORT_SUBSTRATE_CURATED_RULE
FEROc	Ferroxidase	Internal metabolic		bigg.reaction FEROc;FERO;FEROpp;r0016 biocyc META:RXN0-1483 brenda 1.16.3.1 ec-code 1.16.3.1 kegg.reaction R00078 metanetx.reaction MNXR99561 rhea 11148;11149;11150;11151;11436;11437;11438;11439 sbo SBO:0000176 seed.reaction rxn00056;rxn25990;rxn31826	Energy metabolism / respiration	Energy metabolism / respiration	reaction name: oxidase	HIERARCHICAL_REACTION_NAME
FEROpp	Ferroxidase	Internal metabolic		bigg.reaction FEROpp;FERO;FEROc;r0016 biocyc META:RXN0-1483 brenda 1.16.3.1 ec-code 1.16.3.1 kegg.reaction R00078 metanetx.reaction MNXR99561 rhea 11148;11149;11150;11151;11436;11437;11438;11439 sbo SBO:0000176 seed.reaction rxn00056;rxn25990;rxn31826	Energy metabolism / respiration	Energy metabolism / respiration	reaction name: oxidase	HIERARCHICAL_REACTION_NAME
FERtex	Ferulate transport via diffusion  extracellular to periplasm	Transport		bigg.reaction FERtex metanetx.reaction MNXR99584 sbo SBO:0000185 seed.reaction rxn12795;rxn12796	Other curated	Other curated	transport chemistry present but substrate class is outside the controlled categories	TRANSPORT_OTHER_CURATED
FERtpp	Ferulate transport via diffusion   periplasm	Transport		bigg.reaction FERtpp metanetx.reaction MNXR99584 sbo SBO:0000185 seed.reaction rxn12795;rxn12796	Other curated	Other curated	transport chemistry present but substrate class is outside the controlled categories	TRANSPORT_OTHER_CURATED
FLVR	Flavin reductase	Internal metabolic		bigg.reaction FLVR biocyc META:NADPH-DEHYDROGENASE-FLAVIN-RXN brenda 1.5.1.30;1.5.1.41 ec-code 1.5.1.30;1.5.1.41 kegg.reaction R05707 metanetx.reaction MNXR99601 rhea 19377;19378;19379;19380 sbo SBO:0000176 seed.reaction rxn03976	Energy metabolism / respiration	Energy metabolism / respiration	database annotation: hydrogenase	HIERARCHICAL_DATABASE_ANNOTATION
FLVRx	Flavin reductase (NAD)	Internal metabolic		bigg.reaction FLVRx brenda 1.5.1.36;1.5.1.41 ec-code 1.5.1.36;1.5.1.41 kegg.reaction R09750 metanetx.reaction MNXR99602 rhea 31455;31456;31457;31458 sbo SBO:0000176 seed.reaction rxn08521	Cofactor and vitamin metabolism	Cofactor and vitamin metabolism	reaction name: flavin	HIERARCHICAL_REACTION_NAME
FMNAT	FMN adenylyltransferase	Internal metabolic		bigg.reaction FMNAT biocyc META:FADSYN-RXN brenda 2.7.7.2 ec-code 2.7.7.2 kegg.reaction R00161 metanetx.reaction MNXR95501 reactome R-ATH-196929;R-BTA-196929;R-CEL-196929;R-CFA-196929;R-DDI-196929;R-DME-196929;R-DRE-196929;R-GGA-196929;R-HSA-196929;R-MMU-196929;R-PFA-196929;R-RNO-196929;R-SCE-196929;R-SPO-196929;R-SSC-196929;R-TGU-196929;R-XTR-196929 rhea 17237;17238;17239;17240 sbo SBO:0000176 seed.reaction rxn00122	Nucleotide metabolism	Nucleotide metabolism	metabolite context: nucleotide	HIERARCHICAL_METABOLITE_CONTEXT
FMNRx	FMN reductase	Internal metabolic		bigg.reaction FMNRx biocyc META:RXN-9510 brenda 1.5.1.36;1.5.1.39;1.5.1.41;1.5.1.42 ec-code 1.5.1.-;1.5.1.36;1.5.1.39;1.5.1.41;1.5.1.42 gpr_status PROVISIONAL kegg.reaction R05705 metanetx.reaction MNXR99607 rhea 21620;21621;21622;21623 sbo SBO:0000176 seed.reaction rxn03974	Nucleotide metabolism	Nucleotide metabolism	metabolite context: nucleotide	HIERARCHICAL_METABOLITE_CONTEXT
FMNRx2	FMN reductase	Internal metabolic		bigg.reaction FMNRx2 biocyc META:RXN-12444 brenda 1.5.1.38;1.5.1.39 ec-code 1.5.1.-;1.5.1.38;1.5.1.39 gpr_status PROVISIONAL kegg.reaction R05706 metanetx.reaction MNXR99597 rhea 21624;21625;21626;21627;50756;50757;50758;50759 sbo SBO:0000176 seed.reaction rxn03975;rxn13930;rxn13939	Nucleotide metabolism	Nucleotide metabolism	metabolite context: nucleotide	HIERARCHICAL_METABOLITE_CONTEXT
FMNRy	FMN reductase  NADPH dependent	Internal metabolic		bigg.reaction FMNRy gpr_status PROVISIONAL metanetx.reaction MNXR99608 sbo SBO:0000176	Cofactor and vitamin metabolism	Cofactor and vitamin metabolism	reaction name: nad	HIERARCHICAL_REACTION_NAME
FMNt	FMN transporter, periplasm	Transport		bigg.reaction FMNt gpr_status PROVISIONAL sbo SBO:0000185	Cofactor and vitamin metabolism	Cofactor and vitamin metabolism	transported substrate: fmn	TRANSPORT_SUBSTRATE_CURATED_RULE
FMNtex	FMN transport, outer membrane	Transport		bigg.reaction FMNtex sbo SBO:0000185	Cofactor and vitamin metabolism	Cofactor and vitamin metabolism	transported substrate: fmn	TRANSPORT_SUBSTRATE_CURATED_RULE
FNRR3	FNRR3	Internal metabolic		bigg.reaction FNRR3 gpr_status PROVISIONAL metanetx.reaction MNXR157456 sbo SBO:0000176	Energy metabolism / respiration	Energy metabolism / respiration	metabolite context: ferredoxin	HIERARCHICAL_METABOLITE_CONTEXT
FOLD3	Dihydropteroate synthase	Internal metabolic		bigg.reaction FOLD3 brenda 2.5.1.15 ec-code 2.5.1.15 metanetx.reaction MNXR143108 sbo SBO:0000176 seed.reaction rxn02201	Cofactor and vitamin metabolism	Cofactor and vitamin metabolism	reaction name: pteroate	HIERARCHICAL_REACTION_NAME
FOLR2	Folate reductase	Internal metabolic		bigg.reaction FOLR2;FOLR2_1 biocyc META:RXN-22709 brenda 1.5.1.3 ec-code 1.5.1.3 kegg.reaction R02236 metanetx.reaction MNXR97400 reactome R-BTA-197963;R-CEL-197963;R-CFA-197963;R-DDI-197963;R-DME-197963;R-DRE-197963;R-GGA-197963;R-HSA-197963;R-MMU-197963;R-RNO-197963;R-SCE-197963;R-SPO-197963;R-SSC-197963;R-TGU-197963;R-XTR-197963 rhea 31103;31104;31105;31106 sbo SBO:0000176 seed.reaction rxn01602	Cofactor and vitamin metabolism	Cofactor and vitamin metabolism	reaction name: folate	HIERARCHICAL_REACTION_NAME
FOMETRi	Aminomethyltransferase	Internal metabolic		bigg.reaction FOMETRi brenda 2.1.2.10 ec-code 2.1.2.10 kegg.reaction R02300 metanetx.reaction MNXR99614 rhea 34767;34768;34769;34770 sbo SBO:0000176 seed.reaction rxn01652	Cofactor and vitamin metabolism	Cofactor and vitamin metabolism	metabolite context: folate	HIERARCHICAL_METABOLITE_CONTEXT
FORGLUIH2	N formimino L glutamate inimohydrolase	Internal metabolic		bigg.reaction FORGLUIH2 metanetx.reaction MNXR153597 sbo SBO:0000176	Amino acid metabolism	Amino acid metabolism	reaction name: glutamate	HIERARCHICAL_REACTION_NAME
FORt	Formate transport via diffusion	Transport		bigg.reaction FORt biocyc META:TRANS-RXN-1 metanetx.reaction MNXR99620 reactome R-HSA-6803255 rhea 29679;29680;29681;29682 sbo SBO:0000185 seed.reaction rxn08525;rxn08526;rxn09682;rxn09754	Central carbon metabolism	Central carbon metabolism	transported substrate: formate	TRANSPORT_SUBSTRATE_CURATED_RULE
FORt2	Formate transport in via proton symport	Transport		bigg.reaction FORt2 metanetx.reaction MNXR99621 sbo SBO:0000185 seed.reaction rxn05559;rxn08524	Central carbon metabolism	Central carbon metabolism	transported substrate: formate	TRANSPORT_SUBSTRATE_CURATED_RULE
FORtex	Formate transport via diffusion (extracellular to periplasm)	Transport		bigg.reaction FORtex biocyc META:TRANS-RXN-1 metanetx.reaction MNXR99620 reactome R-HSA-6803255 rhea 29679;29680;29681;29682 sbo SBO:0000185 seed.reaction rxn08525;rxn08526;rxn09682;rxn09754	Central carbon metabolism	Central carbon metabolism	transported substrate: formate	TRANSPORT_SUBSTRATE_CURATED_RULE
FRD2	Fumarate reductase	Internal metabolic		bigg.reaction FRD2 brenda 1.3.5.1 ec-code 1.3.5.1 metanetx.reaction MNXR99637 rhea 29215;29216;29217;29218 sbo SBO:0000176 seed.reaction rxn08527	Central carbon metabolism	Central carbon metabolism	reaction name: fumarate	HIERARCHICAL_REACTION_NAME
FRD3	Fumarate reductase	Internal metabolic		bigg.reaction FRD3 brenda 1.3.5.1;1.3.99.1 ec-code 1.3.99.1;1.3.5.1 metanetx.reaction MNXR99639 sbo SBO:0000176 seed.reaction rxn08528	Central carbon metabolism	Central carbon metabolism	reaction name: fumarate	HIERARCHICAL_REACTION_NAME
FRUK	Fructose-1-phosphate kinase	Internal metabolic		bigg.reaction FRUK brenda 2.7.1.56 ec-code 2.7.1.56 metanetx.reaction MNXR99652 rhea 14213;14214;14215;14216 sbo SBO:0000176 seed.reaction rxn01492	Inorganic ion metabolism	Inorganic ion metabolism	reaction name: phosphate	HIERARCHICAL_REACTION_NAME
FRUURt2rpp	D-fructuronate transport via proton symport, reversible (periplasm)	Transport		bigg.reaction FRUURt2rpp biocyc META:TRANS-RXN-81 metanetx.reaction MNXR99658 rhea 28871;28872;28873;28874 sbo SBO:0000185 seed.reaction rxn08538	Carbohydrate metabolism	Carbohydrate metabolism	transported substrate: fructuronate	TRANSPORT_SUBSTRATE_CURATED_RULE
FRUURtex	D-fructuronate transport via diffusion (extracellular)	Transport		bigg.reaction FRUURtex metanetx.reaction MNXR99659 sbo SBO:0000185 seed.reaction rxn08539	Carbohydrate metabolism	Carbohydrate metabolism	transported substrate: fructuronate	TRANSPORT_SUBSTRATE_CURATED_RULE
FRUtex	D-fructose transport via diffusion (extracellular to periplasm)	Transport		bigg.reaction FRUtex metanetx.reaction MNXR99663 reactome R-ATH-189222;R-BTA-189222;R-CFA-189222;R-DDI-189222;R-DME-189222;R-DRE-189222;R-GGA-189222;R-HSA-189222;R-MMU-189222;R-OSA-189222;R-RNO-189222;R-SCE-189222;R-SSC-189222;R-TGU-189222;R-XTR-189222 sbo SBO:0000185 seed.reaction rxn08537;rxn12996	Carbohydrate metabolism	Carbohydrate metabolism	transported substrate: fructose	TRANSPORT_SUBSTRATE_CURATED_RULE
FTHFCL	5 formethyltetrahydrofolate cyclo ligase	Internal metabolic		bigg.reaction FTHFCL brenda 6.3.3.2 ec-code 6.3.3.2 kegg.reaction R02301 metanetx.reaction MNXR99668 rhea 10488;10489;10490;10491 sbo SBO:0000176 seed.reaction rxn01653	Cofactor and vitamin metabolism	Cofactor and vitamin metabolism	reaction name: folate	HIERARCHICAL_REACTION_NAME
FTHFD	Formyltetrahydrofolate deformylase	Internal metabolic		bigg.reaction FTHFD brenda 3.5.1.10 ec-code 3.5.1.10 kegg.reaction R00944 metanetx.reaction MNXR99669 rhea 19833;19834;19835;19836 sbo SBO:0000176	Cofactor and vitamin metabolism	Cofactor and vitamin metabolism	reaction name: folate	HIERARCHICAL_REACTION_NAME
FUM	Fumarase	Internal metabolic		bigg.reaction FUM;FUMg;FUMm biocyc META:FUMHYDR-RXN brenda 4.2.1.2 ec-code 4.2.1.2 kegg.reaction R01082 metanetx.reaction MNXR99705 reactome R-ATH-451033;R-ATH-70982;R-BTA-451033;R-BTA-70982;R-CEL-451033;R-CEL-70982;R-CFA-451033;R-CFA-70982;R-DDI-451033;R-DDI-70982;R-DME-451033;R-DME-70982;R-DRE-451033;R-DRE-70982;R-GGA-373141;R-GGA-373145;R-GGA-451033;R-GGA-70982;R-HSA-451033;R-HSA-70982;R-MMU-451033;R-MMU-70982;R-OSA-451033;R-OSA-70982;R-RNO-451033;R-RNO-70982;R-SCE-451033;R-SCE-70982;R-SPO-451033;R-SPO-70982;R-SSC-451033;R-SSC-70982;R-TGU-451033;R-TGU-70982;R-XTR-451033;R-XTR-70982 rhea 12460;12461;12462;12463 sbo SBO:0000176 seed.reaction rxn00799;rxn19740;rxn33856;rxn33857;rxn33858	Central carbon metabolism	Central carbon metabolism	metabolite context: fumarate	HIERARCHICAL_METABOLITE_CONTEXT
FUMt1pp	Fumarate transport via diffusion in (periplasm)	Transport		bigg.reaction FUMt1pp sbo SBO:0000185	Central carbon metabolism	Central carbon metabolism	reaction name: fumarate	TRANSPORT_SUBSTRATE_REACTION_NAME
FUMt2r	Fumarate reversible transport via symport	Transport		bigg.reaction FUMt2r metanetx.reaction MNXR99713 sbo SBO:0000185 seed.reaction rxn05561	Central carbon metabolism	Central carbon metabolism	reaction name: fumarate	TRANSPORT_SUBSTRATE_REACTION_NAME
FUMtex	Fumarate transport via diffusion (extracellular to periplasm)	Transport		bigg.reaction FUMtex biocyc META:TRANS-RXN0-553 metanetx.reaction MNXR99715 sbo SBO:0000185 seed.reaction rxn08544;rxn11013	Central carbon metabolism	Central carbon metabolism	reaction name: fumarate	TRANSPORT_SUBSTRATE_REACTION_NAME
G1PACT	Glucosamine-1-phosphate N-acetyltransferase	Internal metabolic		bigg.reaction G1PACT brenda 2.3.1.157;2.3.1.4;2.7.7.23 ec-code 2.3.1.157;2.3.1.4;2.7.7.23 metanetx.reaction MNXR99841 sbo SBO:0000176 seed.reaction rxn03638	Inorganic ion metabolism	Inorganic ion metabolism	reaction name: phosphate	HIERARCHICAL_REACTION_NAME
G1PP	Glucose-1-phosphatase	Internal metabolic		bigg.reaction G1PP biocyc META:GLUCOSE-1-PHOSPHAT-RXN;META:RXN-17330 brenda 3.1.3.10;3.8.1.2 ec-code 3.1.3.10;3.8.1.2 gpr_status PROVISIONAL kegg.reaction R00304 metanetx.reaction MNXR99844 rhea 19933;19934;19935;19936 sbo SBO:0000176 seed.reaction rxn00221	Carbohydrate metabolism	Carbohydrate metabolism	database annotation: glucose	HIERARCHICAL_DATABASE_ANNOTATION
G1Ptex	D-glucose 1-phosphate transport via diffusion	Transport		bigg.reaction G1Ptex metanetx.reaction MNXR99849 sbo SBO:0000185 seed.reaction rxn08545	Carbohydrate metabolism	Carbohydrate metabolism	transported substrate: glucose	TRANSPORT_SUBSTRATE_CURATED_RULE
G1SAT	Glutamate-1-semialdehyde aminotransferase	Internal metabolic		bigg.reaction G1SAT;G1SAT_h biocyc META:GSAAMINOTRANS-RXN brenda 5.4.3.8 ec-code 5.4.3.8 kegg.reaction R02272 metanetx.reaction MNXR99850 rhea 14265;14266;14267;14268 sbo SBO:0000176 seed.reaction rxn01629;rxn27920;rxn27921;rxn38136	Amino acid metabolism	Amino acid metabolism	reaction name: glutamate	HIERARCHICAL_REACTION_NAME
G2PP	Glycerol-2-phosphate phosphatase	Internal metabolic		bigg.reaction G2PP;G2PPpp biocyc META:GLYCEROL-2-PHOSPHATASE-RXN brenda 3.1.3.19;3.1.3.25 ec-code 3.1.3.19;3.1.3.25 gpr_status PROVISIONAL kegg.reaction R01043 metanetx.reaction MNXR99852 rhea 13105;13106;13107;13108 sbo SBO:0000176 seed.reaction rxn00766;rxn29963	Inorganic ion metabolism	Inorganic ion metabolism	reaction name: phosphate	HIERARCHICAL_REACTION_NAME
G3PAT120	Glycerol-3-phosphate acyltransferase (C12:0)	Internal metabolic		bigg.reaction G3PAT120 brenda 2.3.1.15 ec-code 2.3.1.15 metanetx.reaction MNXR99854 sbo SBO:0000176	Inorganic ion metabolism	Inorganic ion metabolism	reaction name: phosphate	HIERARCHICAL_REACTION_NAME
G3PAT141	Glycerol-3-phosphate acyltransferase (C14:1)	Internal metabolic		bigg.reaction G3PAT141 brenda 2.3.1.15 ec-code 2.3.1.15 metanetx.reaction MNXR99856 sbo SBO:0000176	Inorganic ion metabolism	Inorganic ion metabolism	reaction name: phosphate	HIERARCHICAL_REACTION_NAME
G3PAT161	Glycerol-3-phosphate acyltransferase (C16:1)	Internal metabolic		bigg.reaction G3PAT161;G3PAT1619Z_h brenda 2.3.1.15 ec-code 2.3.1.15 metanetx.reaction MNXR99859 sbo SBO:0000176	Inorganic ion metabolism	Inorganic ion metabolism	reaction name: phosphate	HIERARCHICAL_REACTION_NAME
G3PCabcpp	Sn-glycerol-3-phosphocholine transport via ABC system (periplasm)	Transport		bigg.reaction G3PCabcpp curation_status TRANSPORT_REBUILD_PENDING metanetx.reaction MNXR99873 sbo SBO:0000185 seed.reaction rxn08553	Carbohydrate metabolism	Carbohydrate metabolism	transported substrate: glycerol	TRANSPORT_SUBSTRATE_CURATED_RULE
G3PCtex	Glycero-3-phosphocholine transport via diffusion (extracellular to periplasm)	Transport		bigg.reaction G3PCtex metanetx.reaction MNXR99874 rhea 32911;32912;32913;32914 sbo SBO:0000185 seed.reaction rxn08554;rxn13291	Carbohydrate metabolism	Carbohydrate metabolism	transported substrate: glycero-3-phospho	TRANSPORT_SUBSTRATE_CURATED_RULE
G3PD1ir	Glycerol 3 phosphate dehydrogenase  NAD	Internal metabolic		bigg.reaction G3PD1ir;G3PD1;G3PD1irm;r0202 biocyc META:1.1.1.8-RXN brenda 1.1.1.8;1.1.1.94 ec-code 1.1.1.8;1.1.1.94 kegg.reaction R00842 metanetx.reaction MNXR99876 reactome R-ATH-75889;R-BTA-75889;R-CEL-75889;R-CFA-75889;R-DME-75889;R-DRE-75889;R-GGA-75889;R-HSA-75889;R-MMU-75889;R-OSA-75889;R-PFA-75889;R-RNO-75889;R-SCE-75889;R-SPO-75889;R-SSC-75889;R-TGU-75889;R-XTR-75889 rhea 11092;11093;11094;11095 sbo SBO:0000176 seed.reaction rxn00611;rxn27460;rxn30381;rxn37873	Energy metabolism / respiration	Energy metabolism / respiration	reaction name: hydrogenase	HIERARCHICAL_REACTION_NAME
G3PD2	Glycerol-3-phosphate dehydrogenase (NADP)	Internal metabolic		bigg.reaction G3PD2;G3PD2_1 brenda 1.1.1.94 ec-code 1.1.1.94 kegg.reaction R00844 metanetx.reaction MNXR99877 rhea 11096;11097;11098;11099 sbo SBO:0000176 seed.reaction rxn00612;rxn27898;rxn31786	Energy metabolism / respiration	Energy metabolism / respiration	reaction name: hydrogenase	HIERARCHICAL_REACTION_NAME
G3PD4	Glycerol 3 phosphate dehydrogenase  menaquinone 7	Internal metabolic		bigg.reaction G3PD4 metanetx.reaction MNXR99879 sbo SBO:0000176	Energy metabolism / respiration	Energy metabolism / respiration	reaction name: quinone	HIERARCHICAL_REACTION_NAME
G3PD5	Glycerol-3-phosphate dehydrogenase (ubiquinone-8)	Internal metabolic		bigg.reaction G3PD5 biocyc META:GLYC3PDEHYDROG-RXN brenda 1.1.5.3 ec-code 1.1.5.3 metanetx.reaction MNXR99880 rhea 28751;28752;28753;28754 sbo SBO:0000176 seed.reaction rxn08556;rxn26238;rxn27896;rxn37442;rxn37634;rxn37639;rxn37803	Energy metabolism / respiration	Energy metabolism / respiration	reaction name: quinone	HIERARCHICAL_REACTION_NAME
G3PD6	Glycerol-3-phosphate dehydrogenase (menaquinone-8)	Internal metabolic		bigg.reaction G3PD6 metanetx.reaction MNXR99881 rhea 29223;29224;29225;29226 sbo SBO:0000176 seed.reaction rxn08557	Energy metabolism / respiration	Energy metabolism / respiration	reaction name: quinone	HIERARCHICAL_REACTION_NAME
G3PEabcpp	Sn-glycerol-3-phosphoethanolamine transport via ABC system (periplasm)	Transport		bigg.reaction G3PEabcpp curation_status TRANSPORT_REBUILD_PENDING metanetx.reaction MNXR99883 sbo SBO:0000185 seed.reaction rxn08559	Lipid metabolism	Lipid metabolism	transported substrate: phosphoethanolamine	TRANSPORT_SUBSTRATE_CURATED_RULE
G3PEtex	Glycero-3-phosphoethanolamine transport via diffusion (extracellular to periplasm)	Transport		bigg.reaction G3PEtex metanetx.reaction MNXR99884 sbo SBO:0000185 seed.reaction rxn08560	Lipid metabolism	Lipid metabolism	transported substrate: phosphoethanolamine	TRANSPORT_SUBSTRATE_CURATED_RULE
G3PGabcpp	Sn-glycerol-3-phosphoglycerol transport via ABC system (periplasm)	Transport		bigg.reaction G3PGabcpp curation_status TRANSPORT_REBUILD_PENDING metanetx.reaction MNXR99885 sbo SBO:0000185 seed.reaction rxn08561	Lipid metabolism	Lipid metabolism	transported substrate: phosphoglycerol	TRANSPORT_SUBSTRATE_CURATED_RULE
G3PGtex	Glycerophoglycerol transport via diffusion (extracellular to periplasm)	Transport		bigg.reaction G3PGtex metanetx.reaction MNXR99886 sbo SBO:0000185 seed.reaction rxn08562	Lipid metabolism	Lipid metabolism	transported substrate: phosphoglycerol	TRANSPORT_SUBSTRATE_CURATED_RULE
G3PIabcpp	Sn-glycerol-3-phosphoethanolamine transport via ABC system (periplasm)	Transport		bigg.reaction G3PIabcpp curation_status TRANSPORT_REBUILD_PENDING metanetx.reaction MNXR99887 sbo SBO:0000185 seed.reaction rxn08563	Lipid metabolism	Lipid metabolism	transported substrate: phosphoethanolamine	TRANSPORT_SUBSTRATE_CURATED_RULE
G3PItex	Glycero-3-phospho-1-inositol transport via diffusion (extracellular to periplasm)	Transport		bigg.reaction G3PItex metanetx.reaction MNXR99888 rhea 32915;32916;32917;32918 sbo SBO:0000185 seed.reaction rxn08564;rxn13292	Carbohydrate metabolism	Carbohydrate metabolism	transported substrate: glycero-3-phospho	TRANSPORT_SUBSTRATE_CURATED_RULE
G3PSabcpp	Sn-glycerol-3-phosphoserine transport via ABC system (periplasm)	Transport		bigg.reaction G3PSabcpp curation_status TRANSPORT_REBUILD_PENDING metanetx.reaction MNXR99892 sbo SBO:0000185 seed.reaction rxn08565	Carbohydrate metabolism	Carbohydrate metabolism	transported substrate: glycerol	TRANSPORT_SUBSTRATE_CURATED_RULE
G3PStex	Glycerophosphserine transport via diffusion (extracellular to periplasm)	Transport		bigg.reaction G3PStex metanetx.reaction MNXR99893 sbo SBO:0000185 seed.reaction rxn08566	Amino acid metabolism	Amino acid metabolism	transported substrate: serine	TRANSPORT_SUBSTRATE_CURATED_RULE
G5SD	Glutamate-5-semialdehyde dehydrogenase	Internal metabolic		bigg.reaction G5SD;G5DHx;G5SDym biocyc META:GLUTSEMIALDEHYDROG-RXN brenda 1.2.1.41 ec-code 1.2.1.41 kegg.reaction R03313 metanetx.reaction MNXR99896 rhea 19541;19542;19543;19544 sbo SBO:0000176 seed.reaction rxn02373;rxn32479;rxn34566;rxn34567	Energy metabolism / respiration	Energy metabolism / respiration	reaction name: hydrogenase	HIERARCHICAL_REACTION_NAME
G6PBDH	Beta-D-Glucose-6-phosphate NADP+ 1-oxoreductase	Internal metabolic		bigg.reaction G6PBDH brenda 1.1.1.363;1.1.1.49 ec-code 1.1.1.363;1.1.1.49 kegg.reaction R02736 metanetx.reaction MNXR99903 sbo SBO:0000176 seed.reaction rxn01975	Cofactor and vitamin metabolism	Cofactor and vitamin metabolism	reaction name: nad	HIERARCHICAL_REACTION_NAME
G6PDH2r	Glucose 6-phosphate dehydrogenase	Internal metabolic		bigg.reaction G6PDH2r biocyc META:GLU6PDEHYDROG-RXN brenda 1.1.1.363;1.1.1.49 ec-code 1.1.1.363;1.1.1.49 kegg.reaction R00835 metanetx.reaction MNXR99907 rhea 15841;15842;15843;15844 sbo SBO:0000176 seed.reaction rxn00604	Energy metabolism / respiration	Energy metabolism / respiration	reaction name: hydrogenase	HIERARCHICAL_REACTION_NAME
G6PI	Glucose 6 phosphate isomerase	Internal metabolic		bigg.reaction G6PI brenda 5.1.3.15;5.3.1.9 ec-code 5.1.3.15;5.3.1.9 metanetx.reaction MNXR99909 sbo SBO:0000176 seed.reaction rxn01977	Inorganic ion metabolism	Inorganic ion metabolism	reaction name: phosphate	HIERARCHICAL_REACTION_NAME
G6PI3	Glucose 6 phosphate isomerase	Internal metabolic		bigg.reaction G6PI3 brenda 5.3.1.9 ec-code 5.3.1.9 kegg.reaction R03321 metanetx.reaction MNXR99910 sbo SBO:0000176	Inorganic ion metabolism	Inorganic ion metabolism	reaction name: phosphate	HIERARCHICAL_REACTION_NAME
G6PP	Glucose-6-phosphate phosphatase	Internal metabolic		bigg.reaction G6PP biocyc META:RXN66-526 brenda 3.1.3.58;3.1.3.9;3.8.1.2 ec-code 3.1.3.58;3.1.3.9;3.8.1.2 gpr_status PROVISIONAL kegg.reaction R00303 metanetx.reaction MNXR99912 rhea 16689;16690;16691;16692 sbo SBO:0000176 seed.reaction rxn00220	Inorganic ion metabolism	Inorganic ion metabolism	reaction name: phosphate	HIERARCHICAL_REACTION_NAME
GALCTD	Galactarate dehydratase	Internal metabolic		bigg.reaction GALCTD biocyc META:GALACTARDEHYDRA-RXN brenda 4.2.1.42 ec-code 4.2.1.42 kegg.reaction R05608 metanetx.reaction MNXR99955 rhea 16005;16006;16007;16008 sbo SBO:0000176 seed.reaction rxn03887	Carbohydrate metabolism	Carbohydrate metabolism	reaction name: galactarate	HIERARCHICAL_REACTION_NAME
GALCTD_1	Galactarate dehydratase	Internal metabolic		bigg.reaction GALCTD_1 biocyc META:GALACTARDEHYDRA-RXN brenda 4.2.1.42 ec-code 4.2.1.42 kegg.reaction R05608 metanetx.reaction MNXR99955 rhea 16005;16006;16007;16008 sbo SBO:0000176 seed.reaction rxn03887	Carbohydrate metabolism	Carbohydrate metabolism	reaction name: galactarate	HIERARCHICAL_REACTION_NAME
GALCTND	Galactonate dehydratase	Internal metabolic		bigg.reaction GALCTND biocyc META:GALACTONDEHYDRAT-RXN brenda 4.2.1.140;4.2.1.6 ec-code 4.2.1.140;4.2.1.6 kegg.reaction R03033 metanetx.reaction MNXR99957 rhea 18649;18650;18651;18652 sbo SBO:0000176 seed.reaction rxn02173	Carbohydrate metabolism	Carbohydrate metabolism	reaction name: galactonate	HIERARCHICAL_REACTION_NAME
GALCTNt2pp	D-galactonate transport via proton symport (periplasm)	Transport		bigg.reaction GALCTNt2pp biocyc META:TRANS-RXN-16 metanetx.reaction MNXR99960 rhea 29835;29836;29837;29838 sbo SBO:0000185 seed.reaction rxn08578;rxn10160	Carbohydrate metabolism	Carbohydrate metabolism	reaction name: galactonate	TRANSPORT_SUBSTRATE_REACTION_NAME
GALCTNtex	D-galactonate transport via diffusion (extracellular to periplasm)	Transport		bigg.reaction GALCTNtex metanetx.reaction MNXR99961 sbo SBO:0000185 seed.reaction rxn08579	Carbohydrate metabolism	Carbohydrate metabolism	reaction name: galactonate	TRANSPORT_SUBSTRATE_REACTION_NAME
GALCTRt2	Galactarate transport in via proton symport	Transport		bigg.reaction GALCTRt2 metanetx.reaction MNXR99962 sbo SBO:0000185 seed.reaction rxn05565;rxn08580	Carbohydrate metabolism	Carbohydrate metabolism	reaction name: galactarate	TRANSPORT_SUBSTRATE_REACTION_NAME
GALM1	Aldose 1-epimerase (glucose)	Internal metabolic		bigg.reaction GALM1 brenda 5.1.3.3 ec-code 5.1.3.3 metanetx.reaction MNXR138465 sbo SBO:0000176	Carbohydrate metabolism	Carbohydrate metabolism	reaction name: glucose	HIERARCHICAL_REACTION_NAME
GALM2	Aldose 1-epimerase (galactose)	Internal metabolic		bigg.reaction GALM2 biocyc META:ALDOSE1EPIM-RXN brenda 5.1.3.3 ec-code 5.1.3.3 metanetx.reaction MNXR99987 rhea 28675;28676;28677;28678 sbo SBO:0000176 seed.reaction rxn08582	Carbohydrate metabolism	Carbohydrate metabolism	reaction name: galactose	HIERARCHICAL_REACTION_NAME
GALTtex	Galactitol transport via diffusion (extracellular to periplasm)	Transport		bigg.reaction GALTtex metanetx.reaction MNXR100019 rhea 33143;33144;33145;33146 sbo SBO:0000185 seed.reaction rxn08587	Carbohydrate metabolism	Carbohydrate metabolism	transported substrate: galactitol	TRANSPORT_SUBSTRATE_CURATED_RULE
GALURDH	Galacturonate dehydrogenase	Internal metabolic		bigg.reaction GALURDH metanetx.reaction MNXR157516 sbo SBO:0000176	Energy metabolism / respiration	Energy metabolism / respiration	reaction name: hydrogenase	HIERARCHICAL_REACTION_NAME
GALURt2rpp	D-galacturonate transport via proton symport, reversible (periplasm)	Transport		bigg.reaction GALURt2rpp gpr_status PROVISIONAL metanetx.reaction MNXR100020 sbo SBO:0000185 seed.reaction rxn05673;rxn08588	Carbohydrate metabolism	Carbohydrate metabolism	transported substrate: galacturonate	TRANSPORT_SUBSTRATE_CURATED_RULE
GALURtex	D-galacturonate transport via diffusion (extracellular to periplasm)	Transport		bigg.reaction GALURtex metanetx.reaction MNXR100021 sbo SBO:0000185 seed.reaction rxn08589	Carbohydrate metabolism	Carbohydrate metabolism	transported substrate: galacturonate	TRANSPORT_SUBSTRATE_CURATED_RULE
GALUi	UTP-glucose-1-phosphate uridylyltransferase (irreversible)	Internal metabolic		bigg.reaction GALUi biocyc META:GLUC1PURIDYLTRANS-RXN brenda 2.7.7.64;2.7.7.9 ec-code 2.7.7.64;2.7.7.9 kegg.reaction R00289 metanetx.reaction MNXR143121 reactome R-ATH-70286;R-BTA-70286;R-CEL-70286;R-CFA-70286;R-DDI-70286;R-DME-70286;R-DRE-70286;R-GGA-70286;R-HSA-70286;R-MMU-70286;R-OSA-70286;R-RNO-70286;R-SCE-70286;R-SPO-70286;R-SSC-70286;R-TGU-70286;R-XTR-70286 rhea 19889;19890;19891;19892 sbo SBO:0000176 seed.reaction rxn00213	Nucleotide metabolism	Nucleotide metabolism	database annotation: urid	HIERARCHICAL_DATABASE_ANNOTATION
GALabcpp	D-galactose transport via ABC system (periplasm)	Transport		bigg.reaction GALabcpp biocyc META:ABC-18-RXN ec-code 3.6.3.17 metanetx.reaction MNXR100023 sbo SBO:0000185 seed.reaction rxn05162;rxn08573	Carbohydrate metabolism	Carbohydrate metabolism	transported substrate: galactose	TRANSPORT_SUBSTRATE_CURATED_RULE
GALtex	D-galactose transport via diffusion (extracellular to periplasm)	Transport		bigg.reaction GALtex metanetx.reaction MNXR100025 rhea 34915;34916;34917;34918 sbo SBO:0000185 seed.reaction rxn08585;rxn10911	Carbohydrate metabolism	Carbohydrate metabolism	transported substrate: galactose	TRANSPORT_SUBSTRATE_CURATED_RULE
GAMtex	D-glucosamine transport via diffusion (extracellular to periplasm)	Transport		bigg.reaction GAMtex metanetx.reaction MNXR100035 sbo SBO:0000185 seed.reaction rxn08593	Carbohydrate metabolism	Carbohydrate metabolism	transported substrate: glucosamine	TRANSPORT_SUBSTRATE_CURATED_RULE
GAPD	Glyceraldehyde-3-phosphate dehydrogenase	Internal metabolic		bigg.reaction GAPD biocyc META:GAPOXNPHOSPHN-RXN brenda 1.2.1.12;1.2.1.59 ec-code 1.2.1.12;1.2.1.59;1.2.1.- kegg.reaction R01061 metanetx.reaction MNXR100040 reactome R-ATH-70449;R-ATH-70482;R-BTA-70449;R-BTA-70482;R-CEL-70449;R-CEL-70482;R-CFA-70449;R-CFA-70482;R-DDI-70449;R-DDI-70482;R-DME-70449;R-DME-70482;R-DRE-70449;R-DRE-70482;R-GGA-352921;R-GGA-352956;R-GGA-70449;R-GGA-70482;R-HSA-70449;R-HSA-70482;R-MMU-70449;R-MMU-70482;R-OSA-70449;R-OSA-70482;R-PFA-70449;R-PFA-70482;R-RNO-70449;R-RNO-70482;R-SCE-70449;R-SCE-70482;R-SPO-70449;R-SPO-70482;R-SSC-70449;R-SSC-70482;R-TGU-70449;R-TGU-70482;R-XTR-70449;R-XTR-70482 rhea 10300;10301;10302;10303 sbo SBO:0000176 seed.reaction rxn00781	Energy metabolism / respiration	Energy metabolism / respiration	reaction name: hydrogenase	HIERARCHICAL_REACTION_NAME
GARFT	Phosphoribosylglycinamide formyltransferase	Internal metabolic		bigg.reaction GARFT brenda 2.1.2.2 ec-code 2.1.2.2 kegg.reaction R04325 metanetx.reaction MNXR99623 rhea 15053;15054;15055;15056 sbo SBO:0000176	Nucleotide metabolism	Nucleotide metabolism	reaction name: phosphoribosyl	HIERARCHICAL_REACTION_NAME
GCALDD	Glycolaldehyde dehydrogenase	Internal metabolic		bigg.reaction GCALDD;GCALDDm biocyc META:GLYCOLALD-DEHYDROG-RXN brenda 1.2.1.21;1.2.1.3 ec-code 1.2.1.21;1.2.1.3 kegg.reaction R01333 metanetx.reaction MNXR100060 rhea 20001;20002;20003;20004 sbo SBO:0000176 seed.reaction rxn00979;rxn31785	Energy metabolism / respiration	Energy metabolism / respiration	reaction name: hydrogenase	HIERARCHICAL_REACTION_NAME
GCCa	Glycine-cleavage complex	Internal metabolic		bigg.reaction GCCa brenda 1.4.4.2 ec-code 1.4.4.2 kegg.reaction R03425 metanetx.reaction MNXR100067 sbo SBO:0000176 seed.reaction rxn06377	Amino acid metabolism	Amino acid metabolism	reaction name: glycine	HIERARCHICAL_REACTION_NAME
GCCb	Glycine cleavage complex	Internal metabolic		bigg.reaction GCCb ec-code 2.1.2.10 kegg.reaction R04125 metanetx.reaction MNXR100068 sbo SBO:0000176	Amino acid metabolism	Amino acid metabolism	reaction name: glycine	HIERARCHICAL_REACTION_NAME
GCCc	Glycine-cleavage complex	Internal metabolic		bigg.reaction GCCc brenda 1.8.1.4 ec-code 1.8.1.4 kegg.reaction R03815 metanetx.reaction MNXR100069 rhea 15048 sbo SBO:0000176 seed.reaction rxn06493	Amino acid metabolism	Amino acid metabolism	reaction name: glycine	HIERARCHICAL_REACTION_NAME
GCDH	GCDH	Internal metabolic		bigg.reaction GCDH brenda 1.3.8.6 ec-code 1.3.8.6 gpr_status PROVISIONAL sbo SBO:0000176	Unresolved	Unresolved	insufficient functional text	UNRESOLVED_FALLBACK
GCVHADPr	GcvH-L complex ADP ribosylation	Internal metabolic		bigg.reaction GCVHADPr metanetx.reaction MNXR157533 sbo SBO:0000176	Nucleotide metabolism	Nucleotide metabolism	metabolite context: nucleotide	HIERARCHICAL_METABOLITE_CONTEXT
GCVHRADPr	GcvH-L complex reverse ADP ribosylation	Internal metabolic		bigg.reaction GCVHRADPr metanetx.reaction MNXR157537 sbo SBO:0000176	Carbohydrate metabolism	Carbohydrate metabolism	metabolite context: ribose	HIERARCHICAL_METABOLITE_CONTEXT
GDBTALDH	4 Guanidinobutanoate	Internal metabolic		bigg.reaction GDBTALDH biocyc META:1.2.1.54-RXN brenda 1.2.1.54 ec-code 1.2.1.54 kegg.reaction R03177 metanetx.reaction MNXR100083 rhea 14381;14382;14383;14384 sbo SBO:0000176 seed.reaction rxn02273	Nucleotide metabolism	Nucleotide metabolism	metabolite context: nucleotide	HIERARCHICAL_METABOLITE_CONTEXT
GDOCBIK	GDOCBIK	Internal metabolic		bigg.reaction GDOCBIK biocyc META:RXN-14063 metanetx.reaction MNXR189187 sbo SBO:0000176 seed.reaction rxn04413	Inorganic ion metabolism	Inorganic ion metabolism	metabolite context: phosphate	HIERARCHICAL_METABOLITE_CONTEXT
GDPDPK	GDP diphosphokinase	Internal metabolic		bigg.reaction GDPDPK biocyc META:GDPPYPHOSKIN-RXN brenda 2.7.6.5;3.1.7.2 ec-code 2.7.6.5;3.1.7.2 gpr_status PROVISIONAL metanetx.reaction MNXR100088 rhea 28098;28099;28100;28101 sbo SBO:0000176 seed.reaction rxn08598	Inorganic ion metabolism	Inorganic ion metabolism	metabolite context: phosphate	HIERARCHICAL_METABOLITE_CONTEXT
GDPMNP	GDP-mannose phyrophosphatase	Internal metabolic		bigg.reaction GDPMNP biocyc META:RXN0-5108 ec-code 3.6.1.-;3.6.1.21 kegg.reaction R00881 metanetx.reaction MNXR100092 rhea 27978;27979;27980;27981 sbo SBO:0000176 seed.reaction rxn00639	Carbohydrate metabolism	Carbohydrate metabolism	reaction name: mannose	HIERARCHICAL_REACTION_NAME
GDPTPDP	Guanosine 3'-diphosphate 5'-triphosphate 3'-diphosphatase	Internal metabolic		bigg.reaction GDPTPDP biocyc META:RXN0-6427 brenda 3.1.7.2 ec-code 3.1.7.2 metanetx.reaction MNXR100094 rhea 33055;33056;33057;33058 sbo SBO:0000176	Inorganic ion metabolism	Inorganic ion metabolism	reaction name: phosphate	HIERARCHICAL_REACTION_NAME
GF6PTA	Glutamine-fructose-6-phosphate transaminase	Internal metabolic		bigg.reaction GF6PTA biocyc META:L-GLN-FRUCT-6-P-AMINOTRANS-RXN brenda 2.6.1.16 ec-code 2.6.1.16 metanetx.reaction MNXR100107 sbo SBO:0000176	Amino acid metabolism	Amino acid metabolism	reaction name: glutamine	HIERARCHICAL_REACTION_NAME
GG15DAPAH	Gamma glutamyl delta amino valeric acid hydrolase	Internal metabolic		bigg.reaction GG15DAPAH brenda 3.5.1.94 ec-code 3.5.1.94 gpr_status PROVISIONAL metanetx.reaction MNXR157556 sbo SBO:0000176	Amino acid metabolism	Amino acid metabolism	metabolite context: glutamate	HIERARCHICAL_METABOLITE_CONTEXT
GG15DAPDxr	Gamma glutamyl delta aminovalerate dehydrogenase	Internal metabolic		bigg.reaction GG15DAPDxr gpr_status PROVISIONAL metanetx.reaction MNXR157557 sbo SBO:0000176	Energy metabolism / respiration	Energy metabolism / respiration	reaction name: hydrogenase	HIERARCHICAL_REACTION_NAME
GG15DAPO	Gamma glutamyl cadaverine oxidase	Internal metabolic		bigg.reaction GG15DAPO metanetx.reaction MNXR157558 sbo SBO:0000176	Energy metabolism / respiration	Energy metabolism / respiration	reaction name: oxidase	HIERARCHICAL_REACTION_NAME
GG15DAPS	Gamma glutamyl cadaverine synthase	Internal metabolic		bigg.reaction GG15DAPS metanetx.reaction MNXR157559 sbo SBO:0000176	Amino acid metabolism	Amino acid metabolism	metabolite context: glutamate	HIERARCHICAL_METABOLITE_CONTEXT
GGDAPAH	Gamma glutamyl beta aminopropionic acid hydrolase	Internal metabolic		bigg.reaction GGDAPAH brenda 3.5.1.94 ec-code 3.5.1.94 gpr_status PROVISIONAL metanetx.reaction MNXR157560 sbo SBO:0000176	Amino acid metabolism	Amino acid metabolism	metabolite context: alanine	HIERARCHICAL_METABOLITE_CONTEXT
GGDAPDxr	Gamma glutamyl beta aminopropionate dehydrogenase	Internal metabolic		bigg.reaction GGDAPDxr gpr_status PROVISIONAL metanetx.reaction MNXR157561 sbo SBO:0000176	Energy metabolism / respiration	Energy metabolism / respiration	reaction name: hydrogenase	HIERARCHICAL_REACTION_NAME
GGDAPO	Gamma glutamyl diaminopropane oxidase	Internal metabolic		bigg.reaction GGDAPO metanetx.reaction MNXR157562 sbo SBO:0000176	Energy metabolism / respiration	Energy metabolism / respiration	reaction name: oxidase	HIERARCHICAL_REACTION_NAME
GGDAPS	Gamma glutamyl diaminopropane synthase	Internal metabolic		bigg.reaction GGDAPS metanetx.reaction MNXR157563 sbo SBO:0000176	Amino acid metabolism	Amino acid metabolism	metabolite context: glutamate	HIERARCHICAL_METABOLITE_CONTEXT
GGGABADr	Gamma-glutamyl-gamma aminobutyric acid dehydrogenase	Internal metabolic		bigg.reaction GGGABADr brenda 1.2.1.99 ec-code 1.2.1.-;1.2.1.99 gpr_status PROVISIONAL kegg.reaction R07418 metanetx.reaction MNXR100113 rhea 28410;28411;28412;28413 sbo SBO:0000176 seed.reaction rxn05127	Energy metabolism / respiration	Energy metabolism / respiration	reaction name: hydrogenase	HIERARCHICAL_REACTION_NAME
GGGABADxr	Gamma glutamyl gamma aminobutyric acid dehydrogenase	Internal metabolic		bigg.reaction GGGABADxr brenda 1.2.1.99 ec-code 1.2.1.99 gpr_status PROVISIONAL kegg.reaction R07417 metanetx.reaction MNXR111060 rhea 42340 sbo SBO:0000176 seed.reaction rxn05126	Energy metabolism / respiration	Energy metabolism / respiration	reaction name: hydrogenase	HIERARCHICAL_REACTION_NAME
GGGABAH	Gamma-glutamyl-gamma-aminobutyric acid hydrolase	Internal metabolic		bigg.reaction GGGABAH biocyc META:RXN0-3942 brenda 3.5.1.94 ec-code 3.5.1.94 kegg.reaction R07419 metanetx.reaction MNXR100114 rhea 19737;19738;19739;19740 sbo SBO:0000176 seed.reaction rxn05128	Amino acid metabolism	Amino acid metabolism	metabolite context: glutamate	HIERARCHICAL_METABOLITE_CONTEXT
GGPTRCO	Gamma glutamyl putrescine oxidase	Internal metabolic		bigg.reaction GGPTRCO metanetx.reaction MNXR100131 sbo SBO:0000176 seed.reaction rxn08603	Energy metabolism / respiration	Energy metabolism / respiration	reaction name: oxidase	HIERARCHICAL_REACTION_NAME
GGPTRCS	Gamma glutamyl putrescine synthase	Internal metabolic		bigg.reaction GGPTRCS brenda 6.3.1.11 ec-code 6.3.1.11 metanetx.reaction MNXR100132 sbo SBO:0000176 seed.reaction rxn08604	Amino acid metabolism	Amino acid metabolism	metabolite context: glutamate	HIERARCHICAL_METABOLITE_CONTEXT
GGSPMDO	Gamma glutamyl spermidine oxidase	Internal metabolic		bigg.reaction GGSPMDO metanetx.reaction MNXR157739 sbo SBO:0000176	Energy metabolism / respiration	Energy metabolism / respiration	reaction name: oxidase	HIERARCHICAL_REACTION_NAME
GGSPMDS	Gamma glutamyl spermidine synthase	Internal metabolic		bigg.reaction GGSPMDS metanetx.reaction MNXR157740 sbo SBO:0000176	Amino acid metabolism	Amino acid metabolism	metabolite context: glutamate	HIERARCHICAL_METABOLITE_CONTEXT
GHMT2r	Glycine hydroxymethyltransferase, reversible	Internal metabolic		bigg.reaction GHMT2r brenda 2.1.2.1;3.5.2.3 ec-code 2.1.2.1;3.5.2.3 kegg.reaction R00945 metanetx.reaction MNXR100142 rhea 15481;15482;15483;15484 sbo SBO:0000176	Amino acid metabolism	Amino acid metabolism	reaction name: glycine	HIERARCHICAL_REACTION_NAME
GK1	Guanylate kinase (GMP:ATP)	Internal metabolic		bigg.reaction GK1 biocyc META:GUANYL-KIN-RXN brenda 2.7.4.8 ec-code 2.7.4.8 kegg.reaction R00332 metanetx.reaction MNXR100144 rhea 20780;20781;20782;20783 sbo SBO:0000176 seed.reaction rxn00239	Nucleotide metabolism	Nucleotide metabolism	database annotation: guanyl	HIERARCHICAL_DATABASE_ANNOTATION
GLCDpp	Glucose dehydrogenase (ubiquinone-8 as acceptor) (periplasm)	Transport		bigg.reaction GLCDpp gpr_status PROVISIONAL metanetx.reaction MNXR100177 sbo SBO:0000185 seed.reaction rxn08608;rxn10116	Carbohydrate metabolism	Carbohydrate metabolism	transported substrate: glucose	TRANSPORT_SUBSTRATE_CURATED_RULE
GLCNtex	D-gluconate transport via diffusion (extracellular to periplasm)	Transport		bigg.reaction GLCNtex metanetx.reaction MNXR100210 sbo SBO:0000185 seed.reaction rxn08610;rxn12424	Carbohydrate metabolism	Carbohydrate metabolism	reaction name: gluconate	TRANSPORT_SUBSTRATE_REACTION_NAME
GLCOAS	Glutaryl-CoA synthetase	Internal metabolic		bigg.reaction GLCOAS biocyc META:GLUTARATE--COA-LIGASE-RXN brenda 6.2.1.5;6.2.1.6 ec-code 6.2.1.6;6.2.1.5 gpr_status PROVISIONAL kegg.reaction R02402 metanetx.reaction MNXR100212 rhea 14169;14170;14171;14172 sbo SBO:0000176 seed.reaction rxn01730	Cofactor and vitamin metabolism	Cofactor and vitamin metabolism	metabolite context: coenzyme	HIERARCHICAL_METABOLITE_CONTEXT
GLCOASYNT	Glutaryl CoAdihydrolipoamide S succinyltransferase	Internal metabolic		bigg.reaction GLCOASYNT brenda 1.2.4.2;2.3.1.61 ec-code 2.3.1.61;1.2.4.2 metanetx.reaction MNXR100213 sbo SBO:0000176 seed.reaction rxn01873;rxn11960	Cofactor and vitamin metabolism	Cofactor and vitamin metabolism	metabolite context: coenzyme	HIERARCHICAL_METABOLITE_CONTEXT
GLCRD	Glucarate dehydratase	Internal metabolic		bigg.reaction GLCRD biocyc META:GLUCARDEHYDRA-RXN brenda 4.2.1.40 ec-code 4.2.1.40 kegg.reaction R02752 metanetx.reaction MNXR100220 rhea 14573;14574;14575;14576 sbo SBO:0000176 seed.reaction rxn01989	Carbohydrate metabolism	Carbohydrate metabolism	reaction name: glucarate	HIERARCHICAL_REACTION_NAME
GLCRD_1	Glucarate dehydratase	Internal metabolic		bigg.reaction GLCRD_1 biocyc META:GLUCARDEHYDRA-RXN brenda 4.2.1.40 ec-code 4.2.1.40 kegg.reaction R02752 metanetx.reaction MNXR100220 rhea 14573;14574;14575;14576 sbo SBO:0000176 seed.reaction rxn01989	Carbohydrate metabolism	Carbohydrate metabolism	reaction name: glucarate	HIERARCHICAL_REACTION_NAME
GLCURDH	Glucoronate dehydrogenase	Internal metabolic		bigg.reaction GLCURDH kegg.reaction R09447 metanetx.reaction MNXR189219 rhea 36335 sbo SBO:0000176 seed.reaction rxn16284	Energy metabolism / respiration	Energy metabolism / respiration	reaction name: hydrogenase	HIERARCHICAL_REACTION_NAME
GLCURt2rpp	D-glucuronate transport via proton symport, reversible (periplasm)	Transport		bigg.reaction GLCURt2rpp gpr_status PROVISIONAL metanetx.reaction MNXR100234 rhea 28955;28956;28957;28958 sbo SBO:0000185 seed.reaction rxn05574;rxn08622	Carbohydrate metabolism	Carbohydrate metabolism	transported substrate: glucuronate	TRANSPORT_SUBSTRATE_CURATED_RULE
GLCURtex	D-glucuronat transport via diffusion (extracellular to periplasm)	Transport		bigg.reaction GLCURtex metanetx.reaction MNXR100235 sbo SBO:0000185 seed.reaction rxn08623	Carbohydrate metabolism	Carbohydrate metabolism	transported substrate: glucuronate	TRANSPORT_SUBSTRATE_CURATED_RULE
GLCabc	D-glucose transport via ABC system	Transport		bigg.reaction GLCabc biocyc META:TRANS-RXN-320 ec-code 3.6.3.17 metanetx.reaction MNXR100236 sbo SBO:0000185 seed.reaction rxn05147;rxn08606	Carbohydrate metabolism	Carbohydrate metabolism	transported substrate: glucose	TRANSPORT_SUBSTRATE_CURATED_RULE
GLCabcpp	D-glucose transport via ABC system (periplasm)	Transport		bigg.reaction GLCabcpp biocyc META:TRANS-RXN-320 ec-code 3.6.3.17 metanetx.reaction MNXR100236 sbo SBO:0000185 seed.reaction rxn05147;rxn08606	Carbohydrate metabolism	Carbohydrate metabolism	transported substrate: glucose	TRANSPORT_SUBSTRATE_CURATED_RULE
GLCtex	Glucose transport via diffusion (extracellular to periplasm)	Transport		bigg.reaction GLCtex biocyc META:TRANS-RXN0-574 gpr_status PROVISIONAL metanetx.reaction MNXR100188 sbo SBO:0000185 seed.reaction rxn08617;rxn09679;rxn09875	Carbohydrate metabolism	Carbohydrate metabolism	transported substrate: glucose	TRANSPORT_SUBSTRATE_CURATED_RULE
GLNS	Glutamine synthetase	Internal metabolic		bigg.reaction GLNS;GALh;GALm biocyc META:GLUTAMINESYN-RXN brenda 6.3.1.2 ec-code 6.3.1.2 kegg.reaction R00253 metanetx.reaction MNXR100024 reactome R-ATH-70606;R-BTA-70606;R-CEL-70606;R-CFA-70606;R-DME-70606;R-DRE-70606;R-GGA-70606;R-HSA-70606;R-MMU-70606;R-OSA-70606;R-RNO-70606;R-SCE-70606;R-SPO-70606;R-SSC-70606;R-TGU-70606;R-XTR-70606 rhea 16169;16170;16171;16172 sbo SBO:0000176 seed.reaction rxn00187;rxn19835;rxn19836;rxn30022;rxn33952;rxn33953;rxn34791;rxn34792	Amino acid metabolism	Amino acid metabolism	database annotation: glutamine	HIERARCHICAL_DATABASE_ANNOTATION
GLNabc	L-glutamine transport via ABC system	Transport		bigg.reaction GLNabc biocyc META:ABC-12-RXN ec-code 3.6.3.21 metanetx.reaction MNXR100258 rhea 29895;29896;29897;29898 sbo SBO:0000185 seed.reaction rxn05155;rxn05196;rxn08624;rxn11101;rxn11233	Amino acid metabolism	Amino acid metabolism	transported substrate: glutamine	TRANSPORT_SUBSTRATE_CURATED_RULE
GLNabcpp	L-glutamine transport via ABC system (periplasm)	Transport		bigg.reaction GLNabcpp biocyc META:ABC-12-RXN ec-code 3.6.3.21 gpr_status PROVISIONAL metanetx.reaction MNXR100258 rhea 29895;29896;29897;29898 sbo SBO:0000185 seed.reaction rxn05155;rxn05196;rxn08624;rxn11101;rxn11233	Amino acid metabolism	Amino acid metabolism	transported substrate: glutamine	TRANSPORT_SUBSTRATE_CURATED_RULE
GLNtex	L-glutamine transport via diffusion (extracellular to periplasm)	Transport		bigg.reaction GLNtex biocyc META:TRANS-RXN-233 gpr_status PROVISIONAL metanetx.reaction MNXR100259 reactome R-BTA-212614;R-CFA-212614;R-GGA-212614;R-HSA-212614;R-HSA-212651;R-MMU-212614;R-RNO-212614;R-SCE-212614;R-SSC-212614;R-TGU-212614 sbo SBO:0000185 seed.reaction rxn08625;rxn10928	Amino acid metabolism	Amino acid metabolism	transported substrate: glutamine	TRANSPORT_SUBSTRATE_CURATED_RULE
GLTPD	Galactitol-1-phosphate dehydrogenase	Internal metabolic		bigg.reaction GLTPD brenda 1.1.1.251 ec-code 1.1.1.251 kegg.reaction R05571 metanetx.reaction MNXR100275 rhea 28109 sbo SBO:0000176 seed.reaction rxn03856	Energy metabolism / respiration	Energy metabolism / respiration	reaction name: hydrogenase	HIERARCHICAL_REACTION_NAME
GLU5K	Glutamate 5-kinase	Internal metabolic		bigg.reaction GLU5K;GLU5Km biocyc META:GLUTKIN-RXN brenda 2.7.2.11 ec-code 2.7.2.11 kegg.reaction R00239 metanetx.reaction MNXR100277 rhea 14877;14878;14879;14880 sbo SBO:0000176 seed.reaction rxn00179;rxn31391;rxn38122;rxn38123	Amino acid metabolism	Amino acid metabolism	reaction name: glutamate	HIERARCHICAL_REACTION_NAME
GLUCYS	Gamma-glutamylcysteine synthetase	Internal metabolic		bigg.reaction GLUCYS;GCL biocyc META:GLUTCYSLIG-RXN ec-code 6.3.2.2 kegg.reaction R00894 metanetx.reaction MNXR100074 reactome R-BTA-174367;R-CEL-174367;R-CFA-174367;R-DME-174367;R-DRE-174367;R-HSA-174367;R-MMU-174367;R-RNO-174367;R-SPO-174367;R-SSC-174367;R-TGU-174367;R-XTR-174367 rhea 13285;13286;13287;13288 sbo SBO:0000176 seed.reaction rxn00646;rxn27893	Amino acid metabolism	Amino acid metabolism	reaction name: cysteine	HIERARCHICAL_REACTION_NAME
GLUDC	Glutamate Decarboxylase	Internal metabolic		bigg.reaction GLUDC;ARGDh;GLUDC_m biocyc META:GLUTDECARBOX-RXN brenda 4.1.1.15 ec-code 4.1.1.15 kegg.reaction R00261 metanetx.reaction MNXR95942 rhea 17785;17786;17787;17788 sbo SBO:0000176 seed.reaction rxn00194;rxn34786	Amino acid metabolism	Amino acid metabolism	reaction name: glutamate	HIERARCHICAL_REACTION_NAME
GLUDxi	Glutamate dehydrogenase  NAD	Internal metabolic		bigg.reaction GLUDxi biocyc META:GLUTAMATE-DEHYDROGENASE-RXN brenda 1.4.1.2;1.4.1.3;1.4.1.4 ec-code 1.4.1.2;1.4.1.3;1.4.1.4 kegg.reaction R00243 metanetx.reaction MNXR100085 rhea 15133;15134;15135;15136 sbo SBO:0000176 seed.reaction rxn00182	Energy metabolism / respiration	Energy metabolism / respiration	database annotation: hydrogenase	HIERARCHICAL_DATABASE_ANNOTATION
GLUDy	Glutamate dehydrogenase (NADP)	Internal metabolic		bigg.reaction GLUDy;GDH_nadp;GLUDym biocyc META:GLUTDEHYD-RXN brenda 1.4.1.13;1.4.1.3;1.4.1.4 ec-code 1.4.1.13;1.4.1.3;1.4.1.4 kegg.reaction R00248 metanetx.reaction MNXR100086 rhea 11612;11613;11614;11615 sbo SBO:0000176 seed.reaction rxn00184;rxn27887;rxn30023;rxn33943;rxn34794	Cofactor and vitamin metabolism	Cofactor and vitamin metabolism	database annotation: nad	HIERARCHICAL_DATABASE_ANNOTATION
GLUN	Glutaminase	Internal metabolic		bigg.reaction GLUN;GAM;GLUNm;GLUNpp biocyc META:GLUTAMIN-RXN brenda 1.4.1.13;1.4.7.1;2.6.1.85;3.5.1.2;3.5.1.38;4.3.3.6;6.3.4.2;6.3.5.2;6.3.5.4;6.3.5.5 ec-code 1.4.1.13;1.4.7.1;3.5.1.2;3.5.1.38;4.3.3.6;6.3.4.2;6.3.5.2;6.3.5.4;6.3.5.5;2.6.1.85 kegg.reaction R00256 metanetx.reaction MNXR100030 reactome R-BTA-70609;R-CEL-70609;R-CFA-70609;R-DDI-70609;R-DME-70609;R-DRE-70609;R-GGA-70609;R-HSA-70609;R-MMU-70609;R-RNO-70609;R-SSC-70609;R-TGU-70609;R-XTR-70609 rhea 15889;15890;15891;15892 sbo SBO:0000176 seed.reaction rxn00189;rxn19831;rxn29962;rxn30024;rxn30680;rxn34787	Amino acid metabolism	Amino acid metabolism	metabolite context: glutamate	HIERARCHICAL_METABOLITE_CONTEXT
GLUNpp	Glutaminase	Internal metabolic		bigg.reaction GLUNpp;GAM;GLUN;GLUNm biocyc META:GLUTAMIN-RXN brenda 1.4.1.13;1.4.7.1;3.5.1.2;3.5.1.38;4.3.3.6;6.3.4.2;6.3.5.2;6.3.5.4;6.3.5.5 ec-code 1.4.1.13;1.4.7.1;3.5.1.2;3.5.1.38;4.3.3.6;6.3.4.2;6.3.5.2;6.3.5.4;6.3.5.5 kegg.reaction R00256 metanetx.reaction MNXR100030 reactome R-BTA-70609;R-CEL-70609;R-CFA-70609;R-DDI-70609;R-DME-70609;R-DRE-70609;R-GGA-70609;R-HSA-70609;R-MMU-70609;R-RNO-70609;R-SSC-70609;R-TGU-70609;R-XTR-70609 rhea 15889;15890;15891;15892 sbo SBO:0000176 seed.reaction rxn00189;rxn19831;rxn29962;rxn30024;rxn30680;rxn34787	Amino acid metabolism	Amino acid metabolism	metabolite context: glutamate	HIERARCHICAL_METABOLITE_CONTEXT
GLUPRT	Glutamine phosphoribosyldiphosphate amidotransferase	Internal metabolic		bigg.reaction GLUPRT biocyc META:PRPPAMIDOTRANS-RXN brenda 2.4.2.14 ec-code 2.4.2.14 kegg.reaction R01072 metanetx.reaction MNXR100287 reactome R-ATH-73815;R-BTA-73815;R-CEL-73815;R-CFA-73815;R-DDI-73815;R-DME-73815;R-DRE-73815;R-GGA-419152;R-GGA-73815;R-HSA-73815;R-MMU-73815;R-OSA-73815;R-RNO-73815;R-SCE-73815;R-SPO-73815;R-SSC-73815;R-TGU-73815;R-XTR-73815 rhea 14905;14906;14907;14908 sbo SBO:0000176 seed.reaction rxn00790	Amino acid metabolism	Amino acid metabolism	reaction name: glutamine	HIERARCHICAL_REACTION_NAME
GLUR	Glutamate racemase	Internal metabolic		bigg.reaction GLUR biocyc META:GLUTRACE-RXN brenda 5.1.1.3 ec-code 5.1.1.3 kegg.reaction R00260 metanetx.reaction MNXR100288 rhea 12813;12814;12815;12816 sbo SBO:0000176 seed.reaction rxn00193	Amino acid metabolism	Amino acid metabolism	reaction name: glutamate	HIERARCHICAL_REACTION_NAME
GLUSy	Glutamate synthase (NADPH)	Internal metabolic		bigg.reaction GLUSy;GLUS_nadph biocyc META:GLUTAMATESYN-RXN brenda 1.4.1.13 ec-code 1.4.1.13 kegg.reaction R00114 metanetx.reaction MNXR100291 rhea 15501;15502;15503;15504 sbo SBO:0000176 seed.reaction rxn00085;rxn27889;rxn33967	Amino acid metabolism	Amino acid metabolism	database annotation: glutamate	HIERARCHICAL_DATABASE_ANNOTATION
GLUTCOADHc	Glutaryl-CoA dehydrogenase (citosol)	Internal metabolic		bigg.reaction GLUTCOADHc brenda 1.3.8.6;1.3.99.7 ec-code 1.3.8.6;1.3.99.7 kegg.reaction R02487 metanetx.reaction MNXR100293 reactome R-ATH-71046;R-BTA-71046;R-CEL-71046;R-CFA-71046;R-DDI-71046;R-DME-71046;R-DRE-71046;R-GGA-71046;R-HSA-71046;R-MMU-71046;R-OSA-71046;R-RNO-71046;R-SSC-71046;R-XTR-71046 rhea 13389;13390;13391;13392;30847;30848;30849;30850 sbo SBO:0000176 seed.reaction rxn01802	Energy metabolism / respiration	Energy metabolism / respiration	reaction name: hydrogenase	HIERARCHICAL_REACTION_NAME
GLUTRR	Glutamyl-tRNA reductase	Internal metabolic		bigg.reaction GLUTRR brenda 1.2.1.70 ec-code 1.2.1.70 kegg.reaction R04109 metanetx.reaction MNXR100294 rhea 12347 sbo SBO:0000176 seed.reaction rxn06591	Nucleotide metabolism	Nucleotide metabolism	reaction name: rna	HIERARCHICAL_REACTION_NAME
GLUTRS	Glutamyl-tRNA synthetase	Internal metabolic		bigg.reaction GLUTRS brenda 6.1.1.17;6.1.1.24 ec-code 6.1.1.-;6.1.1.17;6.1.1.24 kegg.reaction R05578 metanetx.reaction MNXR100295 reactome R-HSA-379861;R-HSA-380216 sbo SBO:0000176 seed.reaction rxn06937	Nucleotide metabolism	Nucleotide metabolism	reaction name: rna	HIERARCHICAL_REACTION_NAME
GLUabc	L-glutamate transport via ABC system	Transport		bigg.reaction GLUabc biocyc META:ABC-13-RXN ec-code 3.6.3.21 metanetx.reaction MNXR100299 rhea 29035;29036;29037;29038 sbo SBO:0000185 seed.reaction rxn05146;rxn08627;rxn11235	Amino acid metabolism	Amino acid metabolism	transported substrate: glutamate	TRANSPORT_SUBSTRATE_CURATED_RULE
GLUabcpp	L-glutamate transport via ABC system (periplasm)	Transport		bigg.reaction GLUabcpp biocyc META:ABC-13-RXN ec-code 3.6.3.21 gpr_status PROVISIONAL metanetx.reaction MNXR100299 rhea 29035;29036;29037;29038 sbo SBO:0000185 seed.reaction rxn05146;rxn08627;rxn11235	Amino acid metabolism	Amino acid metabolism	transported substrate: glutamate	TRANSPORT_SUBSTRATE_CURATED_RULE
GLUt2rpp	L-glutamate transport via proton symport, reversible (periplasm)	Transport		bigg.reaction GLUt2rpp gpr_status PROVISIONAL metanetx.reaction MNXR100300 reactome R-BTA-8875623;R-CEL-8875623;R-CFA-8875623;R-DDI-8875623;R-DME-8875623;R-DRE-8875623;R-GGA-8875623;R-HSA-8875623;R-MMU-8875623;R-RNO-8875623;R-SCE-8875623;R-SSC-8875623;R-TGU-8875623;R-XTR-8875623 sbo SBO:0000185 seed.reaction rxn05297;rxn08631;rxn09751;rxn09813;rxn13303	Amino acid metabolism	Amino acid metabolism	transported substrate: glutamate	TRANSPORT_SUBSTRATE_CURATED_RULE
GLUt4pp	Na+/glutamate symport (periplasm)	Transport		bigg.reaction GLUt4pp gpr_status PROVISIONAL metanetx.reaction MNXR100285 rhea 29031;29032;29033;29034 sbo SBO:0000185 seed.reaction rxn05298;rxn08632	Amino acid metabolism	Amino acid metabolism	transported substrate: glutamate	TRANSPORT_SUBSTRATE_CURATED_RULE
GLUtex	L-glutamate transport via diffusion (extracellular to periplasm)	Transport		bigg.reaction GLUtex biocyc META:TRANS-RXN-232;META:TRANS-RXN-234 gpr_status PROVISIONAL metanetx.reaction MNXR100301 reactome R-BTA-210439;R-CEL-210439;R-CFA-210439;R-DME-210439;R-DRE-210439;R-GGA-210439;R-HSA-210439;R-HSA-212658;R-MMU-210439;R-RNO-210439;R-SSC-210439;R-TGU-210439;R-XTR-210439 sbo SBO:0000185 seed.reaction rxn08633;rxn09750;rxn10917;rxn13120;rxn13304	Amino acid metabolism	Amino acid metabolism	transported substrate: glutamate	TRANSPORT_SUBSTRATE_CURATED_RULE
GLXO1	Glyoxylate oxidase	Internal metabolic		bigg.reaction GLXO1 brenda 1.2.1.3 ec-code 1.2.1.3 gpr_status PROVISIONAL metanetx.reaction MNXR100304 sbo SBO:0000176 seed.reaction rxn05734	Energy metabolism / respiration	Energy metabolism / respiration	reaction name: oxidase	HIERARCHICAL_REACTION_NAME
GLYALDDr	D-Glyceraldehyde dehydrogenase	Internal metabolic		bigg.reaction GLYALDDr;r0393 brenda 1.2.1.3 ec-code 1.2.1.3 kegg.reaction R01752 metanetx.reaction MNXR100310 reactome R-ATH-6813749;R-BTA-6813749;R-CEL-6813749;R-CFA-6813749;R-GGA-6813749;R-HSA-6813749;R-MMU-6813749;R-OSA-6813749;R-RNO-6813749;R-SCE-6813749;R-SSC-6813749;R-TGU-6813749;R-XTR-6813749 rhea 30783;30784;30785;30786 sbo SBO:0000176 seed.reaction rxn01286;rxn27899;rxn32139	Energy metabolism / respiration	Energy metabolism / respiration	reaction name: hydrogenase	HIERARCHICAL_REACTION_NAME
GLYAT	Glycine C-acetyltransferase	Internal metabolic		bigg.reaction GLYAT biocyc META:AKBLIG-RXN ec-code 2.3.1.29;2.3.1.37 kegg.reaction R00371 metanetx.reaction MNXR100313 rhea 20736;20737;20738;20739 sbo SBO:0000176 seed.reaction rxn00274	Amino acid metabolism	Amino acid metabolism	reaction name: glycine	HIERARCHICAL_REACTION_NAME
GLYBACT1r	Glycine betaine CoA C acetyltransferase	Internal metabolic		bigg.reaction GLYBACT1r brenda 2.3.1.9 ec-code 2.3.1.9 gpr_status PROVISIONAL metanetx.reaction MNXR157846 sbo SBO:0000176	Amino acid metabolism	Amino acid metabolism	reaction name: glycine	HIERARCHICAL_REACTION_NAME
GLYBCOAT	Glycine betaine CoA thioesterase	Internal metabolic		bigg.reaction GLYBCOAT metanetx.reaction MNXR157847 sbo SBO:0000176	Amino acid metabolism	Amino acid metabolism	reaction name: glycine	HIERARCHICAL_REACTION_NAME
GLYBabc	Glycine betaine transport via ABC system	Transport		bigg.reaction GLYBabc biocyc META:TRANS-RXN-283 metanetx.reaction MNXR100314 rhea 32783;32784;32785;32786 sbo SBO:0000185 seed.reaction rxn05181;rxn08637;rxn11216	Amino acid metabolism	Amino acid metabolism	transported substrate: glycine	TRANSPORT_SUBSTRATE_CURATED_RULE
GLYBabcpp	Glycine betaine transport via ABC system (periplasm)	Transport		bigg.reaction GLYBabcpp biocyc META:TRANS-RXN-283 gpr_status PROVISIONAL metanetx.reaction MNXR100314 rhea 32783;32784;32785;32786 sbo SBO:0000185 seed.reaction rxn05181;rxn08637;rxn11216	Amino acid metabolism	Amino acid metabolism	transported substrate: glycine	TRANSPORT_SUBSTRATE_CURATED_RULE
GLYBt2r	Glycine betaine transport via proton symport, reversible	Transport		bigg.reaction GLYBt2r biocyc META:TRANS-RXN-29A gpr_status PROVISIONAL metanetx.reaction MNXR100315 sbo SBO:0000185 seed.reaction rxn05579;rxn08638	Amino acid metabolism	Amino acid metabolism	transported substrate: glycine	TRANSPORT_SUBSTRATE_CURATED_RULE
GLYBt3pp	Glycine betaine transport via proton antiport (periplasm)	Transport		bigg.reaction GLYBt3pp gpr_status PROVISIONAL sbo SBO:0000185	Amino acid metabolism	Amino acid metabolism	transported substrate: glycine	TRANSPORT_SUBSTRATE_CURATED_RULE
GLYBtex	Glycine betaine transport via diffusion (extracellular to periplasm)	Transport		bigg.reaction GLYBtex biocyc META:TRANS-RXN0-490 metanetx.reaction MNXR100317 reactome R-HSA-6797957 rhea 28943;28944;28945;28946 sbo SBO:0000185 seed.reaction rxn08639;rxn12430	Amino acid metabolism	Amino acid metabolism	transported substrate: glycine	TRANSPORT_SUBSTRATE_CURATED_RULE
GLYBti4pp	Betaine transport  sodium symport	Transport		bigg.reaction GLYBti4pp gpr_status PROVISIONAL sbo SBO:0000185	Amino acid metabolism	Amino acid metabolism	transported substrate: glycine	TRANSPORT_SUBSTRATE_CURATED_RULE
GLYC2Pabcpp	Sn-Glycerol 2-phosphate transport via ABC system (periplasm)	Transport		bigg.reaction GLYC2Pabcpp curation_status TRANSPORT_REBUILD_PENDING metanetx.reaction MNXR100318 rhea 34759;34760;34761;34762 sbo SBO:0000185	Carbohydrate metabolism	Carbohydrate metabolism	transported substrate: glycerol	TRANSPORT_SUBSTRATE_CURATED_RULE
GLYC2Ptex	Glycerol-2-phosphate transport via diffusion (extracellular to periplasm)	Transport		bigg.reaction GLYC2Ptex metanetx.reaction MNXR100319 sbo SBO:0000185 seed.reaction rxn08640	Carbohydrate metabolism	Carbohydrate metabolism	transported substrate: glycerol	TRANSPORT_SUBSTRATE_CURATED_RULE
GLYC3Pabc	Sn-Glycerol 3-phosphate transport via ABC system	Transport		bigg.reaction GLYC3Pabc biocyc META:3.6.3.20-RXN;META:ABC-34-RXN ec-code 3.6.3.20 gpr_status PROVISIONAL metanetx.reaction MNXR100320 rhea 21668;21669;21670;21671 sbo SBO:0000185 seed.reaction rxn05158;rxn08641	Carbohydrate metabolism	Carbohydrate metabolism	transported substrate: glycerol	TRANSPORT_SUBSTRATE_CURATED_RULE
GLYC3Pabcpp	Sn-Glycerol 3-phosphate transport via ABC system (periplasm)	Transport		bigg.reaction GLYC3Pabcpp biocyc META:3.6.3.20-RXN;META:ABC-34-RXN ec-code 3.6.3.20 gpr_status PROVISIONAL metanetx.reaction MNXR100320 rhea 21668;21669;21670;21671 sbo SBO:0000185 seed.reaction rxn05158;rxn08641	Carbohydrate metabolism	Carbohydrate metabolism	transported substrate: glycerol	TRANSPORT_SUBSTRATE_CURATED_RULE
GLYC3Ptex	Glycerol-3-phosphate transport via diffusion (extracellular to periplasm)	Transport		bigg.reaction GLYC3Ptex metanetx.reaction MNXR100308 rhea 34967;34968;34969;34970 sbo SBO:0000185 seed.reaction rxn08643;rxn09749;rxn11234	Carbohydrate metabolism	Carbohydrate metabolism	transported substrate: glycerol	TRANSPORT_SUBSTRATE_CURATED_RULE
GLYCK	Glycerate kinase	Internal metabolic		bigg.reaction GLYCK;GLYPT;r0340 biocyc META:GLY3KIN-RXN brenda 2.7.1.31 ec-code 2.7.1.31 kegg.reaction R01514 metanetx.reaction MNXR100328 reactome R-BTA-6799495;R-CEL-6799495;R-CFA-6799495;R-DME-6799495;R-DRE-6799495;R-GGA-6799495;R-HSA-6799495;R-MMU-6799495;R-RNO-6799495;R-SSC-6799495;R-TGU-6799495;R-XTR-6799495 rhea 23516;23517;23518;23519 sbo SBO:0000176 seed.reaction rxn01102;rxn27895;rxn38124	Central carbon metabolism	Central carbon metabolism	reaction name: glycerate kinase	HIERARCHICAL_REACTION_NAME
GLYCL	Glycine Cleavage System	Internal metabolic		bigg.reaction GLYCL brenda 1.4.4.2;1.8.1.4;2.1.2.10 ec-code 1.4.4.2;1.8.1.4;2.1.2.10 kegg.reaction R01221 metanetx.reaction MNXR100330 rhea 27758;27759;27760;27761 sbo SBO:0000176	Amino acid metabolism	Amino acid metabolism	reaction name: glycine	HIERARCHICAL_REACTION_NAME
GLYCLTDx	Glycolate dehydrogenase (NAD)	Internal metabolic		bigg.reaction GLYCLTDx;GLYCLTD_m biocyc META:GLYCOLATE-REDUCTASE-RXN brenda 1.1.1.26;1.1.1.29;1.1.1.79 ec-code 1.1.1.26;1.1.1.29;1.1.1.79 kegg.reaction R00717 metanetx.reaction MNXR100331 rhea 18229;18230;18231;18232 sbo SBO:0000176 seed.reaction rxn00512;rxn31400;rxn34300	Energy metabolism / respiration	Energy metabolism / respiration	reaction name: hydrogenase	HIERARCHICAL_REACTION_NAME
GLYCLTDy	Glycolate dehydrogenase (NADP)	Internal metabolic		bigg.reaction GLYCLTDy;GLYCLTDym biocyc META:GLYOXYLATE-REDUCTASE-NADP+-RXN brenda 1.1.1.79 ec-code 1.1.1.79 gpr_status PROVISIONAL kegg.reaction R00465 metanetx.reaction MNXR100332 reactome R-ATH-389826;R-BTA-389826;R-CFA-389826;R-DDI-389826;R-DME-389826;R-DRE-389826;R-GGA-389826;R-HSA-389826;R-MMU-389826;R-OSA-389826;R-RNO-389826;R-SCE-389826;R-SPO-389826;R-SSC-389826;R-TGU-389826;R-XTR-389826 rhea 10992;10993;10994;10995 sbo SBO:0000176 seed.reaction rxn00324;rxn27915;rxn32871	Cofactor and vitamin metabolism	Cofactor and vitamin metabolism	database annotation: nad	HIERARCHICAL_DATABASE_ANNOTATION
GLYCLTt2rpp	Glycolate transport via proton symport, reversible (periplasm)	Transport		bigg.reaction GLYCLTt2rpp biocyc META:TRANS-RXN-105 metanetx.reaction MNXR100334 rhea 29411;29412;29413;29414 sbo SBO:0000185 seed.reaction rxn05470;rxn08651	Central carbon metabolism	Central carbon metabolism	transported substrate: glycolate	TRANSPORT_SUBSTRATE_CURATED_RULE
GLYCLTtex	Glycolate transport via diffusion (extracellular to periplasm)	Transport		bigg.reaction GLYCLTtex biocyc META:RXN0-5111 metanetx.reaction MNXR100333 rhea 29447;29448;29449;29450 sbo SBO:0000185 seed.reaction rxn08653;rxn12426	Central carbon metabolism	Central carbon metabolism	transported substrate: glycolate	TRANSPORT_SUBSTRATE_CURATED_RULE
GLYCOLDHpp	Glycol dehydrogenase  forward rxn  ethanol   acetaldehyde	Internal metabolic		bigg.reaction GLYCOLDHpp gpr_status PROVISIONAL sbo SBO:0000176	Energy metabolism / respiration	Energy metabolism / respiration	reaction name: hydrogenase	HIERARCHICAL_REACTION_NAME
GLYCOLtex	Glycol transport difusion	Transport		bigg.reaction GLYCOLtex sbo SBO:0000185	Central carbon metabolism	Central carbon metabolism	transported substrate: glycol	TRANSPORT_SUBSTRATE_CURATED_RULE
GLYCTO1	Glycolate oxidase	Internal metabolic		bigg.reaction GLYCTO1;GLYCTO1p;GOX_m biocyc META:RXN-969 brenda 1.1.3.15;1.1.99.14;1.1.99.39 ec-code 1.1.3.15;1.1.99.14;1.1.99.39 kegg.reaction R00475 metanetx.reaction MNXR100338 reactome R-ATH-389842;R-BTA-389842;R-CEL-389842;R-CFA-389842;R-DDI-389842;R-DME-389842;R-DRE-389842;R-GGA-389842;R-HSA-389842;R-MMU-389842;R-OSA-389842;R-RNO-389842;R-SCE-389842;R-SPO-389842;R-SSC-389842;R-TGU-389842;R-XTR-389842 rhea 25311;25312;25313;25314 sbo SBO:0000176 seed.reaction rxn00333;rxn25769;rxn31214;rxn32255;rxn34231	Energy metabolism / respiration	Energy metabolism / respiration	reaction name: oxidase	HIERARCHICAL_REACTION_NAME
GLYCTO2	Glycolate oxidase	Internal metabolic		bigg.reaction GLYCTO2 brenda 1.1.99.14 ec-code 1.1.99.14 metanetx.reaction MNXR100339 sbo SBO:0000176 seed.reaction rxn08655	Energy metabolism / respiration	Energy metabolism / respiration	reaction name: oxidase	HIERARCHICAL_REACTION_NAME
GLYCTO3	Glycolate oxidase	Internal metabolic		bigg.reaction GLYCTO3 brenda 1.1.99.14;1.1.99.39 ec-code 1.1.99.14;1.1.99.39 metanetx.reaction MNXR100340 sbo SBO:0000176 seed.reaction rxn08656	Energy metabolism / respiration	Energy metabolism / respiration	reaction name: oxidase	HIERARCHICAL_REACTION_NAME
GLYCTO4	Glycolate oxidase	Internal metabolic		bigg.reaction GLYCTO4 brenda 1.1.99.14 ec-code 1.1.99.14 metanetx.reaction MNXR100341 sbo SBO:0000176 seed.reaction rxn08657	Energy metabolism / respiration	Energy metabolism / respiration	reaction name: oxidase	HIERARCHICAL_REACTION_NAME
GLYCtex	Glycerol transport via diffusion (extracellular to periplasm)	Transport		bigg.reaction GLYCtex biocyc META:TRANS-RXN-131 metanetx.reaction MNXR100343 reactome R-BTA-432049;R-BTA-432074;R-BTA-507869;R-BTA-507871;R-CEL-432049;R-CEL-432074;R-CEL-507869;R-CEL-507871;R-CFA-432049;R-CFA-432074;R-CFA-507869;R-CFA-507871;R-DRE-432049;R-DRE-432074;R-DRE-507869;R-DRE-507871;R-GGA-432049;R-GGA-432074;R-GGA-507869;R-GGA-507871;R-HSA-432049;R-HSA-432074;R-HSA-507869;R-HSA-507871;R-MMU-432049;R-MMU-432074;R-MMU-507869;R-MMU-507871;R-PFA-432049;R-PFA-432074;R-PFA-507869;R-PFA-507871;R-RNO-432049;R-RNO-432074;R-RNO-507869;R-RNO-507871;R-SCE-432049;R-SCE-432074;R-SCE-507869;R-SCE-507871;R-SPO-432049;R-SPO-432074;R-SPO-507869;R-SPO-507871;R-SSC-432049;R-SSC-432074;R-SSC-507869;R-SSC-507871;R-TGU-432049;R-TGU-432074;R-TGU-507869;R-TGU-507871;R-XTR-432049;R-XTR-432074;R-XTR-507869;R-XTR-507871 rhea 29675;29676;29677;29678 sbo SBO:0000185 seed.reaction rxn05581;rxn08654;rxn08658	Carbohydrate metabolism	Carbohydrate metabolism	transported substrate: glycerol	TRANSPORT_SUBSTRATE_CURATED_RULE
GLYCtpp	Glycerol transport via channel (periplasm)	Transport		bigg.reaction GLYCtpp biocyc META:TRANS-RXN-131 metanetx.reaction MNXR100343 reactome R-BTA-432049;R-BTA-432074;R-BTA-507869;R-BTA-507871;R-CEL-432049;R-CEL-432074;R-CEL-507869;R-CEL-507871;R-CFA-432049;R-CFA-432074;R-CFA-507869;R-CFA-507871;R-DRE-432049;R-DRE-432074;R-DRE-507869;R-DRE-507871;R-GGA-432049;R-GGA-432074;R-GGA-507869;R-GGA-507871;R-HSA-432049;R-HSA-432074;R-HSA-507869;R-HSA-507871;R-MMU-432049;R-MMU-432074;R-MMU-507869;R-MMU-507871;R-PFA-432049;R-PFA-432074;R-PFA-507869;R-PFA-507871;R-RNO-432049;R-RNO-432074;R-RNO-507869;R-RNO-507871;R-SCE-432049;R-SCE-432074;R-SCE-507869;R-SCE-507871;R-SPO-432049;R-SPO-432074;R-SPO-507869;R-SPO-507871;R-SSC-432049;R-SSC-432074;R-SSC-507869;R-SSC-507871;R-TGU-432049;R-TGU-432074;R-TGU-507869;R-TGU-507871;R-XTR-432049;R-XTR-432074;R-XTR-507869;R-XTR-507871 rhea 29675;29676;29677;29678 sbo SBO:0000185 seed.reaction rxn05581;rxn08654;rxn08658	Carbohydrate metabolism	Carbohydrate metabolism	transported substrate: glycerol	TRANSPORT_SUBSTRATE_CURATED_RULE
GLYDHDA	Gylcine dehydrogenase (deamidating)	Internal metabolic		bigg.reaction GLYDHDA biocyc META:GLYCINE-DEHYDROGENASE-RXN brenda 1.4.1.1;1.4.1.10 ec-code 1.4.1.1;1.4.1.10 gpr_status PROVISIONAL kegg.reaction R00365 metanetx.reaction MNXR106492 rhea 15721 sbo SBO:0000176 seed.reaction rxn00268;rxn30314	Energy metabolism / respiration	Energy metabolism / respiration	database annotation: hydrogenase	HIERARCHICAL_DATABASE_ANNOTATION
GLYGLNabcpp	L Glycinylglutamine  Gly Gln  transport via ABC system  periplasm	Transport		bigg.reaction GLYGLNabcpp gpr_status PROVISIONAL sbo SBO:0000185	Amino acid metabolism	Amino acid metabolism	transported substrate: glutamine	TRANSPORT_SUBSTRATE_CURATED_RULE
GLYGLNtex	L Glycinylglutamine transport via diffusion  extracellular to periplasm	Transport		bigg.reaction GLYGLNtex sbo SBO:0000185	Amino acid metabolism	Amino acid metabolism	transported substrate: glutamine	TRANSPORT_SUBSTRATE_CURATED_RULE
GLYGLUabcpp	L Glycinylglutamate  Gly Glu  transport via ABC system  periplasm	Transport		bigg.reaction GLYGLUabcpp gpr_status PROVISIONAL sbo SBO:0000185	Amino acid metabolism	Amino acid metabolism	transported substrate: glutamate	TRANSPORT_SUBSTRATE_CURATED_RULE
GLYGLUtex	L Histidinylglycine transport via diffusion  extracellular to periplasm	Transport		bigg.reaction GLYGLUtex sbo SBO:0000185	Amino acid metabolism	Amino acid metabolism	transported substrate: glutamate	TRANSPORT_SUBSTRATE_CURATED_RULE
GLYGLYCNc	Hydrolysis of glycylycine for uptake	Internal metabolic		bigg.reaction GLYGLYCNc brenda 3.4.11.1;3.4.11.10;3.4.11.2 ec-code 3.4.11.1;3.4.11.10;3.4.11.2 gpr_status PROVISIONAL metanetx.reaction MNXR100345 sbo SBO:0000176	Amino acid metabolism	Amino acid metabolism	metabolite context: glycine	HIERARCHICAL_METABOLITE_CONTEXT
GLYGLYabcpp	L Glycinilglycine  Gly Gly  transport via ABC system  periplasm	Transport		bigg.reaction GLYGLYabcpp gpr_status PROVISIONAL sbo SBO:0000185	Amino acid metabolism	Amino acid metabolism	transported substrate: glycine	TRANSPORT_SUBSTRATE_CURATED_RULE
GLYGLYtex	L Glycinylglycine transport via diffusion  extracellular to periplasm	Transport		bigg.reaction GLYGLYtex sbo SBO:0000185	Amino acid metabolism	Amino acid metabolism	transported substrate: glycine	TRANSPORT_SUBSTRATE_CURATED_RULE
GLYK	Glycerol kinase	Internal metabolic		bigg.reaction GLYK;GLYKg;GLYKm biocyc META:GLYCEROL-KIN-RXN brenda 2.7.1.30 ec-code 2.7.1.30 kegg.reaction R00847 metanetx.reaction MNXR100348 reactome R-ATH-75887;R-BTA-75887;R-CEL-75887;R-CFA-75887;R-DDI-75887;R-DME-75887;R-DRE-75887;R-GGA-75887;R-HSA-75887;R-MMU-75887;R-OSA-75887;R-PFA-75887;R-RNO-75887;R-SCE-75887;R-SSC-75887;R-TGU-75887;R-XTR-75887 rhea 21644;21645;21646;21647 sbo SBO:0000176 seed.reaction rxn00615	Inorganic ion metabolism	Inorganic ion metabolism	metabolite context: phosphate	HIERARCHICAL_METABOLITE_CONTEXT
GLYK1	Glycerol kinase (reversible)	Internal metabolic		bigg.reaction GLYK1;GLYK;GLYKg;GLYKm biocyc META:GLYCEROL-KIN-RXN brenda 2.7.1.30 ec-code 2.7.1.30 kegg.reaction R00847 metanetx.reaction MNXR100348 rhea 21644 sbo SBO:0000176 seed.reaction rxn00615	Inorganic ion metabolism	Inorganic ion metabolism	metabolite context: phosphate	HIERARCHICAL_METABOLITE_CONTEXT
GLYMETabcpp	L Glycinylmethionine  Gly Met  transport via ABC system  periplasm	Transport		bigg.reaction GLYMETabcpp gpr_status PROVISIONAL sbo SBO:0000185	Amino acid metabolism	Amino acid metabolism	transported substrate: methionine	TRANSPORT_SUBSTRATE_CURATED_RULE
GLYMETtex	L Glycinylmethionine transport via diffusion  extracellular to periplasm	Transport		bigg.reaction GLYMETtex sbo SBO:0000185	Amino acid metabolism	Amino acid metabolism	transported substrate: methionine	TRANSPORT_SUBSTRATE_CURATED_RULE
GLYO1	Glycine oxidase	Internal metabolic		bigg.reaction GLYO1;GLYOp biocyc META:1.4.3.19-RXN brenda 1.4.3.19;1.4.3.3 ec-code 1.4.3.19;1.4.3.3 gpr_status PROVISIONAL kegg.reaction R00366 metanetx.reaction MNXR100352 reactome R-BTA-389821;R-CEL-389821;R-CFA-389821;R-DDI-389821;R-DME-389821;R-DRE-389821;R-GGA-389821;R-HSA-389821;R-MMU-389821;R-RNO-389821;R-SPO-389821;R-SSC-389821;R-TGU-389821;R-XTR-389821 rhea 11532;11533;11534;11535 sbo SBO:0000176 seed.reaction rxn00269;rxn38888;rxn45441	Energy metabolism / respiration	Energy metabolism / respiration	reaction name: oxidase	HIERARCHICAL_REACTION_NAME
GLYOX	Hydroxyacylglutathione hydrolase	Internal metabolic		bigg.reaction GLYOX;GLYOXc;GLYOXm biocyc META:GLYOXII-RXN brenda 3.1.2.6 ec-code 3.1.2.6 kegg.reaction R01736 metanetx.reaction MNXR100353 rhea 25245;25246;25247;25248 sbo SBO:0000176 seed.reaction rxn01274;rxn30389;rxn33079	Energy metabolism / respiration	Energy metabolism / respiration	reaction name: glutathione	HIERARCHICAL_REACTION_NAME
GLYOX3	Glyoxalase III	Internal metabolic		bigg.reaction GLYOX3 biocyc META:GLYOXIII-RXN brenda 4.2.1.130 ec-code 4.2.1.130 gpr_status PROVISIONAL kegg.reaction R09796 metanetx.reaction MNXR100354 rhea 27754;27755;27756;27757 sbo SBO:0000176 seed.reaction rxn08659	Other curated	Other curated	named biochemical reaction without controlled-category match	NAMED_REACTION_FALLBACK
GLYPHEHYc	Hydrolysis of glycylphenylalanine	Internal metabolic		bigg.reaction GLYPHEHYc brenda 3.4.11.1;3.4.11.10;3.4.11.2 ec-code 3.4.11.2;3.4.13.-;3.4.11.1;3.4.11.10 metanetx.reaction MNXR143145 sbo SBO:0000176 seed.reaction rxn12846	Amino acid metabolism	Amino acid metabolism	reaction name: alanine	HIERARCHICAL_REACTION_NAME
GLYPHEabcpp	L Glycinilphenylalanin  Gly Phe  transport via ABC system  periplasm	Transport		bigg.reaction GLYPHEabcpp gpr_status PROVISIONAL sbo SBO:0000185	Amino acid metabolism	Amino acid metabolism	transported substrate: alanine	TRANSPORT_SUBSTRATE_CURATED_RULE
GLYPHEtex	L GlyPhe transport via diffusion  extracellular to periplasm	Transport		bigg.reaction GLYPHEtex sbo SBO:0000185	Amino acid metabolism	Amino acid metabolism	transported substrate: alanine	TRANSPORT_SUBSTRATE_CURATED_RULE
GLYSERabcpp	L Glycinylserine  Gly Ser  transport via ABC system  periplasm	Transport		bigg.reaction GLYSERabcpp gpr_status PROVISIONAL sbo SBO:0000185	Amino acid metabolism	Amino acid metabolism	transported substrate: serine	TRANSPORT_SUBSTRATE_CURATED_RULE
GLYSERtex	L Glycinylserine transport via diffusion  extracellular to periplasm	Transport		bigg.reaction GLYSERtex sbo SBO:0000185	Amino acid metabolism	Amino acid metabolism	transported substrate: serine	TRANSPORT_SUBSTRATE_CURATED_RULE
GLYabc	Glycine transport via ABC system	Transport		bigg.reaction GLYabc metanetx.reaction MNXR100367 sbo SBO:0000185 seed.reaction rxn10862;rxn12799	Amino acid metabolism	Amino acid metabolism	transported substrate: glycine	TRANSPORT_SUBSTRATE_CURATED_RULE
GLYabcpp	Glycine transport via ABC system	Transport		bigg.reaction GLYabcpp metanetx.reaction MNXR100367 sbo SBO:0000185 seed.reaction rxn10862;rxn12799	Amino acid metabolism	Amino acid metabolism	transported substrate: glycine	TRANSPORT_SUBSTRATE_CURATED_RULE
GLYt4	Glycine transport via sodium symport	Transport		bigg.reaction GLYt4 gpr_status PROVISIONAL metanetx.reaction MNXR100351 sbo SBO:0000185 seed.reaction rxn08661;rxn10537	Amino acid metabolism	Amino acid metabolism	transported substrate: glycine	TRANSPORT_SUBSTRATE_CURATED_RULE
GLYt4pp	Glycine transport in via sodium symport (periplasm)	Transport		bigg.reaction GLYt4pp curation_status TRANSPORT_REBUILD_PENDING metanetx.reaction MNXR100351 sbo SBO:0000185 seed.reaction rxn08661;rxn10537	Amino acid metabolism	Amino acid metabolism	transported substrate: glycine	TRANSPORT_SUBSTRATE_CURATED_RULE
GLYtex	Glycine transport via diffusion (extracellular to periplasm)	Transport		bigg.reaction GLYtex biocyc META:TRANS-RXN0-537 metanetx.reaction MNXR100371 reactome R-BTA-351963;R-CEL-351963;R-CFA-351963;R-DRE-351963;R-GGA-351963;R-HSA-351963;R-MMU-351963;R-RNO-351963;R-SSC-351963;R-TGU-351963 sbo SBO:0000185 seed.reaction rxn05218;rxn08662;rxn13111	Amino acid metabolism	Amino acid metabolism	transported substrate: glycine	TRANSPORT_SUBSTRATE_CURATED_RULE
GMPS	GMP synthase	Internal metabolic		bigg.reaction GMPS biocyc META:GMP-SYN-NH3-RXN brenda 6.3.5.2 ec-code 6.3.5.2 kegg.reaction R01230 metanetx.reaction MNXR100383 rhea 18301;18302;18303;18304 sbo SBO:0000176 seed.reaction rxn00916	Nitrogen metabolism	Nitrogen metabolism	metabolite context: ammonium	HIERARCHICAL_METABOLITE_CONTEXT
GMPS2	GMP synthase	Internal metabolic		bigg.reaction GMPS2 biocyc META:GMP-SYN-GLUT-RXN brenda 6.3.5.2 ec-code 6.3.5.2 kegg.reaction R01231 metanetx.reaction MNXR100384 rhea 11680;11681;11682;11683 sbo SBO:0000176 seed.reaction rxn00917	Amino acid metabolism	Amino acid metabolism	metabolite context: glutamate	HIERARCHICAL_METABOLITE_CONTEXT
GNK	Gluconokinase	Internal metabolic		bigg.reaction GNK;GNKh biocyc META:GLUCONOKIN-RXN brenda 2.7.1.12 ec-code 2.7.1.12 kegg.reaction R01737 metanetx.reaction MNXR100390 rhea 19433;19434;19435;19436 sbo SBO:0000176 seed.reaction rxn01275;rxn34226	Carbohydrate metabolism	Carbohydrate metabolism	metabolite context: gluconate	HIERARCHICAL_METABOLITE_CONTEXT
GNP	Phosphogluconate phosphatase	Internal metabolic		bigg.reaction GNP biocyc META:RXN0-5185 brenda 3.8.1.2 ec-code 3.8.1.2 gpr_status PROVISIONAL metanetx.reaction MNXR123213 sbo SBO:0000176 seed.reaction rxn26129	Carbohydrate metabolism	Carbohydrate metabolism	reaction name: gluconate	HIERARCHICAL_REACTION_NAME
GPDDA1	Glycerophosphodiester phosphodiesterase (Glycerophosphocholine)	Internal metabolic		bigg.reaction GPDDA1;GPDDA1_1;GPDDA1pp biocyc META:3.1.4.2-RXN brenda 3.1.4.2;3.1.4.46 ec-code 3.1.4.2;3.1.4.46 kegg.reaction R01030 metanetx.reaction MNXR100410 reactome R-HSA-1483116;R-HSA-6814132;R-MMU-1483112;R-MMU-6814137 rhea 16061;16062;16063;16064 sbo SBO:0000176 seed.reaction rxn00758;rxn29958;rxn31410;rxn33398	Inorganic ion metabolism	Inorganic ion metabolism	metabolite context: phosphate	HIERARCHICAL_METABOLITE_CONTEXT
GPDDA1_1	Glycerophosphodiester phosphodiesterase (Glycerophosphocholine)	Internal metabolic		bigg.reaction GPDDA1_1;GPDDA1;GPDDA1pp biocyc META:3.1.4.2-RXN brenda 3.1.4.2 ec-code 3.1.4.2 gpr_status PROVISIONAL kegg.reaction R01030 metanetx.reaction MNXR100410 rhea 16061 sbo SBO:0000176 seed.reaction rxn00758;rxn29958;rxn31410;rxn33398	Inorganic ion metabolism	Inorganic ion metabolism	metabolite context: phosphate	HIERARCHICAL_METABOLITE_CONTEXT
GPDDA2	Glycerophosphodiester phosphodiesterase (Glycerophosphoethanolamine)	Internal metabolic		bigg.reaction GPDDA2 biocyc META:RXN-14160 brenda 3.1.4.2;3.1.4.46 ec-code 3.1.4.2;3.1.4.46 kegg.reaction R01470 metanetx.reaction MNXR100411 rhea 29319;29320;29321;29322 sbo SBO:0000176 seed.reaction rxn01073	Inorganic ion metabolism	Inorganic ion metabolism	metabolite context: phosphate	HIERARCHICAL_METABOLITE_CONTEXT
GPDDA2_1	Glycerophosphodiester phosphodiesterase (Glycerophosphoethanolamine)	Internal metabolic		bigg.reaction GPDDA2_1;GPDDA4;GPDDA4pp biocyc META:RXN-14073 gpr_status PROVISIONAL metanetx.reaction MNXR100413 sbo SBO:0000176 seed.reaction rxn08669;rxn39050	Inorganic ion metabolism	Inorganic ion metabolism	metabolite context: phosphate	HIERARCHICAL_METABOLITE_CONTEXT
GPDDA3	Glycerophosphodiester phosphodiesterase (Glycerophosphoserine)	Internal metabolic		bigg.reaction GPDDA3 biocyc META:RXN-14136 brenda 3.1.4.46 ec-code 3.1.4.46 metanetx.reaction MNXR100412 rhea 29875;29876;29877;29878 sbo SBO:0000176 seed.reaction rxn08668	Amino acid metabolism	Amino acid metabolism	reaction name: serine	HIERARCHICAL_REACTION_NAME
GPDDA3_1	Glycerophosphodiester phosphodiesterase (Glycerophosphoserine)	Internal metabolic		bigg.reaction GPDDA3_1;GPDDA3;GPDDA3pp gpr_status PROVISIONAL metanetx.reaction MNXR145117 sbo SBO:0000176	Amino acid metabolism	Amino acid metabolism	reaction name: serine	HIERARCHICAL_REACTION_NAME
GPDDA4	Glycerophosphodiester phosphodiesterase (Glycerophosphoglycerol)	Internal metabolic		bigg.reaction GPDDA4;GPDDA2_1;GPDDA4pp biocyc META:RXN-14073 brenda 3.1.4.46 ec-code 3.1.4.46 metanetx.reaction MNXR100413 sbo SBO:0000176 seed.reaction rxn08669;rxn39050	Inorganic ion metabolism	Inorganic ion metabolism	metabolite context: phosphate	HIERARCHICAL_METABOLITE_CONTEXT
GPDDA4_1	Glycerophosphodiester phosphodiesterase (Glycerophosphoglycerol)	Transport		bigg.reaction GPDDA4_1 gpr_status PROVISIONAL metanetx.reaction MNXR157905 sbo SBO:0000185	Lipid metabolism	Lipid metabolism	transported substrate: phosphoglycerol	TRANSPORT_SUBSTRATE_CURATED_RULE
GPDDA5	Glycerophosphodiester phosphodiesterase (Glycerophosphoinositol)	Internal metabolic		bigg.reaction GPDDA5 biocyc META:3.1.4.44-RXN brenda 3.1.4.44 ec-code 3.1.4.44 gpr_status PROVISIONAL kegg.reaction R01193 metanetx.reaction MNXR100414 reactome R-BTA-6813740;R-CEL-6813740;R-CFA-6813740;R-DDI-6813740;R-DME-6813740;R-DRE-6813740;R-GGA-6813740;R-HSA-6813740;R-MMU-6813740;R-RNO-6813740;R-SSC-6813740;R-TGU-6813740;R-XTR-6813740 rhea 16501;16502;16503;16504 sbo SBO:0000176 seed.reaction rxn00889	Carbohydrate metabolism	Carbohydrate metabolism	reaction name: inositol	HIERARCHICAL_REACTION_NAME
GRTT	Geranyltranstransferase	Internal metabolic		bigg.reaction GRTT biocyc META:FPPSYN-RXN brenda 2.5.1.10 ec-code 2.5.1.10 kegg.reaction R02003 metanetx.reaction MNXR99634 reactome R-ATH-191303;R-BTA-191303;R-CEL-191303;R-CFA-191303;R-DDI-191303;R-DME-191303;R-DRE-191303;R-GGA-191303;R-HSA-191303;R-MMU-191303;R-OSA-191303;R-PFA-191303;R-RNO-191303;R-SCE-191303;R-SPO-191303;R-SSC-191303;R-TGU-191303;R-XTR-191303 rhea 19361;19362;19363;19364 sbo SBO:0000176 seed.reaction rxn01466	Inorganic ion metabolism	Inorganic ion metabolism	metabolite context: phosphate	HIERARCHICAL_METABOLITE_CONTEXT
GRXR	Glutaredoxin reductase	Internal metabolic		bigg.reaction GRXR brenda 1.8.4.2 ec-code 1.8.4.2 gpr_status PROVISIONAL metanetx.reaction MNXR100431 sbo SBO:0000176 seed.reaction rxn08670	Energy metabolism / respiration	Energy metabolism / respiration	reaction name: glutaredoxin	HIERARCHICAL_REACTION_NAME
GSNt3pp	Guanosine transport out via proton antiport (periplasm)	Transport		bigg.reaction GSNt3pp sbo SBO:0000185	Nucleotide metabolism	Nucleotide metabolism	transported substrate: guanosine	TRANSPORT_SUBSTRATE_CURATED_RULE
GSNtex	Guanosine transport via diffusion (extracellular to periplasm)	Transport		bigg.reaction GSNtex metanetx.reaction MNXR100433 sbo SBO:0000185 seed.reaction rxn08672;rxn10897	Nucleotide metabolism	Nucleotide metabolism	transported substrate: guanosine	TRANSPORT_SUBSTRATE_CURATED_RULE
GSPMDA	Glutathionylspermidine amidase	Internal metabolic		bigg.reaction GSPMDA biocyc META:GSPAMID-RXN brenda 3.5.1.78 ec-code 3.5.1.-;3.5.1.78 kegg.reaction R01918 metanetx.reaction MNXR100437 rhea 17173;17174;17175;17176 sbo SBO:0000176 seed.reaction rxn01404	Energy metabolism / respiration	Energy metabolism / respiration	metabolite context: glutathione	HIERARCHICAL_METABOLITE_CONTEXT
GSPMDS	Glutathionylspermidine synthetase	Internal metabolic		bigg.reaction GSPMDS biocyc META:GSPSYN-RXN brenda 6.3.1.8;6.3.1.9 ec-code 6.3.1.8;6.3.1.9 kegg.reaction R01917 metanetx.reaction MNXR100438 rhea 21272;21273;21274;21275 sbo SBO:0000176 seed.reaction rxn01403	Energy metabolism / respiration	Energy metabolism / respiration	metabolite context: glutathione	HIERARCHICAL_METABOLITE_CONTEXT
GTHOr	Glutathione oxidoreductase	Internal metabolic		bigg.reaction GTHOr;GDR_nadp_h;GTHOm biocyc META:GLUTATHIONE-REDUCT-NADPH-RXN brenda 1.8.1.7 ec-code 1.8.1.7 kegg.reaction R00115 metanetx.reaction MNXR100098 reactome R-ATH-3323079;R-ATH-71682;R-BTA-3323079;R-BTA-71682;R-CEL-3323079;R-CEL-71682;R-CFA-3323079;R-CFA-71682;R-DDI-3323079;R-DDI-71682;R-DRE-3323079;R-DRE-71682;R-GGA-3323079;R-GGA-71682;R-HSA-3323079;R-HSA-71682;R-MMU-3323079;R-MMU-71682;R-OSA-3323079;R-OSA-71682;R-PFA-3323079;R-PFA-71682;R-RNO-3323079;R-RNO-71682;R-SCE-3323079;R-SCE-71682;R-SPO-3323079;R-SPO-71682;R-SSC-3323079;R-SSC-71682;R-TGU-3323079;R-TGU-71682;R-XTR-3323079;R-XTR-71682 rhea 11740;11741;11742;11743 sbo SBO:0000176 seed.reaction rxn00086;rxn19841;rxn19842;rxn32133	Energy metabolism / respiration	Energy metabolism / respiration	database annotation: glutathione	HIERARCHICAL_DATABASE_ANNOTATION
GTHPe	Glutathione peroxidase	Internal metabolic		bigg.reaction GTHPe;GTHP_api;GTHPi;GTHPm;GTHPx biocyc META:GLUTATHIONE-PEROXIDASE-RXN brenda 1.11.1.9 ec-code 1.11.1.9 kegg.reaction R00274 metanetx.reaction MNXR100446 reactome R-BTA-3341277;R-BTA-3341397;R-BTA-3343700;R-CEL-3323013;R-CEL-3341277;R-CEL-3341397;R-CEL-3343700;R-CEL-71676;R-CFA-3323013;R-CFA-3341277;R-CFA-3341397;R-CFA-3343700;R-CFA-71676;R-DRE-3341277;R-DRE-3341397;R-DRE-3343700;R-GGA-3323013;R-GGA-3341277;R-GGA-3341397;R-GGA-71676;R-HSA-3323013;R-HSA-3341277;R-HSA-3341397;R-HSA-3343700;R-HSA-71676;R-MMU-3323013;R-MMU-3341277;R-MMU-3341397;R-MMU-3343700;R-MMU-71676;R-PFA-3323013;R-PFA-3341277;R-PFA-3341397;R-PFA-71676;R-RNO-3323013;R-RNO-3341277;R-RNO-3341397;R-RNO-3343700;R-RNO-71676;R-SCE-3323013;R-SCE-3341277;R-SCE-3341397;R-SCE-71676;R-SPO-3323013;R-SPO-3341277;R-SPO-3341397;R-SPO-71676;R-SSC-3341277;R-TGU-3323013;R-TGU-3341397;R-TGU-71676;R-XTR-3341277;R-XTR-3341397;R-XTR-3343700 rhea 16833;16834;16835;16836 sbo SBO:0000176 seed.reaction rxn00205;rxn27891;rxn33345;rxn33349	Energy metabolism / respiration	Energy metabolism / respiration	database annotation: oxidase	HIERARCHICAL_DATABASE_ANNOTATION
GTHPi	Glutathione peridoxase	Internal metabolic		bigg.reaction GTHPi;GTHP_api;GTHPe;GTHPm;GTHPx biocyc META:GLUTATHIONE-PEROXIDASE-RXN brenda 1.11.1.9 ec-code 1.11.1.9 kegg.reaction R00274 metanetx.reaction MNXR100446 reactome R-BTA-3341277;R-BTA-3341397;R-BTA-3343700;R-CEL-3323013;R-CEL-3341277;R-CEL-3341397;R-CEL-3343700;R-CEL-71676;R-CFA-3323013;R-CFA-3341277;R-CFA-3341397;R-CFA-3343700;R-CFA-71676;R-DRE-3341277;R-DRE-3341397;R-DRE-3343700;R-GGA-3323013;R-GGA-3341277;R-GGA-3341397;R-GGA-71676;R-HSA-3323013;R-HSA-3341277;R-HSA-3341397;R-HSA-3343700;R-HSA-71676;R-MMU-3323013;R-MMU-3341277;R-MMU-3341397;R-MMU-3343700;R-MMU-71676;R-PFA-3323013;R-PFA-3341277;R-PFA-3341397;R-PFA-71676;R-RNO-3323013;R-RNO-3341277;R-RNO-3341397;R-RNO-3343700;R-RNO-71676;R-SCE-3323013;R-SCE-3341277;R-SCE-3341397;R-SCE-71676;R-SPO-3323013;R-SPO-3341277;R-SPO-3341397;R-SPO-71676;R-SSC-3341277;R-TGU-3323013;R-TGU-3341397;R-TGU-71676;R-XTR-3341277;R-XTR-3341397;R-XTR-3343700 rhea 16833;16834;16835;16836 sbo SBO:0000176 seed.reaction rxn00205;rxn27891;rxn33345;rxn33349	Energy metabolism / respiration	Energy metabolism / respiration	database annotation: oxidase	HIERARCHICAL_DATABASE_ANNOTATION
GTHRDH_syn	Glutathione hydralase (periplasmic)	Internal metabolic		bigg.reaction GTHRDH_syn;GGTAe2;GTHRDHpp biocyc META:RXN-12618;META:RXN-15856 brenda 3.4.19.13 ec-code 3.4.19.-;3.4.19.13 kegg.reaction R00494 metanetx.reaction MNXR100136 reactome R-ATH-8943279;R-BTA-8943279;R-CEL-8943279;R-CFA-8943279;R-DME-8943279;R-DRE-8943279;R-GGA-8943279;R-HSA-8943279;R-MMU-8943279;R-OSA-8943279;R-RNO-8943279;R-SCE-8943279;R-SPO-8943279;R-SSC-8943279;R-TGU-8943279;R-XTR-8943279 rhea 28807;28808;28809;28810 sbo SBO:0000176 seed.reaction rxn00350;rxn23048;rxn28902;rxn29964;rxn31054;rxn33431	Energy metabolism / respiration	Energy metabolism / respiration	reaction name: glutathione	HIERARCHICAL_REACTION_NAME
GTHRDHpp	Glutathione hydralase (periplasmic)	Internal metabolic		bigg.reaction GTHRDHpp;GGTAe2;GTHRDH_syn biocyc META:RXN-12618;META:RXN-15856 brenda 2.3.2.2;3.4.19.13 ec-code 3.4.19.-;3.4.19.13;2.3.2.2 kegg.reaction R00494 metanetx.reaction MNXR100136 reactome R-ATH-8943279;R-BTA-8943279;R-CEL-8943279;R-CFA-8943279;R-DME-8943279;R-DRE-8943279;R-GGA-8943279;R-HSA-8943279;R-MMU-8943279;R-OSA-8943279;R-RNO-8943279;R-SCE-8943279;R-SPO-8943279;R-SSC-8943279;R-TGU-8943279;R-XTR-8943279 rhea 28807;28808;28809;28810 sbo SBO:0000176 seed.reaction rxn00350;rxn23048;rxn28902;rxn29964;rxn31054;rxn33431	Energy metabolism / respiration	Energy metabolism / respiration	reaction name: glutathione	HIERARCHICAL_REACTION_NAME
GTHRDabc2pp	Glutathione export via ABC system (cytoplasm to periplasm)	Transport		bigg.reaction GTHRDabc2pp biocyc META:RXN0-21 gpr_status PROVISIONAL metanetx.reaction MNXR100447 rhea 29787;29788;29789;29790;29791;29792;29793;29794 sbo SBO:0000185 seed.reaction rxn08675;rxn13712	Energy metabolism / respiration	Energy metabolism / respiration	reaction name: glutathione	TRANSPORT_SUBSTRATE_REACTION_NAME
GTHRDabcpp	Reduced glutathione via ABC system (periplasm)	Transport		bigg.reaction GTHRDabcpp biocyc META:RXN0-11 gpr_status PROVISIONAL metanetx.reaction MNXR100448 rhea 29787;29788;29789;29790;29791;29792;29793;29794 sbo SBO:0000185 seed.reaction rxn08676;rxn13306	Energy metabolism / respiration	Energy metabolism / respiration	reaction name: glutathione	TRANSPORT_SUBSTRATE_REACTION_NAME
GTHRDt2_1	Glutathione transport	Transport		bigg.reaction GTHRDt2_1 gpr_status PROVISIONAL sbo SBO:0000185	Energy metabolism / respiration	Energy metabolism / respiration	reaction name: glutathione	TRANSPORT_SUBSTRATE_REACTION_NAME
GTHRDtex	Glutathione transport via diffusion (extracellular to periplasm)	Transport		bigg.reaction GTHRDtex metanetx.reaction MNXR100449 reactome R-HSA-1247915;R-HSA-1500817 sbo SBO:0000185 seed.reaction rxn08677;rxn10829	Energy metabolism / respiration	Energy metabolism / respiration	reaction name: glutathione	TRANSPORT_SUBSTRATE_REACTION_NAME
GTHS	Glutathione synthetase	Internal metabolic		bigg.reaction GTHS;GTHS_h biocyc META:GLUTATHIONE-SYN-RXN brenda 6.3.2.3 ec-code 6.3.2.3 kegg.reaction R00497 metanetx.reaction MNXR100450 reactome R-ATH-174394;R-BTA-174394;R-CEL-174394;R-CFA-174394;R-DDI-174394;R-DME-174394;R-DRE-174394;R-GGA-174394;R-HSA-174394;R-MMU-174394;R-OSA-174394;R-PFA-174394;R-RNO-174394;R-SCE-174394;R-SPO-174394;R-SSC-174394;R-TGU-174394;R-XTR-174394 rhea 13557;13558;13559;13560 sbo SBO:0000176 seed.reaction rxn00351;rxn27892	Energy metabolism / respiration	Energy metabolism / respiration	database annotation: glutathione	HIERARCHICAL_DATABASE_ANNOTATION
GTPCI	GTP cyclohydrolase I	Internal metabolic		bigg.reaction GTPCI biocyc META:GTP-CYCLOHYDRO-I-RXN brenda 3.5.4.16 ec-code 3.5.4.16 kegg.reaction R00424 metanetx.reaction MNXR100453 reactome R-ATH-1474146;R-BTA-1474146;R-CEL-1474146;R-CFA-1474146;R-DDI-1474146;R-DME-1474146;R-DRE-1474146;R-GGA-1474146;R-HSA-1474146;R-MMU-1474146;R-OSA-1474146;R-PFA-1474146;R-RNO-1474146;R-SCE-1474146;R-SPO-1474146;R-TGU-1474146;R-XTR-1474146 rhea 17473;17474;17475;17476 sbo SBO:0000176 seed.reaction rxn00299;rxn11232	Inorganic ion metabolism	Inorganic ion metabolism	metabolite context: phosphate	HIERARCHICAL_METABOLITE_CONTEXT
GTPCII	GTP cyclohydrolase II	Internal metabolic		bigg.reaction GTPCII brenda 3.5.4.25;4.1.99.12 ec-code 3.5.4.25;4.1.99.12 metanetx.reaction MNXR100454 sbo SBO:0000176	Nucleotide metabolism	Nucleotide metabolism	metabolite context: pyrimidine	HIERARCHICAL_METABOLITE_CONTEXT
GTPCII2	GTP cyclohydrolase II (25drapp)	Internal metabolic		bigg.reaction GTPCII2 biocyc META:GTP-CYCLOHYDRO-II-RXN brenda 3.5.4.25;4.1.99.12 ec-code 3.5.4.25;4.1.99.12 kegg.reaction R00425 metanetx.reaction MNXR100455 rhea 23704;23705;23706;23707 sbo SBO:0000176	Inorganic ion metabolism	Inorganic ion metabolism	metabolite context: phosphate	HIERARCHICAL_METABOLITE_CONTEXT
GTPDPDP	Guanosine-5'-triphosphate,3'-diphosphate diphosphatase	Internal metabolic		bigg.reaction GTPDPDP biocyc META:PPPGPPHYDRO-RXN brenda 3.6.1.11;3.6.1.40 ec-code 3.6.1.11;3.6.1.40 kegg.reaction R03409 metanetx.reaction MNXR100099 rhea 13073;13074;13075;13076 sbo SBO:0000176 seed.reaction rxn02449;rxn33412	Inorganic ion metabolism	Inorganic ion metabolism	reaction name: phosphate	HIERARCHICAL_REACTION_NAME
GTPDPK	GTP diphosphokinase	Internal metabolic		bigg.reaction GTPDPK biocyc META:GTPPYPHOSKIN-RXN brenda 2.7.6.5 ec-code 2.7.6.5 kegg.reaction R00429 metanetx.reaction MNXR100457 rhea 22088;22089;22090;22091 sbo SBO:0000176 seed.reaction rxn00303	Inorganic ion metabolism	Inorganic ion metabolism	metabolite context: phosphate	HIERARCHICAL_METABOLITE_CONTEXT
GTPHs	GTP amine hydrolysis (spontaneous)	Internal metabolic		bigg.reaction GTPHs metanetx.reaction MNXR100459 sbo SBO:0000176 seed.reaction rxn08679	Nitrogen metabolism	Nitrogen metabolism	metabolite context: ammonium	HIERARCHICAL_METABOLITE_CONTEXT
GUACYC	Guanylate cyclase	Internal metabolic		bigg.reaction GUACYC biocyc META:GUANYLCYC-RXN brenda 4.6.1.1;4.6.1.2 ec-code 4.6.1.1;4.6.1.2 kegg.reaction R00434 metanetx.reaction MNXR100463 rhea 13665;13666;13667;13668 sbo SBO:0000176 seed.reaction rxn00307	Nucleotide metabolism	Nucleotide metabolism	database annotation: guanyl	HIERARCHICAL_DATABASE_ANNOTATION
GUAD	Guanine deaminase	Internal metabolic		bigg.reaction GUAD biocyc META:GUANINE-DEAMINASE-RXN brenda 3.5.4.3 ec-code 3.5.4.3 kegg.reaction R01676 metanetx.reaction MNXR100464 reactome R-BTA-74255;R-CFA-74255;R-DDI-74255;R-DME-74255;R-DRE-74255;R-GGA-74255;R-HSA-74255;R-MMU-74255;R-OSA-74255;R-RNO-74255;R-SCE-74255;R-SPO-74255;R-SSC-74255;R-TGU-74255;R-XTR-74255 rhea 14665;14666;14667;14668 sbo SBO:0000176 seed.reaction rxn01225	Nucleotide metabolism	Nucleotide metabolism	metabolite context: xanthine	HIERARCHICAL_METABOLITE_CONTEXT
GUAPRT	Guanine phosphoribosyltransferase	Internal metabolic		bigg.reaction GUAPRT biocyc META:GUANPRIBOSYLTRAN-RXN brenda 2.4.2.22;2.4.2.7;2.4.2.8 ec-code 2.4.2.22;2.4.2.7;2.4.2.8 kegg.reaction R01229 metanetx.reaction MNXR100409 rhea 25424;25425;25426;25427 sbo SBO:0000176 seed.reaction rxn00915	Nucleotide metabolism	Nucleotide metabolism	reaction name: phosphoribosyl	HIERARCHICAL_REACTION_NAME
GUAt	Guanine transport	Transport		bigg.reaction GUAt biocyc META:TRANS-RXN0-578 metanetx.reaction MNXR100465 sbo SBO:0000185 seed.reaction rxn08682;rxn08683;rxn09746;rxn10142	Nucleotide metabolism	Nucleotide metabolism	transported substrate: guanine	TRANSPORT_SUBSTRATE_CURATED_RULE
GUAt2r	Guanine reversible transport via proton symport	Transport		bigg.reaction GUAt2r metanetx.reaction MNXR100466 sbo SBO:0000185 seed.reaction rxn05203;rxn08681	Nucleotide metabolism	Nucleotide metabolism	transported substrate: guanine	TRANSPORT_SUBSTRATE_CURATED_RULE
GUAtex	Guanine transport via diffusion (extracellular to periplasm)	Transport		bigg.reaction GUAtex biocyc META:TRANS-RXN0-578 metanetx.reaction MNXR100465 sbo SBO:0000185 seed.reaction rxn08682;rxn08683;rxn09746;rxn10142	Nucleotide metabolism	Nucleotide metabolism	transported substrate: guanine	TRANSPORT_SUBSTRATE_CURATED_RULE
GUDBUTNAH	4-Guanidinobutanoate amidinohydrolase	Internal metabolic		bigg.reaction GUDBUTNAH biocyc META:GUANIDINOBUTYRASE-RXN brenda 3.5.3.17;3.5.3.7 ec-code 3.5.3.7;3.5.3.17 kegg.reaction R01990 metanetx.reaction MNXR100467 rhea 19501;19502;19503;19504 sbo SBO:0000176 seed.reaction rxn01462	Nitrogen metabolism	Nitrogen metabolism	metabolite context: urea	HIERARCHICAL_METABOLITE_CONTEXT
GalMr	Aldose 1-epimerase	Internal metabolic		bigg.reaction GalMr brenda 5.1.3.3 ec-code 5.1.3.3 metanetx.reaction MNXR137960 sbo SBO:0000176	Carbohydrate metabolism	Carbohydrate metabolism	metabolite context: glucose	HIERARCHICAL_METABOLITE_CONTEXT
H2ASE_syn	Bidirectional [NiFe] Hydrogenase	Internal metabolic		bigg.reaction H2ASE_syn biocyc META:1.12.1.3-RXN brenda 1.12.1.3;1.12.1.5 ec-code 1.12.1.3;1.12.1.5 kegg.reaction R07181 metanetx.reaction MNXR100481 rhea 18637;18638;18639;18640 sbo SBO:0000176 seed.reaction rxn07200	Energy metabolism / respiration	Energy metabolism / respiration	reaction name: hydrogenase	HIERARCHICAL_REACTION_NAME
H2O2tex	Hydrogen peroxide transport via diffusion (external)	Transport		bigg.reaction H2O2tex biocyc META:TRANS-RXN-284;META:TRANS-RXN0-572 metanetx.reaction MNXR98640 reactome R-HSA-3779381;R-RNO-3779389 sbo SBO:0000185 seed.reaction rxn08685;rxn13308	Inorganic ion metabolism	Inorganic ion metabolism	primary cargo: water	TRANSPORT_PRIMARY_CARGO_WATER
H2Ot	H2O transport via diffusion	Transport		bigg.reaction H2Ot biocyc META:TRANS-RXN-145;META:TRANS-RXN0-547 metanetx.reaction MNXR98641 reactome R-ATH-432010;R-ATH-432054;R-ATH-432065;R-ATH-432067;R-ATH-507868;R-ATH-507870;R-BTA-432010;R-BTA-432054;R-BTA-432065;R-BTA-432067;R-BTA-445714;R-BTA-507868;R-BTA-507870;R-CEL-445714;R-CEL-507868;R-CEL-507870;R-CFA-432010;R-CFA-432054;R-CFA-432065;R-CFA-432067;R-CFA-445714;R-CFA-507868;R-CFA-507870;R-DDI-432010;R-DDI-432054;R-DDI-432065;R-DDI-432067;R-DDI-507868;R-DDI-507870;R-DME-432010;R-DME-432054;R-DME-432065;R-DME-432067;R-DME-507868;R-DME-507870;R-DRE-432010;R-DRE-432054;R-DRE-432067;R-DRE-445714;R-DRE-507868;R-DRE-507870;R-GGA-432010;R-GGA-432054;R-GGA-432065;R-GGA-432067;R-GGA-445714;R-GGA-507868;R-GGA-507870;R-HSA-432010;R-HSA-432054;R-HSA-432065;R-HSA-432067;R-HSA-445714;R-HSA-507868;R-HSA-507870;R-MMU-432010;R-MMU-432054;R-MMU-432065;R-MMU-432067;R-MMU-445714;R-MMU-507868;R-MMU-507870;R-OSA-432010;R-OSA-432054;R-OSA-432065;R-OSA-432067;R-OSA-507868;R-OSA-507870;R-PFA-445714;R-PFA-507868;R-PFA-507870;R-RNO-432010;R-RNO-432054;R-RNO-432065;R-RNO-432067;R-RNO-445714;R-RNO-507868;R-RNO-507870;R-SCE-432010;R-SCE-432054;R-SCE-432065;R-SCE-432067;R-SCE-445714;R-SCE-507868;R-SCE-507870;R-SPO-445714;R-SPO-507868;R-SPO-507870;R-SSC-432010;R-SSC-432054;R-SSC-432065;R-SSC-432067;R-SSC-445714;R-SSC-507868;R-SSC-507870;R-TGU-432010;R-TGU-432054;R-TGU-432065;R-TGU-432067;R-TGU-445714;R-TGU-507868;R-TGU-507870;R-XTR-432067;R-XTR-445714;R-XTR-507868;R-XTR-507870 rhea 29667;29668;29669;29670 sbo SBO:0000185 seed.reaction rxn05319;rxn08686;rxn08687;rxn09643;rxn09745;rxn09812;rxn09838;rxn09874	Inorganic ion metabolism	Inorganic ion metabolism	primary cargo: water	TRANSPORT_PRIMARY_CARGO_WATER
H2Otex	H2O transport via diffusion (extracellular to periplasm)	Transport		bigg.reaction H2Otex biocyc META:TRANS-RXN-145;META:TRANS-RXN0-547 metanetx.reaction MNXR98641 reactome R-ATH-432010;R-ATH-432054;R-ATH-432065;R-ATH-432067;R-ATH-507868;R-ATH-507870;R-BTA-432010;R-BTA-432054;R-BTA-432065;R-BTA-432067;R-BTA-445714;R-BTA-507868;R-BTA-507870;R-CEL-445714;R-CEL-507868;R-CEL-507870;R-CFA-432010;R-CFA-432054;R-CFA-432065;R-CFA-432067;R-CFA-445714;R-CFA-507868;R-CFA-507870;R-DDI-432010;R-DDI-432054;R-DDI-432065;R-DDI-432067;R-DDI-507868;R-DDI-507870;R-DME-432010;R-DME-432054;R-DME-432065;R-DME-432067;R-DME-507868;R-DME-507870;R-DRE-432010;R-DRE-432054;R-DRE-432067;R-DRE-445714;R-DRE-507868;R-DRE-507870;R-GGA-432010;R-GGA-432054;R-GGA-432065;R-GGA-432067;R-GGA-445714;R-GGA-507868;R-GGA-507870;R-HSA-432010;R-HSA-432054;R-HSA-432065;R-HSA-432067;R-HSA-445714;R-HSA-507868;R-HSA-507870;R-MMU-432010;R-MMU-432054;R-MMU-432065;R-MMU-432067;R-MMU-445714;R-MMU-507868;R-MMU-507870;R-OSA-432010;R-OSA-432054;R-OSA-432065;R-OSA-432067;R-OSA-507868;R-OSA-507870;R-PFA-445714;R-PFA-507868;R-PFA-507870;R-RNO-432010;R-RNO-432054;R-RNO-432065;R-RNO-432067;R-RNO-445714;R-RNO-507868;R-RNO-507870;R-SCE-432010;R-SCE-432054;R-SCE-432065;R-SCE-432067;R-SCE-445714;R-SCE-507868;R-SCE-507870;R-SPO-445714;R-SPO-507868;R-SPO-507870;R-SSC-432010;R-SSC-432054;R-SSC-432065;R-SSC-432067;R-SSC-445714;R-SSC-507868;R-SSC-507870;R-TGU-432010;R-TGU-432054;R-TGU-432065;R-TGU-432067;R-TGU-445714;R-TGU-507868;R-TGU-507870;R-XTR-432067;R-XTR-445714;R-XTR-507868;R-XTR-507870 rhea 29667;29668;29669;29670 sbo SBO:0000185 seed.reaction rxn05319;rxn08686;rxn08687;rxn09643;rxn09745;rxn09812;rxn09838;rxn09874	Inorganic ion metabolism	Inorganic ion metabolism	primary cargo: water	TRANSPORT_PRIMARY_CARGO_WATER
H2Otpp	H2O transport via diffusion (periplasm)	Transport		bigg.reaction H2Otpp biocyc META:TRANS-RXN-145;META:TRANS-RXN0-547 metanetx.reaction MNXR98641 reactome R-ATH-432010;R-ATH-432054;R-ATH-432065;R-ATH-432067;R-ATH-507868;R-ATH-507870;R-BTA-432010;R-BTA-432054;R-BTA-432065;R-BTA-432067;R-BTA-445714;R-BTA-507868;R-BTA-507870;R-CEL-445714;R-CEL-507868;R-CEL-507870;R-CFA-432010;R-CFA-432054;R-CFA-432065;R-CFA-432067;R-CFA-445714;R-CFA-507868;R-CFA-507870;R-DDI-432010;R-DDI-432054;R-DDI-432065;R-DDI-432067;R-DDI-507868;R-DDI-507870;R-DME-432010;R-DME-432054;R-DME-432065;R-DME-432067;R-DME-507868;R-DME-507870;R-DRE-432010;R-DRE-432054;R-DRE-432067;R-DRE-445714;R-DRE-507868;R-DRE-507870;R-GGA-432010;R-GGA-432054;R-GGA-432065;R-GGA-432067;R-GGA-445714;R-GGA-507868;R-GGA-507870;R-HSA-432010;R-HSA-432054;R-HSA-432065;R-HSA-432067;R-HSA-445714;R-HSA-507868;R-HSA-507870;R-MMU-432010;R-MMU-432054;R-MMU-432065;R-MMU-432067;R-MMU-445714;R-MMU-507868;R-MMU-507870;R-OSA-432010;R-OSA-432054;R-OSA-432065;R-OSA-432067;R-OSA-507868;R-OSA-507870;R-PFA-445714;R-PFA-507868;R-PFA-507870;R-RNO-432010;R-RNO-432054;R-RNO-432065;R-RNO-432067;R-RNO-445714;R-RNO-507868;R-RNO-507870;R-SCE-432010;R-SCE-432054;R-SCE-432065;R-SCE-432067;R-SCE-445714;R-SCE-507868;R-SCE-507870;R-SPO-445714;R-SPO-507868;R-SPO-507870;R-SSC-432010;R-SSC-432054;R-SSC-432065;R-SSC-432067;R-SSC-445714;R-SSC-507868;R-SSC-507870;R-TGU-432010;R-TGU-432054;R-TGU-432065;R-TGU-432067;R-TGU-445714;R-TGU-507868;R-TGU-507870;R-XTR-432067;R-XTR-445714;R-XTR-507868;R-XTR-507870 rhea 29667;29668;29669;29670 sbo SBO:0000185 seed.reaction rxn05319;rxn08686;rxn08687;rxn09643;rxn09745;rxn09812;rxn09838;rxn09874	Inorganic ion metabolism	Inorganic ion metabolism	primary cargo: water	TRANSPORT_PRIMARY_CARGO_WATER
H2SO	Hydrogen sulfide oxidation	Internal metabolic		bigg.reaction H2SO metanetx.reaction MNXR100493 sbo SBO:0000176 seed.reaction rxn08688	Sulfur metabolism	Sulfur metabolism	reaction name: sulfide	HIERARCHICAL_REACTION_NAME
H2St1	H2s transport (diffusion)	Transport		bigg.reaction H2St1 biocyc META:TRANS-RXN-310 metanetx.reaction MNXR100494 sbo SBO:0000185 seed.reaction rxn08689;rxn08690;rxn10541	Other curated	Other curated	transport chemistry present but substrate class is outside the controlled categories	TRANSPORT_OTHER_CURATED
H2Stex	H2s transport via diffusion (extracellular to periplasm)	Transport		bigg.reaction H2Stex biocyc META:TRANS-RXN-310 metanetx.reaction MNXR100494 sbo SBO:0000185 seed.reaction rxn08689;rxn08690;rxn10541	Other curated	Other curated	transport chemistry present but substrate class is outside the controlled categories	TRANSPORT_OTHER_CURATED
H2tex	Hydrogen transport via diffusion (extracellular to periplasm)	Transport		bigg.reaction H2tex metanetx.reaction MNXR100495 sbo SBO:0000185 seed.reaction rxn08691;rxn08692;rxn10542	Energy metabolism / respiration	Energy metabolism / respiration	transported substrate: hydrogen transport	TRANSPORT_SUBSTRATE_CURATED_RULE
H2tpp	Hydrogen transport diffusion (periplasm)	Transport		bigg.reaction H2tpp metanetx.reaction MNXR100495 sbo SBO:0000185 seed.reaction rxn08691;rxn08692;rxn10542	Energy metabolism / respiration	Energy metabolism / respiration	transported substrate: hydrogen transport	TRANSPORT_SUBSTRATE_CURATED_RULE
HACD1	3-hydroxyacyl-CoA dehydrogenase (acetoacetyl-CoA)	Internal metabolic		bigg.reaction HACD1 biocyc META:RXN-11662 brenda 1.1.1.157;1.1.1.35 ec-code 1.1.1.35;1.1.1.157 gpr_status PROVISIONAL kegg.reaction R01975 metanetx.reaction MNXR100541 reactome R-ATH-77312;R-BTA-77312;R-CEL-77312;R-CFA-77312;R-DDI-77312;R-DRE-77312;R-GGA-77312;R-HSA-77312;R-MMU-77312;R-OSA-77312;R-RNO-77312;R-SSC-77312;R-TGU-77312;R-XTR-77312 rhea 30799;30800;30801;30802 sbo SBO:0000176 seed.reaction rxn01451	Energy metabolism / respiration	Energy metabolism / respiration	reaction name: hydrogenase	HIERARCHICAL_REACTION_NAME
HACD10i	3 hydroxyacyl CoA dehydrogenase   3 oxoheptaryl CoA	Internal metabolic		bigg.reaction HACD10i brenda 4.2.1.17 ec-code 4.2.1.17 metanetx.reaction MNXR158003 sbo SBO:0000176	Energy metabolism / respiration	Energy metabolism / respiration	reaction name: hydrogenase	HIERARCHICAL_REACTION_NAME
HACD11i	3 hydroxyacyl CoA dehydrogenase  3 oxononaryl CoA	Internal metabolic		bigg.reaction HACD11i brenda 4.2.1.17 ec-code 4.2.1.17 metanetx.reaction MNXR158004 sbo SBO:0000176	Energy metabolism / respiration	Energy metabolism / respiration	reaction name: hydrogenase	HIERARCHICAL_REACTION_NAME
HACD12i	3 hydroxyacyl CoA dehydrogenase  3 oxophenydecanoyl CoA	Internal metabolic		bigg.reaction HACD12i brenda 4.2.1.17 ec-code 4.2.1.17 metanetx.reaction MNXR158005 sbo SBO:0000176	Energy metabolism / respiration	Energy metabolism / respiration	reaction name: hydrogenase	HIERARCHICAL_REACTION_NAME
HACD13i	3 hydroxyacyl CoA dehydrogenase  3 oxophenynonanoyl CoA	Internal metabolic		bigg.reaction HACD13i brenda 4.2.1.17 ec-code 4.2.1.17 metanetx.reaction MNXR158006 sbo SBO:0000176	Energy metabolism / respiration	Energy metabolism / respiration	reaction name: hydrogenase	HIERARCHICAL_REACTION_NAME
HACD14i	3 hydroxyacyl CoA dehydrogenase  3 oxophenyoctanoyl CoA	Internal metabolic		bigg.reaction HACD14i brenda 4.2.1.17 ec-code 4.2.1.17 metanetx.reaction MNXR158007 sbo SBO:0000176	Energy metabolism / respiration	Energy metabolism / respiration	reaction name: hydrogenase	HIERARCHICAL_REACTION_NAME
HACD15i	3 hydroxyacyl CoA dehydrogenase  3 oxophenyheptanoyl CoA	Internal metabolic		bigg.reaction HACD15i brenda 4.2.1.17 ec-code 4.2.1.17 metanetx.reaction MNXR158008 sbo SBO:0000176	Energy metabolism / respiration	Energy metabolism / respiration	reaction name: hydrogenase	HIERARCHICAL_REACTION_NAME
HACD16i	3 hydroxyacyl CoA dehydrogenase  3 oxophenyhexanoyl CoA	Internal metabolic		bigg.reaction HACD16i brenda 4.2.1.17 ec-code 4.2.1.17 metanetx.reaction MNXR158009 sbo SBO:0000176	Energy metabolism / respiration	Energy metabolism / respiration	reaction name: hydrogenase	HIERARCHICAL_REACTION_NAME
HACD17i	3 hydroxyacyl CoA dehydrogenase  3 oxophenypentanoyl CoA	Internal metabolic		bigg.reaction HACD17i brenda 4.2.1.17 ec-code 4.2.1.17 metanetx.reaction MNXR158010 sbo SBO:0000176	Energy metabolism / respiration	Energy metabolism / respiration	reaction name: hydrogenase	HIERARCHICAL_REACTION_NAME
HACD18i	3 hydroxyacyl CoA dehydrogenase  3 oxophenybutyryl CoA	Internal metabolic		bigg.reaction HACD18i brenda 4.2.1.17 ec-code 4.2.1.17 metanetx.reaction MNXR158011 sbo SBO:0000176	Energy metabolism / respiration	Energy metabolism / respiration	reaction name: hydrogenase	HIERARCHICAL_REACTION_NAME
HACD19i	3 hydroxyacyl CoA dehydrogenase  3 oxo 6acetylthiohexanoyl CoA	Internal metabolic		bigg.reaction HACD19i brenda 4.2.1.17 ec-code 4.2.1.17 metanetx.reaction MNXR158012 sbo SBO:0000176	Energy metabolism / respiration	Energy metabolism / respiration	reaction name: hydrogenase	HIERARCHICAL_REACTION_NAME
HACD1_1	3 hydroxyacyl CoA dehydrogenase  acetoacetyl CoA	Internal metabolic		bigg.reaction HACD1_1 biocyc META:RXN-11662 brenda 1.1.1.157;1.1.1.35 ec-code 1.1.1.35;1.1.1.157 gpr_status PROVISIONAL kegg.reaction R01975 metanetx.reaction MNXR100541 reactome R-ATH-77312;R-BTA-77312;R-CEL-77312;R-CFA-77312;R-DDI-77312;R-DRE-77312;R-GGA-77312;R-HSA-77312;R-MMU-77312;R-OSA-77312;R-RNO-77312;R-SSC-77312;R-TGU-77312;R-XTR-77312 rhea 30799;30800;30801;30802 sbo SBO:0000176 seed.reaction rxn01451	Energy metabolism / respiration	Energy metabolism / respiration	reaction name: hydrogenase	HIERARCHICAL_REACTION_NAME
HACD1i	3-hydroxyacyl-CoA dehydrogenase (acetoacetyl-CoA)	Internal metabolic		bigg.reaction HACD1i biocyc META:RXN-11662 brenda 1.1.1.35 ec-code 1.1.1.35 kegg.reaction R01975 metanetx.reaction MNXR100541 reactome R-ATH-77312;R-BTA-77312;R-CEL-77312;R-CFA-77312;R-DDI-77312;R-DRE-77312;R-GGA-77312;R-HSA-77312;R-MMU-77312;R-OSA-77312;R-RNO-77312;R-SSC-77312;R-TGU-77312;R-XTR-77312 rhea 30799;30800;30801;30802 sbo SBO:0000176 seed.reaction rxn01451	Energy metabolism / respiration	Energy metabolism / respiration	reaction name: hydrogenase	HIERARCHICAL_REACTION_NAME
HACD2	3-hydroxyacyl-CoA dehydrogenase (3-oxohexanoyl-CoA)	Internal metabolic		bigg.reaction HACD2 biocyc META:RXN-12570 brenda 1.1.1.157;1.1.1.211;1.1.1.35 ec-code 1.1.1.211;1.1.1.35;1.1.1.157 gpr_status PROVISIONAL kegg.reaction R04748 metanetx.reaction MNXR100543 reactome R-ATH-77323;R-BTA-77323;R-CEL-77323;R-CFA-77323;R-DDI-77323;R-DRE-77323;R-GGA-77323;R-HSA-77323;R-MMU-77323;R-OSA-77323;R-RNO-77323;R-SSC-77323;R-TGU-77323;R-XTR-77323 rhea 31143;31144;31145;31146 sbo SBO:0000176 seed.reaction rxn03249	Energy metabolism / respiration	Energy metabolism / respiration	reaction name: hydrogenase	HIERARCHICAL_REACTION_NAME
HACD20i	3 hydroxyacyl CoA dehydrogenase  3 oxo  11Z  octadecenyl CoA	Internal metabolic		bigg.reaction HACD20i brenda 4.2.1.17 ec-code 4.2.1.17 gpr_status PROVISIONAL metanetx.reaction MNXR158014 sbo SBO:0000176	Energy metabolism / respiration	Energy metabolism / respiration	reaction name: hydrogenase	HIERARCHICAL_REACTION_NAME
HACD21i	3 hydroxyacyl CoA dehydrogenase  3 oxo  9Z  hexadecenyl CoA	Internal metabolic		bigg.reaction HACD21i brenda 4.2.1.17 ec-code 4.2.1.17 metanetx.reaction MNXR158015 sbo SBO:0000176	Energy metabolism / respiration	Energy metabolism / respiration	reaction name: hydrogenase	HIERARCHICAL_REACTION_NAME
HACD22i	3 hydroxyacyl CoA dehydrogenase  3 oxo  7Z  tetradecenyl CoA	Internal metabolic		bigg.reaction HACD22i brenda 4.2.1.17 ec-code 4.2.1.17 metanetx.reaction MNXR158016 sbo SBO:0000176	Energy metabolism / respiration	Energy metabolism / respiration	reaction name: hydrogenase	HIERARCHICAL_REACTION_NAME
HACD23i	3 hydroxyacyl CoA dehydrogenase  3 oxo  5Z  dodedecenyl CoA	Internal metabolic		bigg.reaction HACD23i brenda 4.2.1.17 ec-code 4.2.1.17 metanetx.reaction MNXR158017 sbo SBO:0000176	Energy metabolism / respiration	Energy metabolism / respiration	reaction name: hydrogenase	HIERARCHICAL_REACTION_NAME
HACD24i	3 hydroxyacyl CoA dehydrogenase  3 oxo  9Z  octadecenyl CoA	Internal metabolic		bigg.reaction HACD24i brenda 4.2.1.17 ec-code 4.2.1.17 metanetx.reaction MNXR158018 sbo SBO:0000176	Energy metabolism / respiration	Energy metabolism / respiration	reaction name: hydrogenase	HIERARCHICAL_REACTION_NAME
HACD25i	3 hydroxyacyl CoA dehydrogenase  3 oxo  7Z  hexadecenyl CoA	Internal metabolic		bigg.reaction HACD25i brenda 4.2.1.17 ec-code 4.2.1.17 metanetx.reaction MNXR158019 sbo SBO:0000176	Energy metabolism / respiration	Energy metabolism / respiration	reaction name: hydrogenase	HIERARCHICAL_REACTION_NAME
HACD26i	3 hydroxyacyl CoA dehydrogenase  3 oxo  5Z  tetradecenyl CoA	Internal metabolic		bigg.reaction HACD26i brenda 4.2.1.17 ec-code 4.2.1.17 metanetx.reaction MNXR158020 sbo SBO:0000176	Energy metabolism / respiration	Energy metabolism / respiration	reaction name: hydrogenase	HIERARCHICAL_REACTION_NAME
HACD27i	3 hydroxyacyl CoA dehydrogenase  3 oxo  6Z  octadecenyl CoA	Internal metabolic		bigg.reaction HACD27i brenda 4.2.1.17 ec-code 4.2.1.17 metanetx.reaction MNXR158021 sbo SBO:0000176	Energy metabolism / respiration	Energy metabolism / respiration	reaction name: hydrogenase	HIERARCHICAL_REACTION_NAME
HACD28i	3 hydroxyacyl CoA dehydrogenase  3 oxo  4Z  hexadecenyl CoA	Internal metabolic		bigg.reaction HACD28i brenda 4.2.1.17 ec-code 4.2.1.17 metanetx.reaction MNXR158022 sbo SBO:0000176	Energy metabolism / respiration	Energy metabolism / respiration	reaction name: hydrogenase	HIERARCHICAL_REACTION_NAME
HACD29i	3 hydroxyacyl CoA dehydrogenase  3 oxo  9Z 12Z  octadec dienyl CoA	Internal metabolic		bigg.reaction HACD29i brenda 4.2.1.17 ec-code 4.2.1.17 gpr_status PROVISIONAL metanetx.reaction MNXR158023 sbo SBO:0000176	Energy metabolism / respiration	Energy metabolism / respiration	reaction name: hydrogenase	HIERARCHICAL_REACTION_NAME
HACD2i	3-hydroxyacyl-CoA dehydrogenase (3-oxohexanoyl-CoA)	Internal metabolic		bigg.reaction HACD2i biocyc META:RXN-12570 brenda 1.1.1.211;1.1.1.35 ec-code 1.1.1.211;1.1.1.35 kegg.reaction R04748 metanetx.reaction MNXR100543 reactome R-ATH-77323;R-BTA-77323;R-CEL-77323;R-CFA-77323;R-DDI-77323;R-DRE-77323;R-GGA-77323;R-HSA-77323;R-MMU-77323;R-OSA-77323;R-RNO-77323;R-SSC-77323;R-TGU-77323;R-XTR-77323 rhea 31143;31144;31145;31146 sbo SBO:0000176 seed.reaction rxn03249	Energy metabolism / respiration	Energy metabolism / respiration	reaction name: hydrogenase	HIERARCHICAL_REACTION_NAME
HACD3	3-hydroxyacyl-CoA dehydrogenase (3-oxooctanoyl-CoA)	Internal metabolic		bigg.reaction HACD3 brenda 1.1.1.157;1.1.1.211;1.1.1.35 ec-code 1.1.1.211;1.1.1.35;1.1.1.157 gpr_status PROVISIONAL kegg.reaction R04745 metanetx.reaction MNXR100544 reactome R-ATH-77331;R-BTA-77331;R-CEL-77331;R-CFA-77331;R-DDI-77331;R-DRE-77331;R-GGA-77331;R-HSA-77331;R-MMU-77331;R-OSA-77331;R-RNO-77331;R-SSC-77331;R-TGU-77331;R-XTR-77331 rhea 31195;31196;31197;31198 sbo SBO:0000176 seed.reaction rxn03246	Energy metabolism / respiration	Energy metabolism / respiration	reaction name: hydrogenase	HIERARCHICAL_REACTION_NAME
HACD30i	3 hydroxyacyl CoA dehydrogenase  3 oxo  7Z 10Z  hexadec dienyl CoA	Internal metabolic		bigg.reaction HACD30i;HADH162_3H7Z10Z_m;HADH162_3H7Z10Z_x brenda 4.2.1.17 ec-code 4.2.1.17 gpr_status PROVISIONAL metanetx.reaction MNXR158024 sbo SBO:0000176	Energy metabolism / respiration	Energy metabolism / respiration	reaction name: hydrogenase	HIERARCHICAL_REACTION_NAME
HACD31i	3 hydroxyacyl CoA dehydrogenase  3 oxo  5Z 8Z  tetradec dienyl CoA	Internal metabolic		bigg.reaction HACD31i brenda 4.2.1.17 ec-code 4.2.1.17 gpr_status PROVISIONAL metanetx.reaction MNXR158025 sbo SBO:0000176	Energy metabolism / respiration	Energy metabolism / respiration	reaction name: hydrogenase	HIERARCHICAL_REACTION_NAME
HACD32i	3 hydroxyacyl CoA dehydrogenase  3 oxo  6Z  dodedecenyl CoA	Internal metabolic		bigg.reaction HACD32i brenda 4.2.1.17 ec-code 4.2.1.17 metanetx.reaction MNXR158026 sbo SBO:0000176	Energy metabolism / respiration	Energy metabolism / respiration	reaction name: hydrogenase	HIERARCHICAL_REACTION_NAME
HACD33i	3 hydroxyacyl CoA dehydrogenase  3 oxo  4Z  decenyl CoA	Internal metabolic		bigg.reaction HACD33i brenda 4.2.1.17 ec-code 4.2.1.17 metanetx.reaction MNXR158027 sbo SBO:0000176	Energy metabolism / respiration	Energy metabolism / respiration	reaction name: hydrogenase	HIERARCHICAL_REACTION_NAME
HACD3i	3-hydroxyacyl-CoA dehydrogenase (3-oxooctanoyl-CoA)	Internal metabolic		bigg.reaction HACD3i brenda 1.1.1.211;1.1.1.35 ec-code 1.1.1.211;1.1.1.35 kegg.reaction R04745 metanetx.reaction MNXR100544 reactome R-ATH-77331;R-BTA-77331;R-CEL-77331;R-CFA-77331;R-DDI-77331;R-DRE-77331;R-GGA-77331;R-HSA-77331;R-MMU-77331;R-OSA-77331;R-RNO-77331;R-SSC-77331;R-TGU-77331;R-XTR-77331 rhea 31195;31196;31197;31198 sbo SBO:0000176 seed.reaction rxn03246	Energy metabolism / respiration	Energy metabolism / respiration	reaction name: hydrogenase	HIERARCHICAL_REACTION_NAME
HACD4	3-hydroxyacyl-CoA dehydrogenase (3-oxodecanoyl-CoA)	Internal metabolic		bigg.reaction HACD4 biocyc META:RXN-12490 brenda 1.1.1.157;1.1.1.211;1.1.1.35 ec-code 1.1.1.211;1.1.1.35;1.1.1.157 gpr_status PROVISIONAL kegg.reaction R04743 metanetx.reaction MNXR100545 reactome R-ATH-77342;R-BTA-77342;R-CEL-77342;R-CFA-77342;R-DDI-77342;R-DRE-77342;R-GGA-77342;R-HSA-77342;R-MMU-77342;R-OSA-77342;R-RNO-77342;R-SSC-77342;R-TGU-77342;R-XTR-77342 rhea 31187;31188;31189;31190 sbo SBO:0000176 seed.reaction rxn03244	Energy metabolism / respiration	Energy metabolism / respiration	reaction name: hydrogenase	HIERARCHICAL_REACTION_NAME
HACD4i	3-hydroxyacyl-CoA dehydrogenase (3-oxodecanoyl-CoA)	Internal metabolic		bigg.reaction HACD4i biocyc META:RXN-12490 brenda 1.1.1.211;1.1.1.35 ec-code 1.1.1.211;1.1.1.35 kegg.reaction R04743 metanetx.reaction MNXR100545 reactome R-ATH-77342;R-BTA-77342;R-CEL-77342;R-CFA-77342;R-DDI-77342;R-DRE-77342;R-GGA-77342;R-HSA-77342;R-MMU-77342;R-OSA-77342;R-RNO-77342;R-SSC-77342;R-TGU-77342;R-XTR-77342 rhea 31187;31188;31189;31190 sbo SBO:0000176 seed.reaction rxn03244	Energy metabolism / respiration	Energy metabolism / respiration	reaction name: hydrogenase	HIERARCHICAL_REACTION_NAME
HACD5	3-hydroxyacyl-CoA dehydrogenase (3-oxododecanoyl-CoA)	Internal metabolic		bigg.reaction HACD5 brenda 1.1.1.157;1.1.1.211;1.1.1.35 ec-code 1.1.1.211;1.1.1.35;1.1.1.157 gpr_status PROVISIONAL kegg.reaction R04741 metanetx.reaction MNXR100546 reactome R-ATH-77254;R-BTA-77254;R-CEL-77254;R-CFA-77254;R-DDI-77254;R-DRE-77254;R-GGA-77254;R-HSA-77254;R-MMU-77254;R-OSA-77254;R-RNO-77254;R-SSC-77254;R-TGU-77254;R-XTR-77254 rhea 31179;31180;31181;31182 sbo SBO:0000176 seed.reaction rxn03242	Energy metabolism / respiration	Energy metabolism / respiration	reaction name: hydrogenase	HIERARCHICAL_REACTION_NAME
HACD5i	3-hydroxyacyl-CoA dehydrogenase (3-oxododecanoyl-CoA)	Internal metabolic		bigg.reaction HACD5i brenda 1.1.1.211;1.1.1.35 ec-code 1.1.1.211;1.1.1.35 kegg.reaction R04741 metanetx.reaction MNXR100546 reactome R-ATH-77254;R-BTA-77254;R-CEL-77254;R-CFA-77254;R-DDI-77254;R-DRE-77254;R-GGA-77254;R-HSA-77254;R-MMU-77254;R-OSA-77254;R-RNO-77254;R-SSC-77254;R-TGU-77254;R-XTR-77254 rhea 31179;31180;31181;31182 sbo SBO:0000176 seed.reaction rxn03242	Energy metabolism / respiration	Energy metabolism / respiration	reaction name: hydrogenase	HIERARCHICAL_REACTION_NAME
HACD6	3-hydroxyacyl-CoA dehydrogenase (3-oxotetradecanoyl-CoA)	Internal metabolic		bigg.reaction HACD6 biocyc META:RXN-12507 brenda 1.1.1.157;1.1.1.211;1.1.1.35 ec-code 1.1.1.211;1.1.1.35;1.1.1.157 gpr_status PROVISIONAL kegg.reaction R04739 metanetx.reaction MNXR100547 reactome R-BTA-77283;R-CEL-77283;R-CFA-77283;R-DME-77283;R-GGA-77283;R-HSA-77283;R-MMU-77283;R-RNO-77283;R-SSC-77283;R-TGU-77283;R-XTR-77283 rhea 31167;31168;31169;31170 sbo SBO:0000176 seed.reaction rxn06777	Energy metabolism / respiration	Energy metabolism / respiration	reaction name: hydrogenase	HIERARCHICAL_REACTION_NAME
HACD6i	3-hydroxyacyl-CoA dehydrogenase (3-oxotetradecanoyl-CoA)	Internal metabolic		bigg.reaction HACD6i biocyc META:RXN-12507 brenda 1.1.1.211;1.1.1.35 ec-code 1.1.1.211;1.1.1.35 kegg.reaction R04739 metanetx.reaction MNXR100547 reactome R-BTA-77283;R-CEL-77283;R-CFA-77283;R-DME-77283;R-GGA-77283;R-HSA-77283;R-MMU-77283;R-RNO-77283;R-SSC-77283;R-TGU-77283;R-XTR-77283 rhea 31167;31168;31169;31170 sbo SBO:0000176 seed.reaction rxn06777	Energy metabolism / respiration	Energy metabolism / respiration	reaction name: hydrogenase	HIERARCHICAL_REACTION_NAME
HACD7	3-hydroxyacyl-CoA dehydrogenase (3-oxohexadecanoyl-CoA)	Internal metabolic		bigg.reaction HACD7 biocyc META:RXN-14271 brenda 1.1.1.157;1.1.1.211;1.1.1.35 ec-code 1.1.1.211;1.1.1.35;1.1.1.157 gpr_status PROVISIONAL kegg.reaction R04737 metanetx.reaction MNXR100548 reactome R-BTA-77303;R-CEL-77303;R-CFA-77303;R-DME-77303;R-GGA-77303;R-HSA-77303;R-MMU-77303;R-RNO-77303;R-SSC-77303;R-TGU-77303;R-XTR-77303 rhea 31159;31160;31161;31162 sbo SBO:0000176 seed.reaction rxn03239	Energy metabolism / respiration	Energy metabolism / respiration	reaction name: hydrogenase	HIERARCHICAL_REACTION_NAME
HACD7i	3-hydroxyacyl-CoA dehydrogenase (3-oxohexadecanoyl-CoA)	Internal metabolic		bigg.reaction HACD7i biocyc META:RXN-14271 brenda 1.1.1.211;1.1.1.35 ec-code 1.1.1.211;1.1.1.35 kegg.reaction R04737 metanetx.reaction MNXR100548 reactome R-BTA-77303;R-CEL-77303;R-CFA-77303;R-DME-77303;R-GGA-77303;R-HSA-77303;R-MMU-77303;R-RNO-77303;R-SSC-77303;R-TGU-77303;R-XTR-77303 rhea 31159;31160;31161;31162 sbo SBO:0000176 seed.reaction rxn03239	Energy metabolism / respiration	Energy metabolism / respiration	reaction name: hydrogenase	HIERARCHICAL_REACTION_NAME
HACD8	3-hydroxyacyl-CoA dehydrogenase (3-oxooctadecanoyl-CoA), peroxisomal	Internal metabolic		bigg.reaction HACD8 brenda 1.1.1.157;1.1.1.35 ec-code 1.1.1.35;1.1.1.157 gpr_status PROVISIONAL metanetx.reaction MNXR100549 sbo SBO:0000176 seed.reaction rxn08700	Energy metabolism / respiration	Energy metabolism / respiration	reaction name: hydrogenase	HIERARCHICAL_REACTION_NAME
HACD8i	3-hydroxyacyl-CoA dehydrogenase (3-oxooctadecanoyl-CoA)	Internal metabolic		bigg.reaction HACD8i brenda 1.1.1.35 ec-code 1.1.1.35 metanetx.reaction MNXR100549 sbo SBO:0000176 seed.reaction rxn08700	Energy metabolism / respiration	Energy metabolism / respiration	reaction name: hydrogenase	HIERARCHICAL_REACTION_NAME
HACD9	3 hydroxyacyl CoA dehydrogenase  2 Methylacetoacetyl CoA	Internal metabolic		bigg.reaction HACD9 biocyc META:1.1.1.178-RXN brenda 1.1.1.178;1.1.1.35;1.1.1.36 ec-code 1.1.1.178;1.1.1.35;1.1.1.36 gpr_status PROVISIONAL kegg.reaction R04203 metanetx.reaction MNXR100550 rhea 13281;13282;13283;13284 sbo SBO:0000176 seed.reaction rxn02933	Energy metabolism / respiration	Energy metabolism / respiration	reaction name: hydrogenase	HIERARCHICAL_REACTION_NAME
HADPCOADH3	3-hydroxyadipyl-CoA dehydrogenase (NAD+)	Internal metabolic		bigg.reaction HADPCOADH3 biocyc META:RXN0-2044 brenda 1.1.1.157;1.1.1.35 ec-code 1.1.1.157;1.1.1.35 kegg.reaction R06941 metanetx.reaction MNXR100555 rhea 34851;34852;34853;34854 sbo SBO:0000176 seed.reaction rxn04750	Energy metabolism / respiration	Energy metabolism / respiration	reaction name: hydrogenase	HIERARCHICAL_REACTION_NAME
HAT40tex	S 3 Hydroxyacetylthio acid transport diffusion C40  extracellularperiplasm	Transport		bigg.reaction HAT40tex sbo SBO:0000185	Lipid metabolism	Lipid metabolism	transported substrate: hydroxyacetylthio	TRANSPORT_SUBSTRATE_CURATED_RULE
HAT40tpp	S 3 Hydroxyacetylthio acid transport diffusion C40   periplasm	Transport		bigg.reaction HAT40tpp sbo SBO:0000185	Lipid metabolism	Lipid metabolism	transported substrate: hydroxyacetylthio	TRANSPORT_SUBSTRATE_CURATED_RULE
HATBH	3 Hydroxy 4 Acetylthiobutanoyl CoA Hydrolase	Internal metabolic		bigg.reaction HATBH brenda 3.1.2.20 ec-code 3.1.2.20 gpr_status PROVISIONAL metanetx.reaction MNXR158066 sbo SBO:0000176	Cofactor and vitamin metabolism	Cofactor and vitamin metabolism	metabolite context: coenzyme	HIERARCHICAL_METABOLITE_CONTEXT
HBCE	3 hydroxyacyl CoA dehydratase  3 hydroxybutanoyl CoA	Internal metabolic		bigg.reaction HBCE brenda 4.2.1.17 ec-code 4.2.1.17 metanetx.reaction MNXR195715 sbo SBO:0000176	PHB / storage metabolism	PHB / storage metabolism	metabolite context: hydroxybutyryl-coa	HIERARCHICAL_METABOLITE_CONTEXT
HBCHLR	(3R)-3-Hydroxybutanoyl-CoA hydro-lyase	Internal metabolic		bigg.reaction HBCHLR brenda 2.2.1.6;4.2.1.55 ec-code 4.2.1.55;2.2.1.6 metanetx.reaction MNXR94890 sbo SBO:0000176	PHB / storage metabolism	PHB / storage metabolism	metabolite context: hydroxybutyryl-coa	HIERARCHICAL_METABOLITE_CONTEXT
HBCO_nadp	3-Hydroxybutanoyl-CoA:NADP+ oxidoreductase	Internal metabolic		bigg.reaction HBCO_nadp biocyc META:3-HYDROXYBUTYRYL-COA-DEHYDROGENASE-RXN brenda 1.1.1.157;1.1.1.35 ec-code 1.1.1.157;1.1.1.35 kegg.reaction R01976 metanetx.reaction MNXR100565 rhea 16197;16198;16199;16200 sbo SBO:0000176 seed.reaction rxn01452	PHB / storage metabolism	PHB / storage metabolism	database annotation: hydroxybutyryl-coa	HIERARCHICAL_DATABASE_ANNOTATION
HBRCH	R hydroxy acyl CoA thioesterase  C40	Internal metabolic		bigg.reaction HBRCH brenda 3.1.2.20 ec-code 3.1.2.20 gpr_status PROVISIONAL metanetx.reaction MNXR196765 sbo SBO:0000176	PHB / storage metabolism	PHB / storage metabolism	metabolite context: hydroxybutyryl-coa	HIERARCHICAL_METABOLITE_CONTEXT
HBZOPT	Hydroxybenzoate octaprenyltransferase	Internal metabolic		bigg.reaction HBZOPT biocyc META:4OHBENZOATE-OCTAPRENYLTRANSFER-RXN brenda 2.5.1.39 ec-code 2.5.1.39 kegg.reaction R05615 metanetx.reaction MNXR100566 rhea 27782;27783;27784;27785 sbo SBO:0000176 seed.reaction rxn03893	PHB / storage metabolism	PHB / storage metabolism	metabolite context: phb	HIERARCHICAL_METABOLITE_CONTEXT
HCO3E	HCO3 equilibration reaction	Internal metabolic		bigg.reaction HCO3E;HCO3E_1_cx;HCO3Ee;HCO3Ehi;HCO3Em;HCO3En biocyc META:CARBODEHYDRAT-RXN;META:RXN0-5224 brenda 4.2.1.1 ec-code 4.2.1.1 kegg.reaction R00132;R10092 metanetx.reaction MNXR100482 reactome R-ATH-1237045;R-ATH-1237047;R-ATH-1237059;R-ATH-1237081;R-ATH-1475017;R-ATH-1475022;R-ATH-1475025;R-ATH-1475026;R-ATH-1475028;R-ATH-1475032;R-ATH-1475435;R-ATH-1475436;R-BTA-1237045;R-BTA-1237047;R-BTA-1237059;R-BTA-1237081;R-BTA-1475017;R-BTA-1475022;R-BTA-1475025;R-BTA-1475026;R-BTA-1475028;R-BTA-1475032;R-BTA-1475435;R-BTA-1475436;R-CEL-1237045;R-CEL-1237047;R-CEL-1237059;R-CEL-1237081;R-CEL-1475017;R-CEL-1475025;R-CFA-1237045;R-CFA-1237047;R-CFA-1237059;R-CFA-1237081;R-CFA-1475017;R-CFA-1475022;R-CFA-1475025;R-CFA-1475026;R-CFA-1475028;R-CFA-1475032;R-CFA-1475435;R-CFA-1475436;R-DME-1237045;R-DME-1237047;R-DME-1237059;R-DME-1237081;R-DME-1475017;R-DME-1475022;R-DME-1475025;R-DME-1475026;R-DME-1475028;R-DME-1475032;R-DME-1475435;R-DME-1475436;R-DRE-1237045;R-DRE-1237047;R-DRE-1237059;R-DRE-1237081;R-DRE-1475017;R-DRE-1475022;R-DRE-1475025;R-DRE-1475026;R-DRE-1475028;R-DRE-1475032;R-DRE-1475435;R-DRE-1475436;R-GGA-1237047;R-GGA-1237059;R-GGA-1475017;R-GGA-1475022;R-GGA-1475025;R-GGA-1475026;R-GGA-1475028;R-GGA-1475032;R-GGA-1475435;R-GGA-1475436;R-HSA-1237045;R-HSA-1237047;R-HSA-1237059;R-HSA-1237081;R-HSA-1475017;R-HSA-1475022;R-HSA-1475025;R-HSA-1475026;R-HSA-1475028;R-HSA-1475032;R-HSA-1475435;R-HSA-1475436;R-MMU-1237045;R-MMU-1237047;R-MMU-1237059;R-MMU-1237081;R-MMU-1475017;R-MMU-1475022;R-MMU-1475025;R-MMU-1475026;R-MMU-1475028;R-MMU-1475032;R-MMU-1475435;R-MMU-1475436;R-OSA-1237045;R-OSA-1237047;R-OSA-1237059;R-OSA-1237081;R-OSA-1475017;R-OSA-1475022;R-OSA-1475025;R-OSA-1475026;R-OSA-1475028;R-OSA-1475032;R-OSA-1475435;R-OSA-1475436;R-RNO-1237045;R-RNO-1237047;R-RNO-1237059;R-RNO-1237081;R-RNO-1475017;R-RNO-1475022;R-RNO-1475025;R-RNO-1475026;R-RNO-1475028;R-RNO-1475032;R-RNO-1475435;R-RNO-1475436;R-SSC-1237045;R-SSC-1237047;R-SSC-1237059;R-SSC-1237081;R-SSC-1475017;R-SSC-1475022;R-SSC-1475025;R-SSC-1475026;R-SSC-1475028;R-SSC-1475032;R-SSC-1475435;R-SSC-1475436;R-TGU-1237045;R-TGU-1237047;R-TGU-1237059;R-TGU-1237081;R-TGU-1475017;R-TGU-1475022;R-TGU-1475025;R-TGU-1475026;R-TGU-1475028;R-TGU-1475032;R-TGU-1475435;R-TGU-1475436;R-XTR-1237045;R-XTR-1237047;R-XTR-1237059;R-XTR-1237081;R-XTR-1475017;R-XTR-1475022;R-XTR-1475025;R-XTR-1475026;R-XTR-1475028;R-XTR-1475032;R-XTR-1475435;R-XTR-1475436 rhea 10748;10749;10750;10751 sbo SBO:0000176 seed.reaction rxn00102;rxn26146;rxn27740;rxn27741;rxn30392;rxn37640	Inorganic ion metabolism	Inorganic ion metabolism	metabolite context: bicarbonate	HIERARCHICAL_METABOLITE_CONTEXT
HCYSMT	Homocysteine S-methyltransferase	Internal metabolic		bigg.reaction HCYSMT biocyc META:HOMOCYSTEINE-S-METHYLTRANSFERASE-RXN brenda 2.1.1.10 ec-code 2.1.1.-;2.1.1.10 kegg.reaction R00650 metanetx.reaction MNXR100577 rhea 21820;21821;21822;21823 sbo SBO:0000176 seed.reaction rxn00452	Amino acid metabolism	Amino acid metabolism	database annotation: cysteine	HIERARCHICAL_DATABASE_ANNOTATION
HCYSMT2	Homocysteine Methyltransferase	Internal metabolic		bigg.reaction HCYSMT2 biocyc META:MMUM-RXN brenda 2.1.1.10 ec-code 2.1.1.10 kegg.reaction R11063 metanetx.reaction MNXR100578 reactome R-BTA-5696838;R-CFA-5696838;R-DRE-5696838;R-GGA-5696838;R-HSA-5696838;R-MMU-5696838;R-RNO-5696838;R-SSC-5696838;R-TGU-5696838;R-XTR-5696838 rhea 26337;26338;26339;26340 sbo SBO:0000176 seed.reaction rxn08703	Amino acid metabolism	Amino acid metabolism	reaction name: cysteine	HIERARCHICAL_REACTION_NAME
HDCAtexi	Hexadecanoate transport via facilitated irreversible diffusion (extracellular to periplasm)	Transport		bigg.reaction HDCAtexi metanetx.reaction MNXR99101 rhea 45256;45257;45258;45259 sbo SBO:0000185 seed.reaction rxn08704;rxn09676;rxn09848	Lipid metabolism	Lipid metabolism	transported substrate: decanoate	TRANSPORT_SUBSTRATE_CURATED_RULE
HDCEAtexi	Hexadecenoate transport via facilitated irreversible diffusion (extracellular to periplasm)	Transport		bigg.reaction HDCEAtexi metanetx.reaction MNXR99102 sbo SBO:0000185	Lipid metabolism	Lipid metabolism	transported substrate: hexadecenoate	TRANSPORT_SUBSTRATE_CURATED_RULE
HDH	Histidinol dehydrogenase, cytosol	Internal metabolic		bigg.reaction HDH;HDHh;HISTD biocyc META:RXN-8001 brenda 1.1.1.23 ec-code 1.1.1.23 kegg.reaction R01158 metanetx.reaction MNXR100587 rhea 20641;20642;20643;20644 sbo SBO:0000176 seed.reaction rxn00859;rxn28381;rxn34001	Energy metabolism / respiration	Energy metabolism / respiration	reaction name: hydrogenase	HIERARCHICAL_REACTION_NAME
HEMEOS	Heme O synthase	Internal metabolic		bigg.reaction HEMEOS brenda 2.5.1.141 ec-code 2.5.1.-;2.5.1.141 kegg.reaction R07411 metanetx.reaction MNXR100596 reactome R-ATH-2995330;R-BTA-2995330;R-CEL-2995330;R-CFA-2995330;R-DDI-2995330;R-DME-2995330;R-DRE-2995330;R-GGA-2995330;R-HSA-2995330;R-MMU-2995330;R-OSA-2995330;R-PFA-2995330;R-RNO-2995330;R-SCE-2995330;R-SPO-2995330;R-SSC-2995330;R-TGU-2995330;R-XTR-2995330 rhea 28070;28071;28072;28073 sbo SBO:0000176	Cofactor and vitamin metabolism	Cofactor and vitamin metabolism	database annotation: heme	HIERARCHICAL_DATABASE_ANNOTATION
HEMEti	Heme transport via ABC system	Transport		bigg.reaction HEMEti ec-code 3.6.3.41 gpr_status PROVISIONAL metanetx.reaction MNXR100597 rhea 19261;19262;19263;19264 sbo SBO:0000185	Cofactor and vitamin metabolism	Cofactor and vitamin metabolism	database annotation: heme	TRANSPORT_SUBSTRATE_DATABASE_ANNOTATION
HETZK	Hydroxyethylthiazole kinase	Internal metabolic		bigg.reaction HETZK biocyc META:THIAZOLSYN3-RXN brenda 2.7.1.50 ec-code 2.7.1.50 kegg.reaction R04448 metanetx.reaction MNXR100611 rhea 24212;24213;24214;24215 sbo SBO:0000176 seed.reaction rxn03075;rxn31983	Cofactor and vitamin metabolism	Cofactor and vitamin metabolism	curated reaction-ID mapping	CURATED_ID_OVERRIDE
HEX1	Hexokinase (D-glucose:ATP)	Internal metabolic		bigg.reaction HEX1 biocyc META:GLUCOKIN-RXN brenda 2.7.1.1;2.7.1.2 ec-code 2.7.1.1;2.7.1.2 kegg.reaction R00299 metanetx.reaction MNXR100612 rhea 17825;17826;17827;17828 sbo SBO:0000176 seed.reaction rxn00216	Carbohydrate metabolism	Carbohydrate metabolism	reaction name: glucose	HIERARCHICAL_REACTION_NAME
HEX7	Hexokinase (D-fructose:ATP)	Internal metabolic		bigg.reaction HEX7 brenda 2.7.1.1;2.7.1.4 ec-code 2.7.1.1;2.7.1.4 kegg.reaction R00867 metanetx.reaction MNXR100614 sbo SBO:0000176	Carbohydrate metabolism	Carbohydrate metabolism	reaction name: fructose	HIERARCHICAL_REACTION_NAME
HEX7_1	Hexokinase (D-fructose:ATP)	Internal metabolic		bigg.reaction HEX7_1 sbo SBO:0000176	Carbohydrate metabolism	Carbohydrate metabolism	reaction name: fructose	HIERARCHICAL_REACTION_NAME
HEXt2rpp	Hexanoate transport via proton symport, reversible (periplasm)	Transport		bigg.reaction HEXt2rpp gpr_status PROVISIONAL metanetx.reaction MNXR100622 sbo SBO:0000185 seed.reaction rxn08714;rxn12596	Central carbon metabolism	Central carbon metabolism	transported substrate: hexanoate	TRANSPORT_SUBSTRATE_CURATED_RULE
HG2abcpp	Mercury (Hg+2) ABC transporter (periplasm)	Transport		bigg.reaction HG2abcpp metanetx.reaction MNXR100623 sbo SBO:0000185 seed.reaction rxn08715;rxn10343	Inorganic ion metabolism	Inorganic ion metabolism	transported substrate: mercury	TRANSPORT_SUBSTRATE_CURATED_RULE
HG2t3pp	Mercury (Hg+2) transport out via proton antiport (periplasm)	Transport		bigg.reaction HG2t3pp metanetx.reaction MNXR100624 sbo SBO:0000185 seed.reaction rxn08716	Inorganic ion metabolism	Inorganic ion metabolism	transported substrate: mercury	TRANSPORT_SUBSTRATE_CURATED_RULE
HG2tex	Mercury (Hg+2) transport via diffusion (extracellular to periplasm)	Transport		bigg.reaction HG2tex metanetx.reaction MNXR100625 rhea 32815;32816;32817;32818 sbo SBO:0000185 seed.reaction rxn05586;rxn08717	Inorganic ion metabolism	Inorganic ion metabolism	transported substrate: mercury	TRANSPORT_SUBSTRATE_CURATED_RULE
HGt	Mercury transport	Transport		bigg.reaction HGt metanetx.reaction MNXR100625 rhea 32815;32816;32817;32818 sbo SBO:0000185 seed.reaction rxn05586;rxn08717	Inorganic ion metabolism	Inorganic ion metabolism	transported substrate: mercury	TRANSPORT_SUBSTRATE_CURATED_RULE
HIBDkt	3-hydroxyisobutyrate dehydrogenase	Internal metabolic		bigg.reaction HIBDkt brenda 1.1.1.31;1.1.1.35 ec-code 1.1.1.35;1.1.1.31 gpr_status PROVISIONAL metanetx.reaction MNXR100633 sbo SBO:0000176	Energy metabolism / respiration	Energy metabolism / respiration	reaction name: hydrogenase	HIERARCHICAL_REACTION_NAME
HISDr	Histidase r	Internal metabolic		bigg.reaction HISDr biocyc META:HISTIDINE-AMMONIA-LYASE-RXN brenda 4.3.1.3 ec-code 4.3.1.3 kegg.reaction R01168 metanetx.reaction MNXR100639 reactome R-ATH-70899;R-BTA-70899;R-CEL-70899;R-CFA-70899;R-DDI-70899;R-DRE-70899;R-GGA-70899;R-HSA-70899;R-MMU-70899;R-OSA-70899;R-RNO-70899;R-SSC-70899;R-TGU-70899;R-XTR-70899 rhea 21232;21233;21234;21235 sbo SBO:0000176 seed.reaction rxn00867	Amino acid metabolism	Amino acid metabolism	database annotation: histidine	HIERARCHICAL_DATABASE_ANNOTATION
HISGLYabcpp	L Histidinylglycine  His Gly  transport via ABC system  periplasm	Transport		bigg.reaction HISGLYabcpp gpr_status PROVISIONAL sbo SBO:0000185	Amino acid metabolism	Amino acid metabolism	transported substrate: glycine	TRANSPORT_SUBSTRATE_CURATED_RULE
HISGLYtex	L Histidinylglycine transport via diffusion  extracellular to periplasm	Transport		bigg.reaction HISGLYtex sbo SBO:0000185	Amino acid metabolism	Amino acid metabolism	transported substrate: glycine	TRANSPORT_SUBSTRATE_CURATED_RULE
HISHISabcpp	L Histidinylhistidine  His His  transport via ABC system  periplasm	Transport		bigg.reaction HISHISabcpp gpr_status PROVISIONAL sbo SBO:0000185	Amino acid metabolism	Amino acid metabolism	transported substrate: histidine	TRANSPORT_SUBSTRATE_CURATED_RULE
HISHIStex	L Histidinylhistidine transport via diffusion  extracellular to periplasm	Transport		bigg.reaction HISHIStex sbo SBO:0000185	Amino acid metabolism	Amino acid metabolism	transported substrate: histidine	TRANSPORT_SUBSTRATE_CURATED_RULE
HISTD	Histidinol dehydrogenase	Internal metabolic		bigg.reaction HISTD;HDHh biocyc META:RXN-8001 brenda 1.1.1.23 ec-code 1.1.1.23 kegg.reaction R01158 metanetx.reaction MNXR100587 rhea 20641;20642;20643;20644 sbo SBO:0000176 seed.reaction rxn00859;rxn28381;rxn34001	Energy metabolism / respiration	Energy metabolism / respiration	reaction name: hydrogenase	HIERARCHICAL_REACTION_NAME
HISTP	Histidinol-phosphatase	Internal metabolic		bigg.reaction HISTP;HPh biocyc META:HISTIDPHOS-RXN brenda 3.1.3.15 ec-code 3.1.3.15 kegg.reaction R03013 metanetx.reaction MNXR100642 rhea 14465;14466;14467;14468 sbo SBO:0000176 seed.reaction rxn02160;rxn27927;rxn30698	Inorganic ion metabolism	Inorganic ion metabolism	metabolite context: phosphate	HIERARCHICAL_METABOLITE_CONTEXT
HISabc	L-histidine transport via ABC system	Transport		bigg.reaction HISabc biocyc META:ABC-14-RXN ec-code 3.6.3.21 metanetx.reaction MNXR100644 rhea 29891;29892;29893;29894 sbo SBO:0000185 seed.reaction rxn05164;rxn08718	Amino acid metabolism	Amino acid metabolism	transported substrate: histidine	TRANSPORT_SUBSTRATE_CURATED_RULE
HISabcpp	L-histidine transport via ABC system (periplasm)	Transport		bigg.reaction HISabcpp biocyc META:ABC-14-RXN ec-code 3.6.3.21 gpr_status PROVISIONAL metanetx.reaction MNXR100644 rhea 29891;29892;29893;29894 sbo SBO:0000185 seed.reaction rxn05164;rxn08718	Amino acid metabolism	Amino acid metabolism	transported substrate: histidine	TRANSPORT_SUBSTRATE_CURATED_RULE
HISt2r	L histidine reversible transport via proton symport	Transport		bigg.reaction HISt2r metanetx.reaction MNXR100645 rhea 37047;37048;37049;37050 sbo SBO:0000185 seed.reaction rxn05299;rxn08719;rxn09744;rxn11327	Amino acid metabolism	Amino acid metabolism	transported substrate: histidine	TRANSPORT_SUBSTRATE_CURATED_RULE
HIStex	L-histidine transport via diffusion (extracellular to periplasm)	Transport		bigg.reaction HIStex metanetx.reaction MNXR100649 sbo SBO:0000185 seed.reaction rxn08721;rxn10932	Amino acid metabolism	Amino acid metabolism	transported substrate: histidine	TRANSPORT_SUBSTRATE_CURATED_RULE
HIUH_c	Hydroxyisourate hydrolase	Internal metabolic		bigg.reaction HIUH_c;HIUH brenda 3.5.2.17 ec-code 3.5.2.17 gpr_status PROVISIONAL kegg.reaction R06601 metanetx.reaction MNXR100652 sbo SBO:0000176	Nucleotide metabolism	Nucleotide metabolism	reaction name: urate	HIERARCHICAL_REACTION_NAME
HMBS	Hydroxymethylbilane synthase	Internal metabolic		bigg.reaction HMBS;PPBNGD biocyc META:OHMETHYLBILANESYN-RXN brenda 2.5.1.61;4.3.1.8 ec-code 2.5.1.61;4.3.1.8 kegg.reaction R00084 metanetx.reaction MNXR100658 reactome R-ATH-189406;R-BTA-189406;R-CFA-189406;R-DDI-189406;R-DME-189406;R-DRE-189406;R-GGA-189406;R-GGA-421439;R-HSA-189406;R-MMU-189406;R-OSA-189406;R-PFA-189406;R-RNO-189406;R-SCE-189406;R-SPO-189406;R-SSC-189406;R-TGU-189406;R-XTR-189406 rhea 13185;13186;13187;13188 sbo SBO:0000176 seed.reaction rxn00060;rxn20490;rxn30032;rxn30743;rxn35409	Nitrogen metabolism	Nitrogen metabolism	metabolite context: ammonium	HIERARCHICAL_METABOLITE_CONTEXT
HMGL	Hydroxymethylglutaryl-CoA lyase	Internal metabolic		bigg.reaction HMGL brenda 4.1.3.4 ec-code 4.1.3.4 metanetx.reaction MNXR100662 sbo SBO:0000176	Central carbon metabolism	Central carbon metabolism	metabolite context: acetyl-coa	HIERARCHICAL_METABOLITE_CONTEXT
HMGL_2	HMGL_2	Internal metabolic		bigg.reaction HMGL_2 brenda 3.1.2.4 ec-code 3.1.2.4 gpr_status PROVISIONAL sbo SBO:0000176	Central carbon metabolism	Central carbon metabolism	metabolite context: acetyl-coa	HIERARCHICAL_METABOLITE_CONTEXT
HMPK1	Hydroxymethylpyrimidine kinase (ATP)	Internal metabolic		bigg.reaction HMPK1 brenda 2.7.1.49 ec-code 2.7.1.49 metanetx.reaction MNXR143164 sbo SBO:0000176 seed.reaction rxn02484	Nucleotide metabolism	Nucleotide metabolism	reaction name: pyrimidine	HIERARCHICAL_REACTION_NAME
HMPPtr	Hydroxymethl pyrimidine phosphate ABC transport	Transport		bigg.reaction HMPPtr sbo SBO:0000185	Nucleotide metabolism	Nucleotide metabolism	transported substrate: pyrimidine	TRANSPORT_SUBSTRATE_CURATED_RULE
HMR_0188	Long-Chain-Fatty-Acid Coenzyme A Ligase	Internal metabolic		bigg.reaction HMR_0188;FACOAL120p;HMR_2942 brenda 6.2.1.3 ec-code 6.2.1.3 metanetx.reaction MNXR191000 sbo SBO:0000176	Cofactor and vitamin metabolism	Cofactor and vitamin metabolism	reaction name: coenzyme	HIERARCHICAL_REACTION_NAME
HMR_0260	Palmitoyl Coenzyme A Hydrolase	Internal metabolic		bigg.reaction HMR_0260 brenda 3.1.2.20 ec-code 3.1.2.20 gpr_status PROVISIONAL metanetx.reaction MNXR158282 sbo SBO:0000176	Lipid metabolism	Lipid metabolism	reaction name: palmit	HIERARCHICAL_REACTION_NAME
HMR_6515	3-Mercaptopyruvate:Cyanide Sulfurtransferase	Internal metabolic		bigg.reaction HMR_6515 metanetx.reaction MNXR146789 sbo SBO:0000176 seed.reaction rxn02229	Central carbon metabolism	Central carbon metabolism	reaction name: pyruvate	HIERARCHICAL_REACTION_NAME
HMR_9610	Na+/succinate symporter	Transport		bigg.reaction HMR_9610 gpr_status PROVISIONAL sbo SBO:0000185	Central carbon metabolism	Central carbon metabolism	reaction name: succinate	TRANSPORT_SUBSTRATE_REACTION_NAME
HOMt2pp	L-homoserineserine efflux via proton symport	Transport		bigg.reaction HOMt2pp biocyc META:TRANS-RXN-242 metanetx.reaction MNXR100676 rhea 29003;29004;29005;29006 sbo SBO:0000185 seed.reaction rxn08722	Amino acid metabolism	Amino acid metabolism	transported substrate: serine	TRANSPORT_SUBSTRATE_CURATED_RULE
HOMtex	L-homoserine transport via diffusion (extracellular to periplasm)	Transport		bigg.reaction HOMtex metanetx.reaction MNXR100678 sbo SBO:0000185 seed.reaction rxn08723	Amino acid metabolism	Amino acid metabolism	transported substrate: serine	TRANSPORT_SUBSTRATE_CURATED_RULE
HPPK	2-amino-4-hydroxy-6-hydroxymethyldihydropteridine diphosphokinase	Internal metabolic		bigg.reaction HPPK brenda 2.7.6.3 ec-code 2.7.6.3 metanetx.reaction MNXR138523 sbo SBO:0000176	Inorganic ion metabolism	Inorganic ion metabolism	metabolite context: phosphate	HIERARCHICAL_METABOLITE_CONTEXT
HPROx	Trans-4-Hydroxy-L-proline:NAD+ 5-oxidoreductase Arginine and proline metabolism EC:1.5.1.2	Internal metabolic		bigg.reaction HPROx;HPROa;HPROxm ec-code 1.5.1.12;1.5.1.2 kegg.reaction R03291 metanetx.reaction MNXR100698 sbo SBO:0000176 seed.reaction rxn02356;rxn30397	Amino acid metabolism	Amino acid metabolism	reaction name: arginine	HIERARCHICAL_REACTION_NAME
HPYRP	3-phosphohydroxypyruvate phosphatase	Internal metabolic		bigg.reaction HPYRP biocyc META:RXN0-6562 metanetx.reaction MNXR123320 rhea 35543 sbo SBO:0000176 seed.reaction rxn26434	Central carbon metabolism	Central carbon metabolism	reaction name: pyruvate	HIERARCHICAL_REACTION_NAME
HPYRRx	Hydroxypyruvate reductase (NADH)	Internal metabolic		bigg.reaction HPYRRx;GLYCDH_1;HPYRRx_1 biocyc META:GLYCERATE-DEHYDROGENASE-RXN brenda 1.1.1.26;1.1.1.29;1.1.1.81 ec-code 1.1.1.26;1.1.1.29;1.1.1.81 kegg.reaction R01388 metanetx.reaction MNXR100325 rhea 17905;17906;17907;17908;81639 sbo SBO:0000176 seed.reaction rxn01011;rxn19849;rxn27900;rxn27943	Energy metabolism / respiration	Energy metabolism / respiration	database annotation: hydrogenase	HIERARCHICAL_DATABASE_ANNOTATION
HPYRRy	Hydroxypyruvate reductase (NADPH)	Internal metabolic		bigg.reaction HPYRRy biocyc META:RXN0-300 brenda 1.1.1.79;1.1.1.81 ec-code 1.1.1.-;1.1.1.79;1.1.1.81 kegg.reaction R01392 metanetx.reaction MNXR100336 rhea 18657;18658;18659;18660 sbo SBO:0000176 seed.reaction rxn01013;rxn32531;rxn38885	Central carbon metabolism	Central carbon metabolism	reaction name: pyruvate	HIERARCHICAL_REACTION_NAME
HSDy	Homoserine dehydrogenase (NADPH)	Internal metabolic		bigg.reaction HSDy;HSDH brenda 1.1.1.3 ec-code 1.1.1.3 kegg.reaction R01775 metanetx.reaction MNXR100734 rhea 15761;15762;15763;15764 sbo SBO:0000176 seed.reaction rxn01302;rxn27932	Energy metabolism / respiration	Energy metabolism / respiration	reaction name: hydrogenase	HIERARCHICAL_REACTION_NAME
HSERTA	Homoserine O trans acetylase	Internal metabolic		bigg.reaction HSERTA biocyc META:HOMOSERINE-O-ACETYLTRANSFERASE-RXN brenda 2.3.1.31;2.3.1.46 ec-code 2.3.1.31;2.3.1.46 gpr_status PROVISIONAL kegg.reaction R01776 metanetx.reaction MNXR100736 rhea 13701;13702;13703;13704 sbo SBO:0000176 seed.reaction rxn01303	Amino acid metabolism	Amino acid metabolism	database annotation: serine	HIERARCHICAL_DATABASE_ANNOTATION
HSK	Homoserine kinase	Internal metabolic		bigg.reaction HSK;HSK_1 biocyc META:HOMOSERKIN-RXN brenda 2.7.1.39 ec-code 2.7.1.39 kegg.reaction R01771 metanetx.reaction MNXR100737 rhea 13985;13986;13987;13988 sbo SBO:0000176 seed.reaction rxn01300;rxn19905;rxn38151;rxn38152;rxn38153	Amino acid metabolism	Amino acid metabolism	reaction name: serine	HIERARCHICAL_REACTION_NAME
HSTPT	Histidinol-phosphate transaminase	Internal metabolic		bigg.reaction HSTPT;AOOAh biocyc META:HISTAMINOTRANS-RXN brenda 2.6.1.9 ec-code 2.6.1.9 kegg.reaction R03243 metanetx.reaction MNXR95852 rhea 23744;23745;23746;23747 sbo SBO:0000176 seed.reaction rxn02320;rxn27926;rxn33284;rxn38148	Inorganic ion metabolism	Inorganic ion metabolism	reaction name: phosphate	HIERARCHICAL_REACTION_NAME
HSTPTr	Histidinol phosphate transaminase	Internal metabolic		bigg.reaction HSTPTr;AOOAh;HSTPT biocyc META:HISTAMINOTRANS-RXN brenda 2.6.1.9 ec-code 2.6.1.9 kegg.reaction R03243 metanetx.reaction MNXR95852 rhea 23744;23745;23746;23747 sbo SBO:0000176 seed.reaction rxn02320;rxn27926;rxn33284;rxn38148	Inorganic ion metabolism	Inorganic ion metabolism	reaction name: phosphate	HIERARCHICAL_REACTION_NAME
HVCD	3-hydroxyacyl-CoA dehydrogenase (3-hydroxyacyl-CoA dehydrogenase (3-oxovaleryl-CoA))	Internal metabolic		bigg.reaction HVCD brenda 1.1.1.157;4.2.1.17 ec-code 1.1.1.157;4.2.1.17 metanetx.reaction MNXR100745 sbo SBO:0000176	Energy metabolism / respiration	Energy metabolism / respiration	reaction name: hydrogenase	HIERARCHICAL_REACTION_NAME
HXAND	Hypoxanthine dehydrogenase	Internal metabolic		bigg.reaction HXAND biocyc META:RXN-7682 brenda 1.17.1.4 ec-code 1.17.1.4 gpr_status PROVISIONAL kegg.reaction R01768 metanetx.reaction MNXR100747 reactome R-GGA-421161 rhea 24670;24671;24672;24673 sbo SBO:0000176 seed.reaction rxn01297	Energy metabolism / respiration	Energy metabolism / respiration	reaction name: hydrogenase	HIERARCHICAL_REACTION_NAME
HXAtex	Hexanoate transport via diffusion (extracellular to periplasm)	Transport		bigg.reaction HXAtex metanetx.reaction MNXR100750 sbo SBO:0000185 seed.reaction rxn08732	Central carbon metabolism	Central carbon metabolism	transported substrate: hexanoate	TRANSPORT_SUBSTRATE_CURATED_RULE
HXCT	Acetyl-CoA:hexanoate-CoA transferase	Internal metabolic		bigg.reaction HXCT brenda 2.8.3.8 ec-code 2.8.3.8 gpr_status PROVISIONAL metanetx.reaction MNXR100751 sbo SBO:0000176	Central carbon metabolism	Central carbon metabolism	reaction name: acetyl-coa	HIERARCHICAL_REACTION_NAME
HXPRT	Hypoxanthine phosphoribosyltransferase (Hypoxanthine)	Internal metabolic		bigg.reaction HXPRT biocyc META:HYPOXANPRIBOSYLTRAN-RXN brenda 2.4.2.22;2.4.2.8 ec-code 2.4.2.8;2.4.2.22 kegg.reaction R01132 metanetx.reaction MNXR100752 rhea 17973;17974;17975;17976 sbo SBO:0000176 seed.reaction rxn00836	Nucleotide metabolism	Nucleotide metabolism	reaction name: xanthine	HIERARCHICAL_REACTION_NAME
HYXNtex	Hypoxanthine transport via diffusion (extracellular to periplasm)	Transport		bigg.reaction HYXNtex biocyc META:TRANS-RXN0-562;META:TRANS-RXN0-579 metanetx.reaction MNXR100749 sbo SBO:0000185 seed.reaction rxn08737;rxn08738;rxn10143	Nucleotide metabolism	Nucleotide metabolism	reaction name: xanthine	TRANSPORT_SUBSTRATE_REACTION_NAME
Htex	Proton transport via diffusion (extracellular to periplasm)	Transport		bigg.reaction Htex biocyc META:RXN-14452 metanetx.reaction MNXR100765 reactome R-ATH-170026;R-ATH-74723;R-BTA-170026;R-BTA-2534378;R-BTA-74723;R-CEL-170026;R-CEL-74723;R-CFA-170026;R-CFA-2534378;R-CFA-74723;R-DDI-74723;R-DME-170026;R-DME-74723;R-DRE-170026;R-DRE-2534378;R-DRE-74723;R-GGA-170026;R-GGA-2534378;R-GGA-74723;R-HSA-170026;R-HSA-2534378;R-HSA-74723;R-MMU-170026;R-MMU-2534378;R-MMU-74723;R-OSA-170026;R-PFA-74723;R-RNO-170026;R-RNO-2534378;R-RNO-74723;R-SCE-170026;R-SCE-74723;R-SPO-74723;R-SSC-170026;R-SSC-2534378;R-SSC-74723;R-TGU-170026;R-TGU-2534378;R-TGU-74723;R-XTR-170026;R-XTR-2534378;R-XTR-74723 rhea 34979;34980;34981;34982 sbo SBO:0000185 seed.reaction rxn08730;rxn11009	Energy metabolism / respiration	Energy metabolism / respiration	transported substrate: proton transport	TRANSPORT_SUBSTRATE_CURATED_RULE
ICDHx	Isocitrate dehydrogenase (NAD)	Internal metabolic		bigg.reaction ICDHx;ICDHxm brenda 1.1.1.286;1.1.1.41 ec-code 1.1.1.286;1.1.1.41 kegg.reaction R00709 metanetx.reaction MNXR100782 sbo SBO:0000176 seed.reaction rxn00505;rxn30141	Energy metabolism / respiration	Energy metabolism / respiration	reaction name: hydrogenase	HIERARCHICAL_REACTION_NAME
ICDHyr	Isocitrate dehydrogenase (NADP)	Internal metabolic		bigg.reaction ICDHyr brenda 1.1.1.41;1.1.1.42 ec-code 1.1.1.42;1.1.1.41 kegg.reaction R00267 metanetx.reaction MNXR100781 rhea 19629;19630;19631;19632 sbo SBO:0000176 seed.reaction rxn00198	Energy metabolism / respiration	Energy metabolism / respiration	reaction name: hydrogenase	HIERARCHICAL_REACTION_NAME
ICHORS	Isochorismate synthase	Internal metabolic		bigg.reaction ICHORS;ICHORS_h biocyc META:ISOCHORSYN-RXN brenda 5.4.4.2 ec-code 5.4.4.2 kegg.reaction R01717 metanetx.reaction MNXR100784 rhea 18985;18986;18987;18988 sbo SBO:0000176 seed.reaction rxn01258;rxn19940	Amino acid metabolism	Amino acid metabolism	reaction name: chorismate	HIERARCHICAL_REACTION_NAME
ICITt4pp	Citrate transport via sodium symport  periplasm	Transport		bigg.reaction ICITt4pp gpr_status PROVISIONAL sbo SBO:0000185	Central carbon metabolism	Central carbon metabolism	reaction name: citrate	TRANSPORT_SUBSTRATE_REACTION_NAME
ICITtex	Citrate transport via diffusion extracellular to periplasm	Transport		bigg.reaction ICITtex metanetx.reaction MNXR100788 sbo SBO:0000185 seed.reaction rxn12803	Central carbon metabolism	Central carbon metabolism	reaction name: citrate	TRANSPORT_SUBSTRATE_REACTION_NAME
ICITtupp	Isocitrate transport periplasm	Transport		bigg.reaction ICITtupp gpr_status PROVISIONAL metanetx.reaction MNXR100788 sbo SBO:0000185 seed.reaction rxn12803	Central carbon metabolism	Central carbon metabolism	reaction name: citrate	TRANSPORT_SUBSTRATE_REACTION_NAME
ICL	Isocitrate lyase	Internal metabolic		bigg.reaction ICL brenda 4.1.3.1 ec-code 4.1.3.1 kegg.reaction R00479 metanetx.reaction MNXR100789 rhea 13245;13246;13247;13248 sbo SBO:0000176 seed.reaction rxn00336	Central carbon metabolism	Central carbon metabolism	reaction name: citrate	HIERARCHICAL_REACTION_NAME
ID3ACALDt	Indoleacetaldehyde transport  extracellular	Transport		bigg.reaction ID3ACALDt metanetx.reaction MNXR100791 sbo SBO:0000185 seed.reaction rxn09742;rxn10831	Central carbon metabolism	Central carbon metabolism	transported substrate: acetaldehyde	TRANSPORT_SUBSTRATE_CURATED_RULE
ID6P	ID6P	Internal metabolic		bigg.reaction ID6P brenda 2.7.1.90 ec-code 2.7.1.90 gpr_status PROVISIONAL metanetx.reaction MNXR173116 sbo SBO:0000176	Inorganic ion metabolism	Inorganic ion metabolism	metabolite context: phosphate	HIERARCHICAL_METABOLITE_CONTEXT
IDPh_1	Inorganic diphosphatase	Internal metabolic		bigg.reaction IDPh_1;IDP_h;PPA;PPAer;PPAm;PPAn;r0009 biocyc META:INORGPYROPHOSPHAT-RXN brenda 3.6.1.1 ec-code 3.6.1.1 gpr_status PROVISIONAL kegg.reaction R00004 metanetx.reaction MNXR145285 rhea 24576 sbo SBO:0000176 seed.reaction rxn00001;rxn27946;rxn27947;rxn27948;rxn32487;rxn38157;rxn38158	Inorganic ion metabolism	Inorganic ion metabolism	metabolite context: phosphate	HIERARCHICAL_METABOLITE_CONTEXT
IG3PS	Imidazole-glycerol-3-phosphate synthase	Internal metabolic		bigg.reaction IG3PS biocyc META:GLUTAMIDOTRANS-RXN brenda 3.5.1.2;4.3.2.10 ec-code 2.4.2.-;4.1.3.-;3.5.1.2;4.3.2.10 kegg.reaction R04558 metanetx.reaction MNXR100811 rhea 24793;24794;24795;24796 sbo SBO:0000176 seed.reaction rxn03135	Inorganic ion metabolism	Inorganic ion metabolism	reaction name: phosphate	HIERARCHICAL_REACTION_NAME
IGPDH	Imidazoleglycerol-phosphate dehydratase	Internal metabolic		bigg.reaction IGPDH;IGPDh biocyc META:IMIDPHOSDEHYD-RXN brenda 4.2.1.19 ec-code 4.2.1.19 kegg.reaction R03457 metanetx.reaction MNXR100813 rhea 11040;11041;11042;11043 sbo SBO:0000176 seed.reaction rxn02473;rxn19924;rxn30708	Inorganic ion metabolism	Inorganic ion metabolism	reaction name: phosphate	HIERARCHICAL_REACTION_NAME
IGPS	Indole-3-glycerol-phosphate synthase	Internal metabolic		bigg.reaction IGPS biocyc META:IGPSYN-RXN brenda 4.1.1.48 ec-code 4.1.1.48 kegg.reaction R03508 metanetx.reaction MNXR100814 rhea 23476;23477;23478;23479 sbo SBO:0000176 seed.reaction rxn02507	Inorganic ion metabolism	Inorganic ion metabolism	reaction name: phosphate	HIERARCHICAL_REACTION_NAME
ILETA	Isoleucine transaminase	Internal metabolic		bigg.reaction ILETA biocyc META:BRANCHED-CHAINAMINOTRANSFERILEU-RXN brenda 2.6.1.42 ec-code 2.6.1.42 kegg.reaction R02199 metanetx.reaction MNXR96228 rhea 24801;24802;24803;24804 sbo SBO:0000176 seed.reaction rxn01575	Amino acid metabolism	Amino acid metabolism	reaction name: isoleucine	HIERARCHICAL_REACTION_NAME
ILETA2	Branched-chain-amino-acid transaminase	Internal metabolic		bigg.reaction ILETA2;BCTAh;ILETA;ILETAm brenda 2.6.1.42 ec-code 2.6.1.42 kegg.reaction R02199 metanetx.reaction MNXR198611 rhea 24801 sbo SBO:0000176	Amino acid metabolism	Amino acid metabolism	metabolite context: glutamate	HIERARCHICAL_METABOLITE_CONTEXT
ILEabc	L-isoleucine transport via ABC system	Transport		bigg.reaction ILEabc biocyc META:ABC-15-RXN metanetx.reaction MNXR100821 rhea 29819;29820;29821;29822 sbo SBO:0000185 seed.reaction rxn05179;rxn08745	Amino acid metabolism	Amino acid metabolism	transported substrate: isoleucine	TRANSPORT_SUBSTRATE_CURATED_RULE
ILEabcpp	L-isoleucine transport via ABC system (periplasm)	Transport		bigg.reaction ILEabcpp biocyc META:ABC-15-RXN gpr_status PROVISIONAL metanetx.reaction MNXR100821 rhea 29819;29820;29821;29822 sbo SBO:0000185 seed.reaction rxn05179;rxn08745	Amino acid metabolism	Amino acid metabolism	transported substrate: isoleucine	TRANSPORT_SUBSTRATE_CURATED_RULE
ILEtex	L-isoleucine transport via diffusion (extracellular to periplasm)	Transport		bigg.reaction ILEtex metanetx.reaction MNXR100824 sbo SBO:0000185 seed.reaction rxn08747;rxn10933;rxn13323	Amino acid metabolism	Amino acid metabolism	transported substrate: isoleucine	TRANSPORT_SUBSTRATE_CURATED_RULE
IMPC	IMP cyclohydrolase	Internal metabolic		bigg.reaction IMPC biocyc META:IMPCYCLOHYDROLASE-RXN brenda 2.1.2.3;3.5.4.10 ec-code 2.1.2.3;3.5.4.10 kegg.reaction R01127 metanetx.reaction MNXR100783 reactome R-ATH-73797;R-BTA-73797;R-CFA-73797;R-DDI-73797;R-DME-73797;R-DRE-73797;R-GGA-419253;R-GGA-73797;R-HSA-73797;R-MMU-73797;R-OSA-73797;R-RNO-73797;R-SCE-73797;R-SPO-73797;R-SSC-73797;R-TGU-73797;R-XTR-73797 rhea 18445;18446;18447;18448 sbo SBO:0000176 seed.reaction rxn00832	Nucleotide metabolism	Nucleotide metabolism	curated reaction-ID mapping	CURATED_ID_OVERRIDE
IMPD	IMP dehydrogenase	Internal metabolic		bigg.reaction IMPD biocyc META:IMP-DEHYDROG-RXN brenda 1.1.1.205 ec-code 1.1.1.205 kegg.reaction R01130 metanetx.reaction MNXR100830 reactome R-ATH-73794;R-BTA-73794;R-CFA-73794;R-DDI-73794;R-DME-73794;R-DRE-73794;R-GGA-421222;R-GGA-73794;R-HSA-73794;R-MMU-73794;R-OSA-73794;R-PFA-73794;R-RNO-73794;R-SCE-73794;R-SPO-73794;R-SSC-73794;R-TGU-73794;R-XTR-73794 rhea 11708;11709;11710;11711 sbo SBO:0000176 seed.reaction rxn00834	Energy metabolism / respiration	Energy metabolism / respiration	reaction name: hydrogenase	HIERARCHICAL_REACTION_NAME
IND3ACtex	Indole 3 acetate transport  exterior	Transport		bigg.reaction IND3ACtex curation_status TRANSPORT_REBUILD_PENDING sbo SBO:0000185	Central carbon metabolism	Central carbon metabolism	transported substrate: acetate	TRANSPORT_SUBSTRATE_CURATED_RULE
IND3ACtpp	Indole 3 acetic acid export  periplasm	Transport		bigg.reaction IND3ACtpp gpr_status PROVISIONAL sbo SBO:0000185	Central carbon metabolism	Central carbon metabolism	transported substrate: acetate	TRANSPORT_SUBSTRATE_CURATED_RULE
INDOLEt2pp	Indole transport via proton symport, irreversible (periplasm)	Transport		bigg.reaction INDOLEt2pp biocyc META:TRANS-RXN-142 gpr_status PROVISIONAL metanetx.reaction MNXR100835 rhea 29227;29228;29229;29230 sbo SBO:0000185 seed.reaction rxn08750;rxn10176	Other curated	Other curated	transport chemistry present but substrate class is outside the controlled categories	TRANSPORT_OTHER_CURATED
INDOLEtex	Indole transport via diffusion (extracellular to periplasm)	Transport		bigg.reaction INDOLEtex biocyc META:TRANS-RXN0-563 metanetx.reaction MNXR100836 sbo SBO:0000185 seed.reaction rxn08751	Other curated	Other curated	transport chemistry present but substrate class is outside the controlled categories	TRANSPORT_OTHER_CURATED
INOSTt4pp	Na+/myo-inositol symporter (periplasm)	Transport		bigg.reaction INOSTt4pp metanetx.reaction MNXR100840 sbo SBO:0000185 seed.reaction rxn08752	Carbohydrate metabolism	Carbohydrate metabolism	reaction name: inositol	TRANSPORT_SUBSTRATE_REACTION_NAME
INS2D	Inositol 2-dehydrogenase	Internal metabolic		bigg.reaction INS2D biocyc META:MYO-INOSITOL-2-DEHYDROGENASE-RXN brenda 1.1.1.18 ec-code 1.1.1.18 gpr_status PROVISIONAL kegg.reaction R01183 metanetx.reaction MNXR100842 rhea 16949;16950;16951;16952 sbo SBO:0000176 seed.reaction rxn00879	Energy metabolism / respiration	Energy metabolism / respiration	database annotation: hydrogenase	HIERARCHICAL_DATABASE_ANNOTATION
INSCR	Inositol catabolic reactions  lumped	Internal metabolic		bigg.reaction INSCR metanetx.reaction MNXR100843 sbo SBO:0000176 seed.reaction rxn05743	Carbohydrate metabolism	Carbohydrate metabolism	reaction name: inositol	HIERARCHICAL_REACTION_NAME
INSTabc	Inositol transport in via ABC transport	Transport		bigg.reaction INSTabc metanetx.reaction MNXR100846 sbo SBO:0000185	Carbohydrate metabolism	Carbohydrate metabolism	reaction name: inositol	TRANSPORT_SUBSTRATE_REACTION_NAME
INSTtex	Inositol transport via diffusion (extracellular to periplasm)	Transport		bigg.reaction INSTtex metanetx.reaction MNXR100848 rhea 32867;32868;32869;32870 sbo SBO:0000185 seed.reaction rxn08755	Carbohydrate metabolism	Carbohydrate metabolism	reaction name: inositol	TRANSPORT_SUBSTRATE_REACTION_NAME
INStex	Inosine transport via diffusion (extracellular to periplasm)	Transport		bigg.reaction INStex metanetx.reaction MNXR100849 sbo SBO:0000185 seed.reaction rxn08754	Nucleotide metabolism	Nucleotide metabolism	reaction name: inosine	TRANSPORT_SUBSTRATE_REACTION_NAME
IPDPS	1-hydroxy-2-methyl-2-(E)-butenyl 4-diphosphate reductase (ipdp)	Internal metabolic		bigg.reaction IPDPS brenda 1.17.1.2;1.17.7.4 ec-code 1.17.1.2;1.17.7.4 metanetx.reaction MNXR100874 sbo SBO:0000176 seed.reaction rxn08756	Inorganic ion metabolism	Inorganic ion metabolism	reaction name: phosphate	HIERARCHICAL_REACTION_NAME
IPMD	3-isopropylmalate dehydrogenase	Internal metabolic		bigg.reaction IPMD;IMPDH_h biocyc META:3-ISOPROPYLMALDEHYDROG-RXN brenda 1.1.1.85 ec-code 1.1.1.85 kegg.reaction R04426 metanetx.reaction MNXR100878 rhea 10892;10893;10894;10895 sbo SBO:0000176 seed.reaction rxn03062;rxn27542;rxn37956	Energy metabolism / respiration	Energy metabolism / respiration	reaction name: hydrogenase	HIERARCHICAL_REACTION_NAME
IPPMIa	3-isopropylmalate dehydratase	Internal metabolic		bigg.reaction IPPMIa biocyc META:RXN-8991 brenda 4.2.1.33 ec-code 4.2.1.33 kegg.reaction R04001 metanetx.reaction MNXR100827 rhea 10676;10677;10678;10679 sbo SBO:0000176 seed.reaction rxn02811	Central carbon metabolism	Central carbon metabolism	reaction name: malate	HIERARCHICAL_REACTION_NAME
IPPMIb	2-isopropylmalate hydratase	Internal metabolic		bigg.reaction IPPMIb biocyc META:3-ISOPROPYLMALISOM-RXN brenda 4.2.1.33 ec-code 4.2.1.33 kegg.reaction R03968 metanetx.reaction MNXR100826 rhea 16293;16294;16295;16296 sbo SBO:0000176 seed.reaction rxn02789	Central carbon metabolism	Central carbon metabolism	reaction name: malate	HIERARCHICAL_REACTION_NAME
IPPS	2-isopropylmalate synthase	Internal metabolic		bigg.reaction IPPS biocyc META:2-ISOPROPYLMALATESYN-RXN brenda 2.3.3.13 ec-code 2.3.3.13 kegg.reaction R01213 metanetx.reaction MNXR100879 rhea 21524;21525;21526;21527 sbo SBO:0000176 seed.reaction rxn00902	Central carbon metabolism	Central carbon metabolism	database annotation: malate	HIERARCHICAL_DATABASE_ANNOTATION
IVCS	Isovaleryl CoA synthetase	Internal metabolic		bigg.reaction IVCS metanetx.reaction MNXR195420 sbo SBO:0000176	Cofactor and vitamin metabolism	Cofactor and vitamin metabolism	metabolite context: coenzyme	HIERARCHICAL_METABOLITE_CONTEXT
IZPN	Imidazolonepropionase	Internal metabolic		bigg.reaction IZPN biocyc META:IMIDAZOLONEPROPIONASE-RXN brenda 3.5.2.7 ec-code 3.5.2.-;3.5.2.7 kegg.reaction R02288 metanetx.reaction MNXR100896 reactome R-BTA-70906;R-CEL-70906;R-CFA-70906;R-DDI-70906;R-DRE-70906;R-GGA-70906;R-HSA-70906;R-MMU-70906;R-RNO-70906;R-SSC-70906;R-TGU-70906;R-XTR-70906 rhea 23660;23661;23662;23663 sbo SBO:0000176 seed.reaction rxn01642	Amino acid metabolism	Amino acid metabolism	metabolite context: glutamate	HIERARCHICAL_METABOLITE_CONTEXT
KARA1	Ketol-acid reductoisomerase (2,3-dihydroxy-3-methylbutanoate)	Internal metabolic		bigg.reaction KARA1 biocyc META:ACETOLACTREDUCTOISOM-RXN brenda 1.1.1.383;1.1.1.86 ec-code 1.1.1.383;1.1.1.86 kegg.reaction R04439 metanetx.reaction MNXR97523 rhea 22068;22069;22070;22071 sbo SBO:0000176	Nucleotide metabolism	Nucleotide metabolism	metabolite context: nucleotide	HIERARCHICAL_METABOLITE_CONTEXT
KARA2	Ketol-acid reductoisomerase (2-Acetolactate)	Internal metabolic		bigg.reaction KARA2 biocyc META:ACETOOHBUTREDUCTOISOM-RXN brenda 1.1.1.86 ec-code 1.1.1.86 metanetx.reaction MNXR100902 rhea 13493;13494;13495;13496 sbo SBO:0000176	Nucleotide metabolism	Nucleotide metabolism	metabolite context: nucleotide	HIERARCHICAL_METABOLITE_CONTEXT
KAS13	B-ketoacyl synthetase (octadecanoate)	Internal metabolic		bigg.reaction KAS13 brenda 2.3.1.41 ec-code 2.3.1.41 metanetx.reaction MNXR100911 sbo SBO:0000176 seed.reaction rxn10029	Central carbon metabolism	Central carbon metabolism	metabolite context: acetyl-coa	HIERARCHICAL_METABOLITE_CONTEXT
KAS17	B-ketoacyl synthetase (n-C18:1)	Internal metabolic		bigg.reaction KAS17 brenda 1.1.1.36 ec-code 1.1.1.36 gpr_status PROVISIONAL metanetx.reaction MNXR100915 sbo SBO:0000176	Central carbon metabolism	Central carbon metabolism	metabolite context: acetyl-coa	HIERARCHICAL_METABOLITE_CONTEXT
KAS2	B-ketoacyl synthetase (n-C14:0)	Internal metabolic		bigg.reaction KAS2 brenda 2.3.1.41 ec-code 2.3.1.41 metanetx.reaction MNXR100917 sbo SBO:0000176	Central carbon metabolism	Central carbon metabolism	metabolite context: acetyl-coa	HIERARCHICAL_METABOLITE_CONTEXT
KAS7	B-ketoacyl synthetase (n-C16:1)	Internal metabolic		bigg.reaction KAS7 brenda 1.1.1.36 ec-code 1.1.1.36 gpr_status PROVISIONAL metanetx.reaction MNXR100923 sbo SBO:0000176	Central carbon metabolism	Central carbon metabolism	metabolite context: acetyl-coa	HIERARCHICAL_METABOLITE_CONTEXT
KAS8	B-ketoacyl synthetase (palmitate, n-C16:0)	Internal metabolic		bigg.reaction KAS8 brenda 2.3.1.41;2.3.1.85 ec-code 2.3.1.41;2.3.1.85 metanetx.reaction MNXR100924 reactome R-BTA-75872;R-CEL-75872;R-CFA-75872;R-DME-75872;R-DRE-75872;R-GGA-75872;R-HSA-75872;R-MMU-75872;R-RNO-75872;R-SCE-75872;R-SSC-75872;R-TGU-75872;R-XTR-75872 sbo SBO:0000176 seed.reaction rxn05291	Lipid metabolism	Lipid metabolism	reaction name: palmit	HIERARCHICAL_REACTION_NAME
KAT1	3-ketoacyl-CoA thiolase	Internal metabolic		bigg.reaction KAT1 biocyc META:ACETYL-COA-ACETYLTRANSFER-RXN brenda 2.3.1.16;2.3.1.9 ec-code 2.3.1.9;2.3.1.16 kegg.reaction R00238 metanetx.reaction MNXR95194 reactome R-ATH-73916;R-ATH-74181;R-BTA-73916;R-BTA-74181;R-BTA-8848215;R-CEL-73916;R-CEL-74181;R-CFA-73916;R-CFA-74181;R-CFA-8848215;R-DDI-73916;R-DDI-74181;R-DME-73916;R-DME-74181;R-DME-8848215;R-DRE-73916;R-DRE-74181;R-DRE-8848215;R-GGA-73916;R-GGA-74181;R-GGA-8848215;R-HSA-73916;R-HSA-74181;R-HSA-8848215;R-MMU-73916;R-MMU-74181;R-MMU-8848215;R-OSA-73916;R-OSA-74181;R-PFA-73916;R-PFA-74181;R-RNO-73916;R-RNO-74181;R-RNO-8848215;R-SCE-73916;R-SCE-74181;R-SCE-8848215;R-SPO-73916;R-SPO-74181;R-SSC-73916;R-SSC-74181;R-SSC-8848215;R-TGU-73916;R-TGU-74181;R-TGU-8848215;R-XTR-73916;R-XTR-74181;R-XTR-8848215 rhea 21036;21037;21038;21039 sbo SBO:0000176 seed.reaction rxn00178	Central carbon metabolism	Central carbon metabolism	database annotation: acetyl-coa	HIERARCHICAL_DATABASE_ANNOTATION
KAT10	Acetyl CoA C acyltransferase  3 oxoheptaryl CoA	Internal metabolic		bigg.reaction KAT10 brenda 2.3.1.16 ec-code 2.3.1.16 gpr_status PROVISIONAL metanetx.reaction MNXR159019 sbo SBO:0000176	Central carbon metabolism	Central carbon metabolism	metabolite context: acetyl-coa	HIERARCHICAL_METABOLITE_CONTEXT
KAT11	Acetyl CoA C acyltransferase  3 oxononaryl CoA	Internal metabolic		bigg.reaction KAT11 brenda 2.3.1.16 ec-code 2.3.1.16 gpr_status PROVISIONAL metanetx.reaction MNXR159023 sbo SBO:0000176	Central carbon metabolism	Central carbon metabolism	metabolite context: acetyl-coa	HIERARCHICAL_METABOLITE_CONTEXT
KAT12	Acetyl CoA C acyltransferase  3 oxophenyldecanoyl CoA	Internal metabolic		bigg.reaction KAT12 brenda 2.3.1.16 ec-code 2.3.1.16 gpr_status PROVISIONAL metanetx.reaction MNXR159024 sbo SBO:0000176	Central carbon metabolism	Central carbon metabolism	metabolite context: acetyl-coa	HIERARCHICAL_METABOLITE_CONTEXT
KAT13	Acetyl CoA C acyltransferase  3 oxophenylnonanoyl CoA	Internal metabolic		bigg.reaction KAT13 brenda 2.3.1.16 ec-code 2.3.1.16 gpr_status PROVISIONAL metanetx.reaction MNXR159030 sbo SBO:0000176	Central carbon metabolism	Central carbon metabolism	metabolite context: acetyl-coa	HIERARCHICAL_METABOLITE_CONTEXT
KAT14	Acetyl CoA C acyltransferase  3 oxophenyloctanoyl CoA	Internal metabolic		bigg.reaction KAT14 brenda 2.3.1.16 ec-code 2.3.1.16 gpr_status PROVISIONAL metanetx.reaction MNXR159031 sbo SBO:0000176	Central carbon metabolism	Central carbon metabolism	metabolite context: acetyl-coa	HIERARCHICAL_METABOLITE_CONTEXT
KAT15	Acetyl CoA C acyltransferase  3 oxophenylheptanoyl CoA	Internal metabolic		bigg.reaction KAT15 brenda 2.3.1.16 ec-code 2.3.1.16 gpr_status PROVISIONAL metanetx.reaction MNXR159038 sbo SBO:0000176	Central carbon metabolism	Central carbon metabolism	metabolite context: acetyl-coa	HIERARCHICAL_METABOLITE_CONTEXT
KAT16	Acetyl CoA C acyltransferase  3 oxophenylhexanoyl CoA	Internal metabolic		bigg.reaction KAT16 brenda 2.3.1.16 ec-code 2.3.1.16 gpr_status PROVISIONAL metanetx.reaction MNXR159039 sbo SBO:0000176	Central carbon metabolism	Central carbon metabolism	metabolite context: acetyl-coa	HIERARCHICAL_METABOLITE_CONTEXT
KAT17	Acetyl CoA C acyltransferase  3 oxophenylpentaoyl CoA	Internal metabolic		bigg.reaction KAT17 brenda 2.3.1.16 ec-code 2.3.1.16 gpr_status PROVISIONAL metanetx.reaction MNXR159047 sbo SBO:0000176	Central carbon metabolism	Central carbon metabolism	metabolite context: acetyl-coa	HIERARCHICAL_METABOLITE_CONTEXT
KAT18	Acetyl CoA C acyltransferase  3 oxophenylbutyryl CoA	Internal metabolic		bigg.reaction KAT18 brenda 2.3.1.16 ec-code 2.3.1.16 gpr_status PROVISIONAL metanetx.reaction MNXR159048 sbo SBO:0000176	Central carbon metabolism	Central carbon metabolism	metabolite context: acetyl-coa	HIERARCHICAL_METABOLITE_CONTEXT
KAT19	Acetyl CoA C acyltransferase  3 oxo 6 acetylthiohexanoyl CoA	Internal metabolic		bigg.reaction KAT19 brenda 2.3.1.16 ec-code 2.3.1.16 gpr_status PROVISIONAL metanetx.reaction MNXR159054 sbo SBO:0000176	Central carbon metabolism	Central carbon metabolism	metabolite context: acetyl-coa	HIERARCHICAL_METABOLITE_CONTEXT
KAT20	Acetyl CoA C acyltransferase  cis hexadec 9 enoyl CoA	Internal metabolic		bigg.reaction KAT20 brenda 2.3.1.16 ec-code 2.3.1.16 gpr_status PROVISIONAL metanetx.reaction MNXR159055 sbo SBO:0000176	Central carbon metabolism	Central carbon metabolism	metabolite context: acetyl-coa	HIERARCHICAL_METABOLITE_CONTEXT
KAT21	Acetyl CoA C acyltransferase  cis tetradec 7 enoyl CoA	Internal metabolic		bigg.reaction KAT21 brenda 2.3.1.16 ec-code 2.3.1.16 gpr_status PROVISIONAL metanetx.reaction MNXR159059 sbo SBO:0000176	Central carbon metabolism	Central carbon metabolism	metabolite context: acetyl-coa	HIERARCHICAL_METABOLITE_CONTEXT
KAT22	Acetyl CoA C acyltransferase  cis dodedec 5 enoyl CoA  C121d5	Internal metabolic		bigg.reaction KAT22 brenda 2.3.1.16 ec-code 2.3.1.16 gpr_status PROVISIONAL metanetx.reaction MNXR159060 sbo SBO:0000176	Central carbon metabolism	Central carbon metabolism	metabolite context: acetyl-coa	HIERARCHICAL_METABOLITE_CONTEXT
KAT23	Acetyl CoA C acyltransferase  cis dec 3 enoyl CoA  C101d3	Internal metabolic		bigg.reaction KAT23 brenda 2.3.1.16 ec-code 2.3.1.16 gpr_status PROVISIONAL metanetx.reaction MNXR159063 sbo SBO:0000176	Central carbon metabolism	Central carbon metabolism	metabolite context: acetyl-coa	HIERARCHICAL_METABOLITE_CONTEXT
KAT24	Acetyl CoA C acyltransferase  cis hexadec 7 enoyl CoA	Internal metabolic		bigg.reaction KAT24 brenda 2.3.1.16 ec-code 2.3.1.16 gpr_status PROVISIONAL metanetx.reaction MNXR159064 sbo SBO:0000176	Central carbon metabolism	Central carbon metabolism	metabolite context: acetyl-coa	HIERARCHICAL_METABOLITE_CONTEXT
KAT25	Acetyl CoA C acyltransferase  cis tetradec 5 enoyl CoA	Internal metabolic		bigg.reaction KAT25 brenda 2.3.1.16 ec-code 2.3.1.16 gpr_status PROVISIONAL metanetx.reaction MNXR159066 sbo SBO:0000176	Central carbon metabolism	Central carbon metabolism	metabolite context: acetyl-coa	HIERARCHICAL_METABOLITE_CONTEXT
KAT26	Acetyl CoA C acyltransferase  cis dodedec 3 enoyl CoA  C121d3	Internal metabolic		bigg.reaction KAT26 brenda 2.3.1.16 ec-code 2.3.1.16 gpr_status PROVISIONAL metanetx.reaction MNXR159067 sbo SBO:0000176	Central carbon metabolism	Central carbon metabolism	metabolite context: acetyl-coa	HIERARCHICAL_METABOLITE_CONTEXT
KAT27	Acetyl CoA C acyltransferase  cis hexadec 4 enoyl CoA	Internal metabolic		bigg.reaction KAT27 brenda 2.3.1.16 ec-code 2.3.1.16 gpr_status PROVISIONAL metanetx.reaction MNXR159068 sbo SBO:0000176	Central carbon metabolism	Central carbon metabolism	metabolite context: acetyl-coa	HIERARCHICAL_METABOLITE_CONTEXT
KAT28	Acetyl CoA C acyltransferase  cis tetradec 2 enoyl CoA	Internal metabolic		bigg.reaction KAT28 brenda 2.3.1.16 ec-code 2.3.1.16 gpr_status PROVISIONAL metanetx.reaction MNXR159069 sbo SBO:0000176	Central carbon metabolism	Central carbon metabolism	metabolite context: acetyl-coa	HIERARCHICAL_METABOLITE_CONTEXT
KAT29	Acetyl CoA C acyltransferase  cis cis hexadec 7 10 dienoyl CoA	Internal metabolic		bigg.reaction KAT29 brenda 2.3.1.16 ec-code 2.3.1.16 gpr_status PROVISIONAL metanetx.reaction MNXR159070 sbo SBO:0000176	Central carbon metabolism	Central carbon metabolism	metabolite context: acetyl-coa	HIERARCHICAL_METABOLITE_CONTEXT
KAT30	Acetyl CoA C acyltransferase  cis cis tetradec 5 8 dienoyl CoA	Internal metabolic		bigg.reaction KAT30 brenda 2.3.1.16 ec-code 2.3.1.16 gpr_status PROVISIONAL metanetx.reaction MNXR159071 sbo SBO:0000176	Central carbon metabolism	Central carbon metabolism	metabolite context: acetyl-coa	HIERARCHICAL_METABOLITE_CONTEXT
KAT31	Acetyl CoA C acyltransferase  cis cis dodedec 3 6 dienoyl CoA	Internal metabolic		bigg.reaction KAT31 brenda 2.3.1.16 ec-code 2.3.1.16 gpr_status PROVISIONAL metanetx.reaction MNXR159072 sbo SBO:0000176	Central carbon metabolism	Central carbon metabolism	metabolite context: acetyl-coa	HIERARCHICAL_METABOLITE_CONTEXT
KAT32	Acetyl CoA C acyltransferase  4 cis decenoyl CoA	Internal metabolic		bigg.reaction KAT32 brenda 2.3.1.16 ec-code 2.3.1.16 gpr_status PROVISIONAL metanetx.reaction MNXR159073 sbo SBO:0000176	Central carbon metabolism	Central carbon metabolism	metabolite context: acetyl-coa	HIERARCHICAL_METABOLITE_CONTEXT
KAT33	3 Oxopentanoyl CoA thiolase	Internal metabolic		bigg.reaction KAT33 brenda 2.3.1.16 ec-code 2.3.1.16 gpr_status PROVISIONAL metanetx.reaction MNXR159074 sbo SBO:0000176	Central carbon metabolism	Central carbon metabolism	metabolite context: acetyl-coa	HIERARCHICAL_METABOLITE_CONTEXT
Kt1	Potassium transport via uniport (facilitated diffusion)	Transport		bigg.reaction Kt1 biocyc META:TRANS-RXN-143;META:TRANS-RXN-185;META:TRANS-RXN-186;META:TRANS-RXN-187;META:TRANS-RXN-190 metanetx.reaction MNXR100950 reactome R-ATH-1296043;R-BTA-1013020;R-BTA-1296024;R-BTA-1296035;R-BTA-1296037;R-BTA-1296039;R-BTA-1296043;R-BTA-1296045;R-BTA-1296046;R-BTA-1296127;R-BTA-1296348;R-BTA-1299297;R-BTA-1299304;R-BTA-1299318;R-BTA-1299338;R-BTA-1299359;R-BTA-1369017;R-BTA-2534365;R-BTA-5577050;R-BTA-5577234;R-BTA-5577237;R-BTA-5578910;R-BTA-5678261;R-BTA-877187;R-CEL-1013020;R-CEL-1296035;R-CEL-1296039;R-CEL-1296045;R-CEL-1296046;R-CEL-1296348;R-CEL-1299297;R-CEL-1299318;R-CEL-1299338;R-CEL-1299359;R-CEL-5577234;R-CEL-5578910;R-CFA-1013020;R-CFA-1296024;R-CFA-1296035;R-CFA-1296037;R-CFA-1296039;R-CFA-1296043;R-CFA-1296045;R-CFA-1296046;R-CFA-1296127;R-CFA-1296348;R-CFA-1299297;R-CFA-1299304;R-CFA-1299318;R-CFA-1299338;R-CFA-1299359;R-CFA-1369017;R-CFA-2534365;R-CFA-5577050;R-CFA-5577234;R-CFA-5577237;R-CFA-5578910;R-CFA-5678261;R-CFA-877187;R-DME-1013020;R-DME-1296035;R-DME-1296039;R-DME-1296043;R-DME-1296045;R-DME-1296046;R-DME-1296127;R-DME-1296348;R-DME-1299318;R-DME-1299338;R-DME-1299359;R-DME-5577234;R-DME-5578910;R-DRE-1013020;R-DRE-1296024;R-DRE-1296035;R-DRE-1296037;R-DRE-1296039;R-DRE-1296043;R-DRE-1296045;R-DRE-1296046;R-DRE-1296127;R-DRE-1296348;R-DRE-1299304;R-DRE-1299318;R-DRE-1299338;R-DRE-1299359;R-DRE-1369017;R-DRE-5577050;R-DRE-5577234;R-DRE-5577237;R-DRE-5578910;R-DRE-5678261;R-DRE-877187;R-GGA-1013020;R-GGA-1296024;R-GGA-1296035;R-GGA-1296037;R-GGA-1296039;R-GGA-1296043;R-GGA-1296045;R-GGA-1296046;R-GGA-1296127;R-GGA-1296348;R-GGA-1299304;R-GGA-1299318;R-GGA-1299338;R-GGA-1299359;R-GGA-1369017;R-GGA-5577050;R-GGA-5577234;R-GGA-5577237;R-GGA-5578910;R-GGA-5678261;R-GGA-877187;R-HSA-1013020;R-HSA-1296024;R-HSA-1296035;R-HSA-1296037;R-HSA-1296039;R-HSA-1296043;R-HSA-1296045;R-HSA-1296046;R-HSA-1296127;R-HSA-1296348;R-HSA-1299297;R-HSA-1299304;R-HSA-1299318;R-HSA-1299338;R-HSA-1299359;R-HSA-1369017;R-HSA-2534365;R-HSA-5577050;R-HSA-5577234;R-HSA-5577237;R-HSA-5578910;R-HSA-5678261;R-HSA-5683209;R-HSA-877187;R-MMU-1013020;R-MMU-1296024;R-MMU-1296035;R-MMU-1296037;R-MMU-1296039;R-MMU-1296043;R-MMU-1296045;R-MMU-1296046;R-MMU-1296127;R-MMU-1296348;R-MMU-1299297;R-MMU-1299304;R-MMU-1299318;R-MMU-1299338;R-MMU-1299359;R-MMU-1369017;R-MMU-2534365;R-MMU-5577050;R-MMU-5577234;R-MMU-5577237;R-MMU-5578910;R-MMU-5678261;R-MMU-877187;R-OSA-1296043;R-RNO-1013020;R-RNO-1296024;R-RNO-1296035;R-RNO-1296037;R-RNO-1296039;R-RNO-1296043;R-RNO-1296045;R-RNO-1296046;R-RNO-1296127;R-RNO-1296348;R-RNO-1299297;R-RNO-1299304;R-RNO-1299318;R-RNO-1299338;R-RNO-1299359;R-RNO-1369017;R-RNO-2534365;R-RNO-5577050;R-RNO-5577234;R-RNO-5577237;R-RNO-5578910;R-RNO-5678261;R-RNO-877187;R-SSC-1013020;R-SSC-1296024;R-SSC-1296035;R-SSC-1296037;R-SSC-1296039;R-SSC-1296043;R-SSC-1296045;R-SSC-1296046;R-SSC-1296127;R-SSC-1296348;R-SSC-1299297;R-SSC-1299304;R-SSC-1299338;R-SSC-1299359;R-SSC-1369017;R-SSC-2534365;R-SSC-5577234;R-SSC-5577237;R-SSC-5578910;R-SSC-5678261;R-SSC-877187;R-TGU-1013020;R-TGU-1296024;R-TGU-1296037;R-TGU-1296039;R-TGU-1296043;R-TGU-1296045;R-TGU-1296046;R-TGU-1296127;R-TGU-1296348;R-TGU-1299304;R-TGU-1299338;R-TGU-1299359;R-TGU-1369017;R-TGU-5577050;R-TGU-5577234;R-TGU-5578910;R-TGU-5678261;R-XTR-1013020;R-XTR-1296035;R-XTR-1296037;R-XTR-1296039;R-XTR-1296043;R-XTR-1296045;R-XTR-1296046;R-XTR-1296127;R-XTR-1296348;R-XTR-1299304;R-XTR-1299318;R-XTR-1299338;R-XTR-1299359;R-XTR-1369017;R-XTR-5577050;R-XTR-5577234;R-XTR-5577237;R-XTR-5578910;R-XTR-5678261;R-XTR-877187 rhea 29463;29464;29465;29466 sbo SBO:0000185 seed.reaction rxn05206;rxn08771	Inorganic ion metabolism	Inorganic ion metabolism	transported substrate: potassium transport	TRANSPORT_SUBSTRATE_CURATED_RULE
Kt2pp	Potassium transport in via proton symport (periplasm)	Transport		bigg.reaction Kt2pp biocyc META:TRANS-RXN-3 curation_status TRANSPORT_REBUILD_PENDING metanetx.reaction MNXR100951 rhea 28490;28491;28492;28493 sbo SBO:0000185 seed.reaction rxn05595;rxn08769	Inorganic ion metabolism	Inorganic ion metabolism	transported substrate: potassium transport	TRANSPORT_SUBSTRATE_CURATED_RULE
Kt2r	Potassium reversible transport  via proton symport	Transport		bigg.reaction Kt2r biocyc META:TRANS-RXN-3 metanetx.reaction MNXR100951 rhea 28490;28491;28492;28493 sbo SBO:0000185 seed.reaction rxn05595;rxn08769	Inorganic ion metabolism	Inorganic ion metabolism	reaction name: potassium	TRANSPORT_SUBSTRATE_REACTION_NAME
Kt3pp	Potassium transport out via proton antiport (periplasm)	Transport		bigg.reaction Kt3pp biocyc META:TRANS-RXN-42 gpr_status PROVISIONAL metanetx.reaction MNXR100939 rhea 29467;29468;29469;29470 sbo SBO:0000185 seed.reaction rxn05596;rxn08770	Inorganic ion metabolism	Inorganic ion metabolism	transported substrate: potassium transport	TRANSPORT_SUBSTRATE_CURATED_RULE
Kt3r	Potassium transport out via proton antiport	Transport		bigg.reaction Kt3r biocyc META:TRANS-RXN-42 gpr_status PROVISIONAL metanetx.reaction MNXR100939 rhea 29467;29468;29469;29470 sbo SBO:0000185 seed.reaction rxn05596;rxn08770	Inorganic ion metabolism	Inorganic ion metabolism	transported substrate: potassium transport	TRANSPORT_SUBSTRATE_CURATED_RULE
Ktex	Potassium transport via diffusion (extracellular to periplasm)	Transport		bigg.reaction Ktex biocyc META:TRANS-RXN-143;META:TRANS-RXN-185;META:TRANS-RXN-186;META:TRANS-RXN-187;META:TRANS-RXN-190 metanetx.reaction MNXR100950 reactome R-ATH-1296043;R-BTA-1013020;R-BTA-1296024;R-BTA-1296035;R-BTA-1296037;R-BTA-1296039;R-BTA-1296043;R-BTA-1296045;R-BTA-1296046;R-BTA-1296127;R-BTA-1296348;R-BTA-1299297;R-BTA-1299304;R-BTA-1299318;R-BTA-1299338;R-BTA-1299359;R-BTA-1369017;R-BTA-2534365;R-BTA-5577050;R-BTA-5577234;R-BTA-5577237;R-BTA-5578910;R-BTA-5678261;R-BTA-877187;R-CEL-1013020;R-CEL-1296035;R-CEL-1296039;R-CEL-1296045;R-CEL-1296046;R-CEL-1296348;R-CEL-1299297;R-CEL-1299318;R-CEL-1299338;R-CEL-1299359;R-CEL-5577234;R-CEL-5578910;R-CFA-1013020;R-CFA-1296024;R-CFA-1296035;R-CFA-1296037;R-CFA-1296039;R-CFA-1296043;R-CFA-1296045;R-CFA-1296046;R-CFA-1296127;R-CFA-1296348;R-CFA-1299297;R-CFA-1299304;R-CFA-1299318;R-CFA-1299338;R-CFA-1299359;R-CFA-1369017;R-CFA-2534365;R-CFA-5577050;R-CFA-5577234;R-CFA-5577237;R-CFA-5578910;R-CFA-5678261;R-CFA-877187;R-DME-1013020;R-DME-1296035;R-DME-1296039;R-DME-1296043;R-DME-1296045;R-DME-1296046;R-DME-1296127;R-DME-1296348;R-DME-1299318;R-DME-1299338;R-DME-1299359;R-DME-5577234;R-DME-5578910;R-DRE-1013020;R-DRE-1296024;R-DRE-1296035;R-DRE-1296037;R-DRE-1296039;R-DRE-1296043;R-DRE-1296045;R-DRE-1296046;R-DRE-1296127;R-DRE-1296348;R-DRE-1299304;R-DRE-1299318;R-DRE-1299338;R-DRE-1299359;R-DRE-1369017;R-DRE-5577050;R-DRE-5577234;R-DRE-5577237;R-DRE-5578910;R-DRE-5678261;R-DRE-877187;R-GGA-1013020;R-GGA-1296024;R-GGA-1296035;R-GGA-1296037;R-GGA-1296039;R-GGA-1296043;R-GGA-1296045;R-GGA-1296046;R-GGA-1296127;R-GGA-1296348;R-GGA-1299304;R-GGA-1299318;R-GGA-1299338;R-GGA-1299359;R-GGA-1369017;R-GGA-5577050;R-GGA-5577234;R-GGA-5577237;R-GGA-5578910;R-GGA-5678261;R-GGA-877187;R-HSA-1013020;R-HSA-1296024;R-HSA-1296035;R-HSA-1296037;R-HSA-1296039;R-HSA-1296043;R-HSA-1296045;R-HSA-1296046;R-HSA-1296127;R-HSA-1296348;R-HSA-1299297;R-HSA-1299304;R-HSA-1299318;R-HSA-1299338;R-HSA-1299359;R-HSA-1369017;R-HSA-2534365;R-HSA-5577050;R-HSA-5577234;R-HSA-5577237;R-HSA-5578910;R-HSA-5678261;R-HSA-5683209;R-HSA-877187;R-MMU-1013020;R-MMU-1296024;R-MMU-1296035;R-MMU-1296037;R-MMU-1296039;R-MMU-1296043;R-MMU-1296045;R-MMU-1296046;R-MMU-1296127;R-MMU-1296348;R-MMU-1299297;R-MMU-1299304;R-MMU-1299318;R-MMU-1299338;R-MMU-1299359;R-MMU-1369017;R-MMU-2534365;R-MMU-5577050;R-MMU-5577234;R-MMU-5577237;R-MMU-5578910;R-MMU-5678261;R-MMU-877187;R-OSA-1296043;R-RNO-1013020;R-RNO-1296024;R-RNO-1296035;R-RNO-1296037;R-RNO-1296039;R-RNO-1296043;R-RNO-1296045;R-RNO-1296046;R-RNO-1296127;R-RNO-1296348;R-RNO-1299297;R-RNO-1299304;R-RNO-1299318;R-RNO-1299338;R-RNO-1299359;R-RNO-1369017;R-RNO-2534365;R-RNO-5577050;R-RNO-5577234;R-RNO-5577237;R-RNO-5578910;R-RNO-5678261;R-RNO-877187;R-SSC-1013020;R-SSC-1296024;R-SSC-1296035;R-SSC-1296037;R-SSC-1296039;R-SSC-1296043;R-SSC-1296045;R-SSC-1296046;R-SSC-1296127;R-SSC-1296348;R-SSC-1299297;R-SSC-1299304;R-SSC-1299338;R-SSC-1299359;R-SSC-1369017;R-SSC-2534365;R-SSC-5577234;R-SSC-5577237;R-SSC-5578910;R-SSC-5678261;R-SSC-877187;R-TGU-1013020;R-TGU-1296024;R-TGU-1296037;R-TGU-1296039;R-TGU-1296043;R-TGU-1296045;R-TGU-1296046;R-TGU-1296127;R-TGU-1296348;R-TGU-1299304;R-TGU-1299338;R-TGU-1299359;R-TGU-1369017;R-TGU-5577050;R-TGU-5577234;R-TGU-5578910;R-TGU-5678261;R-XTR-1013020;R-XTR-1296035;R-XTR-1296037;R-XTR-1296039;R-XTR-1296043;R-XTR-1296045;R-XTR-1296046;R-XTR-1296127;R-XTR-1296348;R-XTR-1299304;R-XTR-1299318;R-XTR-1299338;R-XTR-1299359;R-XTR-1369017;R-XTR-5577050;R-XTR-5577234;R-XTR-5577237;R-XTR-5578910;R-XTR-5678261;R-XTR-877187 rhea 29463;29464;29465;29466 sbo SBO:0000185 seed.reaction rxn05206;rxn08771	Inorganic ion metabolism	Inorganic ion metabolism	transported substrate: potassium transport	TRANSPORT_SUBSTRATE_CURATED_RULE
LALALGLUtex	L-alanyl-L-glutamate transport via diffusion (extracellular to periplasm)	Transport		bigg.reaction LALALGLUtex metanetx.reaction MNXR101005 rhea 35135;35136;35137;35138 sbo SBO:0000185	Amino acid metabolism	Amino acid metabolism	transported substrate: alanine	TRANSPORT_SUBSTRATE_CURATED_RULE
LALDO	D-Lactaldehyde NAD+ oxidoreductase (glutathione-formylating)	Internal metabolic		bigg.reaction LALDO brenda 1.1.1.284 ec-code 1.1.1.284 gpr_status PROVISIONAL kegg.reaction R03082 metanetx.reaction MNXR101009 sbo SBO:0000176 seed.reaction rxn02211	Energy metabolism / respiration	Energy metabolism / respiration	reaction name: glutathione	HIERARCHICAL_REACTION_NAME
LALGP	L-alanyl-gamma-L-glutamate peptidase	Internal metabolic		bigg.reaction LALGP biocyc META:RXN0-6981 brenda 3.4.11.1;3.4.11.10;3.4.11.2;3.4.13.18 ec-code 3.4.13.18;3.4.11.1;3.4.11.10;3.4.11.2 metanetx.reaction MNXR101011 rhea 29335;29336;29337;29338 sbo SBO:0000176 seed.reaction rxn08775	Amino acid metabolism	Amino acid metabolism	reaction name: glutamate	HIERARCHICAL_REACTION_NAME
LASP2OA	L-Aspartate 2-oxoglutarate aminotransferase	Internal metabolic		bigg.reaction LASP2OA brenda 2.6.1.9 ec-code 2.6.1.9 sbo SBO:0000176	Amino acid metabolism	Amino acid metabolism	reaction name: aspartate	HIERARCHICAL_REACTION_NAME
LCADi	Lactaldehyde dehydrogenase	Internal metabolic		bigg.reaction LCADi;LCADm biocyc META:LACTALDDEHYDROG-RXN brenda 1.2.1.22;1.2.1.3 ec-code 1.2.1.22;1.2.1.3 kegg.reaction R01446 metanetx.reaction MNXR101018 rhea 14277;14278;14279;14280 sbo SBO:0000176 seed.reaction rxn01053;rxn30087	Energy metabolism / respiration	Energy metabolism / respiration	reaction name: hydrogenase	HIERARCHICAL_REACTION_NAME
LCTStex	Lactose transport via diffusion (extracellular to periplasm)	Transport		bigg.reaction LCTStex metanetx.reaction MNXR101027 sbo SBO:0000185 seed.reaction rxn08780	Carbohydrate metabolism	Carbohydrate metabolism	reaction name: lactose	TRANSPORT_SUBSTRATE_REACTION_NAME
LDGUNPD	Linear diguanylate phosphodiesterase	Internal metabolic		bigg.reaction LDGUNPD biocyc META:RXN-24101 metanetx.reaction MNXR101036 sbo SBO:0000176	Nucleotide metabolism	Nucleotide metabolism	reaction name: guanyl	HIERARCHICAL_REACTION_NAME
LDH_D	D-lactate dehydrogenase	Internal metabolic		bigg.reaction LDH_D;LDHm biocyc META:DLACTDEHYDROGNAD-RXN brenda 1.1.1.28 ec-code 1.1.1.28 kegg.reaction R00704 metanetx.reaction MNXR101037 rhea 16369;16370;16371;16372 sbo SBO:0000176 seed.reaction rxn00500;rxn34235	Cofactor and vitamin metabolism	Cofactor and vitamin metabolism	database annotation: nad	HIERARCHICAL_DATABASE_ANNOTATION
LDH_D2	D-lactate dehydrogenase	Internal metabolic		bigg.reaction LDH_D2 brenda 1.1.99.14 ec-code 1.1.99.14 gpr_status PROVISIONAL metanetx.reaction MNXR101039 rhea 29079;29080;29081;29082 sbo SBO:0000176 seed.reaction rxn08783;rxn36711;rxn37594;rxn37598;rxn37677	Energy metabolism / respiration	Energy metabolism / respiration	reaction name: hydrogenase	HIERARCHICAL_REACTION_NAME
LDH_L	L-lactate dehydrogenase	Internal metabolic		bigg.reaction LDH_L;LDH_Lm;LLDHh;r0173 biocyc META:L-LACTATE-DEHYDROGENASE-RXN brenda 1.1.1.27 ec-code 1.1.1.27;1.1.-.- gpr_status PROVISIONAL kegg.reaction R00703 metanetx.reaction MNXR101040 reactome R-ATH-6807826;R-ATH-70510;R-ATH-71849;R-BTA-70510;R-BTA-71849;R-CEL-6807826;R-CEL-70510;R-CEL-71849;R-CFA-70510;R-CFA-71849;R-DME-6807826;R-DME-70510;R-DME-71849;R-DRE-6807826;R-DRE-70510;R-DRE-71849;R-GGA-372903;R-GGA-372910;R-GGA-6807826;R-GGA-70510;R-GGA-71849;R-HSA-6807826;R-HSA-70510;R-HSA-71849;R-MMU-6807826;R-MMU-70510;R-MMU-71849;R-OSA-6807826;R-OSA-70510;R-OSA-71849;R-PFA-6807826;R-PFA-70510;R-PFA-71849;R-RNO-70510;R-RNO-71849;R-SPO-6807826;R-SPO-70510;R-SPO-71849;R-SSC-6807826;R-SSC-70510;R-SSC-71849;R-TGU-6807826;R-TGU-70510;R-TGU-71849;R-XTR-6807826;R-XTR-70510;R-XTR-71849 rhea 23444;23445;23446;23447 sbo SBO:0000176 seed.reaction rxn00499;rxn34239;rxn34240	Energy metabolism / respiration	Energy metabolism / respiration	database annotation: hydrogenase	HIERARCHICAL_DATABASE_ANNOTATION
LEULEULAPc	Hydrolysis of Leucylleucine in the small intestine for cellular uptake	Internal metabolic		bigg.reaction LEULEULAPc brenda 3.4.11.1;3.4.11.10;3.4.11.2 ec-code 3.4.13.-;3.4.11.1;3.4.11.10;3.4.11.2 gpr_status PROVISIONAL metanetx.reaction MNXR101050 sbo SBO:0000176	Amino acid metabolism	Amino acid metabolism	reaction name: leucine	HIERARCHICAL_REACTION_NAME
LEULEUabcpp	L leucylleucine  leuleu  transport via ABC system  periplasm	Transport		bigg.reaction LEULEUabcpp gpr_status PROVISIONAL sbo SBO:0000185	Amino acid metabolism	Amino acid metabolism	transported substrate: leucine	TRANSPORT_SUBSTRATE_CURATED_RULE
LEULEUtex	Leucylleucine transport via diffusion  extracellular to periplasm	Transport		bigg.reaction LEULEUtex sbo SBO:0000185	Amino acid metabolism	Amino acid metabolism	transported substrate: leucine	TRANSPORT_SUBSTRATE_CURATED_RULE
LEUTA	Leucine transaminase	Internal metabolic		bigg.reaction LEUTA biocyc META:BRANCHED-CHAINAMINOTRANSFERLEU-RXN brenda 2.6.1.42;2.6.1.6;2.6.1.67 ec-code 2.6.1.42;2.6.1.6;2.6.1.67 kegg.reaction R01090 metanetx.reaction MNXR96229 rhea 18321;18322;18323;18324 sbo SBO:0000176 seed.reaction rxn00806	Amino acid metabolism	Amino acid metabolism	reaction name: leucine	HIERARCHICAL_REACTION_NAME
LEUabc	L-leucine transport via ABC system	Transport		bigg.reaction LEUabc biocyc META:ABC-35-RXN metanetx.reaction MNXR101054 rhea 29807;29808;29809;29810 sbo SBO:0000185 seed.reaction rxn05161;rxn08784	Amino acid metabolism	Amino acid metabolism	transported substrate: leucine	TRANSPORT_SUBSTRATE_CURATED_RULE
LEUabcpp	L-leucine transport via ABC system (periplasm)	Transport		bigg.reaction LEUabcpp biocyc META:ABC-35-RXN gpr_status PROVISIONAL metanetx.reaction MNXR101054 rhea 29807;29808;29809;29810 sbo SBO:0000185 seed.reaction rxn05161;rxn08784	Amino acid metabolism	Amino acid metabolism	transported substrate: leucine	TRANSPORT_SUBSTRATE_CURATED_RULE
LEUtex	L-leucine transport via diffusion (extracellular to periplasm)	Transport		bigg.reaction LEUtex biocyc META:RXN66-447 metanetx.reaction MNXR101057 sbo SBO:0000185 seed.reaction rxn08786;rxn11003	Amino acid metabolism	Amino acid metabolism	transported substrate: leucine	TRANSPORT_SUBSTRATE_CURATED_RULE
LGTHL	Lactoylglutathione lyase	Internal metabolic		bigg.reaction LGTHL;GLYOX_1;LGTHLc biocyc META:GLYOXI-RXN brenda 4.4.1.5 ec-code 4.4.1.5 kegg.reaction R02530 metanetx.reaction MNXR100355 reactome R-ATH-5694071;R-BTA-5694071;R-CFA-5694071;R-DDI-5694071;R-DME-5694071;R-DRE-5694071;R-GGA-5694071;R-HSA-5694071;R-MMU-5694071;R-OSA-5694071;R-PFA-5694071;R-RNO-5694071;R-SCE-5694071;R-SPO-5694071;R-SSC-5694071;R-TGU-5694071;R-XTR-5694071 rhea 19069;19070;19071;19072 sbo SBO:0000176 seed.reaction rxn01834;rxn33394;rxn38131;rxn38132	Energy metabolism / respiration	Energy metabolism / respiration	reaction name: glutathione	HIERARCHICAL_REACTION_NAME
LNLCtexi	Linoleic acid  n C182  transport periplasm	Transport		bigg.reaction LNLCtexi gpr_status PROVISIONAL sbo SBO:0000185	Lipid metabolism	Lipid metabolism	transported substrate: linoleic	TRANSPORT_SUBSTRATE_CURATED_RULE
LPLIPAL1A120pp	Lysophospholipase L1 (2-acylglycerophosphotidate, n-C12:0) (periplasm)	Internal metabolic		bigg.reaction LPLIPAL1A120pp ec-code 3.1.1.5 metanetx.reaction MNXR101141 sbo SBO:0000176	Lipid metabolism	Lipid metabolism	reaction name: lysophospholipase	HIERARCHICAL_REACTION_NAME
LPLIPAL1A141pp	Lysophospholipase L1 (2-acylglycerophosphotidate, n-C14:1) (periplasm)	Internal metabolic		bigg.reaction LPLIPAL1A141pp ec-code 3.1.1.5 metanetx.reaction MNXR101143 sbo SBO:0000176	Lipid metabolism	Lipid metabolism	reaction name: lysophospholipase	HIERARCHICAL_REACTION_NAME
LPLIPAL1A161pp	Lysophospholipase L1 (2-acylglycerophosphotidate, n-C16:1) (periplasm)	Internal metabolic		bigg.reaction LPLIPAL1A161pp metanetx.reaction MNXR101145 sbo SBO:0000176	Lipid metabolism	Lipid metabolism	reaction name: lysophospholipase	HIERARCHICAL_REACTION_NAME
LPLIPAL1E120pp	Lysophospholipase L1 (2-acylglycerophosphoethanolamine, n-C12:0) (periplasm)	Internal metabolic		bigg.reaction LPLIPAL1E120pp metanetx.reaction MNXR101148 sbo SBO:0000176	Lipid metabolism	Lipid metabolism	reaction name: lysophospholipase	HIERARCHICAL_REACTION_NAME
LPLIPAL1E141pp	Lysophospholipase L1 (2-acylglycerophosphoethanolamine, n-C14:1) (periplasm)	Internal metabolic		bigg.reaction LPLIPAL1E141pp metanetx.reaction MNXR101150 sbo SBO:0000176	Lipid metabolism	Lipid metabolism	reaction name: lysophospholipase	HIERARCHICAL_REACTION_NAME
LPLIPAL1E161pp	Lysophospholipase L1 (2-acylglycerophosphoethanolamine, n-C16:1) (periplasm)	Internal metabolic		bigg.reaction LPLIPAL1E161pp;LPEH1619Z_sn1_c metanetx.reaction MNXR101152 sbo SBO:0000176	Lipid metabolism	Lipid metabolism	reaction name: lysophospholipase	HIERARCHICAL_REACTION_NAME
LPLIPAL1G161pp	Lysophospholipase L1 (2-acylglycerophosphoglycerol, n-C16:1) (periplasm)	Internal metabolic		bigg.reaction LPLIPAL1G161pp metanetx.reaction MNXR101159 sbo SBO:0000176	Lipid metabolism	Lipid metabolism	reaction name: lysophospholipase	HIERARCHICAL_REACTION_NAME
LSERDHr	L-serine dehydrogenase	Internal metabolic		bigg.reaction LSERDHr biocyc META:RXN0-2201 brenda 1.1.1.276 ec-code 1.1.1.276 kegg.reaction R06126 metanetx.reaction MNXR101242 rhea 21596;21597;21598;21599 sbo SBO:0000176 seed.reaction rxn04137	Energy metabolism / respiration	Energy metabolism / respiration	reaction name: hydrogenase	HIERARCHICAL_REACTION_NAME
LTHRK	L threonine kinase	Internal metabolic		bigg.reaction LTHRK biocyc META:RXN-8626 brenda 2.7.1.177 ec-code 2.7.1.177 kegg.reaction R06531 metanetx.reaction MNXR101251 rhea 33707;33708;33709;33710 sbo SBO:0000176 seed.reaction rxn10609;rxn04386	Amino acid metabolism	Amino acid metabolism	reaction name: threonine	HIERARCHICAL_REACTION_NAME
LYSDC	Lysine decarboxylase	Internal metabolic		bigg.reaction LYSDC biocyc META:LYSDECARBOX-RXN brenda 4.1.1.18 ec-code 4.1.1.18;3.2.2.n1 gpr_status PROVISIONAL kegg.reaction R00462 metanetx.reaction MNXR101256 rhea 22352;22353;22354;22355 sbo SBO:0000176 seed.reaction rxn00322	Amino acid metabolism	Amino acid metabolism	reaction name: lysine	HIERARCHICAL_REACTION_NAME
LYSabc	L-lysine transport via ABC system	Transport		bigg.reaction LYSabc biocyc META:ABC-3-RXN ec-code 3.6.3.21 metanetx.reaction MNXR101265 rhea 29887;29888;29889;29890 sbo SBO:0000185 seed.reaction rxn05151;rxn08853	Amino acid metabolism	Amino acid metabolism	transported substrate: lysine	TRANSPORT_SUBSTRATE_CURATED_RULE
LYSabcpp	L-lysine transport via ABC system (periplasm)	Transport		bigg.reaction LYSabcpp biocyc META:ABC-3-RXN ec-code 3.6.3.21 gpr_status PROVISIONAL metanetx.reaction MNXR101265 rhea 29887;29888;29889;29890 sbo SBO:0000185 seed.reaction rxn05151;rxn08853	Amino acid metabolism	Amino acid metabolism	transported substrate: lysine	TRANSPORT_SUBSTRATE_CURATED_RULE
LYSt3pp	L-lysine transport out via proton antiport (cytoplasm to periplasm)	Transport		bigg.reaction LYSt3pp gpr_status PROVISIONAL metanetx.reaction MNXR101267 sbo SBO:0000185 seed.reaction rxn05305;rxn08855;rxn13343	Amino acid metabolism	Amino acid metabolism	transported substrate: lysine	TRANSPORT_SUBSTRATE_CURATED_RULE
LYSt3r	L lysine transport out via proton antiport reversible	Transport		bigg.reaction LYSt3r gpr_status PROVISIONAL metanetx.reaction MNXR101267 sbo SBO:0000185 seed.reaction rxn05305;rxn08855;rxn13343	Amino acid metabolism	Amino acid metabolism	transported substrate: lysine	TRANSPORT_SUBSTRATE_CURATED_RULE
LYSt5r	LYStiDF	Transport		bigg.reaction LYSt5r biocyc META:TRANS-RXN0-569 gpr_status PROVISIONAL metanetx.reaction MNXR101269 sbo SBO:0000185 seed.reaction rxn08856;rxn10834	Amino acid metabolism	Amino acid metabolism	transported substrate: lysine	TRANSPORT_SUBSTRATE_CURATED_RULE
LYStex	L-lysine transport via diffusion (extracellular to periplasm)	Transport		bigg.reaction LYStex biocyc META:TRANS-RXN0-569 metanetx.reaction MNXR101269 sbo SBO:0000185 seed.reaction rxn08856;rxn10834	Amino acid metabolism	Amino acid metabolism	transported substrate: lysine	TRANSPORT_SUBSTRATE_CURATED_RULE
L_LACD	L LACD	Internal metabolic		bigg.reaction L_LACD;L_LACDm metanetx.reaction MNXR101095 sbo SBO:0000176	Energy metabolism / respiration	Energy metabolism / respiration	metabolite context: cytochrome	HIERARCHICAL_METABOLITE_CONTEXT
L_LACD2	L-Lactate dehydrogenase (ubiquinone)	Internal metabolic		bigg.reaction L_LACD2 brenda 1.1.2.3 ec-code 1.1.2.3;1.1.-.- gpr_status PROVISIONAL metanetx.reaction MNXR101273 sbo SBO:0000176 seed.reaction rxn08792;rxn38847	Energy metabolism / respiration	Energy metabolism / respiration	reaction name: quinone	HIERARCHICAL_REACTION_NAME
L_LACD3	L-Lactate dehydrogenase (menaquinone)	Internal metabolic		bigg.reaction L_LACD3 brenda 1.1.2.3 ec-code 1.1.2.3;1.1.-.- gpr_status PROVISIONAL metanetx.reaction MNXR101275 sbo SBO:0000176 seed.reaction rxn08793	Energy metabolism / respiration	Energy metabolism / respiration	reaction name: quinone	HIERARCHICAL_REACTION_NAME
M1PD	Mannitol-1-phosphate 5-dehydrogenase	Internal metabolic		bigg.reaction M1PD biocyc META:MANNPDEHYDROG-RXN ec-code 1.1.1.17 kegg.reaction R02703 metanetx.reaction MNXR101311 rhea 19661;19662;19663;19664 sbo SBO:0000176	Energy metabolism / respiration	Energy metabolism / respiration	reaction name: hydrogenase	HIERARCHICAL_REACTION_NAME
MACCOAT	2-Methylacetyl-CoA thiolase	Internal metabolic		bigg.reaction MACCOAT biocyc META:METHYLACETOACETYLCOATHIOL-RXN brenda 2.3.1.16;2.3.1.9 ec-code 2.3.1.16;2.3.1.9 kegg.reaction R00927 metanetx.reaction MNXR95195 reactome R-ATH-70844;R-BTA-70844;R-CEL-70844;R-CFA-70844;R-DDI-70844;R-DME-70844;R-DRE-70844;R-GGA-70844;R-HSA-70844;R-MMU-70844;R-OSA-70844;R-PFA-70844;R-RNO-70844;R-SCE-70844;R-SPO-70844;R-SSC-70844;R-TGU-70844;R-XTR-70844 rhea 30719;30720;30721;30722 sbo SBO:0000176 seed.reaction rxn00676	Central carbon metabolism	Central carbon metabolism	reaction name: acetyl-coa	HIERARCHICAL_REACTION_NAME
MALDDH	Malate decarboxylating oxidoreductase (decarboxylating)	Internal metabolic		bigg.reaction MALDDH biocyc META:1.1.1.83-RXN brenda 1.1.1.83 ec-code 1.1.1.83 kegg.reaction R00215 metanetx.reaction MNXR101339 rhea 18365;18366;18367;18368 sbo SBO:0000176 seed.reaction rxn00160	Central carbon metabolism	Central carbon metabolism	reaction name: malate	HIERARCHICAL_REACTION_NAME
MALS	Malate synthase	Internal metabolic		bigg.reaction MALS biocyc META:MALSYN-RXN brenda 2.3.3.9 ec-code 2.3.3.9 kegg.reaction R00472 metanetx.reaction MNXR101347 rhea 18181;18182;18183;18184 sbo SBO:0000176 seed.reaction rxn00330	Central carbon metabolism	Central carbon metabolism	reaction name: malate	HIERARCHICAL_REACTION_NAME
MALT	Alpha glucosidase	Internal metabolic		bigg.reaction MALT biocyc META:RXN-15910 brenda 3.2.1.20 ec-code 3.2.1.20 kegg.reaction R00028 metanetx.reaction MNXR101350 sbo SBO:0000176 seed.reaction rxn00022	Carbohydrate metabolism	Carbohydrate metabolism	metabolite context: glucose	HIERARCHICAL_METABOLITE_CONTEXT
MALTHXabc	Maltohexaose transport via ABC system	Transport		bigg.reaction MALTHXabc metanetx.reaction MNXR101353 sbo SBO:0000185 seed.reaction rxn08869;rxn10174	Carbohydrate metabolism	Carbohydrate metabolism	transported substrate: maltohexaose	TRANSPORT_SUBSTRATE_CURATED_RULE
MALTHXabcpp	Maltohexaose transport via ABC system (periplasm)	Transport		bigg.reaction MALTHXabcpp gpr_status PROVISIONAL metanetx.reaction MNXR101353 sbo SBO:0000185 seed.reaction rxn08869;rxn10174	Carbohydrate metabolism	Carbohydrate metabolism	transported substrate: maltohexaose	TRANSPORT_SUBSTRATE_CURATED_RULE
MALTHXtexi	Maltohexaose transport via diffusion (extracellular to periplasm) irreversible	Transport		bigg.reaction MALTHXtexi curation_status TRANSPORT_REBUILD_PENDING metanetx.reaction MNXR101354 sbo SBO:0000185 seed.reaction rxn08870	Carbohydrate metabolism	Carbohydrate metabolism	transported substrate: maltohexaose	TRANSPORT_SUBSTRATE_CURATED_RULE
MALTTRabc	Maltotriose transport via ABC system	Transport		bigg.reaction MALTTRabc biocyc META:TRANS-RXN0-503 ec-code 3.6.3.- metanetx.reaction MNXR101358 sbo SBO:0000185 seed.reaction rxn05608;rxn08875	Other curated	Other curated	transport chemistry present but substrate class is outside the controlled categories	TRANSPORT_OTHER_CURATED
MALTabc	Maltose transport via ABC system	Transport		bigg.reaction MALTabc biocyc META:3.6.3.19-RXN;META:ABC-16-RXN ec-code 3.6.3.19 metanetx.reaction MNXR101362 rhea 22132;22133;22134;22135 sbo SBO:0000185 seed.reaction rxn05170;rxn08867	Carbohydrate metabolism	Carbohydrate metabolism	reaction name: maltose	TRANSPORT_SUBSTRATE_REACTION_NAME
MALTt2	Maltose transport in via proton symport	Transport		bigg.reaction MALTt2 biocyc META:TRANS-RXN-245 metanetx.reaction MNXR101365 sbo SBO:0000185 seed.reaction rxn09673	Carbohydrate metabolism	Carbohydrate metabolism	reaction name: maltose	TRANSPORT_SUBSTRATE_REACTION_NAME
MAL_D_Et	D-Malate transport (transport mechanism unknown - evidence from biolog data)	Transport		bigg.reaction MAL_D_Et sbo SBO:0000185	Central carbon metabolism	Central carbon metabolism	reaction name: malate	TRANSPORT_SUBSTRATE_REACTION_NAME
MALt2r	L malate reversible transport via proton symport	Transport		bigg.reaction MALt2r metanetx.reaction MNXR101372 sbo SBO:0000185 seed.reaction rxn05605	Central carbon metabolism	Central carbon metabolism	reaction name: malate	TRANSPORT_SUBSTRATE_REACTION_NAME
MALt3r	MALt3r	Transport		bigg.reaction MALt3r gpr_status PROVISIONAL sbo SBO:0000185	Other curated	Other curated	transport chemistry present but substrate class is outside the controlled categories	TRANSPORT_OTHER_CURATED
MALt4	Namalate symporter	Transport		bigg.reaction MALt4 gpr_status PROVISIONAL metanetx.reaction MNXR101368 sbo SBO:0000185 seed.reaction rxn05207	Central carbon metabolism	Central carbon metabolism	reaction name: malate	TRANSPORT_SUBSTRATE_REACTION_NAME
MALtex	Malate transport via diffusion (extracellular to periplasm)	Transport		bigg.reaction MALtex biocyc META:TRANS-RXN-224;META:TRANS-RXN-225 metanetx.reaction MNXR101367 sbo SBO:0000185 seed.reaction rxn08868;rxn10967	Central carbon metabolism	Central carbon metabolism	reaction name: malate	TRANSPORT_SUBSTRATE_REACTION_NAME
MAN1PT	Mannose 1 phosphate guanylyltransferase	Internal metabolic		bigg.reaction MAN1PT biocyc META:2.7.7.13-RXN brenda 2.7.7.13 ec-code 2.7.7.13 kegg.reaction R00885 metanetx.reaction MNXR101375 rhea 15229;15230;15231;15232 sbo SBO:0000176 seed.reaction rxn00641	Nucleotide metabolism	Nucleotide metabolism	reaction name: guanyl	HIERARCHICAL_REACTION_NAME
MAN1PT2	Mannose-1-phosphate guanylyltransferase (GDP)	Internal metabolic		bigg.reaction MAN1PT2 biocyc META:MANNPGUANYLTRANGDP-RXN brenda 2.7.7.13;2.7.7.22 ec-code 2.7.7.22;2.7.7.13 kegg.reaction R00883 metanetx.reaction MNXR101376 rhea 12905;12906;12907;12908 sbo SBO:0000176 seed.reaction rxn00640	Nucleotide metabolism	Nucleotide metabolism	database annotation: guanyl	HIERARCHICAL_DATABASE_ANNOTATION
MAN6PI	Mannose-6-phosphate isomerase	Internal metabolic		bigg.reaction MAN6PI biocyc META:MANNPISOM-RXN brenda 2.7.7.13;5.3.1.8 ec-code 5.3.1.8;2.7.7.13 kegg.reaction R01819 metanetx.reaction MNXR101382 sbo SBO:0000176	Inorganic ion metabolism	Inorganic ion metabolism	reaction name: phosphate	HIERARCHICAL_REACTION_NAME
MANAO	Mannonate oxidoreductase	Internal metabolic		bigg.reaction MANAO biocyc META:MANNONOXIDOREDUCT-RXN brenda 1.1.1.57 ec-code 1.1.1.57 gpr_status PROVISIONAL kegg.reaction R02454 metanetx.reaction MNXR101389 rhea 15729;15730;15731;15732 sbo SBO:0000176 seed.reaction rxn01775	Nucleotide metabolism	Nucleotide metabolism	metabolite context: nucleotide	HIERARCHICAL_METABOLITE_CONTEXT
MANtex	D-mannose transport via diffusion (extracellular to periplasm)	Transport		bigg.reaction MANtex gpr_status PROVISIONAL metanetx.reaction MNXR101402 sbo SBO:0000185 seed.reaction rxn08886;rxn12997	Carbohydrate metabolism	Carbohydrate metabolism	transported substrate: mannose	TRANSPORT_SUBSTRATE_CURATED_RULE
MBCOAi	3-Methylbutanoyl-CoA:(acceptor) 2,3-oxidoreductase	Internal metabolic		bigg.reaction MBCOAi biocyc META:RXN-14264 brenda 1.3.8.4;1.3.8.7;1.3.99.10 ec-code 1.3.8.4;1.3.8.7;1.3.99.10 kegg.reaction R04095 metanetx.reaction MNXR95318 reactome R-ATH-70745;R-BTA-70745;R-CEL-70745;R-CFA-70745;R-DDI-70745;R-DME-70745;R-DRE-70745;R-GGA-70745;R-HSA-70745;R-MMU-70745;R-OSA-70745;R-RNO-70745;R-SSC-70745;R-TGU-70745;R-XTR-70745 rhea 12276;12277;12278;12279;31063;31064;31065;31066 sbo SBO:0000176 seed.reaction rxn02866	Nucleotide metabolism	Nucleotide metabolism	metabolite context: nucleotide	HIERARCHICAL_METABOLITE_CONTEXT
MCCC	Methylcrotonoyl-CoA carboxylase	Internal metabolic		bigg.reaction MCCC biocyc META:METHYLCROTONYL-COA-CARBOXYLASE-RXN brenda 6.4.1.4 ec-code 6.4.1.4 gpr_status PROVISIONAL kegg.reaction R04138 metanetx.reaction MNXR101411 reactome R-ATH-508308;R-ATH-70773;R-BTA-508308;R-BTA-70773;R-CEL-508308;R-CEL-70773;R-CFA-508308;R-CFA-70773;R-DDI-508308;R-DDI-70773;R-DME-508308;R-DME-70773;R-DRE-508308;R-DRE-70773;R-GGA-508308;R-GGA-70773;R-HSA-508308;R-HSA-70773;R-MMU-508308;R-MMU-70773;R-OSA-508308;R-OSA-70773;R-RNO-508308;R-RNO-70773;R-SSC-508308;R-SSC-70773;R-TGU-508308;R-TGU-70773;R-XTR-508308;R-XTR-70773 sbo SBO:0000176 seed.reaction rxn02889	Inorganic ion metabolism	Inorganic ion metabolism	metabolite context: phosphate	HIERARCHICAL_METABOLITE_CONTEXT
MCD	Malonyl-CoA Decarboxylase cytoplasmic	Internal metabolic		bigg.reaction MCD biocyc META:MALONYL-COA-DECARBOXYLASE-RXN brenda 4.1.1.9 ec-code 4.1.1.9 gpr_status PROVISIONAL kegg.reaction R00233 metanetx.reaction MNXR101412 reactome R-ATH-977317;R-BTA-977317;R-CEL-977317;R-CFA-977317;R-DDI-977317;R-DRE-977317;R-GGA-977317;R-HSA-977317;R-MMU-977317;R-OSA-977317;R-RNO-977317;R-TGU-977317;R-XTR-977317 rhea 18781;18782;18783;18784 sbo SBO:0000176 seed.reaction rxn00174	Central carbon metabolism	Central carbon metabolism	metabolite context: acetyl-coa	HIERARCHICAL_METABOLITE_CONTEXT
MCITD	2-methylcitrate dehydratase	Internal metabolic		bigg.reaction MCITD biocyc META:2-METHYLCITRATE-DEHYDRATASE-RXN brenda 4.2.1.3;4.2.1.79 ec-code 4.2.1.79;4.2.1.3 kegg.reaction R04424 metanetx.reaction MNXR101413 rhea 17725;17726;17727;17728 sbo SBO:0000176 seed.reaction rxn03060	Central carbon metabolism	Central carbon metabolism	database annotation: citrate	HIERARCHICAL_DATABASE_ANNOTATION
MCITL2	Methylisocitrate lyase	Internal metabolic		bigg.reaction MCITL2 biocyc META:METHYLISOCITRATE-LYASE-RXN brenda 4.1.3.30 ec-code 4.1.3.30 kegg.reaction R00409 metanetx.reaction MNXR101415 rhea 16809;16810;16811;16812 sbo SBO:0000176 seed.reaction rxn00289	Central carbon metabolism	Central carbon metabolism	database annotation: citrate	HIERARCHICAL_DATABASE_ANNOTATION
MCITS	2-methylcitrate synthase	Internal metabolic		bigg.reaction MCITS biocyc META:2-METHYLCITRATE-SYNTHASE-RXN brenda 2.3.3.5 ec-code 2.3.3.5 kegg.reaction R00931 metanetx.reaction MNXR101417 rhea 23780;23781;23782;23783 sbo SBO:0000176 seed.reaction rxn00679	Central carbon metabolism	Central carbon metabolism	database annotation: citrate	HIERARCHICAL_DATABASE_ANNOTATION
MCOATA	Malonyl-CoA-ACP transacylase	Internal metabolic		bigg.reaction MCOATA biocyc META:MALONYL-COA-ACP-TRANSACYL-RXN brenda 2.3.1.39;2.3.1.85;2.3.1.86 ec-code 2.3.1.-;2.3.1.0;2.3.1.39;2.3.1.85;2.3.1.86 kegg.reaction R01626 metanetx.reaction MNXR101421 rhea 41795 sbo SBO:0000176 seed.reaction rxn05465	Lipid metabolism	Lipid metabolism	metabolite context: acyl carrier	HIERARCHICAL_METABOLITE_CONTEXT
MCSNAH	5-Methylcytosine aminohydrolase	Internal metabolic		bigg.reaction MCSNAH biocyc META:RXN-14197 brenda 3.5.4.1 ec-code 3.5.4.1 kegg.reaction R01411 metanetx.reaction MNXR101425 rhea 30759;30760;30761;30762 sbo SBO:0000176 seed.reaction rxn01025	Nucleotide metabolism	Nucleotide metabolism	metabolite context: thym	HIERARCHICAL_METABOLITE_CONTEXT
MCSNtex	Cytosine transport in via diffusion	Transport		bigg.reaction MCSNtex sbo SBO:0000185	Nucleotide metabolism	Nucleotide metabolism	transported substrate: cytosine	TRANSPORT_SUBSTRATE_CURATED_RULE
MCSNtpp	Cytosine transport in via proton symport  periplasm	Transport		bigg.reaction MCSNtpp sbo SBO:0000185	Nucleotide metabolism	Nucleotide metabolism	transported substrate: cytosine	TRANSPORT_SUBSTRATE_CURATED_RULE
MCTP1App	Murein crosslinking transpeptidase 1A:(A2pm->D-ala) (periplasm)	Internal metabolic		bigg.reaction MCTP1App brenda 2.4.99.28;3.4.16.4 ec-code 2.4.99.28;3.4.16.4 gpr_status PROVISIONAL metanetx.reaction MNXR101426 sbo SBO:0000176 seed.reaction rxn08887	Cell envelope / membrane biosynthesis	Cell envelope / membrane biosynthesis	reaction name: murein	HIERARCHICAL_REACTION_NAME
MCTP1Bpp	Murein crosslinking transpeptidase 1B:(A2pm->A2pm) (periplasm)	Internal metabolic		bigg.reaction MCTP1Bpp brenda 2.4.99.28;3.4.16.4 ec-code 2.4.99.28;3.4.16.4 gpr_status PROVISIONAL metanetx.reaction MNXR143204 sbo SBO:0000176 seed.reaction rxn08888	Cell envelope / membrane biosynthesis	Cell envelope / membrane biosynthesis	reaction name: murein	HIERARCHICAL_REACTION_NAME
MCTP2App	Murein crosslinking transpeptidase 1A:(A2pm->D-ala) (periplasm)	Internal metabolic		bigg.reaction MCTP2App brenda 2.4.99.28;3.4.16.4 ec-code 2.4.99.28;3.4.16.4 gpr_status PROVISIONAL metanetx.reaction MNXR143205 sbo SBO:0000176 seed.reaction rxn08889	Cell envelope / membrane biosynthesis	Cell envelope / membrane biosynthesis	reaction name: murein	HIERARCHICAL_REACTION_NAME
MDDCP1pp	Murein D,D-carboxypeptidase (murein5px4p) (periplasm)	Internal metabolic		bigg.reaction MDDCP1pp brenda 3.4.16.4;3.5.2.6 ec-code 3.4.16.4;3.5.2.6 metanetx.reaction MNXR143206 sbo SBO:0000176 seed.reaction rxn08890	Cell envelope / membrane biosynthesis	Cell envelope / membrane biosynthesis	reaction name: murein	HIERARCHICAL_REACTION_NAME
MDDCP2pp	Murein D,D-carboxypeptidase (murein5px4px4p) (periplasm)	Internal metabolic		bigg.reaction MDDCP2pp brenda 3.4.16.4;3.5.2.6 ec-code 3.4.16.4;3.5.2.6 metanetx.reaction MNXR143207 sbo SBO:0000176 seed.reaction rxn08891	Cell envelope / membrane biosynthesis	Cell envelope / membrane biosynthesis	reaction name: murein	HIERARCHICAL_REACTION_NAME
MDDCP3pp	Murein D,D-carboxypeptidase (murein5p5p) (periplasm)	Internal metabolic		bigg.reaction MDDCP3pp brenda 3.4.16.4;3.5.2.6 ec-code 3.4.16.4;3.5.2.6 metanetx.reaction MNXR101431 sbo SBO:0000176 seed.reaction rxn08892	Cell envelope / membrane biosynthesis	Cell envelope / membrane biosynthesis	reaction name: murein	HIERARCHICAL_REACTION_NAME
MDDCP4pp	Murein D,D-carboxypeptidase (murein5p4p) (periplasm)	Internal metabolic		bigg.reaction MDDCP4pp brenda 3.4.16.4;3.5.2.6 ec-code 3.4.16.4;3.5.2.6 metanetx.reaction MNXR143208 sbo SBO:0000176 seed.reaction rxn08893	Cell envelope / membrane biosynthesis	Cell envelope / membrane biosynthesis	reaction name: murein	HIERARCHICAL_REACTION_NAME
MDDCP5pp	Murein D,D-carboxypeptidase (murein5p3p) (periplasm)	Internal metabolic		bigg.reaction MDDCP5pp brenda 3.4.16.4;3.5.2.6 ec-code 3.4.16.4;3.5.2.6 metanetx.reaction MNXR143209 sbo SBO:0000176 seed.reaction rxn08894	Cell envelope / membrane biosynthesis	Cell envelope / membrane biosynthesis	reaction name: murein	HIERARCHICAL_REACTION_NAME
MDDEP1pp	Murein D,D-endopeptidase (murein4px4p) (periplasm)	Internal metabolic		bigg.reaction MDDEP1pp brenda 3.5.2.6 ec-code 3.5.2.6 gpr_status PROVISIONAL metanetx.reaction MNXR143210 sbo SBO:0000176 seed.reaction rxn08895	Cell envelope / membrane biosynthesis	Cell envelope / membrane biosynthesis	reaction name: murein	HIERARCHICAL_REACTION_NAME
MDDEP2pp	Murein D,D-endopeptidase (murein3px4p) (periplasm)	Internal metabolic		bigg.reaction MDDEP2pp brenda 3.5.2.6 ec-code 3.5.2.6 gpr_status PROVISIONAL metanetx.reaction MNXR101435 sbo SBO:0000176 seed.reaction rxn08896	Cell envelope / membrane biosynthesis	Cell envelope / membrane biosynthesis	reaction name: murein	HIERARCHICAL_REACTION_NAME
MDDEP3pp	Murein D,D-endopeptidase (murein5px4p) (periplasm)	Internal metabolic		bigg.reaction MDDEP3pp brenda 3.5.2.6 ec-code 3.5.2.6 gpr_status PROVISIONAL metanetx.reaction MNXR101436 sbo SBO:0000176 seed.reaction rxn08897	Cell envelope / membrane biosynthesis	Cell envelope / membrane biosynthesis	reaction name: murein	HIERARCHICAL_REACTION_NAME
MDDEP4pp	Murein D,D-endopeptidase (murein4px4px4p) (periplasm)	Internal metabolic		bigg.reaction MDDEP4pp brenda 3.5.2.6 ec-code 3.5.2.6 gpr_status PROVISIONAL metanetx.reaction MNXR143211 sbo SBO:0000176 seed.reaction rxn08898	Cell envelope / membrane biosynthesis	Cell envelope / membrane biosynthesis	reaction name: murein	HIERARCHICAL_REACTION_NAME
MDH	Malate dehydrogenase	Internal metabolic		bigg.reaction MDH;MDHf;MDHh;MDHi2;MDHm;MDHp biocyc META:MALATE-DEH-RXN brenda 1.1.1.299;1.1.1.37 ec-code 1.1.1.299;1.1.1.37 kegg.reaction R00342 metanetx.reaction MNXR101439 reactome R-ATH-70979;R-ATH-71783;R-BTA-198508;R-BTA-70979;R-BTA-71783;R-CEL-198508;R-CEL-70979;R-CEL-71783;R-CFA-198508;R-CFA-70979;R-CFA-71783;R-DDI-198508;R-DME-198508;R-DME-70979;R-DME-71783;R-DRE-198508;R-DRE-70979;R-DRE-71783;R-GGA-198508;R-GGA-372422;R-GGA-372855;R-GGA-373047;R-GGA-70979;R-GGA-71783;R-HSA-198508;R-HSA-70979;R-HSA-71783;R-MMU-198508;R-MMU-70979;R-MMU-71783;R-OSA-70979;R-OSA-71783;R-RNO-198508;R-RNO-70979;R-RNO-71783;R-SCE-70979;R-SCE-71783;R-SPO-70979;R-SPO-71783;R-SSC-198508;R-SSC-70979;R-SSC-71783;R-TGU-198508;R-TGU-70979;R-TGU-71783;R-XTR-198508;R-XTR-70979;R-XTR-71783 rhea 21432;21433;21434;21435 sbo SBO:0000176 seed.reaction rxn00248;rxn20068;rxn23652;rxn27976;rxn34245	Central carbon metabolism	Central carbon metabolism	database annotation: malate	HIERARCHICAL_DATABASE_ANNOTATION
MDRPD	5-Methylthio-5-deoxy-D-ribulose 1-phosphate dehydratase	Internal metabolic		bigg.reaction MDRPD biocyc META:R145-RXN brenda 3.1.3.77;4.2.1.109 ec-code 4.2.1.109;3.1.3.77 kegg.reaction R07392 metanetx.reaction MNXR125830 reactome R-HSA-1237140;R-SCE-1237121 rhea 15549;15550;15551;15552 sbo SBO:0000176 seed.reaction rxn05104	Inorganic ion metabolism	Inorganic ion metabolism	reaction name: phosphate	HIERARCHICAL_REACTION_NAME
ME1	Malic enzyme (NAD)	Internal metabolic		bigg.reaction ME1;ME1m biocyc META:1.1.1.39-RXN;META:RXN-19748 brenda 1.1.1.38;1.1.1.39;4.1.1.101 ec-code 1.1.1.38;1.1.1.39;4.1.1.101 gpr_status PROVISIONAL kegg.reaction R00214 metanetx.reaction MNXR101446 rhea 12653;12654;12655;12656 sbo SBO:0000176 seed.reaction rxn00159;rxn27459;rxn31389;rxn37872	Cofactor and vitamin metabolism	Cofactor and vitamin metabolism	reaction name: nad	HIERARCHICAL_REACTION_NAME
ME2	Malic enzyme (NADP)	Internal metabolic		bigg.reaction ME2;MDHC_nadp_hr;ME2m;ME_x biocyc META:MALIC-NADP-RXN brenda 1.1.1.40;4.1.1.101 ec-code 1.1.1.40;4.1.1.101 kegg.reaction R00216 metanetx.reaction MNXR101443 rhea 18253;18254;18255;18256 sbo SBO:0000176 seed.reaction rxn00161;rxn27982;rxn27983	Cofactor and vitamin metabolism	Cofactor and vitamin metabolism	database annotation: nad	HIERARCHICAL_DATABASE_ANNOTATION
MECDPS	2-C-methyl-D-erythritol 2,4-cyclodiphosphate synthase	Internal metabolic		bigg.reaction MECDPS biocyc META:RXN0-302 brenda 4.6.1.12 ec-code 4.6.1.12 kegg.reaction R05637 metanetx.reaction MNXR101424 rhea 23864;23865;23866;23867 sbo SBO:0000176 seed.reaction rxn03910	Inorganic ion metabolism	Inorganic ion metabolism	reaction name: phosphate	HIERARCHICAL_REACTION_NAME
MELIB_Et	Melibiose transport (transport mechanism unknown - evidence from biolog data)	Transport		bigg.reaction MELIB_Et sbo SBO:0000185	Carbohydrate metabolism	Carbohydrate metabolism	transported substrate: melibiose	TRANSPORT_SUBSTRATE_CURATED_RULE
MELIBtex	Melibiose transport via diffusion (extracellular to periplasm)	Transport		bigg.reaction MELIBtex metanetx.reaction MNXR138589 sbo SBO:0000185	Carbohydrate metabolism	Carbohydrate metabolism	transported substrate: melibiose	TRANSPORT_SUBSTRATE_CURATED_RULE
MEOHtex	Methanol transport via diffusion (extracellular to periplasm)	Transport		bigg.reaction MEOHtex biocyc META:TRANS-RXN0-459 metanetx.reaction MNXR101464 rhea 34871;34872;34873;34874 sbo SBO:0000185 seed.reaction rxn10570	Central carbon metabolism	Central carbon metabolism	transported substrate: ethanol	TRANSPORT_SUBSTRATE_CURATED_RULE
MEOHtrpp	Methanol reversible transport via diffusion (periplasm)	Transport		bigg.reaction MEOHtrpp biocyc META:TRANS-RXN0-459 metanetx.reaction MNXR101464 rhea 34871;34872;34873;34874 sbo SBO:0000185 seed.reaction rxn10570	Central carbon metabolism	Central carbon metabolism	transported substrate: ethanol	TRANSPORT_SUBSTRATE_CURATED_RULE
MEPCT	2-C-methyl-D-erythritol 4-phosphate cytidylyltransferase	Internal metabolic		bigg.reaction MEPCT biocyc META:2.7.7.60-RXN brenda 2.7.7.60 ec-code 2.7.7.60 kegg.reaction R05633 metanetx.reaction MNXR96807 rhea 13429;13430;13431;13432 sbo SBO:0000176 seed.reaction rxn03907	Nucleotide metabolism	Nucleotide metabolism	reaction name: cytid	HIERARCHICAL_REACTION_NAME
MEPCT_1	2-C-methyl-D-erythritol 4-phosphate cytidylyltransferase	Internal metabolic		bigg.reaction MEPCT_1;CMS_h;MEPCT biocyc META:2.7.7.60-RXN brenda 2.7.7.60 ec-code 2.7.7.60 kegg.reaction R05633 metanetx.reaction MNXR153215 rhea 13429 sbo SBO:0000176	Nucleotide metabolism	Nucleotide metabolism	reaction name: cytid	HIERARCHICAL_REACTION_NAME
METAT	Methionine adenosyltransferase	Internal metabolic		bigg.reaction METAT biocyc META:S-ADENMETSYN-RXN brenda 2.5.1.6 ec-code 2.5.1.6 kegg.reaction R00177 metanetx.reaction MNXR101407 reactome R-ATH-174391;R-ATH-5603114;R-BTA-174391;R-BTA-5603114;R-CEL-174391;R-CFA-174391;R-CFA-5603114;R-DDI-174391;R-DDI-5603114;R-DME-174391;R-DRE-174391;R-DRE-5603114;R-GGA-174391;R-HSA-174391;R-HSA-5603114;R-MMU-174391;R-MMU-5603114;R-OSA-174391;R-OSA-5603114;R-PFA-174391;R-RNO-174391;R-RNO-5603114;R-SCE-174391;R-SPO-174391;R-SSC-174391;R-SSC-5603114;R-TGU-174391;R-XTR-174391;R-XTR-5603114 rhea 21080;21081;21082;21083 sbo SBO:0000176 seed.reaction rxn00126	Amino acid metabolism	Amino acid metabolism	reaction name: methionine	HIERARCHICAL_REACTION_NAME
METDabc	D-methionine transport via ABC system	Transport		bigg.reaction METDabc biocyc META:TRANS-RXN0-202 gpr_status PROVISIONAL metanetx.reaction MNXR101472 rhea 29767;29768;29769;29770 sbo SBO:0000185 seed.reaction rxn05183;rxn08910	Amino acid metabolism	Amino acid metabolism	transported substrate: methionine	TRANSPORT_SUBSTRATE_CURATED_RULE
METDabcpp	D-methionine transport via ABC system (periplasm)	Transport		bigg.reaction METDabcpp biocyc META:TRANS-RXN0-202 gpr_status PROVISIONAL metanetx.reaction MNXR101472 rhea 29767;29768;29769;29770 sbo SBO:0000185 seed.reaction rxn05183;rxn08910	Amino acid metabolism	Amino acid metabolism	transported substrate: methionine	TRANSPORT_SUBSTRATE_CURATED_RULE
METDtex	D-methionine transport via diffusion (extracellular to periplasm)	Transport		bigg.reaction METDtex metanetx.reaction MNXR101473 rhea 34911;34912;34913;34914 sbo SBO:0000185 seed.reaction rxn08911	Amino acid metabolism	Amino acid metabolism	transported substrate: methionine	TRANSPORT_SUBSTRATE_CURATED_RULE
METOX1s	Methionine oxidation (spontaneous)	Internal metabolic		bigg.reaction METOX1s metanetx.reaction MNXR101479 sbo SBO:0000176 seed.reaction rxn08912;rxn09942	Amino acid metabolism	Amino acid metabolism	reaction name: methionine	HIERARCHICAL_REACTION_NAME
METOX2s	Methionine oxidation 2 (spontaneous)	Internal metabolic		bigg.reaction METOX2s biocyc META:RXN0-7188 metanetx.reaction MNXR138590 sbo SBO:0000176 seed.reaction rxn08913;rxn45491	Amino acid metabolism	Amino acid metabolism	reaction name: methionine	HIERARCHICAL_REACTION_NAME
METRR	METRR	Internal metabolic		bigg.reaction METRR sbo SBO:0000176	Amino acid metabolism	Amino acid metabolism	metabolite context: methionine	HIERARCHICAL_METABOLITE_CONTEXT
METS	Methionine synthase	Internal metabolic		bigg.reaction METS brenda 2.1.1.13;2.1.1.14 ec-code 2.1.1.13;2.1.1.14 kegg.reaction R00946 metanetx.reaction MNXR101481 rhea 11172;11173;11174;11175 sbo SBO:0000176	Amino acid metabolism	Amino acid metabolism	reaction name: methionine	HIERARCHICAL_REACTION_NAME
METSOXR1	L-methionine-S-oxide reductase	Internal metabolic		bigg.reaction METSOXR1 brenda 1.8.4.11;1.8.4.12;1.8.4.13;1.8.4.14 ec-code 1.8.4.13;1.8.4.14;1.8.4.11;1.8.4.12 kegg.reaction R02025 metanetx.reaction MNXR101484 sbo SBO:0000176 seed.reaction rxn06077;rxn08918	Amino acid metabolism	Amino acid metabolism	reaction name: methionine	HIERARCHICAL_REACTION_NAME
METSOXR2	L-methionine-R-sulfoxide reductase	Internal metabolic		bigg.reaction METSOXR2 biocyc META:1.8.4.14-RXN brenda 1.8.4.11;1.8.4.12;1.8.4.14 ec-code 1.8.4.14;1.8.4.11;1.8.4.12 kegg.reaction R07608 metanetx.reaction MNXR138594 sbo SBO:0000176 seed.reaction rxn07439;rxn08919	Amino acid metabolism	Amino acid metabolism	reaction name: methionine	HIERARCHICAL_REACTION_NAME
METSR_S1	L methionine S oxide reductase  trdrd	Internal metabolic		bigg.reaction METSR_S1 brenda 1.8.4.11;1.8.4.13;1.8.4.14 ec-code 1.8.4.13;1.8.4.14;1.8.4.11 kegg.reaction R02025 metanetx.reaction MNXR101484 sbo SBO:0000176 seed.reaction rxn06077;rxn08918	Amino acid metabolism	Amino acid metabolism	reaction name: methionine	HIERARCHICAL_REACTION_NAME
METSR_S2	L methionine S oxide reductase  H2O2	Internal metabolic		bigg.reaction METSR_S2 brenda 1.8.4.11 ec-code 1.8.4.11 metanetx.reaction MNXR101479 sbo SBO:0000176 seed.reaction rxn08912;rxn09942	Amino acid metabolism	Amino acid metabolism	reaction name: methionine	HIERARCHICAL_REACTION_NAME
METSabc	L methionine S oxide transport via ABC system	Transport		bigg.reaction METSabc biocyc META:TRANS-RXN0-511 gpr_status PROVISIONAL metanetx.reaction MNXR101482 sbo SBO:0000185 seed.reaction rxn05613;rxn08914	Amino acid metabolism	Amino acid metabolism	transported substrate: methionine	TRANSPORT_SUBSTRATE_CURATED_RULE
METabc	L-methionine transport via ABC system	Transport		bigg.reaction METabc biocyc META:RXN0-4522 gpr_status PROVISIONAL metanetx.reaction MNXR101489 rhea 29779;29780;29781;29782;32827;32828;32829;32830 sbo SBO:0000185 seed.reaction rxn05219;rxn08909;rxn11151	Amino acid metabolism	Amino acid metabolism	transported substrate: methionine	TRANSPORT_SUBSTRATE_CURATED_RULE
METabcpp	L-methionine transport via ABC system (periplasm)	Transport		bigg.reaction METabcpp biocyc META:RXN0-4522 gpr_status PROVISIONAL metanetx.reaction MNXR101489 rhea 29779;29780;29781;29782;32827;32828;32829;32830 sbo SBO:0000185 seed.reaction rxn05219;rxn08909;rxn11151	Amino acid metabolism	Amino acid metabolism	transported substrate: methionine	TRANSPORT_SUBSTRATE_CURATED_RULE
METtex	L-methionine transport via diffusion (extracellular to periplasm)	Transport		bigg.reaction METtex metanetx.reaction MNXR101493 sbo SBO:0000185 seed.reaction rxn08920;rxn10976	Amino acid metabolism	Amino acid metabolism	transported substrate: methionine	TRANSPORT_SUBSTRATE_CURATED_RULE
MFUMt8	Na+/fumarate symporter	Transport		bigg.reaction MFUMt8 gpr_status PROVISIONAL sbo SBO:0000185	Central carbon metabolism	Central carbon metabolism	reaction name: fumarate	TRANSPORT_SUBSTRATE_REACTION_NAME
MG2tex	Magnesium (Mg+2) transport via diffusion (extracellular to periplasm)	Transport		bigg.reaction MG2tex biocyc META:TRANS-RXN-141 metanetx.reaction MNXR101507 reactome R-ATH-5336453;R-ATH-5336466;R-BTA-442661;R-BTA-5336453;R-BTA-5336466;R-BTA-5339528;R-BTA-5339538;R-CEL-442661;R-CEL-5336453;R-CEL-5339528;R-CEL-5339538;R-CFA-442661;R-CFA-5336453;R-CFA-5336466;R-CFA-5339528;R-CFA-5339538;R-DDI-5336466;R-DME-442661;R-DME-5336453;R-DME-5339528;R-DME-5339538;R-DRE-442661;R-DRE-5336453;R-DRE-5336466;R-DRE-5339528;R-DRE-5339538;R-GGA-442661;R-GGA-5336453;R-GGA-5336466;R-GGA-5339528;R-GGA-5339538;R-HSA-442661;R-HSA-5336453;R-HSA-5336454;R-HSA-5336466;R-HSA-5339528;R-HSA-5339538;R-MMU-442661;R-MMU-5336430;R-MMU-5336453;R-MMU-5336466;R-MMU-5339528;R-MMU-5339538;R-OSA-5336453;R-OSA-5336466;R-RNO-442661;R-RNO-5336453;R-RNO-5336466;R-RNO-5339528;R-RNO-5339538;R-SCE-5336466;R-SCE-5339528;R-SCE-5339538;R-SPO-5336466;R-SPO-5339528;R-SPO-5339538;R-SSC-442661;R-SSC-5336466;R-SSC-5339528;R-SSC-5339538;R-TGU-442661;R-TGU-5336453;R-TGU-5336466;R-TGU-5339528;R-TGU-5339538;R-XTR-442661;R-XTR-5336466;R-XTR-5339528;R-XTR-5339538 rhea 29827;29828;29829;29830 sbo SBO:0000185 seed.reaction rxn05616;rxn08922;rxn08923	Inorganic ion metabolism	Inorganic ion metabolism	reaction name: magnesium	TRANSPORT_SUBSTRATE_REACTION_NAME
MG2tpp	Magnesium (+2) transport in via diffusion	Transport		bigg.reaction MG2tpp biocyc META:TRANS-RXN-141 metanetx.reaction MNXR101507 reactome R-ATH-5336453;R-ATH-5336466;R-BTA-442661;R-BTA-5336453;R-BTA-5336466;R-BTA-5339528;R-BTA-5339538;R-CEL-442661;R-CEL-5336453;R-CEL-5339528;R-CEL-5339538;R-CFA-442661;R-CFA-5336453;R-CFA-5336466;R-CFA-5339528;R-CFA-5339538;R-DDI-5336466;R-DME-442661;R-DME-5336453;R-DME-5339528;R-DME-5339538;R-DRE-442661;R-DRE-5336453;R-DRE-5336466;R-DRE-5339528;R-DRE-5339538;R-GGA-442661;R-GGA-5336453;R-GGA-5336466;R-GGA-5339528;R-GGA-5339538;R-HSA-442661;R-HSA-5336453;R-HSA-5336454;R-HSA-5336466;R-HSA-5339528;R-HSA-5339538;R-MMU-442661;R-MMU-5336430;R-MMU-5336453;R-MMU-5336466;R-MMU-5339528;R-MMU-5339538;R-OSA-5336453;R-OSA-5336466;R-RNO-442661;R-RNO-5336453;R-RNO-5336466;R-RNO-5339528;R-RNO-5339538;R-SCE-5336466;R-SCE-5339528;R-SCE-5339538;R-SPO-5336466;R-SPO-5339528;R-SPO-5339538;R-SSC-442661;R-SSC-5336466;R-SSC-5339528;R-SSC-5339538;R-TGU-442661;R-TGU-5336453;R-TGU-5336466;R-TGU-5339528;R-TGU-5339538;R-XTR-442661;R-XTR-5336466;R-XTR-5339528;R-XTR-5339538 rhea 29827;29828;29829;29830 sbo SBO:0000185 seed.reaction rxn05616;rxn08922;rxn08923	Inorganic ion metabolism	Inorganic ion metabolism	reaction name: magnesium	TRANSPORT_SUBSTRATE_REACTION_NAME
MG2uabcpp	Magnesium (Mg+2) ABC transporter (ubtake, periplasm)	Transport		bigg.reaction MG2uabcpp biocyc META:3.6.3.2-RXN;META:TRANS-RXN-250 ec-code 3.6.3.2 gpr_status PROVISIONAL metanetx.reaction MNXR101505 rhea 10260;10261;10262;10263 sbo SBO:0000185 seed.reaction rxn08924;rxn10571	Inorganic ion metabolism	Inorganic ion metabolism	reaction name: magnesium	TRANSPORT_SUBSTRATE_REACTION_NAME
MGCH	Methylglutaconyl-CoA hydratase	Internal metabolic		bigg.reaction MGCH brenda 4.2.1.17;4.2.1.18 ec-code 4.2.1.18;4.2.1.17 gpr_status PROVISIONAL metanetx.reaction MNXR101513 sbo SBO:0000176	Other curated	Other curated	named biochemical reaction without controlled-category match	NAMED_REACTION_FALLBACK
MGSA	Methylglyoxal synthase	Internal metabolic		bigg.reaction MGSA;MGSAc biocyc META:METHGLYSYN-RXN brenda 4.2.3.3 ec-code 4.2.3.3 kegg.reaction R01016 metanetx.reaction MNXR101551 rhea 17937;17938;17939;17940 sbo SBO:0000176 seed.reaction rxn00748	Inorganic ion metabolism	Inorganic ion metabolism	metabolite context: phosphate	HIERARCHICAL_METABOLITE_CONTEXT
MGt5	Magnesium transport in/out via permease (no H+)	Transport		bigg.reaction MGt5 biocyc META:TRANS-RXN-141 metanetx.reaction MNXR101507 reactome R-ATH-5336453;R-ATH-5336466;R-BTA-442661;R-BTA-5336453;R-BTA-5336466;R-BTA-5339528;R-BTA-5339538;R-CEL-442661;R-CEL-5336453;R-CEL-5339528;R-CEL-5339538;R-CFA-442661;R-CFA-5336453;R-CFA-5336466;R-CFA-5339528;R-CFA-5339538;R-DDI-5336466;R-DME-442661;R-DME-5336453;R-DME-5339528;R-DME-5339538;R-DRE-442661;R-DRE-5336453;R-DRE-5336466;R-DRE-5339528;R-DRE-5339538;R-GGA-442661;R-GGA-5336453;R-GGA-5336466;R-GGA-5339528;R-GGA-5339538;R-HSA-442661;R-HSA-5336453;R-HSA-5336454;R-HSA-5336466;R-HSA-5339528;R-HSA-5339538;R-MMU-442661;R-MMU-5336430;R-MMU-5336453;R-MMU-5336466;R-MMU-5339528;R-MMU-5339538;R-OSA-5336453;R-OSA-5336466;R-RNO-442661;R-RNO-5336453;R-RNO-5336466;R-RNO-5339528;R-RNO-5339538;R-SCE-5336466;R-SCE-5339528;R-SCE-5339538;R-SPO-5336466;R-SPO-5339528;R-SPO-5339538;R-SSC-442661;R-SSC-5336466;R-SSC-5339528;R-SSC-5339538;R-TGU-442661;R-TGU-5336453;R-TGU-5336466;R-TGU-5339528;R-TGU-5339538;R-XTR-442661;R-XTR-5336466;R-XTR-5339528;R-XTR-5339538 rhea 29827;29828;29829;29830 sbo SBO:0000185 seed.reaction rxn05616;rxn08922;rxn08923	Inorganic ion metabolism	Inorganic ion metabolism	reaction name: magnesium	TRANSPORT_SUBSTRATE_REACTION_NAME
MI1PP	Myo-inositol 1-phosphatase	Internal metabolic		bigg.reaction MI1PP biocyc META:RXN0-5408 brenda 3.1.3.25 ec-code 3.1.3.25 kegg.reaction R01185 metanetx.reaction MNXR101570 reactome R-ATH-1855154;R-BTA-1855154;R-CEL-1855154;R-CFA-1855154;R-DDI-1855154;R-DME-1855154;R-DRE-1855154;R-GGA-1855154;R-HSA-1855154;R-MMU-1855154;R-OSA-1855154;R-RNO-1855154;R-SCE-1855154;R-SSC-1855154;R-TGU-1855154;R-XTR-1855154 rhea 27670;27671;27672;27673 sbo SBO:0000176 seed.reaction rxn00881	Carbohydrate metabolism	Carbohydrate metabolism	reaction name: inositol	HIERARCHICAL_REACTION_NAME
MI1PS	Myo Inositol 1 phosphate synthase	Internal metabolic		bigg.reaction MI1PS ec-code 5.5.1.4 metanetx.reaction MNXR101571 sbo SBO:0000176 seed.reaction rxn00609	Inorganic ion metabolism	Inorganic ion metabolism	reaction name: phosphate	HIERARCHICAL_REACTION_NAME
MICITDr	2-methylisocitrate dehydratase	Internal metabolic		bigg.reaction MICITDr biocyc META:4.2.1.99-RXN brenda 4.2.1.3;4.2.1.99 ec-code 4.2.1.99;4.2.1.3 kegg.reaction R04425 metanetx.reaction MNXR101580 rhea 17941;17942;17943;17944 sbo SBO:0000176 seed.reaction rxn03061	Central carbon metabolism	Central carbon metabolism	reaction name: citrate	HIERARCHICAL_REACTION_NAME
MLDCP1App	Murein L,D-carboxypeptidase (murein5px4p) (periplasm)	Internal metabolic		bigg.reaction MLDCP1App brenda 3.4.17.13 ec-code 3.4.17.13 metanetx.reaction MNXR143237 sbo SBO:0000176 seed.reaction rxn08926	Cell envelope / membrane biosynthesis	Cell envelope / membrane biosynthesis	reaction name: murein	HIERARCHICAL_REACTION_NAME
MLDCP1Bpp	Murein L,D-carboxypeptidase (murein4p4p) (periplasm)	Internal metabolic		bigg.reaction MLDCP1Bpp brenda 3.4.17.13 ec-code 3.4.17.13 metanetx.reaction MNXR143238 sbo SBO:0000176 seed.reaction rxn08927	Cell envelope / membrane biosynthesis	Cell envelope / membrane biosynthesis	reaction name: murein	HIERARCHICAL_REACTION_NAME
MLDCP2App	Murein L,D-carboxypeptidase (murein5p5p) (periplasm)	Internal metabolic		bigg.reaction MLDCP2App brenda 3.4.17.13 ec-code 3.4.17.13 metanetx.reaction MNXR143239 sbo SBO:0000176 seed.reaction rxn08928	Cell envelope / membrane biosynthesis	Cell envelope / membrane biosynthesis	reaction name: murein	HIERARCHICAL_REACTION_NAME
MLDCP2Bpp	Murein L,D-carboxypeptidase (murein4p3p) (periplasm)	Internal metabolic		bigg.reaction MLDCP2Bpp brenda 3.4.17.13 ec-code 3.4.17.13 metanetx.reaction MNXR143240 sbo SBO:0000176 seed.reaction rxn08929	Cell envelope / membrane biosynthesis	Cell envelope / membrane biosynthesis	reaction name: murein	HIERARCHICAL_REACTION_NAME
MLDCP3App	Murein L,D-carboxypeptidase (murein5px3p) (periplasm)	Internal metabolic		bigg.reaction MLDCP3App brenda 3.4.17.13 ec-code 3.4.17.13 metanetx.reaction MNXR143241 sbo SBO:0000176 seed.reaction rxn08930	Cell envelope / membrane biosynthesis	Cell envelope / membrane biosynthesis	reaction name: murein	HIERARCHICAL_REACTION_NAME
MLDEP1pp	Murein L,D-endopeptidase (murein3px3p) (periplasm)	Internal metabolic		bigg.reaction MLDEP1pp metanetx.reaction MNXR143242 sbo SBO:0000176 seed.reaction rxn08931	Cell envelope / membrane biosynthesis	Cell envelope / membrane biosynthesis	reaction name: murein	HIERARCHICAL_REACTION_NAME
MLDEP2pp	Murein L,D-endopeptidase (murein5px3p) (periplasm)	Internal metabolic		bigg.reaction MLDEP2pp metanetx.reaction MNXR143243 sbo SBO:0000176 seed.reaction rxn08932	Cell envelope / membrane biosynthesis	Cell envelope / membrane biosynthesis	reaction name: murein	HIERARCHICAL_REACTION_NAME
MLTG1	Maltodextrin glucosidase (maltotriose)	Internal metabolic		bigg.reaction MLTG1 biocyc META:RXN0-5183 brenda 3.2.1.20 ec-code 3.2.1.20 metanetx.reaction MNXR101619 sbo SBO:0000176 seed.reaction rxn05746	Carbohydrate metabolism	Carbohydrate metabolism	metabolite context: glucose	HIERARCHICAL_METABOLITE_CONTEXT
MLTG2	Maltodextrin glucosidase (maltotetraose)	Internal metabolic		bigg.reaction MLTG2 biocyc META:MALTET-RXN metanetx.reaction MNXR101620 sbo SBO:0000176 seed.reaction rxn08933	Carbohydrate metabolism	Carbohydrate metabolism	metabolite context: glucose	HIERARCHICAL_METABOLITE_CONTEXT
MLTG3	Maltodextrin glucosidase (maltopentaose)	Internal metabolic		bigg.reaction MLTG3 biocyc META:RXN-14281 brenda 3.2.1.20;3.2.1.74 ec-code 3.2.1.20;3.2.1.74 metanetx.reaction MNXR101621 sbo SBO:0000176 seed.reaction rxn08934	Carbohydrate metabolism	Carbohydrate metabolism	metabolite context: glucose	HIERARCHICAL_METABOLITE_CONTEXT
MLTG4	Maltodextrin glucosidase (maltohexaose)	Internal metabolic		bigg.reaction MLTG4 biocyc META:RXN-14282 brenda 3.2.1.20 ec-code 3.2.1.20 metanetx.reaction MNXR101622 sbo SBO:0000176 seed.reaction rxn08935	Carbohydrate metabolism	Carbohydrate metabolism	metabolite context: glucose	HIERARCHICAL_METABOLITE_CONTEXT
MLTG5	Maltodextrin glucosidase (maltoheptaose)	Internal metabolic		bigg.reaction MLTG5 biocyc META:RXN-14283 brenda 3.2.1.20 ec-code 3.2.1.20 metanetx.reaction MNXR101623 sbo SBO:0000176 seed.reaction rxn08936	Carbohydrate metabolism	Carbohydrate metabolism	metabolite context: glucose	HIERARCHICAL_METABOLITE_CONTEXT
MLTG6	Maltodextrin glucosidase  dextrin	Internal metabolic		bigg.reaction MLTG6 metanetx.reaction MNXR101624 sbo SBO:0000176 seed.reaction rxn10401	Carbohydrate metabolism	Carbohydrate metabolism	metabolite context: glucose	HIERARCHICAL_METABOLITE_CONTEXT
MLTGY1pp	Murein lytic transglycosylase (murein4p4p) (periplasm)	Internal metabolic		bigg.reaction MLTGY1pp brenda 4.2.2.29 ec-code 4.2.2.29;4.2.2.n1 metanetx.reaction MNXR143245 sbo SBO:0000176 seed.reaction rxn08937	Cell envelope / membrane biosynthesis	Cell envelope / membrane biosynthesis	reaction name: murein	HIERARCHICAL_REACTION_NAME
MLTGY2pp	Murein lytic transglycosylase (murein4p3p) (periplasm)	Internal metabolic		bigg.reaction MLTGY2pp brenda 4.2.2.29 ec-code 4.2.2.29;4.2.2.n1 metanetx.reaction MNXR143246 sbo SBO:0000176 seed.reaction rxn08938	Cell envelope / membrane biosynthesis	Cell envelope / membrane biosynthesis	reaction name: murein	HIERARCHICAL_REACTION_NAME
MLTGY3pp	Murein lytic transglycosylase (murein3p3p) (periplasm)	Internal metabolic		bigg.reaction MLTGY3pp brenda 4.2.2.29 ec-code 4.2.2.29;4.2.2.n1 metanetx.reaction MNXR143247 sbo SBO:0000176 seed.reaction rxn08939	Cell envelope / membrane biosynthesis	Cell envelope / membrane biosynthesis	reaction name: murein	HIERARCHICAL_REACTION_NAME
MLTGY4pp	Murein lytic transglycosylase (murein4px4p4p) (periplasm)	Internal metabolic		bigg.reaction MLTGY4pp brenda 4.2.2.29 ec-code 4.2.2.29;4.2.2.n1 metanetx.reaction MNXR143248 sbo SBO:0000176 seed.reaction rxn08940	Cell envelope / membrane biosynthesis	Cell envelope / membrane biosynthesis	reaction name: murein	HIERARCHICAL_REACTION_NAME
MMETt2pp	S-methylmethionine permease (periplasm)	Transport		bigg.reaction MMETt2pp metanetx.reaction MNXR101658 sbo SBO:0000185 seed.reaction rxn08944;rxn09671	Amino acid metabolism	Amino acid metabolism	transported substrate: methionine	TRANSPORT_SUBSTRATE_CURATED_RULE
MMETtex	S-methyl-L-methionine transport via diffusion (extracellular to periplasm)	Transport		bigg.reaction MMETtex biocyc META:TRANS-RXN0-486 metanetx.reaction MNXR101659 sbo SBO:0000185 seed.reaction rxn08945	Amino acid metabolism	Amino acid metabolism	transported substrate: methionine	TRANSPORT_SUBSTRATE_CURATED_RULE
MMSAD1	Methylmalonate semialdehyde dehydrogenase	Internal metabolic		bigg.reaction MMSAD1 brenda 1.2.1.27 ec-code 1.2.1.27 kegg.reaction R00922 metanetx.reaction MNXR101662 reactome R-ATH-70893;R-BTA-70893;R-CEL-70893;R-CFA-70893;R-DDI-70893;R-DME-70893;R-DRE-70893;R-GGA-70893;R-HSA-70893;R-MMU-70893;R-OSA-70893;R-RNO-70893;R-SCE-70893;R-SSC-70893;R-TGU-70893;R-XTR-70893 sbo SBO:0000176 seed.reaction rxn00671	Energy metabolism / respiration	Energy metabolism / respiration	reaction name: hydrogenase	HIERARCHICAL_REACTION_NAME
MMSAD3	Methylmalonate-semialdehyde dehydrogenase (malonic semialdehyde)	Internal metabolic		bigg.reaction MMSAD3 biocyc META:RXN-2902 brenda 1.2.1.18;1.2.1.27 ec-code 1.2.1.-;1.2.1.18;1.2.1.27 kegg.reaction R00705 metanetx.reaction MNXR101665 rhea 22992;22993;22994;22995 sbo SBO:0000176 seed.reaction rxn00501	Energy metabolism / respiration	Energy metabolism / respiration	reaction name: hydrogenase	HIERARCHICAL_REACTION_NAME
MMTSAO	(S)-Methylmalonate semialdehyde:NAD+ oxidoreductase (CoA-propanoylating)	Internal metabolic		bigg.reaction MMTSAO brenda 1.2.1.27 ec-code 1.2.1.27 kegg.reaction R00935 metanetx.reaction MNXR101666 rhea 31047;31048;31049;31050 sbo SBO:0000176	Cofactor and vitamin metabolism	Cofactor and vitamin metabolism	reaction name: nad	HIERARCHICAL_REACTION_NAME
MN2t3pp	Manganese (Mn+2) transport out via proton antiport (periplasm)	Transport		bigg.reaction MN2t3pp metanetx.reaction MNXR101669 sbo SBO:0000185 seed.reaction rxn08946	Inorganic ion metabolism	Inorganic ion metabolism	reaction name: manganese	TRANSPORT_SUBSTRATE_REACTION_NAME
MN2tipp	Manganese transport in via permease (no H+)	Transport		bigg.reaction MN2tipp gpr_status PROVISIONAL sbo SBO:0000185	Inorganic ion metabolism	Inorganic ion metabolism	reaction name: manganese	TRANSPORT_SUBSTRATE_REACTION_NAME
MN2tpp	Manganese transport in via permease (no H+)	Transport		bigg.reaction MN2tpp biocyc META:RXN0-16;META:TRANS-RXN0-487 metanetx.reaction MNXR101670 rhea 28699;28700;28701;28702 sbo SBO:0000185 seed.reaction rxn08947;rxn08952	Inorganic ion metabolism	Inorganic ion metabolism	reaction name: manganese	TRANSPORT_SUBSTRATE_REACTION_NAME
MNL1P_Et	D-Mannitol 1-phosphate transport (transport mechanism unknown - evidence from biolog data)	Transport		bigg.reaction MNL1P_Et sbo SBO:0000185	Carbohydrate metabolism	Carbohydrate metabolism	transported substrate: mannitol	TRANSPORT_SUBSTRATE_CURATED_RULE
MNLtex	Mannitol transport via diffusion (extracellular to periplasm)	Transport		bigg.reaction MNLtex metanetx.reaction MNXR101678 sbo SBO:0000185 seed.reaction rxn08950	Carbohydrate metabolism	Carbohydrate metabolism	transported substrate: mannitol	TRANSPORT_SUBSTRATE_CURATED_RULE
MNNH	D-mannonate hydrolyase	Internal metabolic		bigg.reaction MNNH biocyc META:MANNONDEHYDRAT-RXN brenda 4.2.1.8 ec-code 4.2.1.8 kegg.reaction R05606 metanetx.reaction MNXR138624 rhea 20097;20098;20099;20100 sbo SBO:0000176 seed.reaction rxn03885	Carbohydrate metabolism	Carbohydrate metabolism	metabolite context: gluconate	HIERARCHICAL_METABOLITE_CONTEXT
MNabc	Manganese transport via ABC system	Transport		bigg.reaction MNabc biocyc META:3.6.3.35-RXN ec-code 3.6.3.35 gpr_status PROVISIONAL metanetx.reaction MNXR101680 rhea 17365;17366;17367;17368 sbo SBO:0000185 seed.reaction rxn05149	Inorganic ion metabolism	Inorganic ion metabolism	reaction name: manganese	TRANSPORT_SUBSTRATE_REACTION_NAME
MNabc_1	Manganese Mn2 transport via ABC system periplasm	Transport		bigg.reaction MNabc_1 biocyc META:3.6.3.35-RXN ec-code 3.6.3.35 metanetx.reaction MNXR101680 rhea 17365;17366;17367;17368 sbo SBO:0000185 seed.reaction rxn05149	Inorganic ion metabolism	Inorganic ion metabolism	reaction name: manganese	TRANSPORT_SUBSTRATE_REACTION_NAME
MNt2pp	Manganese (Mn+2) transport in via proton symport (periplasm)	Transport		bigg.reaction MNt2pp biocyc META:TRANS-RXN-241 metanetx.reaction MNXR101681 rhea 29007;29008;29009;29010 sbo SBO:0000185 seed.reaction rxn05618;rxn08951	Inorganic ion metabolism	Inorganic ion metabolism	reaction name: manganese	TRANSPORT_SUBSTRATE_REACTION_NAME
MNtex	Manganese (Mn+2) transport via diffusion (extracellular to periplasm)	Transport		bigg.reaction MNtex biocyc META:RXN0-16;META:TRANS-RXN0-487 metanetx.reaction MNXR101670 rhea 28699;28700;28701;28702 sbo SBO:0000185 seed.reaction rxn08947;rxn08952	Inorganic ion metabolism	Inorganic ion metabolism	reaction name: manganese	TRANSPORT_SUBSTRATE_REACTION_NAME
MOBDabc	Molybdate transport via ABC system	Transport		bigg.reaction MOBDabc biocyc META:3.6.3.29-RXN;META:ABC-19-RXN ec-code 3.6.3.29 metanetx.reaction MNXR101689 rhea 22020;22021;22022;22023 sbo SBO:0000185 seed.reaction rxn05619;rxn08955	Cofactor and vitamin metabolism	Cofactor and vitamin metabolism	reaction name: molybd	TRANSPORT_SUBSTRATE_REACTION_NAME
MOBDabcpp	Molybdate transport via ABC system (periplasm)	Transport		bigg.reaction MOBDabcpp biocyc META:3.6.3.29-RXN;META:ABC-19-RXN ec-code 3.6.3.29 gpr_status PROVISIONAL metanetx.reaction MNXR101689 rhea 22020;22021;22022;22023 sbo SBO:0000185 seed.reaction rxn05619;rxn08955	Cofactor and vitamin metabolism	Cofactor and vitamin metabolism	reaction name: molybd	TRANSPORT_SUBSTRATE_REACTION_NAME
MOBDtex	Molybdate transport via diffusion (extracellular to periplasm)	Transport		bigg.reaction MOBDtex metanetx.reaction MNXR101690 rhea 34907;34908;34909;34910 sbo SBO:0000185 seed.reaction rxn08956	Cofactor and vitamin metabolism	Cofactor and vitamin metabolism	reaction name: molybd	TRANSPORT_SUBSTRATE_REACTION_NAME
MOHMT	3-methyl-2-oxobutanoate hydroxymethyltransferase	Internal metabolic		bigg.reaction MOHMT brenda 2.1.2.11 ec-code 2.1.2.11 kegg.reaction R01226 metanetx.reaction MNXR101702 rhea 11824;11825;11826;11827 sbo SBO:0000176	Cofactor and vitamin metabolism	Cofactor and vitamin metabolism	metabolite context: folate	HIERARCHICAL_METABOLITE_CONTEXT
MPTG	Murein polymerizing transglycosylase	Transport		bigg.reaction MPTG gpr_status PROVISIONAL metanetx.reaction MNXR143249 sbo SBO:0000185	Carbohydrate metabolism	Carbohydrate metabolism	transported substrate: glucosamine	TRANSPORT_SUBSTRATE_CURATED_RULE
MPTG2	Murein polymerizing transglycosylase 2 (three linked units)	Transport		bigg.reaction MPTG2 gpr_status PROVISIONAL metanetx.reaction MNXR143250 sbo SBO:0000185	Carbohydrate metabolism	Carbohydrate metabolism	transported substrate: glucosamine	TRANSPORT_SUBSTRATE_CURATED_RULE
MSO3abcpp	Methanesulfonate transport via ABC system (periplasm)	Transport		bigg.reaction MSO3abcpp gpr_status PROVISIONAL metanetx.reaction MNXR101741 sbo SBO:0000185 seed.reaction rxn05621;rxn08959	Sulfur metabolism	Sulfur metabolism	reaction name: sulfonate	TRANSPORT_SUBSTRATE_REACTION_NAME
MSO3tex	Methanesulfonate transport via diffusion (extracellular to periplasm)	Transport		bigg.reaction MSO3tex metanetx.reaction MNXR101742 sbo SBO:0000185 seed.reaction rxn08960	Sulfur metabolism	Sulfur metabolism	reaction name: sulfonate	TRANSPORT_SUBSTRATE_REACTION_NAME
MS_1	MS_1	Internal metabolic		bigg.reaction MS_1 brenda 2.1.2.1 ec-code 2.1.2.1 gpr_status PROVISIONAL sbo SBO:0000176	Amino acid metabolism	Amino acid metabolism	metabolite context: cysteine	HIERARCHICAL_METABOLITE_CONTEXT
MTAM_1	MTAM_1	Internal metabolic		sbo SBO:0000176	Cofactor and vitamin metabolism	Cofactor and vitamin metabolism	metabolite context: folate	HIERARCHICAL_METABOLITE_CONTEXT
MTAN	Methylthioadenosine nucleosidase	Internal metabolic		bigg.reaction MTAN biocyc META:METHYLTHIOADENOSINE-NUCLEOSIDASE-RXN brenda 3.2.2.16;3.2.2.9 ec-code 3.2.2.16;3.2.2.9 kegg.reaction R01401 metanetx.reaction MNXR101744 rhea 13617;13618;13619;13620 sbo SBO:0000176 seed.reaction rxn01021	Nucleotide metabolism	Nucleotide metabolism	database annotation: adenosine	HIERARCHICAL_DATABASE_ANNOTATION
MTHFC	Methenyltetrahydrofolate cyclohydrolase	Internal metabolic		bigg.reaction MTHFC brenda 1.5.1.15;1.5.1.5;3.5.4.9 ec-code 1.5.1.15;3.5.4.9;1.5.1.5 kegg.reaction R01655 metanetx.reaction MNXR101748 reactome R-ATH-6801462;R-BTA-6801462;R-CFA-6801462;R-DDI-6801462;R-DME-6801462;R-DRE-6801462;R-GGA-6801462;R-HSA-6801462;R-MMU-6801462;R-OSA-6801462;R-RNO-6801462;R-SCE-6801462;R-SSC-6801462;R-TGU-6801462;R-XTR-6801462 rhea 23700;23701;23702;23703 sbo SBO:0000176 seed.reaction rxn01211	Cofactor and vitamin metabolism	Cofactor and vitamin metabolism	reaction name: folate	HIERARCHICAL_REACTION_NAME
MTHFD	Methylenetetrahydrofolate dehydrogenase (NADP)	Internal metabolic		bigg.reaction MTHFD brenda 1.5.1.5;3.5.4.9 ec-code 1.5.1.5;3.5.4.9 kegg.reaction R01220 metanetx.reaction MNXR101749 rhea 22812;22813;22814;22815 sbo SBO:0000176	Energy metabolism / respiration	Energy metabolism / respiration	reaction name: hydrogenase	HIERARCHICAL_REACTION_NAME
MTHFR2	5,10-methylenetetrahydrofolate reductase (NADH)	Internal metabolic		bigg.reaction MTHFR2 brenda 1.5.1.20;1.5.1.54 ec-code 1.5.1.20;1.5.1.54 kegg.reaction R07168 metanetx.reaction MNXR101751 rhea 19821;19822;19823;19824 sbo SBO:0000176	Cofactor and vitamin metabolism	Cofactor and vitamin metabolism	reaction name: folate	HIERARCHICAL_REACTION_NAME
MTHFR3	5 10 methylenetetrahydrofolatereductase  NADPH	Internal metabolic		bigg.reaction MTHFR3 brenda 1.5.1.20;1.5.1.54 ec-code 1.5.1.20;1.5.1.54 gpr_status PROVISIONAL kegg.reaction R01224 metanetx.reaction MNXR101752 rhea 19817;19818;19819;19820 sbo SBO:0000176	Cofactor and vitamin metabolism	Cofactor and vitamin metabolism	reaction name: folate	HIERARCHICAL_REACTION_NAME
MTHTHFSs	(2R,4S)-2-methyl-2,3,3,4-tetrahydroxytetrahydrofuran synthesis (spontaneous)	Internal metabolic		bigg.reaction MTHTHFSs biocyc META:RXN-10017 metanetx.reaction MNXR101756 rhea 35159;35160;35161;35162 sbo SBO:0000176	Other curated	Other curated	named biochemical reaction without controlled-category match	NAMED_REACTION_FALLBACK
MTI	Maltose trehalose isomerase	Internal metabolic		bigg.reaction MTI biocyc META:5.4.99.16-RXN brenda 5.4.99.16 ec-code 5.4.99.16 kegg.reaction R01557;R06218 metanetx.reaction MNXR101757 reactome R-MTU-868709 rhea 15145;15146;15147;15148 sbo SBO:0000176 seed.reaction rxn01134	Carbohydrate metabolism	Carbohydrate metabolism	reaction name: maltose	HIERARCHICAL_REACTION_NAME
MTRI	5-methylthioribose-1-phosphate isomerase	Internal metabolic		bigg.reaction MTRI biocyc META:5.3.1.23-RXN brenda 2.7.1.100;5.3.1.23 ec-code 5.3.1.23;2.7.1.100 kegg.reaction R04420 metanetx.reaction MNXR101759 reactome R-ATH-1237096;R-ATH-1299507;R-BTA-1237096;R-BTA-1299507;R-CEL-1237096;R-CEL-1299507;R-CFA-1237096;R-CFA-1299507;R-DDI-1237096;R-DDI-1299507;R-DME-1237096;R-DME-1299507;R-DRE-1237096;R-DRE-1299507;R-GGA-1237096;R-GGA-1299507;R-HSA-1237096;R-HSA-1299507;R-MMU-1237096;R-MMU-1299507;R-OSA-1237096;R-OSA-1299507;R-RNO-1237096;R-RNO-1299507;R-SCE-1237096;R-SCE-1299507;R-SPO-1237096;R-SPO-1299507;R-SSC-1237096;R-SSC-1299507;R-XTR-1237096;R-XTR-1299507 rhea 19989;19990;19991;19992 sbo SBO:0000176 seed.reaction rxn03057	Inorganic ion metabolism	Inorganic ion metabolism	reaction name: phosphate	HIERARCHICAL_REACTION_NAME
MTRK	5-methylthioribose kinase	Internal metabolic		bigg.reaction MTRK biocyc META:5-METHYLTHIORIBOSE-KINASE-RXN brenda 2.7.1.100 ec-code 2.7.1.100 kegg.reaction R04143 metanetx.reaction MNXR101760 rhea 22312;22313;22314;22315 sbo SBO:0000176 seed.reaction rxn02894	Carbohydrate metabolism	Carbohydrate metabolism	database annotation: ribose	HIERARCHICAL_DATABASE_ANNOTATION
M_XYLtpp	Passive diffusion	Transport		bigg.reaction M_XYLtpp metanetx.reaction MNXR101794 sbo SBO:0000185 seed.reaction rxn12804;rxn12805	Other curated	Other curated	transport chemistry present but substrate class is outside the controlled categories	TRANSPORT_OTHER_CURATED
N2Otex	Nitrious oxide transport via diffusion (extracellular to periplasm)	Transport		bigg.reaction N2Otex metanetx.reaction MNXR101797 sbo SBO:0000185 seed.reaction rxn08966;rxn08967	Nitrogen metabolism	Nitrogen metabolism	transported substrate: nitrous oxide	TRANSPORT_SUBSTRATE_CURATED_RULE
NACODA	N-acetylornithine deacetylase	Internal metabolic		bigg.reaction NACODA gpr_status PROVISIONAL metanetx.reaction MNXR101860 rhea 30503;30504;30505;30506 sbo SBO:0000176 seed.reaction rxn08968	Amino acid metabolism	Amino acid metabolism	reaction name: ornithine	HIERARCHICAL_REACTION_NAME
NACtex	Nicotinic acid transport via diffusion (extracellular to periplasm)	Transport		bigg.reaction NACtex metanetx.reaction MNXR101808 reactome R-BTA-8869603;R-CFA-8869603;R-DME-8869603;R-DRE-8869603;R-GGA-8869603;R-HSA-8869603;R-MMU-8869603;R-RNO-8869603;R-SSC-8869603;R-TGU-8869603;R-XTR-8869603 sbo SBO:0000185 seed.reaction rxn05310;rxn08969;rxn08970	Cofactor and vitamin metabolism	Cofactor and vitamin metabolism	transported substrate: nicotinic acid	TRANSPORT_SUBSTRATE_CURATED_RULE
NACtpp	Nicotinic acid uptake (periplasm)	Transport		bigg.reaction NACtpp metanetx.reaction MNXR101808 reactome R-BTA-8869603;R-CFA-8869603;R-DME-8869603;R-DRE-8869603;R-GGA-8869603;R-HSA-8869603;R-MMU-8869603;R-RNO-8869603;R-SSC-8869603;R-TGU-8869603;R-XTR-8869603 sbo SBO:0000185 seed.reaction rxn05310;rxn08969;rxn08970	Cofactor and vitamin metabolism	Cofactor and vitamin metabolism	transported substrate: nicotinic acid	TRANSPORT_SUBSTRATE_CURATED_RULE
NADDP	NAD diphosphatase	Internal metabolic		bigg.reaction NADDP biocyc META:NADPYROPHOSPHAT-RXN brenda 3.6.1.22;3.6.1.9;6.5.1.2 ec-code 3.6.1.22;3.6.1.9;6.5.1.2 kegg.reaction R00103 metanetx.reaction MNXR101861 rhea 11800;11801;11802;11803 sbo SBO:0000176 seed.reaction rxn00076;rxn05823	Cofactor and vitamin metabolism	Cofactor and vitamin metabolism	database annotation: nad	HIERARCHICAL_DATABASE_ANNOTATION
NADDPp_1	NAD diphosphatase, peroxisomal	Internal metabolic		bigg.reaction NADDPp_1 brenda 6.5.1.2 ec-code 6.5.1.2 gpr_status PROVISIONAL sbo SBO:0000176	Cofactor and vitamin metabolism	Cofactor and vitamin metabolism	database annotation: nad	HIERARCHICAL_DATABASE_ANNOTATION
NADH10	NADH dehydrogenase (menaquinone-8 & 0 protons)	Internal metabolic		bigg.reaction NADH10 brenda 1.6.5.2 ec-code 1.6.5.2 gpr_status PROVISIONAL metanetx.reaction MNXR101863 rhea 29243;29244;29245;29246 sbo SBO:0000176 seed.reaction rxn08971	Cofactor and vitamin metabolism	Cofactor and vitamin metabolism	database annotation: nad	HIERARCHICAL_DATABASE_ANNOTATION
NADH5	NADH dehydrogenase (ubiquinone-8 )	Internal metabolic		bigg.reaction NADH5;NADHOR brenda 1.6.5.2 ec-code 1.6.5.2 gpr_status PROVISIONAL metanetx.reaction MNXR101872 rhea 29107;29108;29109;29110 sbo SBO:0000176 seed.reaction rxn08975;rxn20249;rxn36776;rxn36919;rxn37604;rxn37605;rxn37606;rxn37608;rxn37813;rxn38177;rxn38179	Cofactor and vitamin metabolism	Cofactor and vitamin metabolism	database annotation: nad	HIERARCHICAL_DATABASE_ANNOTATION
NADH9	NADH dehydrogenase (demethylmenaquinone-8 & 0 protons)	Internal metabolic		bigg.reaction NADH9 brenda 1.6.5.2 ec-code 1.6.5.2 gpr_status PROVISIONAL metanetx.reaction MNXR101876 rhea 30507;30508;30509;30510 sbo SBO:0000176 seed.reaction rxn08976;rxn36871	Cofactor and vitamin metabolism	Cofactor and vitamin metabolism	database annotation: nad	HIERARCHICAL_DATABASE_ANNOTATION
NADHHR	NADH hydratase	Internal metabolic		bigg.reaction NADHHR metanetx.reaction MNXR159744 sbo SBO:0000176	Cofactor and vitamin metabolism	Cofactor and vitamin metabolism	database annotation: nad	HIERARCHICAL_DATABASE_ANNOTATION
NADHNQR	NADH: quinone oxidoreductas, NQR-type	Transport		bigg.reaction NADHNQR gpr_status PROVISIONAL metanetx.reaction MNXR101878 sbo SBO:0000185	Nucleotide metabolism	Nucleotide metabolism	transported substrate: adenine	TRANSPORT_SUBSTRATE_CURATED_RULE
NADHPO	NADH peroxidase	Internal metabolic		bigg.reaction NADHPO biocyc META:NADH-PEROXIDASE-RXN brenda 1.11.1.1;1.11.1.26 ec-code 1.11.1.1;1.11.1.26 gpr_status PROVISIONAL kegg.reaction R00090 metanetx.reaction MNXR101879 rhea 18509;18510;18511;18512 sbo SBO:0000176 seed.reaction rxn00066	Energy metabolism / respiration	Energy metabolism / respiration	database annotation: oxidase	HIERARCHICAL_DATABASE_ANNOTATION
NADHXD	NADHX dehydratase	Internal metabolic		bigg.reaction NADHXD brenda 4.2.1.136;5.1.99.6 ec-code 4.2.1.136;5.1.99.6 gpr_status PROVISIONAL metanetx.reaction MNXR159747 sbo SBO:0000176	Cofactor and vitamin metabolism	Cofactor and vitamin metabolism	database annotation: nad	HIERARCHICAL_DATABASE_ANNOTATION
NADHXE	NADHX epimerase	Internal metabolic		bigg.reaction NADHXE brenda 4.2.1.136;5.1.99.6 ec-code 4.2.1.136;5.1.99.6 gpr_status PROVISIONAL metanetx.reaction MNXR159748 sbo SBO:0000176	Cofactor and vitamin metabolism	Cofactor and vitamin metabolism	database annotation: nad	HIERARCHICAL_DATABASE_ANNOTATION
NADK	NAD kinase	Internal metabolic		bigg.reaction NADK;NADK_h;NADKm biocyc META:NAD-KIN-RXN brenda 2.7.1.23 ec-code 2.7.1.23 kegg.reaction R00104 metanetx.reaction MNXR101882 reactome R-ATH-197198;R-BTA-197198;R-CFA-197198;R-DDI-197198;R-DME-197198;R-DRE-197198;R-GGA-197198;R-HSA-197198;R-MMU-197198;R-OSA-197198;R-RNO-197198;R-SCE-197198;R-SPO-197198;R-TGU-197198;R-XTR-197198 rhea 18629;18630;18631;18632 sbo SBO:0000176 seed.reaction rxn00077;rxn28003;rxn30190;rxn38696	Cofactor and vitamin metabolism	Cofactor and vitamin metabolism	database annotation: nad	HIERARCHICAL_DATABASE_ANNOTATION
NADPHHR	NADPH hydratase	Internal metabolic		bigg.reaction NADPHHR metanetx.reaction MNXR159749 sbo SBO:0000176	Cofactor and vitamin metabolism	Cofactor and vitamin metabolism	database annotation: nad	HIERARCHICAL_DATABASE_ANNOTATION
NADPHQR2	NADPH Quinone Reductase (Ubiquinone-8)	Internal metabolic		bigg.reaction NADPHQR2;NADPH_u8m brenda 1.6.5.5 ec-code 1.6.5.5 gpr_status PROVISIONAL metanetx.reaction MNXR101891 rhea 29111;29112;29113;29114 sbo SBO:0000176 seed.reaction rxn08977;rxn36918	Cofactor and vitamin metabolism	Cofactor and vitamin metabolism	database annotation: nad	HIERARCHICAL_DATABASE_ANNOTATION
NADPHQR3	NADPH Quinone Reductase (Menaquinone-8)	Internal metabolic		bigg.reaction NADPHQR3 gpr_status PROVISIONAL metanetx.reaction MNXR101892 rhea 29115;29116;29117;29118 sbo SBO:0000176 seed.reaction rxn08978	Cofactor and vitamin metabolism	Cofactor and vitamin metabolism	database annotation: nad	HIERARCHICAL_DATABASE_ANNOTATION
NADPHXD	NADPHX dehydratase	Internal metabolic		bigg.reaction NADPHXD brenda 4.2.1.136;5.1.99.6 ec-code 4.2.1.136;5.1.99.6 gpr_status PROVISIONAL metanetx.reaction MNXR159751 sbo SBO:0000176	Cofactor and vitamin metabolism	Cofactor and vitamin metabolism	database annotation: nad	HIERARCHICAL_DATABASE_ANNOTATION
NADPHXE	NADPHX epimerase	Internal metabolic		bigg.reaction NADPHXE brenda 4.2.1.136;5.1.99.6 ec-code 4.2.1.136;5.1.99.6 gpr_status PROVISIONAL metanetx.reaction MNXR159752 sbo SBO:0000176	Cofactor and vitamin metabolism	Cofactor and vitamin metabolism	database annotation: nad	HIERARCHICAL_DATABASE_ANNOTATION
NADS1	NAD synthase (nh3)	Internal metabolic		bigg.reaction NADS1 biocyc META:NAD-SYNTH-NH3-RXN brenda 6.3.1.5;6.3.5.1 ec-code 6.3.1.5;6.3.5.1 kegg.reaction R00189 metanetx.reaction MNXR101897 rhea 21188;21189;21190;21191 sbo SBO:0000176 seed.reaction rxn00138	Cofactor and vitamin metabolism	Cofactor and vitamin metabolism	database annotation: nad	HIERARCHICAL_DATABASE_ANNOTATION
NADS2	Nicotinate-mononucleotide adenylyltransferase	Internal metabolic		bigg.reaction NADS2 biocyc META:NAD-SYNTH-GLN-RXN brenda 6.3.5.1 ec-code 6.3.5.1 kegg.reaction R00257 metanetx.reaction MNXR97678 reactome R-ATH-197271;R-BTA-197271;R-CEL-197271;R-CFA-197271;R-DDI-197271;R-DME-197271;R-DRE-197271;R-GGA-197271;R-HSA-197271;R-MMU-197271;R-OSA-197271;R-PFA-197271;R-RNO-197271;R-SCE-197271;R-SPO-197271;R-SSC-197271;R-TGU-197271;R-XTR-197271 rhea 24384;24385;24386;24387 sbo SBO:0000176 seed.reaction rxn00190	Cofactor and vitamin metabolism	Cofactor and vitamin metabolism	database annotation: nad	HIERARCHICAL_DATABASE_ANNOTATION
NADTRHD	NAD transhydrogenase	Internal metabolic		bigg.reaction NADTRHD;NNOR;THD1_h biocyc META:PYRNUTRANSHYDROGEN-RXN brenda 1.6.1.1;1.6.1.2;1.6.1.3;7.1.1.1 ec-code 1.6.1.1;1.6.1.2;1.6.1.3;7.1.1.1 kegg.reaction R00112 metanetx.reaction MNXR101898 rhea 11692;11693;11694;11695 sbo SBO:0000176 seed.reaction rxn00083;rxn27488;rxn32580	Cofactor and vitamin metabolism	Cofactor and vitamin metabolism	database annotation: nad	HIERARCHICAL_DATABASE_ANNOTATION
NAPRT	NAPRTase (rev)	Internal metabolic		bigg.reaction NAPRT brenda 2.4.2.11;6.3.4.21 ec-code 2.4.2.11;6.3.4.21 gpr_status PROVISIONAL metanetx.reaction MNXR101910 reactome R-ATH-197186;R-BTA-197186;R-CEL-197186;R-CFA-197186;R-DDI-197186;R-DME-197186;R-DRE-197186;R-GGA-197186;R-HSA-197186;R-MMU-197186;R-OSA-197186;R-PFA-197186;R-RNO-197186;R-TGU-197186;R-XTR-197186 rhea 13393;13394;13395;13396 sbo SBO:0000176 seed.reaction rxn01265	Nucleotide metabolism	Nucleotide metabolism	metabolite context: nucleotide	HIERARCHICAL_METABOLITE_CONTEXT
NARK	Nitrite transport, extracellular	Transport		bigg.reaction NARK biocyc META:TRANS-RXN-137 metanetx.reaction MNXR101912 rhea 28983;28984;28985;28986 sbo SBO:0000185 seed.reaction rxn08999;rxn10823	Nitrogen metabolism	Nitrogen metabolism	reaction name: nitrite	TRANSPORT_SUBSTRATE_REACTION_NAME
NAabcO	Sodium transport out via ABC system	Transport		bigg.reaction NAabcO biocyc META:3.6.3.15-RXN;META:3.6.3.7-RXN ec-code 3.6.3.15;3.6.3.7 metanetx.reaction MNXR101802 rhea 14633;14634;14635;14636 sbo SBO:0000185 seed.reaction rxn05622	Inorganic ion metabolism	Inorganic ion metabolism	transported substrate: sodium transport	TRANSPORT_SUBSTRATE_CURATED_RULE
NAt3_1	Sodium proton antiporter  HNA is 11	Transport		bigg.reaction NAt3_1 biocyc META:TRANS-RXN-101 gpr_status PROVISIONAL metanetx.reaction MNXR101803 reactome R-ATH-425965;R-ATH-425983;R-ATH-426015;R-BTA-2872444;R-BTA-425965;R-BTA-425983;R-BTA-425994;R-BTA-426015;R-CEL-2872444;R-CEL-425965;R-CEL-425983;R-CEL-425994;R-CEL-426015;R-CFA-2872444;R-CFA-425965;R-CFA-425983;R-CFA-425994;R-CFA-426015;R-DDI-426015;R-DME-2872444;R-DME-425965;R-DME-425983;R-DME-425994;R-DME-426015;R-DRE-2872444;R-DRE-425983;R-DRE-425994;R-DRE-426015;R-GGA-2872444;R-GGA-425965;R-GGA-425983;R-GGA-425994;R-GGA-426015;R-HSA-2872444;R-HSA-2872463;R-HSA-425965;R-HSA-425983;R-HSA-425994;R-HSA-426015;R-MMU-2872444;R-MMU-2872452;R-MMU-425965;R-MMU-425983;R-MMU-425994;R-MMU-426015;R-OSA-425965;R-OSA-425983;R-OSA-426015;R-RNO-2872444;R-RNO-425965;R-RNO-425983;R-RNO-425994;R-RNO-426015;R-SCE-425965;R-SCE-425983;R-SCE-425994;R-SCE-426015;R-SPO-425965;R-SPO-425983;R-SPO-426015;R-SSC-2872444;R-SSC-425965;R-SSC-425983;R-SSC-425994;R-SSC-426015;R-TGU-2872444;R-TGU-425965;R-TGU-425983;R-TGU-425994;R-TGU-426015;R-XTR-2872444;R-XTR-425965;R-XTR-425983;R-XTR-425994;R-XTR-426015 rhea 29419;29420;29421;29422 sbo SBO:0000185 seed.reaction rxn05209;rxn08984	Inorganic ion metabolism	Inorganic ion metabolism	reaction name: sodium	TRANSPORT_SUBSTRATE_REACTION_NAME
NAt3_2	Sodium proton antiporter (H:NA is 2)	Transport		bigg.reaction NAt3_2 biocyc META:TRANS-RXN-129 gpr_status PROVISIONAL metanetx.reaction MNXR101915 rhea 29251;29252;29253;29254 sbo SBO:0000185 seed.reaction rxn08983;rxn10178	Inorganic ion metabolism	Inorganic ion metabolism	reaction name: sodium	TRANSPORT_SUBSTRATE_REACTION_NAME
NAt3pp	Sodium transport out via proton antiport (cytoplasm to periplasm)	Transport		bigg.reaction NAt3pp biocyc META:TRANS-RXN-101 gpr_status PROVISIONAL metanetx.reaction MNXR101803 reactome R-ATH-425965;R-ATH-425983;R-ATH-426015;R-BTA-2872444;R-BTA-425965;R-BTA-425983;R-BTA-425994;R-BTA-426015;R-CEL-2872444;R-CEL-425965;R-CEL-425983;R-CEL-425994;R-CEL-426015;R-CFA-2872444;R-CFA-425965;R-CFA-425983;R-CFA-425994;R-CFA-426015;R-DDI-426015;R-DME-2872444;R-DME-425965;R-DME-425983;R-DME-425994;R-DME-426015;R-DRE-2872444;R-DRE-425983;R-DRE-425994;R-DRE-426015;R-GGA-2872444;R-GGA-425965;R-GGA-425983;R-GGA-425994;R-GGA-426015;R-HSA-2872444;R-HSA-2872463;R-HSA-425965;R-HSA-425983;R-HSA-425994;R-HSA-426015;R-MMU-2872444;R-MMU-2872452;R-MMU-425965;R-MMU-425983;R-MMU-425994;R-MMU-426015;R-OSA-425965;R-OSA-425983;R-OSA-426015;R-RNO-2872444;R-RNO-425965;R-RNO-425983;R-RNO-425994;R-RNO-426015;R-SCE-425965;R-SCE-425983;R-SCE-425994;R-SCE-426015;R-SPO-425965;R-SPO-425983;R-SPO-426015;R-SSC-2872444;R-SSC-425965;R-SSC-425983;R-SSC-425994;R-SSC-426015;R-TGU-2872444;R-TGU-425965;R-TGU-425983;R-TGU-425994;R-TGU-426015;R-XTR-2872444;R-XTR-425965;R-XTR-425983;R-XTR-425994;R-XTR-426015 rhea 29419;29420;29421;29422 sbo SBO:0000185 seed.reaction rxn05209;rxn08984	Inorganic ion metabolism	Inorganic ion metabolism	transported substrate: sodium transport	TRANSPORT_SUBSTRATE_CURATED_RULE
NAtex	Sodium transport via diffusion (extracellular to periplasm)	Transport		bigg.reaction NAtex biocyc META:TRANS-RXN-189 metanetx.reaction MNXR101804 reactome R-BTA-2671885;R-BTA-2672334;R-BTA-2730664;R-BTA-3295580;R-BTA-5576895;R-CEL-2671885;R-CEL-2730664;R-CEL-3295580;R-CFA-2671885;R-CFA-2672334;R-CFA-2730664;R-CFA-3295580;R-CFA-5576895;R-DME-2730664;R-DME-3295580;R-DRE-2671885;R-DRE-3295580;R-DRE-5576895;R-GGA-2671885;R-GGA-2672334;R-GGA-2730664;R-GGA-3295580;R-GGA-5576895;R-HSA-2671885;R-HSA-2672334;R-HSA-2730664;R-HSA-3295580;R-HSA-5576895;R-MMU-2671885;R-MMU-2672334;R-MMU-2730664;R-MMU-3295580;R-MMU-5576895;R-RNO-2671885;R-RNO-2672334;R-RNO-2730664;R-RNO-3295580;R-RNO-5576895;R-SSC-2671885;R-SSC-2672334;R-SSC-3295580;R-SSC-5576895;R-TGU-2671885;R-TGU-2672334;R-TGU-2730664;R-TGU-3295580;R-XTR-2671885;R-XTR-2672334;R-XTR-2730664;R-XTR-3295580;R-XTR-5576895 rhea 34963;34964;34965;34966 sbo SBO:0000185 seed.reaction rxn08985;rxn10899	Inorganic ion metabolism	Inorganic ion metabolism	transported substrate: sodium transport	TRANSPORT_SUBSTRATE_CURATED_RULE
NBAHH_ir	Nalpha-(beta-alanyl)-L-histidine hydrolase IR	Internal metabolic		bigg.reaction NBAHH_ir brenda 3.4.13.18 ec-code 3.4.13.18 metanetx.reaction MNXR100638 sbo SBO:0000176 seed.reaction rxn10579	Amino acid metabolism	Amino acid metabolism	reaction name: histidine	HIERARCHICAL_REACTION_NAME
NCAMUP	Nicotinamide acid uptake	Transport		bigg.reaction NCAMUP metanetx.reaction MNXR101918 sbo SBO:0000185 seed.reaction rxn10867	Cofactor and vitamin metabolism	Cofactor and vitamin metabolism	transported substrate: nicotinamide	TRANSPORT_SUBSTRATE_CURATED_RULE
NDP3	Nucleoside diphosphatase  GDP	Internal metabolic		bigg.reaction NDP3 biocyc META:GUANOSINE-DIPHOSPHATASE-RXN brenda 3.6.1.42;3.6.1.5;3.6.1.6 ec-code 3.6.1.42;3.6.1.5;3.6.1.6 kegg.reaction R00328 metanetx.reaction MNXR101928 rhea 22156;22157;22158;22159 sbo SBO:0000176 seed.reaction rxn00236	Nucleotide metabolism	Nucleotide metabolism	reaction name: nucleoside	HIERARCHICAL_REACTION_NAME
NDP8	Nucleoside-diphosphatase (dUDP)	Internal metabolic		bigg.reaction NDP8 biocyc META:RXN-14220 brenda 3.6.1.23 ec-code 3.6.1.23 metanetx.reaction MNXR101932 rhea 64972 sbo SBO:0000176	Nucleotide metabolism	Nucleotide metabolism	reaction name: nucleoside	HIERARCHICAL_REACTION_NAME
NDPK1	Nucleoside-diphosphate kinase (ATP:GDP)	Internal metabolic		bigg.reaction NDPK1 biocyc META:GDPKIN-RXN brenda 2.7.4.3;2.7.4.6 ec-code 2.7.4.6;2.7.4.3 kegg.reaction R00330 metanetx.reaction MNXR96119 rhea 27686;27687;27688;27689 sbo SBO:0000176 seed.reaction rxn00237	Nucleotide metabolism	Nucleotide metabolism	reaction name: nucleoside	HIERARCHICAL_REACTION_NAME
NDPK2	Nucleoside-diphosphate kinase (ATP:UDP)	Internal metabolic		bigg.reaction NDPK2 biocyc META:UDPKIN-RXN brenda 2.7.4.3;2.7.4.6 ec-code 2.7.4.6;2.7.4.3 kegg.reaction R00156 metanetx.reaction MNXR101935 rhea 25098;25099;25100;25101 sbo SBO:0000176 seed.reaction rxn00117	Nucleotide metabolism	Nucleotide metabolism	reaction name: nucleoside	HIERARCHICAL_REACTION_NAME
NDPK3	Nucleoside-diphosphate kinase (ATP:CDP)	Internal metabolic		bigg.reaction NDPK3 biocyc META:CDPKIN-RXN brenda 2.7.4.3;2.7.4.6 ec-code 2.7.4.6;2.7.4.3 kegg.reaction R00570 metanetx.reaction MNXR101936 rhea 25237;25238;25239;25240 sbo SBO:0000176 seed.reaction rxn00409	Nucleotide metabolism	Nucleotide metabolism	reaction name: nucleoside	HIERARCHICAL_REACTION_NAME
NDPK4	Nucleoside-diphosphate kinase (ATP:dTDP)	Internal metabolic		bigg.reaction NDPK4;NDPK4m;NDPK4n biocyc META:DTDPKIN-RXN brenda 2.7.4.3;2.7.4.6 ec-code 2.7.4.6;2.7.4.3 kegg.reaction R02093 metanetx.reaction MNXR101937 rhea 27682;27683;27684;27685 sbo SBO:0000176 seed.reaction rxn01512;rxn19643;rxn27839;rxn27840;rxn32898	Nucleotide metabolism	Nucleotide metabolism	reaction name: nucleoside	HIERARCHICAL_REACTION_NAME
NDPK5	Nucleoside-diphosphate kinase (ATP:dGDP)	Internal metabolic		bigg.reaction NDPK5;NDPK5m;NDPK5n biocyc META:DGDPKIN-RXN brenda 2.7.4.3;2.7.4.6 ec-code 2.7.4.6;2.7.4.3 kegg.reaction R01857 metanetx.reaction MNXR96118 rhea 27690;27691;27692;27693 sbo SBO:0000176 seed.reaction rxn01353;rxn19465;rxn27786;rxn27787;rxn33383	Nucleotide metabolism	Nucleotide metabolism	reaction name: nucleoside	HIERARCHICAL_REACTION_NAME
NDPK6	Nucleoside-diphosphate kinase (ATP:dUDP)	Internal metabolic		bigg.reaction NDPK6;NDPK6m;NDPK6n biocyc META:DUDPKIN-RXN brenda 2.7.4.3;2.7.4.6 ec-code 2.7.4.6;2.7.4.3 kegg.reaction R02331 metanetx.reaction MNXR101938 rhea 28582;28583;28584;28585 sbo SBO:0000176 seed.reaction rxn01678;rxn19645;rxn27842;rxn27843;rxn33340	Nucleotide metabolism	Nucleotide metabolism	reaction name: nucleoside	HIERARCHICAL_REACTION_NAME
NDPK7	Nucleoside-diphosphate kinase (ATP:dCDP)	Internal metabolic		bigg.reaction NDPK7;NDPK7m;NDPK7n biocyc META:DCDPKIN-RXN brenda 2.7.4.3;2.7.4.6 ec-code 2.7.4.6;2.7.4.3 kegg.reaction R02326 metanetx.reaction MNXR101939 rhea 27678;27679;27680;27681 sbo SBO:0000176 seed.reaction rxn01673;rxn19449;rxn27780;rxn27781;rxn32308	Nucleotide metabolism	Nucleotide metabolism	reaction name: nucleoside	HIERARCHICAL_REACTION_NAME
NDPK8	Nucleoside-diphosphate kinase (ATP:dADP)	Internal metabolic		bigg.reaction NDPK8;NDPK8m;NDPK8n biocyc META:DADPKIN-RXN brenda 2.7.4.3;2.7.4.6 ec-code 2.7.4.6;2.7.4.3 kegg.reaction R01137 metanetx.reaction MNXR101940 rhea 27674;27675;27676;27677 sbo SBO:0000176 seed.reaction rxn00839;rxn19384;rxn27777;rxn27778;rxn31847	Nucleotide metabolism	Nucleotide metabolism	reaction name: nucleoside	HIERARCHICAL_REACTION_NAME
NDPK9	Nucleoside diphosphate kinase  ATPIDP	Internal metabolic		bigg.reaction NDPK9 biocyc META:RXN-14120 brenda 2.7.4.6 ec-code 2.7.4.6 kegg.reaction R00722 metanetx.reaction MNXR101941 rhea 30347;30348;30349;30350 sbo SBO:0000176 seed.reaction rxn00515	Nucleotide metabolism	Nucleotide metabolism	reaction name: nucleoside	HIERARCHICAL_REACTION_NAME
NFORGLUAH2	N Formyl L glutamate amidohydrolase	Internal metabolic		bigg.reaction NFORGLUAH2 sbo SBO:0000176	Amino acid metabolism	Amino acid metabolism	reaction name: glutamate	HIERARCHICAL_REACTION_NAME
NH3c	Ammomnium proton dissociation	Internal metabolic		bigg.reaction NH3c biocyc META:RXN-11811 metanetx.reaction MNXR101948 sbo SBO:0000176	Nitrogen metabolism	Nitrogen metabolism	metabolite context: ammonia	HIERARCHICAL_METABOLITE_CONTEXT
NH4t	Ammonia reversible transport	Transport		bigg.reaction NH4t biocyc META:RXN-9615;META:TRANS-RXN0-206;META:TRANS-RXN0-544 gpr_status PROVISIONAL metanetx.reaction MNXR101950 reactome R-BTA-444416;R-CEL-444416;R-CFA-444416;R-DDI-444416;R-DME-444416;R-DRE-444416;R-GGA-444416;R-HSA-444416;R-MMU-444416;R-RNO-444416;R-SSC-444416;R-TGU-444416;R-XTR-444416 rhea 28747;28748;28749;28750 sbo SBO:0000185 seed.reaction rxn05466;rxn08986;rxn08987;rxn09736;rxn09835;rxn13364	Nitrogen metabolism	Nitrogen metabolism	reaction name: ammonia	TRANSPORT_SUBSTRATE_REACTION_NAME
NH4t3pp	Ammonia transport out via proton antiport	Transport		bigg.reaction NH4t3pp gpr_status PROVISIONAL sbo SBO:0000185	Nitrogen metabolism	Nitrogen metabolism	reaction name: ammonia	TRANSPORT_SUBSTRATE_REACTION_NAME
NH4tex	Ammonia transport via diffusion (extracellular to periplasm)	Transport		bigg.reaction NH4tex biocyc META:RXN-9615;META:TRANS-RXN0-206;META:TRANS-RXN0-544 metanetx.reaction MNXR101950 reactome R-BTA-444416;R-CEL-444416;R-CFA-444416;R-DDI-444416;R-DME-444416;R-DRE-444416;R-GGA-444416;R-HSA-444416;R-MMU-444416;R-RNO-444416;R-SSC-444416;R-TGU-444416;R-XTR-444416 rhea 28747;28748;28749;28750 sbo SBO:0000185 seed.reaction rxn05466;rxn08986;rxn08987;rxn09736;rxn09835;rxn13364	Nitrogen metabolism	Nitrogen metabolism	reaction name: ammonia	TRANSPORT_SUBSTRATE_REACTION_NAME
NH4tpp	Ammonia reversible transport (periplasm)	Transport		bigg.reaction NH4tpp biocyc META:RXN-9615;META:TRANS-RXN0-206;META:TRANS-RXN0-544 metanetx.reaction MNXR101950 reactome R-BTA-444416;R-CEL-444416;R-CFA-444416;R-DDI-444416;R-DME-444416;R-DRE-444416;R-GGA-444416;R-HSA-444416;R-MMU-444416;R-RNO-444416;R-SSC-444416;R-TGU-444416;R-XTR-444416 rhea 28747;28748;28749;28750 sbo SBO:0000185 seed.reaction rxn05466;rxn08986;rxn08987;rxn09736;rxn09835;rxn13364	Nitrogen metabolism	Nitrogen metabolism	reaction name: ammonia	TRANSPORT_SUBSTRATE_REACTION_NAME
NH4tpp_1	Ammonia ireversible transport (periplasm)	Transport		bigg.reaction NH4tpp_1 metanetx.reaction MNXR101953 sbo SBO:0000185 seed.reaction rxn11158	Nitrogen metabolism	Nitrogen metabolism	reaction name: ammonia	TRANSPORT_SUBSTRATE_REACTION_NAME
NI2abcpp	Nickle (Ni+2) ABC transporter (periplasm)	Transport		bigg.reaction NI2abcpp ec-code 3.6.3.24 gpr_status PROVISIONAL metanetx.reaction MNXR101955 rhea 15557;15558;15559;15560 sbo SBO:0000185	Other curated	Other curated	transport chemistry present but substrate class is outside the controlled categories	TRANSPORT_OTHER_CURATED
NI2t3pp	Nickle (Ni+2) transport out via proton antiport (periplasm)	Transport		bigg.reaction NI2t3pp metanetx.reaction MNXR101956 sbo SBO:0000185	Other curated	Other curated	transport chemistry present but substrate class is outside the controlled categories	TRANSPORT_OTHER_CURATED
NI2t4pp	Nickel transport out via antiport (periplasm)	Transport		bigg.reaction NI2t4pp gpr_status PROVISIONAL metanetx.reaction MNXR101957 sbo SBO:0000185	Inorganic ion metabolism	Inorganic ion metabolism	reaction name: nickel	TRANSPORT_SUBSTRATE_REACTION_NAME
NI2tex	Nickel transport via diffusion (extracellular to periplasm)	Transport		bigg.reaction NI2tex biocyc META:TRANS-RXN-141B metanetx.reaction MNXR101958 rhea 29831;29832;29833;29834 sbo SBO:0000185	Inorganic ion metabolism	Inorganic ion metabolism	reaction name: nickel	TRANSPORT_SUBSTRATE_REACTION_NAME
NI2uabcpp	Nickel transport via ABC system (uptake, periplasm)	Transport		bigg.reaction NI2uabcpp biocyc META:3.6.3.24-RXN;META:ABC-20-RXN ec-code 3.6.3.24 metanetx.reaction MNXR101959 rhea 15557;15558;15559;15560 sbo SBO:0000185	Inorganic ion metabolism	Inorganic ion metabolism	reaction name: nickel	TRANSPORT_SUBSTRATE_REACTION_NAME
NIabc	Nickel transport via ABC system	Transport		bigg.reaction NIabc biocyc META:3.6.3.24-RXN;META:ABC-20-RXN ec-code 3.6.3.24 metanetx.reaction MNXR101959 rhea 15557;15558;15559;15560 sbo SBO:0000185	Inorganic ion metabolism	Inorganic ion metabolism	reaction name: nickel	TRANSPORT_SUBSTRATE_REACTION_NAME
NMNAT	Nicotinamide-nucleotide adenylyltransferase	Internal metabolic		bigg.reaction NMNAT;NMNATm;NMNATn biocyc META:2.7.7.1-RXN brenda 2.7.7.1;2.7.7.18 ec-code 2.7.7.1;2.7.7.18;3.6.1.- kegg.reaction R00137 metanetx.reaction MNXR95841 reactome R-ATH-8939959;R-BTA-8939959;R-CEL-8939959;R-CFA-8939959;R-DDI-8939959;R-DRE-8939959;R-GGA-8939959;R-HSA-8939959;R-MMU-8939959;R-OSA-8939959;R-RNO-8939959;R-SCE-8939959;R-SPO-8939959;R-SSC-8939959;R-TGU-8939959;R-XTR-8939959 rhea 21360;21361;21362;21363 sbo SBO:0000176 seed.reaction rxn00105	Nucleotide metabolism	Nucleotide metabolism	reaction name: nucleotide	HIERARCHICAL_REACTION_NAME
NMNDA	Nicotinamide-nucleotide amidase	Internal metabolic		bigg.reaction NMNDA biocyc META:NMNAMIDOHYDRO-RXN brenda 3.5.1.42 ec-code 3.5.1.42 kegg.reaction R02322 metanetx.reaction MNXR101969 rhea 12400;12401;12402;12403 sbo SBO:0000176 seed.reaction rxn01669;rxn30040	Nucleotide metabolism	Nucleotide metabolism	reaction name: nucleotide	HIERARCHICAL_REACTION_NAME
NMNPtpp	NMN permease (periplasm)	Transport		bigg.reaction NMNPtpp metanetx.reaction MNXR101972 rhea 28482;28483;28484;28485 sbo SBO:0000185 seed.reaction rxn08995;rxn08997;rxn10181	Cofactor and vitamin metabolism	Cofactor and vitamin metabolism	transported substrate: nmn	TRANSPORT_SUBSTRATE_CURATED_RULE
NMNtex	NMN transport via diffusion (extracellular to periplasm)	Transport		bigg.reaction NMNtex metanetx.reaction MNXR101972 rhea 28482;28483;28484;28485 sbo SBO:0000185 seed.reaction rxn08995;rxn08997;rxn10181	Cofactor and vitamin metabolism	Cofactor and vitamin metabolism	transported substrate: nmn	TRANSPORT_SUBSTRATE_CURATED_RULE
NNATr	Nicotinate-nucleotide adenylyltransferase	Internal metabolic		bigg.reaction NNATr biocyc META:NICONUCADENYLYLTRAN-RXN brenda 2.7.7.1;2.7.7.18 ec-code 2.7.7.1;2.7.7.18;3.6.1.- kegg.reaction R03005 metanetx.reaction MNXR101978 reactome R-ATH-197235;R-ATH-200474;R-ATH-200512;R-BTA-197235;R-BTA-200474;R-BTA-200512;R-CEL-197235;R-CFA-197235;R-CFA-200474;R-CFA-200512;R-DDI-197235;R-DDI-200474;R-DDI-200512;R-DME-200474;R-DME-200512;R-DRE-197235;R-DRE-200474;R-DRE-200512;R-GGA-197235;R-GGA-200474;R-GGA-200512;R-HSA-197235;R-HSA-200474;R-HSA-200512;R-MMU-197235;R-MMU-200474;R-MMU-200512;R-OSA-197235;R-OSA-200474;R-OSA-200512;R-RNO-197235;R-RNO-200474;R-RNO-200512;R-SCE-197235;R-SCE-200474;R-SCE-200512;R-SPO-197235;R-SPO-200474;R-SPO-200512;R-SSC-197235;R-SSC-200474;R-SSC-200512;R-TGU-197235;R-TGU-200474;R-TGU-200512;R-XTR-197235;R-XTR-200512 rhea 22860;22861;22862;22863 sbo SBO:0000176 seed.reaction rxn02155	Nucleotide metabolism	Nucleotide metabolism	reaction name: nucleotide	HIERARCHICAL_REACTION_NAME
NNDPR	Nicotinate-nucleotide diphosphorylase (carboxylating)	Internal metabolic		bigg.reaction NNDPR biocyc META:QUINOPRIBOTRANS-RXN brenda 2.4.2.19 ec-code 2.4.2.19 kegg.reaction R03348 metanetx.reaction MNXR101980 reactome R-ATH-197268;R-BTA-197268;R-CFA-197268;R-DDI-197268;R-HSA-197268;R-MMU-197268;R-OSA-197268;R-RNO-197268;R-SCE-197268;R-SSC-197268;R-TGU-197268;R-XTR-197268 rhea 12733;12734;12735;12736 sbo SBO:0000176 seed.reaction rxn02402	Nucleotide metabolism	Nucleotide metabolism	reaction name: nucleotide	HIERARCHICAL_REACTION_NAME
NO2tex	Nitrite transport via diffusion (extracellular to periplasm)	Transport		bigg.reaction NO2tex biocyc META:TRANS-RXN-137 gpr_status PROVISIONAL metanetx.reaction MNXR101912 rhea 28983;28984;28985;28986 sbo SBO:0000185 seed.reaction rxn08999;rxn10823	Nitrogen metabolism	Nitrogen metabolism	reaction name: nitrite	TRANSPORT_SUBSTRATE_REACTION_NAME
NO3R1pp	Nitrate reductase (Ubiquinol-8) (periplasm)	Transport		bigg.reaction NO3R1pp metanetx.reaction MNXR101986 rhea 29147;29148;29149;29150 sbo SBO:0000185 seed.reaction rxn09001;rxn10120	Energy metabolism / respiration	Energy metabolism / respiration	reaction name: quinol	TRANSPORT_SUBSTRATE_REACTION_NAME
NO3R2	Nitrate reductase (Menaquinol-8)	Transport		bigg.reaction NO3R2 gpr_status PROVISIONAL metanetx.reaction MNXR101988 rhea 29139;29140;29141;29142 sbo SBO:0000185 seed.reaction rxn09003;rxn10121	Energy metabolism / respiration	Energy metabolism / respiration	reaction name: quinol	TRANSPORT_SUBSTRATE_REACTION_NAME
NO3R2pp	Nitrate reductase (Menaquinol-8) (periplasm)	Transport		bigg.reaction NO3R2pp metanetx.reaction MNXR101988 rhea 29139;29140;29141;29142 sbo SBO:0000185 seed.reaction rxn09003;rxn10121	Energy metabolism / respiration	Energy metabolism / respiration	reaction name: quinol	TRANSPORT_SUBSTRATE_REACTION_NAME
NO3abc	NO3abc	Transport		bigg.reaction NO3abc sbo SBO:0000185	Other curated	Other curated	transport chemistry present but substrate class is outside the controlled categories	TRANSPORT_OTHER_CURATED
NO3abcpp	Nitrate transport via ABC system (periplasm)	Transport		bigg.reaction NO3abcpp biocyc META:3.6.3.26-RXN ec-code 3.6.3.26 metanetx.reaction MNXR101991 rhea 13181;13182;13183;13184 sbo SBO:0000185 seed.reaction rxn05171	Nitrogen metabolism	Nitrogen metabolism	reaction name: nitrate	TRANSPORT_SUBSTRATE_REACTION_NAME
NO3t	Nitrate transport, extracellular	Transport		bigg.reaction NO3t metanetx.reaction MNXR101992 rhea 34923;34924;34925;34926 sbo SBO:0000185 seed.reaction rxn09005;rxn10935	Nitrogen metabolism	Nitrogen metabolism	reaction name: nitrate	TRANSPORT_SUBSTRATE_REACTION_NAME
NO3t7pp	Nitrate transport in via nitrite antiport (periplasm)	Transport		bigg.reaction NO3t7pp biocyc META:TRANS-RXN0-239 gpr_status PROVISIONAL metanetx.reaction MNXR101995 rhea 28743;28744;28745;28746 sbo SBO:0000185 seed.reaction rxn09004;rxn10177	Nitrogen metabolism	Nitrogen metabolism	reaction name: nitrate	TRANSPORT_SUBSTRATE_REACTION_NAME
NO3tex	Nitrate transport via diffusion (extracellular to periplasm)	Transport		bigg.reaction NO3tex gpr_status PROVISIONAL metanetx.reaction MNXR101992 rhea 34923;34924;34925;34926 sbo SBO:0000185 seed.reaction rxn09005;rxn10935	Nitrogen metabolism	Nitrogen metabolism	reaction name: nitrate	TRANSPORT_SUBSTRATE_REACTION_NAME
NODOx	Nitric oxide dioxygenase	Internal metabolic		bigg.reaction NODOx brenda 1.14.12.17 ec-code 1.14.12.17 kegg.reaction R05724 metanetx.reaction MNXR101996 rhea 19469;19470;19471;19472 sbo SBO:0000176	Nucleotide metabolism	Nucleotide metabolism	metabolite context: nucleotide	HIERARCHICAL_METABOLITE_CONTEXT
NODOy	Nitric oxide dioxygenase	Internal metabolic		bigg.reaction NODOy brenda 1.14.12.17 ec-code 1.14.12.17 kegg.reaction R05725 metanetx.reaction MNXR101997 rhea 19465;19466;19467;19468 sbo SBO:0000176	Nucleotide metabolism	Nucleotide metabolism	metabolite context: nucleotide	HIERARCHICAL_METABOLITE_CONTEXT
NOVBCNtex	Novobiocin transport via diffusion (extracellular to periplasm)	Transport		bigg.reaction NOVBCNtex metanetx.reaction MNXR102008 rhea 35175;35176;35177;35178 sbo SBO:0000185	Other curated	Other curated	transport chemistry present but substrate class is outside the controlled categories	TRANSPORT_OTHER_CURATED
NOtex	Nitric oxide transport via diffusion (extracellular to periplasm)	Transport		bigg.reaction NOtex metanetx.reaction MNXR101998 sbo SBO:0000185	Nitrogen metabolism	Nitrogen metabolism	transported substrate: nitric oxide	TRANSPORT_SUBSTRATE_CURATED_RULE
NOtpp	NO transport (diffusion)	Transport		bigg.reaction NOtpp metanetx.reaction MNXR101998 sbo SBO:0000185	Nitrogen metabolism	Nitrogen metabolism	transported substrate: nitric oxide	TRANSPORT_SUBSTRATE_CURATED_RULE
NPHS	Naphthoate synthase	Internal metabolic		bigg.reaction NPHS brenda 4.1.3.36 ec-code 4.1.3.36 kegg.reaction R04150 metanetx.reaction MNXR102012 rhea 15525;15526;15527;15528 sbo SBO:0000176 seed.reaction rxn02898	Cofactor and vitamin metabolism	Cofactor and vitamin metabolism	metabolite context: coenzyme	HIERARCHICAL_METABOLITE_CONTEXT
NTD1	5'-nucleotidase (dUMP)	Internal metabolic		bigg.reaction NTD1;NTD1m;NTD1pp biocyc META:RXN-14143 brenda 3.1.3.5;3.1.3.89 ec-code 3.1.3.5;3.1.3.89 kegg.reaction R02102 metanetx.reaction MNXR102028 rhea 29355;29356;29357;29358 sbo SBO:0000176 seed.reaction rxn01521;rxn29956	Nucleotide metabolism	Nucleotide metabolism	metabolite context: urid	HIERARCHICAL_METABOLITE_CONTEXT
NTD10	5'-nucleotidase (XMP)	Internal metabolic		bigg.reaction NTD10 biocyc META:XMPXAN-RXN brenda 3.1.3.5 ec-code 3.1.3.5 kegg.reaction R02719 metanetx.reaction MNXR102029 rhea 28530;28531;28532;28533 sbo SBO:0000176 seed.reaction rxn01961	Inorganic ion metabolism	Inorganic ion metabolism	metabolite context: phosphate	HIERARCHICAL_METABOLITE_CONTEXT
NTD11	5'-nucleotidase (IMP)	Internal metabolic		bigg.reaction NTD11 biocyc META:RXN-7607 brenda 3.1.3.5;3.1.3.99 ec-code 3.1.3.5;3.1.3.99 kegg.reaction R01126 metanetx.reaction MNXR102030 reactome R-GGA-421179 rhea 27718;27719;27720;27721 sbo SBO:0000176 seed.reaction rxn00831	Nucleotide metabolism	Nucleotide metabolism	metabolite context: inosine	HIERARCHICAL_METABOLITE_CONTEXT
NTD12	5'-nucleotidase (dIMP)	Internal metabolic		bigg.reaction NTD12;NTD12pp brenda 3.1.3.5 ec-code 3.1.3.5 gpr_status PROVISIONAL kegg.reaction R12958 metanetx.reaction MNXR102031 rhea 29383;29384;29385;29386 sbo SBO:0000176 seed.reaction rxn09010;rxn30042	Nucleotide metabolism	Nucleotide metabolism	metabolite context: inosine	HIERARCHICAL_METABOLITE_CONTEXT
NTD2	5'-nucleotidase (UMP)	Internal metabolic		bigg.reaction NTD2 biocyc META:RXN-14025 brenda 3.1.3.5 ec-code 3.1.3.5 kegg.reaction R00963 metanetx.reaction MNXR102032 rhea 29359;29360;29361;29362 sbo SBO:0000176 seed.reaction rxn00708	Nucleotide metabolism	Nucleotide metabolism	metabolite context: urid	HIERARCHICAL_METABOLITE_CONTEXT
NTD3	5'-nucleotidase (dCMP)	Internal metabolic		bigg.reaction NTD3;NTD3l;NTD3pp biocyc META:RXN0-5292 brenda 3.1.3.5;3.1.3.89 ec-code 3.1.3.5;3.1.3.89 kegg.reaction R01664 metanetx.reaction MNXR102033 rhea 29363;29364;29365;29366 sbo SBO:0000176 seed.reaction rxn01218;rxn29952	Nucleotide metabolism	Nucleotide metabolism	metabolite context: cytid	HIERARCHICAL_METABOLITE_CONTEXT
NTD4	5'-nucleotidase (CMP)	Internal metabolic		bigg.reaction NTD4 biocyc META:RXN-14026 brenda 3.1.3.5;3.1.3.91 ec-code 3.1.3.5;3.1.3.91 kegg.reaction R00511 metanetx.reaction MNXR102034 rhea 29367;29368;29369;29370 sbo SBO:0000176 seed.reaction rxn00363	Nucleotide metabolism	Nucleotide metabolism	metabolite context: cytid	HIERARCHICAL_METABOLITE_CONTEXT
NTD5	5'-nucleotidase (dTMP)	Internal metabolic		bigg.reaction NTD5;NTD5l;NTD5m;NTD5pp biocyc META:THYMIDYLATE-5-PHOSPHATASE-RXN brenda 3.1.3.35;3.1.3.5;3.1.3.89 ec-code 3.1.3.35;3.1.3.5;3.1.3.89 kegg.reaction R01569 metanetx.reaction MNXR102035 rhea 11080;11081;11082;11083 sbo SBO:0000176 seed.reaction rxn01145;rxn29955	Nucleotide metabolism	Nucleotide metabolism	database annotation: thym	HIERARCHICAL_DATABASE_ANNOTATION
NTD6	5'-nucleotidase (dAMP)	Internal metabolic		bigg.reaction NTD6;NTD6l;NTD6pp biocyc META:RXN-14161 brenda 3.1.3.5;3.1.3.89 ec-code 3.1.3.5;3.1.3.89 kegg.reaction R02088 metanetx.reaction MNXR102036 rhea 29371;29372;29373;29374 sbo SBO:0000176 seed.reaction rxn01507;rxn13134;rxn29951;rxn33471;rxn33474	Nucleotide metabolism	Nucleotide metabolism	metabolite context: adenosine	HIERARCHICAL_METABOLITE_CONTEXT
NTD7	5'-nucleotidase (AMP)	Internal metabolic		bigg.reaction NTD7 biocyc META:AMP-DEPHOSPHORYLATION-RXN brenda 3.1.3.5 ec-code 3.1.3.5 kegg.reaction R00183 metanetx.reaction MNXR102037 reactome R-BTA-109415;R-CFA-109415;R-DRE-109415;R-GGA-109415;R-HSA-109415;R-MMU-109415;R-RNO-109415;R-SSC-109415;R-TGU-109415;R-XTR-109415 rhea 29375;29376;29377;29378 sbo SBO:0000176 seed.reaction rxn00132	Nucleotide metabolism	Nucleotide metabolism	metabolite context: adenosine	HIERARCHICAL_METABOLITE_CONTEXT
NTD8	5'-nucleotidase (dGMP)	Internal metabolic		bigg.reaction NTD8 biocyc META:RXN-14142 brenda 3.1.3.5;3.1.3.89 ec-code 3.1.3.5;3.1.3.89 kegg.reaction R01968 metanetx.reaction MNXR102038 rhea 29379;29380;29381;29382 sbo SBO:0000176 seed.reaction rxn01445	Inorganic ion metabolism	Inorganic ion metabolism	metabolite context: phosphate	HIERARCHICAL_METABOLITE_CONTEXT
NTD9	5'-nucleotidase (GMP)	Internal metabolic		bigg.reaction NTD9 biocyc META:RXN-7609 brenda 3.1.3.5 ec-code 3.1.3.5 kegg.reaction R01227 metanetx.reaction MNXR100381 rhea 27714;27715;27716;27717 sbo SBO:0000176 seed.reaction rxn00913	Inorganic ion metabolism	Inorganic ion metabolism	metabolite context: phosphate	HIERARCHICAL_METABOLITE_CONTEXT
NTP1	Nucleoside-triphosphatase (ATP)	Internal metabolic		bigg.reaction NTP1 biocyc META:ATPASE-RXN brenda 3.6.1.15;3.6.1.3;3.6.1.5;3.6.1.8;3.6.3.1;3.6.3.10;3.6.3.11;3.6.3.12;3.6.3.14;3.6.3.15;3.6.3.16;3.6.3.17;3.6.3.18;3.6.3.19;3.6.3.2;3.6.3.20;3.6.3.21;3.6.3.22;3.6.3.23;3.6.3.24;3.6.3.25;3.6.3.26;3.6.3.27;3.6.3.28;3.6.3.29;3.6.3.3;3.6.3.30;3.6.3.31;3.6.3.32;3.6.3.33;3.6.3.34;3.6.3.35;3.6.3.36;3.6.3.37;3.6.3.38;3.6.3.39;3.6.3.4;3.6.3.40;3.6.3.41;3.6.3.42;3.6.3.43;3.6.3.44;3.6.3.46;3.6.3.47;3.6.3.48;3.6.3.49;3.6.3.5;3.6.3.50;3.6.3.51;3.6.3.52;3.6.3.53;3.6.3.54;3.6.3.6;3.6.3.7;3.6.3.8;3.6.3.9;3.6.4.1;3.6.4.10;3.6.4.11;3.6.4.12;3.6.4.13;3.6.4.2;3.6.4.3;3.6.4.4;3.6.4.5;3.6.4.6;3.6.4.7;3.6.4.8;3.6.4.9 ec-code 3.6.1.15;3.6.1.3;3.6.1.5;3.6.1.8;3.6.3.1;3.6.3.10;3.6.3.11;3.6.3.12;3.6.3.14;3.6.3.15;3.6.3.16;3.6.3.17;3.6.3.18;3.6.3.19;3.6.3.2;3.6.3.20;3.6.3.21;3.6.3.22;3.6.3.23;3.6.3.24;3.6.3.25;3.6.3.26;3.6.3.27;3.6.3.28;3.6.3.29;3.6.3.3;3.6.3.30;3.6.3.31;3.6.3.32;3.6.3.33;3.6.3.34;3.6.3.35;3.6.3.36;3.6.3.37;3.6.3.38;3.6.3.39;3.6.3.4;3.6.3.40;3.6.3.41;3.6.3.42;3.6.3.43;3.6.3.44;3.6.3.46;3.6.3.47;3.6.3.48;3.6.3.49;3.6.3.5;3.6.3.50;3.6.3.51;3.6.3.52;3.6.3.53;3.6.3.54;3.6.3.6;3.6.3.7;3.6.3.8;3.6.3.9;3.6.4.1;3.6.4.10;3.6.4.11;3.6.4.12;3.6.4.13;3.6.4.2;3.6.4.3;3.6.4.4;3.6.4.5;3.6.4.6;3.6.4.7;3.6.4.8;3.6.4.9;3.6.1.- gpr_status PROVISIONAL kegg.reaction R00086 metanetx.reaction MNXR96131 rhea 13065;13066;13067;13068 sbo SBO:0000176 seed.reaction rxn00062;rxn09694;rxn11300	Nucleotide metabolism	Nucleotide metabolism	reaction name: nucleoside	HIERARCHICAL_REACTION_NAME
NTP10	Nucleoside-triphosphatase (ITP)	Internal metabolic		bigg.reaction NTP10 biocyc META:RXN0-5073 brenda 3.6.1.5 ec-code 3.6.1.-;3.6.1.5 gpr_status PROVISIONAL kegg.reaction R00719 metanetx.reaction MNXR100892 rhea 28330;28331;28332;28333 sbo SBO:0000176 seed.reaction rxn00513	Nucleotide metabolism	Nucleotide metabolism	reaction name: nucleoside	HIERARCHICAL_REACTION_NAME
NTP3	Nucleoside-triphosphatase (GTP)	Internal metabolic		bigg.reaction NTP3 biocyc META:RXN0-5462 brenda 3.6.1.15;3.6.1.5;3.6.5.1;3.6.5.2;3.6.5.3;3.6.5.4;3.6.5.5;3.6.5.6 ec-code 3.6.1.15;3.6.1.5;3.6.5.1;3.6.5.2;3.6.5.3;3.6.5.4;3.6.5.5;3.6.5.6;3.6.1.-;3.6.5.-;3.6.5.n1 kegg.reaction R00335 metanetx.reaction MNXR102043 rhea 19669;19670;19671;19672 sbo SBO:0000176 seed.reaction rxn00241	Nucleotide metabolism	Nucleotide metabolism	reaction name: nucleoside	HIERARCHICAL_REACTION_NAME
NTP5	Nucleoside-triphosphatase (CTP)	Internal metabolic		bigg.reaction NTP5 biocyc META:RXN-12195 brenda 2.7.7.56;3.6.1.15;3.6.1.5 ec-code 3.6.1.15;3.6.1.5;2.7.7.56;3.6.1.- gpr_status PROVISIONAL kegg.reaction R00569 metanetx.reaction MNXR102045 rhea 29387;29388;29389;29390 sbo SBO:0000176 seed.reaction rxn00408	Nucleotide metabolism	Nucleotide metabolism	reaction name: nucleoside	HIERARCHICAL_REACTION_NAME
NTPP1	Nucleoside triphosphate pyrophosphorylase (dgtp)	Internal metabolic		bigg.reaction NTPP1 biocyc META:RXN0-385 brenda 3.6.1.19;3.6.1.55;3.6.1.8;3.6.1.9 ec-code 3.6.1.-;3.6.1.19;3.6.1.9;3.6.1.55;3.6.1.8 kegg.reaction R01855 metanetx.reaction MNXR102049 rhea 28362;28363;28364;28365 sbo SBO:0000176 seed.reaction rxn01351	Nucleotide metabolism	Nucleotide metabolism	reaction name: nucleoside	HIERARCHICAL_REACTION_NAME
NTPP10	Nucleoside triphosphate pyrophosphorylase (ditp)	Internal metabolic		bigg.reaction NTPP10 biocyc META:RXN0-1602 brenda 3.6.1.66;3.6.1.9 ec-code 3.6.1.-;3.6.1.66;3.6.1.9 kegg.reaction R03531 metanetx.reaction MNXR102050 reactome R-ATH-2509838;R-BTA-2509838;R-CEL-2509838;R-CFA-2509838;R-DDI-2509838;R-DME-2509838;R-DRE-2509838;R-GGA-2509838;R-HSA-2509838;R-MMU-2509838;R-OSA-2509838;R-PFA-2509838;R-RNO-2509838;R-SCE-2509838;R-SPO-2509838;R-SSC-2509838;R-TGU-2509838 rhea 28342;28343;28344;28345 sbo SBO:0000176 seed.reaction rxn02518	Nucleotide metabolism	Nucleotide metabolism	reaction name: nucleoside	HIERARCHICAL_REACTION_NAME
NTPP11	Nucleoside triphosphate pyrophosphorylase (xtp)	Internal metabolic		bigg.reaction NTPP11 biocyc META:RXN0-1603 brenda 3.6.1.66;3.6.1.9 ec-code 3.6.1.-;3.6.1.66;3.6.1.9 kegg.reaction R02720 metanetx.reaction MNXR102051 reactome R-ATH-2509831;R-BTA-2509831;R-CEL-2509831;R-CFA-2509831;R-DDI-2509831;R-DME-2509831;R-DRE-2509831;R-GGA-2509831;R-HSA-2509831;R-MMU-2509831;R-OSA-2509831;R-PFA-2509831;R-RNO-2509831;R-SCE-2509831;R-SPO-2509831;R-SSC-2509831;R-TGU-2509831 rhea 28610;28611;28612;28613 sbo SBO:0000176 seed.reaction rxn01962	Nucleotide metabolism	Nucleotide metabolism	reaction name: nucleoside	HIERARCHICAL_REACTION_NAME
NTPP2	Nucleoside triphosphate pyrophosphorylase (gtp)	Internal metabolic		bigg.reaction NTPP2 biocyc META:RXN-14140 brenda 3.6.1.55;3.6.1.8;3.6.1.9 ec-code 3.6.1.-;3.6.1.8;3.6.1.9;3.6.1.55 kegg.reaction R00426 metanetx.reaction MNXR102052 rhea 29391;29392;29393;29394 sbo SBO:0000176 seed.reaction rxn00301	Nucleotide metabolism	Nucleotide metabolism	reaction name: nucleoside	HIERARCHICAL_REACTION_NAME
NTPP3	Nucleoside triphosphate pyrophosphorylase (dctp)	Internal metabolic		bigg.reaction NTPP3;DCTPDPm;DCTPDPn biocyc META:DCTP-PYROPHOSPHATASE-RXN brenda 3.6.1.12;3.6.1.65;3.6.1.9 ec-code 3.6.1.12;3.6.1.65;3.6.1.9 kegg.reaction R01668 metanetx.reaction MNXR97203 rhea 22636;22637;22638;22639 sbo SBO:0000176 seed.reaction rxn01222	Nucleotide metabolism	Nucleotide metabolism	reaction name: nucleoside	HIERARCHICAL_REACTION_NAME
NTPP4	Nucleoside triphosphate pyrophosphorylase (ctp)	Internal metabolic		bigg.reaction NTPP4 biocyc META:RXN0-383 brenda 3.6.1.55;3.6.1.65;3.6.1.8;3.6.1.9 ec-code 3.6.1.65;3.6.1.8;3.6.1.9;3.6.1.55 kegg.reaction R00515 metanetx.reaction MNXR102053 rhea 27762;27763;27764;27765 sbo SBO:0000176 seed.reaction rxn00367	Nucleotide metabolism	Nucleotide metabolism	reaction name: nucleoside	HIERARCHICAL_REACTION_NAME
NTPP5	Nucleoside triphosphate pyrophosphorylase (datp)	Internal metabolic		bigg.reaction NTPP5;DATPDPm;DATPDPn biocyc META:RXN0-384 brenda 3.6.1.19;3.6.1.9 ec-code 3.6.1.19;3.6.1.9 metanetx.reaction MNXR97173 rhea 28334;28335;28336;28337 sbo SBO:0000176 seed.reaction rxn09013	Nucleotide metabolism	Nucleotide metabolism	reaction name: nucleoside	HIERARCHICAL_REACTION_NAME
NTPP6	Nucleoside triphosphate pyrophosphorylase (atp)	Internal metabolic		bigg.reaction NTPP6 biocyc META:ATP-PYROPHOSPHATASE-RXN brenda 3.6.1.8;3.6.1.9 ec-code 3.6.1.8;3.6.1.9 kegg.reaction R00087 metanetx.reaction MNXR102054 rhea 14245;14246;14247;14248 sbo SBO:0000176 seed.reaction rxn00063;rxn05822	Nucleotide metabolism	Nucleotide metabolism	reaction name: nucleoside	HIERARCHICAL_REACTION_NAME
NTPP7	Nucleoside triphosphate pyrophosphorylase (dttp)	Internal metabolic		bigg.reaction NTPP7;DTTPDPm;DTTPDPn biocyc META:RXN0-5107 brenda 3.6.1.19;3.6.1.8;3.6.1.9 ec-code 3.6.1.19;3.6.1.9;3.6.1.-;3.6.1.8 kegg.reaction R11323 metanetx.reaction MNXR97809 rhea 28534;28535;28536;28537 sbo SBO:0000176 seed.reaction rxn09014	Nucleotide metabolism	Nucleotide metabolism	reaction name: nucleoside	HIERARCHICAL_REACTION_NAME
NTPP8	Nucleoside triphosphate pyrophosphorylase (utp)	Internal metabolic		bigg.reaction NTPP8 biocyc META:RXN-14139 brenda 3.6.1.8;3.6.1.9 ec-code 3.6.1.8;3.6.1.9;3.6.1.- kegg.reaction R00662 metanetx.reaction MNXR102055 rhea 29395;29396;29397;29398 sbo SBO:0000176 seed.reaction rxn00463	Nucleotide metabolism	Nucleotide metabolism	reaction name: nucleoside	HIERARCHICAL_REACTION_NAME
NTPP9	Nucleoside triphosphate pyrophosphorylase (itp)	Internal metabolic		bigg.reaction NTPP9 biocyc META:RXN0-6382 brenda 3.6.1.66;3.6.1.8;3.6.1.9 ec-code 3.6.1.-;3.6.1.8;3.6.1.9;3.6.1.66 kegg.reaction R00720 metanetx.reaction MNXR102056 reactome R-ATH-2509827;R-BTA-2509827;R-CEL-2509827;R-CFA-2509827;R-DDI-2509827;R-DME-2509827;R-DRE-2509827;R-GGA-2509827;R-HSA-2509827;R-MMU-2509827;R-OSA-2509827;R-PFA-2509827;R-RNO-2509827;R-SCE-2509827;R-SPO-2509827;R-SSC-2509827;R-TGU-2509827 rhea 29399;29400;29401;29402 sbo SBO:0000176 seed.reaction rxn00514	Nucleotide metabolism	Nucleotide metabolism	reaction name: nucleoside	HIERARCHICAL_REACTION_NAME
NTPTP1	Nucleoside triphosphate tripolyhydrolase	Internal metabolic		bigg.reaction NTPTP1 biocyc META:DGTPTRIPHYDRO-RXN brenda 3.1.5.1 ec-code 3.1.5.1 kegg.reaction R01856 metanetx.reaction MNXR102057 rhea 15193;15194;15195;15196 sbo SBO:0000176 seed.reaction rxn01352	Nucleotide metabolism	Nucleotide metabolism	reaction name: nucleoside	HIERARCHICAL_REACTION_NAME
NTPTP2	Nucleoside triphosphate tripolyhydrolase	Internal metabolic		bigg.reaction NTPTP2 metanetx.reaction MNXR102058 rhea 30559;30560;30561;30562 sbo SBO:0000176 seed.reaction rxn09016	Nucleotide metabolism	Nucleotide metabolism	reaction name: nucleoside	HIERARCHICAL_REACTION_NAME
NTRIR2x	Nitrite Reductase (NADH)	Internal metabolic		bigg.reaction NTRIR2x biocyc META:RXN-13854 brenda 1.7.1.15;1.7.1.4 ec-code 1.7.1.15;1.7.1.4 gpr_status PROVISIONAL kegg.reaction R00787 metanetx.reaction MNXR102062 rhea 24628;24629;24630;24631 sbo SBO:0000176 seed.reaction rxn00568;rxn11161	Cofactor and vitamin metabolism	Cofactor and vitamin metabolism	reaction name: nad	HIERARCHICAL_REACTION_NAME
NTRIR3pp	Nitrite Reductase (Ubiquinole-8, periplasm)	Transport		bigg.reaction NTRIR3pp metanetx.reaction MNXR102064 rhea 29155;29156;29157;29158 sbo SBO:0000185 seed.reaction rxn09018	Energy metabolism / respiration	Energy metabolism / respiration	reaction name: quinol	TRANSPORT_SUBSTRATE_REACTION_NAME
O2Stex	Superoxide anion transport via diffusion (extracellular to periplasm)	Transport		bigg.reaction O2Stex metanetx.reaction MNXR102089 reactome R-HSA-1222342 sbo SBO:0000185	Energy metabolism / respiration	Energy metabolism / respiration	reaction name: superoxide	TRANSPORT_SUBSTRATE_REACTION_NAME
O2tex	Oxygen transport via diffusion (extracellular to periplasm)	Transport		bigg.reaction O2tex biocyc META:TRANS-RXN0-474 metanetx.reaction MNXR102090 sbo SBO:0000185 seed.reaction rxn05468;rxn09031;rxn09032;rxn09641;rxn09734	Energy metabolism / respiration	Energy metabolism / respiration	transported substrate: oxygen	TRANSPORT_SUBSTRATE_CURATED_RULE
O2tpp	O2 transport via diffusion (periplasm)	Transport		bigg.reaction O2tpp biocyc META:TRANS-RXN0-474 metanetx.reaction MNXR102090 sbo SBO:0000185 seed.reaction rxn05468;rxn09031;rxn09032;rxn09641;rxn09734	Energy metabolism / respiration	Energy metabolism / respiration	transported substrate: o2	TRANSPORT_SUBSTRATE_CURATED_RULE
OAADC	Oxaloacetate decarboxylase	Internal metabolic		bigg.reaction OAADC;OAADCm biocyc META:OXALODECARB-RXN brenda 1.1.1.38;1.1.1.40;4.1.1.112;4.1.1.3;4.1.2.14;7.2.4.2 ec-code 1.1.1.38;1.1.1.40;4.1.1.3;4.1.2.14;7.2.4.2;4.1.1.112 kegg.reaction R00217 metanetx.reaction MNXR102097 rhea 15641;15642;15643;15644 sbo SBO:0000176 seed.reaction rxn00162	Central carbon metabolism	Central carbon metabolism	reaction name: oxaloacetate	HIERARCHICAL_REACTION_NAME
OAADCS	Oxaloacetate decarboxylase sodium pump	Transport		bigg.reaction OAADCS gpr_status PROVISIONAL metanetx.reaction MNXR102098 sbo SBO:0000185	Central carbon metabolism	Central carbon metabolism	transported substrate: acetate	TRANSPORT_SUBSTRATE_CURATED_RULE
OARGDC	Oxoarginine decarboxylase	Internal metabolic		bigg.reaction OARGDC biocyc META:4.1.1.75-RXN brenda 4.1.1.75 ec-code 4.1.1.75 kegg.reaction R03178 metanetx.reaction MNXR102132 rhea 11340;11341;11342;11343 sbo SBO:0000176 seed.reaction rxn02274;rxn02817	Amino acid metabolism	Amino acid metabolism	reaction name: arginine	HIERARCHICAL_REACTION_NAME
OBDHc	2-Oxobutanoate dehydrogenase, cytosolic	Internal metabolic		bigg.reaction OBDHc biocyc META:RXN-7790 metanetx.reaction MNXR102133 rhea 33223;33224;33225;33226 sbo SBO:0000176 seed.reaction rxn12777	Energy metabolism / respiration	Energy metabolism / respiration	reaction name: hydrogenase	HIERARCHICAL_REACTION_NAME
OCBT	Ornithine carbamoyltransferase	Internal metabolic		bigg.reaction OCBT;OCBT2i;OCBTm biocyc META:ORNCARBAMTRANSFER-RXN;META:RXN-13482 brenda 2.1.3.3 ec-code 2.1.3.3 kegg.reaction R01398 metanetx.reaction MNXR102137 reactome R-ATH-70560;R-BTA-70560;R-CFA-70560;R-DRE-70560;R-GGA-187588;R-GGA-70560;R-HSA-70560;R-MMU-70560;R-OSA-70560;R-RNO-70560;R-SCE-70560;R-SPO-70560;R-SSC-70560;R-TGU-70560;R-XTR-70560 rhea 19513;19514;19515;19516 sbo SBO:0000176 seed.reaction rxn01019;rxn20493;rxn28051	Amino acid metabolism	Amino acid metabolism	reaction name: ornithine	HIERARCHICAL_REACTION_NAME
OCBT2i	Ornithine carbamoyltransferase  catabolic	Internal metabolic		bigg.reaction OCBT2i;OCBT;OCBTm biocyc META:ORNCARBAMTRANSFER-RXN brenda 2.1.3.3 ec-code 2.1.3.3 kegg.reaction R01398 metanetx.reaction MNXR102137 rhea 19513 sbo SBO:0000176 seed.reaction rxn01019;rxn20493;rxn28051	Amino acid metabolism	Amino acid metabolism	reaction name: ornithine	HIERARCHICAL_REACTION_NAME
OCBT_2	Ornithine carbamoyltransferase	Internal metabolic		bigg.reaction OCBT_2;OCBT;OCBT2i;OCBTm biocyc META:ORNCARBAMTRANSFER-RXN brenda 2.1.3.3 ec-code 2.1.3.3 kegg.reaction R01398 metanetx.reaction MNXR102137 rhea 19513 sbo SBO:0000176 seed.reaction rxn01019;rxn20493;rxn28051	Amino acid metabolism	Amino acid metabolism	reaction name: ornithine	HIERARCHICAL_REACTION_NAME
OCDCAtexi	Octadecanoate transport via facilitated irreversible diffusion (extracellular to periplasm)	Transport		bigg.reaction OCDCAtexi metanetx.reaction MNXR99109 rhea 39807;39808;39809;39810 sbo SBO:0000185 seed.reaction rxn09034;rxn09669	Lipid metabolism	Lipid metabolism	transported substrate: decanoate	TRANSPORT_SUBSTRATE_CURATED_RULE
OCDCEAtexi	Octadecenoate (n-C18:1) transport via facilitated irreversible diffusion (extracellular to periplasm)	Transport		bigg.reaction OCDCEAtexi metanetx.reaction MNXR99110 rhea 33655;33656;33657;33658 sbo SBO:0000185	Lipid metabolism	Lipid metabolism	transported substrate: octadecenoate	TRANSPORT_SUBSTRATE_CURATED_RULE
OCOAT1	3-oxoacid CoA-transferase (Succinyl-CoA: acetoacetate)	Internal metabolic		bigg.reaction OCOAT1 biocyc META:RXNI-2 brenda 2.8.3.5 ec-code 2.8.3.5 gpr_status PROVISIONAL kegg.reaction R00410 metanetx.reaction MNXR102148 reactome R-BTA-74177;R-CEL-74177;R-CFA-74177;R-DDI-74177;R-DME-74177;R-DRE-74177;R-GGA-74177;R-HSA-74177;R-MMU-74177;R-RNO-74177;R-SSC-74177;R-TGU-74177;R-XTR-74177 rhea 25480;25481;25482;25483 sbo SBO:0000176 seed.reaction rxn00290	Central carbon metabolism	Central carbon metabolism	metabolite context: acetyl-coa	HIERARCHICAL_METABOLITE_CONTEXT
OCOAT4	3 oxoacid CoA transferase  Succinyl CoA dehydrocarnitine	Internal metabolic		bigg.reaction OCOAT4 metanetx.reaction MNXR160151 sbo SBO:0000176	Central carbon metabolism	Central carbon metabolism	metabolite context: succinate	HIERARCHICAL_METABOLITE_CONTEXT
OCTAtex	Octanoate transport via diffusion (extracellular to periplasm)	Transport		bigg.reaction OCTAtex biocyc META:TRANS-RXN0-272 metanetx.reaction MNXR99126 rhea 29759;29760;29761;29762 sbo SBO:0000185 seed.reaction rxn09036;rxn09840	Lipid metabolism	Lipid metabolism	transported substrate: octanoate	TRANSPORT_SUBSTRATE_CURATED_RULE
OCTDPS	Octaprenyl pyrophosphate synthase	Internal metabolic		bigg.reaction OCTDPS biocyc META:RXN-8992 brenda 2.5.1.90 ec-code 2.5.1.90 kegg.reaction R09248 metanetx.reaction MNXR102153 rhea 27798;27799;27800;27801 sbo SBO:0000176 seed.reaction rxn09037	Inorganic ion metabolism	Inorganic ion metabolism	reaction name: phosphate	HIERARCHICAL_REACTION_NAME
OHPBAT	O-Phospho-4-hydroxy-L-threonine:2-oxoglutarate aminotransferase	Internal metabolic		bigg.reaction OHPBAT biocyc META:PSERTRANSAMPYR-RXN brenda 2.6.1.52 ec-code 2.6.1.52 kegg.reaction R05085 metanetx.reaction MNXR102169 rhea 16573;16574;16575;16576 sbo SBO:0000176 seed.reaction rxn03445;rxn20631;rxn28103	Amino acid metabolism	Amino acid metabolism	reaction name: threonine	HIERARCHICAL_REACTION_NAME
OIVD1r	2-oxoisovalerate dehydrogenase (acylating; 4-methyl-2-oxopentaoate)	Internal metabolic		bigg.reaction OIVD1r biocyc META:2KETO-4METHYL-PENTANOATE-DEHYDROG-RXN brenda 1.2.1.25 ec-code 1.2.1.-;1.2.1.25 kegg.reaction R01651 metanetx.reaction MNXR102172 rhea 25177;25178;25179;25180 sbo SBO:0000176 seed.reaction rxn01207	Energy metabolism / respiration	Energy metabolism / respiration	reaction name: hydrogenase	HIERARCHICAL_REACTION_NAME
OIVD2	2-oxoisovalerate dehydrogenase (acylating; 3-methyl-2-oxobutanoate)	Internal metabolic		bigg.reaction OIVD2 biocyc META:1.2.1.25-RXN brenda 1.2.1.25 ec-code 1.2.1.25 kegg.reaction R01210 metanetx.reaction MNXR102173 rhea 13997;13998;13999;14000 sbo SBO:0000176 seed.reaction rxn00899	Energy metabolism / respiration	Energy metabolism / respiration	reaction name: hydrogenase	HIERARCHICAL_REACTION_NAME
OIVD3	2-oxoisovalerate dehydrogenase (acylating; 3-methyl-2-oxopentanoate)	Internal metabolic		bigg.reaction OIVD3 biocyc META:2KETO-3METHYLVALERATE-RXN brenda 1.2.1.25 ec-code 1.2.1.-;1.2.1.25 metanetx.reaction MNXR102174 rhea 30907;30908;30909;30910 sbo SBO:0000176 seed.reaction rxn02269	Energy metabolism / respiration	Energy metabolism / respiration	reaction name: hydrogenase	HIERARCHICAL_REACTION_NAME
OMCDC	2-Oxo-4-methyl-3-carboxypentanoate decarboxylation	Internal metabolic		bigg.reaction OMCDC;OMCDCm biocyc META:RXN-7800 brenda 1.1.1.41;1.1.1.85 ec-code 1.1.1.85;1.1.1.41 kegg.reaction R01652 metanetx.reaction MNXR102180 rhea 25078;25079;25080;25081 sbo SBO:0000176 seed.reaction rxn01208;rxn30417;rxn33725	Other curated	Other curated	named biochemical reaction without controlled-category match	NAMED_REACTION_FALLBACK
OMPDC	Orotidine-5'-phosphate decarboxylase	Internal metabolic		bigg.reaction OMPDC biocyc META:OROTPDECARB-RXN brenda 4.1.1.23 ec-code 4.1.1.23 kegg.reaction R00965 metanetx.reaction MNXR102190 reactome R-ATH-73564;R-BTA-73564;R-CEL-73564;R-CFA-73564;R-DDI-73564;R-DME-73564;R-DRE-73564;R-GGA-419461;R-GGA-73564;R-HSA-73564;R-MMU-73564;R-OSA-73564;R-PFA-73564;R-RNO-73564;R-SCE-73564;R-SPO-73564;R-SSC-73564;R-TGU-73564;R-XTR-73564 rhea 11596;11597;11598;11599 sbo SBO:0000176 seed.reaction rxn00710	Inorganic ion metabolism	Inorganic ion metabolism	reaction name: phosphate	HIERARCHICAL_REACTION_NAME
OPHBDC	Octaprenyl-hydroxybenzoate decarboxylase	Internal metabolic		bigg.reaction OPHBDC biocyc META:3-OCTAPRENYL-4-OHBENZOATE-DECARBOX-RXN brenda 2.5.1.129;4.1.1.98 ec-code 4.1.1.98;2.5.1.129 kegg.reaction R04986 metanetx.reaction MNXR102201 rhea 27778;27779;27780;27781 sbo SBO:0000176 seed.reaction rxn03393	PHB / storage metabolism	PHB / storage metabolism	database annotation: phb	HIERARCHICAL_DATABASE_ANNOTATION
OPHHX	2-Octaprenylphenol hydroxylase	Internal metabolic		bigg.reaction OPHHX metanetx.reaction MNXR102203 sbo SBO:0000176 seed.reaction rxn09044;rxn12225	Cofactor and vitamin metabolism	Cofactor and vitamin metabolism	curated reaction-ID mapping	CURATED_ID_OVERRIDE
ORNCD	Ornithine cyclodeaminase	Internal metabolic		bigg.reaction ORNCD biocyc META:ORNITHINE-CYCLODEAMINASE-RXN brenda 4.3.1.12 ec-code 4.3.1.12 kegg.reaction R00671 metanetx.reaction MNXR102218 rhea 24368;24369;24370;24371 sbo SBO:0000176 seed.reaction rxn00471;rxn20495	Amino acid metabolism	Amino acid metabolism	database annotation: ornithine	HIERARCHICAL_DATABASE_ANNOTATION
ORNCD_1	Ornithine cyclodeaminase	Internal metabolic		bigg.reaction ORNCD_1 brenda 4.3.1.12 ec-code 4.3.1.12 gpr_status PROVISIONAL metanetx.reaction MNXR102218 sbo SBO:0000176	Amino acid metabolism	Amino acid metabolism	reaction name: ornithine	HIERARCHICAL_REACTION_NAME
ORNTAC	Ornithine transacetylase	Internal metabolic		bigg.reaction ORNTAC;GACT_h;ORNTACim biocyc META:GLUTAMATE-N-ACETYLTRANSFERASE-RXN brenda 2.3.1.1;2.3.1.35 ec-code 2.3.1.35;2.3.1.1 kegg.reaction R02282 metanetx.reaction MNXR102221 rhea 15349;15350;15351;15352 sbo SBO:0000176 seed.reaction rxn01636;rxn38121	Amino acid metabolism	Amino acid metabolism	database annotation: glutamate	HIERARCHICAL_DATABASE_ANNOTATION
ORNabcpp	Ornithine transport via ABC system (periplasm)	Transport		bigg.reaction ORNabcpp biocyc META:ABC-37-RXN ec-code 3.6.3.21 gpr_status PROVISIONAL metanetx.reaction MNXR102222 rhea 29883;29884;29885;29886 sbo SBO:0000185 seed.reaction rxn05156;rxn09046	Nucleotide metabolism	Nucleotide metabolism	database annotation: rna	TRANSPORT_SUBSTRATE_DATABASE_ANNOTATION
ORNt	Ornithine transport via diffusion	Transport		bigg.reaction ORNt biocyc META:TRANS-RXN-230 metanetx.reaction MNXR102223 sbo SBO:0000185 seed.reaction rxn09048;rxn10824	Amino acid metabolism	Amino acid metabolism	reaction name: ornithine	TRANSPORT_SUBSTRATE_REACTION_NAME
ORNtex	Ornithine transport via diffusion (extracellular to periplasm)	Transport		bigg.reaction ORNtex biocyc META:TRANS-RXN-230 metanetx.reaction MNXR102223 sbo SBO:0000185 seed.reaction rxn09048;rxn10824	Amino acid metabolism	Amino acid metabolism	reaction name: ornithine	TRANSPORT_SUBSTRATE_REACTION_NAME
ORPT	Orotate phosphoribosyltransferase	Internal metabolic		bigg.reaction ORPT biocyc META:OROPRIBTRANS-RXN brenda 2.4.2.10 ec-code 2.4.2.10 kegg.reaction R01870 metanetx.reaction MNXR102231 reactome R-ATH-73567;R-BTA-73567;R-CEL-73567;R-CFA-73567;R-DDI-73567;R-DME-73567;R-DRE-73567;R-GGA-419462;R-GGA-73567;R-HSA-73567;R-MMU-73567;R-OSA-73567;R-PFA-73567;R-RNO-73567;R-SCE-73567;R-SPO-73567;R-SSC-73567;R-TGU-73567;R-XTR-73567 rhea 10380;10381;10382;10383 sbo SBO:0000176 seed.reaction rxn01362	Nucleotide metabolism	Nucleotide metabolism	reaction name: phosphoribosyl	HIERARCHICAL_REACTION_NAME
OXADC	Oxalate decarboxylase	Internal metabolic		bigg.reaction OXADC;OXADCm biocyc META:OXALATE-DECARBOXYLASE-RXN brenda 4.1.1.2 ec-code 4.1.1.2 kegg.reaction R00522 metanetx.reaction MNXR102233 rhea 16509;16510;16511;16512 sbo SBO:0000176 seed.reaction rxn00373;rxn34248	Other curated	Other curated	named biochemical reaction without controlled-category match	NAMED_REACTION_FALLBACK
OXGDC2	2-oxoglutarate decarboxylase	Internal metabolic		bigg.reaction OXGDC2 brenda 2.2.1.9;4.1.1.71 ec-code 4.1.1.71;2.2.1.9 gpr_status PROVISIONAL metanetx.reaction MNXR102244 sbo SBO:0000176 seed.reaction rxn00442	Central carbon metabolism	Central carbon metabolism	metabolite context: succinate	HIERARCHICAL_METABOLITE_CONTEXT
OXOADLR	2 Oxoadipatelipoamde 2 oxidoreductase decarboxylating and acceptor succinylating	Internal metabolic		bigg.reaction OXOADLR brenda 1.2.4.2;2.3.1.61 ec-code 1.2.4.2;2.3.1.61 gpr_status PROVISIONAL metanetx.reaction MNXR102246 sbo SBO:0000176 seed.reaction rxn01424;rxn11955	Other curated	Other curated	named biochemical reaction without controlled-category match	NAMED_REACTION_FALLBACK
OXPTNDH	Glutarate-semialdehyde:NAD+ oxidoreductase	Internal metabolic		bigg.reaction OXPTNDH biocyc META:GLUTARATE-SEMIALDEHYDE-DEHYDROGENASE-RXN brenda 1.2.1.16;1.2.1.20 ec-code 1.2.1.20;1.2.1.16 gpr_status PROVISIONAL kegg.reaction R02401 metanetx.reaction MNXR102248 rhea 12064;12065;12066;12067 sbo SBO:0000176 seed.reaction rxn01729	Energy metabolism / respiration	Energy metabolism / respiration	database annotation: hydrogenase	HIERARCHICAL_DATABASE_ANNOTATION
P5CD	1-pyrroline-5-carboxylate dehydrogenase	Internal metabolic		bigg.reaction P5CD;P5CDm biocyc META:PYRROLINECARBDEHYDROG-RXN brenda 1.2.1.88;1.5.1.12;1.5.5.2 ec-code 1.2.1.88;1.5.1.12;1.5.5.2 kegg.reaction R00707 metanetx.reaction MNXR102301 rhea 16417;16418;16419;16420 sbo SBO:0000176 seed.reaction rxn00503;rxn20649;rxn32901	Energy metabolism / respiration	Energy metabolism / respiration	reaction name: hydrogenase	HIERARCHICAL_REACTION_NAME
P5CR	Pyrroline-5-carboxylate reductase	Internal metabolic		bigg.reaction P5CR;P5CRm;PRO1y brenda 1.5.1.2 ec-code 1.5.1.2 kegg.reaction R01251 metanetx.reaction MNXR102302 reactome R-ATH-6783955;R-BTA-6783955;R-CEL-6783955;R-CFA-6783955;R-DDI-6783955;R-DME-6783955;R-DRE-6783955;R-GGA-6783955;R-HSA-6783955;R-MMU-6783955;R-OSA-6783955;R-PFA-6783955;R-RNO-6783955;R-SCE-6783955;R-SPO-6783955;R-TGU-6783955 rhea 14109;14110;14111;14112 sbo SBO:0000176 seed.reaction rxn00931;rxn28114;rxn33946;rxn38909	Amino acid metabolism	Amino acid metabolism	metabolite context: proline	HIERARCHICAL_METABOLITE_CONTEXT
PA120abcpp	Phosphatidate transport via ABC system (n-C12:0, periplasm)	Transport		bigg.reaction PA120abcpp gpr_status PROVISIONAL metanetx.reaction MNXR102304 sbo SBO:0000185 seed.reaction rxn09053	Carbohydrate metabolism	Carbohydrate metabolism	transported substrate: glycerol	TRANSPORT_SUBSTRATE_CURATED_RULE
PA160abcpp	Phosphatidate transport via ABC system (n-C16:0, periplasm)	Transport		bigg.reaction PA160abcpp gpr_status PROVISIONAL metanetx.reaction MNXR102307 sbo SBO:0000185 seed.reaction rxn09056	Carbohydrate metabolism	Carbohydrate metabolism	transported substrate: glycerol	TRANSPORT_SUBSTRATE_CURATED_RULE
PA161abcpp	Phosphatidate transport via ABC system (n-C16:1, periplasm)	Transport		bigg.reaction PA161abcpp gpr_status PROVISIONAL metanetx.reaction MNXR102308 sbo SBO:0000185 seed.reaction rxn09057	Carbohydrate metabolism	Carbohydrate metabolism	transported substrate: glycerol	TRANSPORT_SUBSTRATE_CURATED_RULE
PA180abcpp	Phosphatidate transport via ABC system (n-C18:0, periplasm)	Transport		bigg.reaction PA180abcpp gpr_status PROVISIONAL metanetx.reaction MNXR102309 sbo SBO:0000185 seed.reaction rxn09058	Carbohydrate metabolism	Carbohydrate metabolism	transported substrate: glycerol	TRANSPORT_SUBSTRATE_CURATED_RULE
PA181abcpp	Phosphatidate transport via ABC system (n-C18:1, periplasm)	Transport		bigg.reaction PA181abcpp gpr_status PROVISIONAL metanetx.reaction MNXR102310 sbo SBO:0000185 seed.reaction rxn09059	Carbohydrate metabolism	Carbohydrate metabolism	transported substrate: glycerol	TRANSPORT_SUBSTRATE_CURATED_RULE
PACALDt	Phenylacetaldehyde transport  extracellular	Transport		bigg.reaction PACALDt biocyc META:TRANS-RXN0-284 metanetx.reaction MNXR102312 sbo SBO:0000185 seed.reaction rxn09061;rxn13373;rxn13374	Central carbon metabolism	Central carbon metabolism	transported substrate: acetaldehyde	TRANSPORT_SUBSTRATE_CURATED_RULE
PACALDtex	Phenethylacetaldehyde transport via diffusion (extracellular to periplasm)	Transport		bigg.reaction PACALDtex biocyc META:TRANS-RXN0-284 metanetx.reaction MNXR102312 sbo SBO:0000185 seed.reaction rxn09061;rxn13373;rxn13374	Central carbon metabolism	Central carbon metabolism	transported substrate: acetaldehyde	TRANSPORT_SUBSTRATE_CURATED_RULE
PACPT_1	PACPT_1	Internal metabolic		bigg.reaction PACPT_1 brenda 6.2.1.1 ec-code 6.2.1.1 gpr_status PROVISIONAL sbo SBO:0000176	Nucleotide metabolism	Nucleotide metabolism	metabolite context: adenylate	HIERARCHICAL_METABOLITE_CONTEXT
PACt1	Phenylacetic acid transport via outer membrane porin	Transport		bigg.reaction PACt1 metanetx.reaction MNXR102320 sbo SBO:0000185 seed.reaction rxn11336;rxn12774	Other curated	Other curated	transport chemistry present but substrate class is outside the controlled categories	TRANSPORT_OTHER_CURATED
PALDP	Phosphonoacetaldehyde hydrolase	Internal metabolic		bigg.reaction PALDP brenda 3.11.1.1 ec-code 3.11.1.1 gpr_status PROVISIONAL metanetx.reaction MNXR160221 sbo SBO:0000176	Inorganic ion metabolism	Inorganic ion metabolism	metabolite context: phosphate	HIERARCHICAL_METABOLITE_CONTEXT
PANTS	Pantothenate synthase	Internal metabolic		bigg.reaction PANTS;PANTS_m biocyc META:PANTOATE-BETA-ALANINE-LIG-RXN brenda 6.3.2.1 ec-code 6.3.2.1 kegg.reaction R02473 metanetx.reaction MNXR102345 rhea 10912;10913;10914;10915 sbo SBO:0000176 seed.reaction rxn01791	Amino acid metabolism	Amino acid metabolism	database annotation: alanine	HIERARCHICAL_DATABASE_ANNOTATION
PAPA120	Phosphatidate phosphatase (n-C12:0)	Internal metabolic		bigg.reaction PAPA120;PAPA120pp metanetx.reaction MNXR102347 sbo SBO:0000176	Lipid metabolism	Lipid metabolism	reaction name: phosphatid	HIERARCHICAL_REACTION_NAME
PAPA140pp	Phosphatidate phosphatase (periplasmic, n-C14:0)	Internal metabolic		bigg.reaction PAPA140pp;PAPA140 metanetx.reaction MNXR102348 sbo SBO:0000176	Lipid metabolism	Lipid metabolism	reaction name: phosphatid	HIERARCHICAL_REACTION_NAME
PAPA141	Phosphatidate phosphatase (n-C14:1)	Internal metabolic		bigg.reaction PAPA141;PAPA141pp metanetx.reaction MNXR102349 sbo SBO:0000176	Lipid metabolism	Lipid metabolism	reaction name: phosphatid	HIERARCHICAL_REACTION_NAME
PAPA160pp	Phosphatidate phosphatase (periplasmic, n-C16:0)	Internal metabolic		bigg.reaction PAPA160pp;PAPA160;PAPA160h ec-code 3.1.3.4 metanetx.reaction MNXR102350 sbo SBO:0000176	Lipid metabolism	Lipid metabolism	reaction name: phosphatid	HIERARCHICAL_REACTION_NAME
PAPA161	Phosphatidate phosphatase (n-C16:1)	Internal metabolic		bigg.reaction PAPA161;PAPA161pp;PAPA_HDE_HDE_h metanetx.reaction MNXR102353 sbo SBO:0000176	Lipid metabolism	Lipid metabolism	reaction name: phosphatid	HIERARCHICAL_REACTION_NAME
PAPA180pp	Phosphatidate phosphatase (periplasmic, n-C18:0)	Internal metabolic		bigg.reaction PAPA180pp;PAPA180 metanetx.reaction MNXR102354 sbo SBO:0000176	Lipid metabolism	Lipid metabolism	reaction name: phosphatid	HIERARCHICAL_REACTION_NAME
PAPA181pp	Phosphatidate phosphatase (periplasmic, n-C18:1)	Internal metabolic		bigg.reaction PAPA181pp;PAPA181 metanetx.reaction MNXR102356 sbo SBO:0000176	Lipid metabolism	Lipid metabolism	reaction name: phosphatid	HIERARCHICAL_REACTION_NAME
PAPPT3	Phospho-N-acetylmuramoyl-pentapeptide-transferase (meso-2,6-diaminopimelate)	Internal metabolic		bigg.reaction PAPPT3 brenda 2.7.8.13 ec-code 2.7.8.13 metanetx.reaction MNXR102373 sbo SBO:0000176 seed.reaction rxn03904	Cell envelope / membrane biosynthesis	Cell envelope / membrane biosynthesis	reaction name: diaminopimelate	HIERARCHICAL_REACTION_NAME
PAPSR	Phosphoadenylyl-sulfate reductase (thioredoxin)	Internal metabolic		bigg.reaction PAPSR biocyc META:1.8.4.8-RXN brenda 1.8.4.8 ec-code 1.8.4.8 gpr_status PROVISIONAL kegg.reaction R02021 metanetx.reaction MNXR102376 sbo SBO:0000176 seed.reaction rxn05239	Energy metabolism / respiration	Energy metabolism / respiration	reaction name: thioredoxin	HIERARCHICAL_REACTION_NAME
PAPSR2	Phosphoadenylyl-sulfate reductase (glutaredoxin)	Internal metabolic		bigg.reaction PAPSR2 brenda 1.8.4.8 ec-code 1.8.4.8 gpr_status PROVISIONAL metanetx.reaction MNXR102377 sbo SBO:0000176 seed.reaction rxn09069	Energy metabolism / respiration	Energy metabolism / respiration	reaction name: glutaredoxin	HIERARCHICAL_REACTION_NAME
PC2DHG	PC2DHG	Internal metabolic		bigg.reaction PC2DHG brenda 2.1.1.107 ec-code 2.1.1.107 gpr_status PROVISIONAL sbo SBO:0000176	Nucleotide metabolism	Nucleotide metabolism	metabolite context: nucleotide	HIERARCHICAL_METABOLITE_CONTEXT
PDC	PDC	Internal metabolic		bigg.reaction PDC;PDCh;PDCm kegg.reaction R00755 metanetx.reaction MNXR102421 sbo SBO:0000176 seed.reaction rxn00544;rxn31364;rxn31365	Cofactor and vitamin metabolism	Cofactor and vitamin metabolism	metabolite context: thiam	HIERARCHICAL_METABOLITE_CONTEXT
PDE1	3',5'-cyclic-nucleotide phosphodiesterase	Internal metabolic		bigg.reaction PDE1;APNn;PDE1g biocyc META:RXN0-5038 brenda 3.1.4.17;3.1.4.53 ec-code 3.1.4.17;3.1.4.53 gpr_status PROVISIONAL kegg.reaction R00191 metanetx.reaction MNXR95886 reactome R-BTA-111955;R-BTA-111962;R-BTA-162425;R-BTA-418553;R-CEL-111955;R-CEL-111962;R-CEL-162425;R-CEL-418553;R-CFA-111955;R-CFA-111962;R-CFA-162425;R-CFA-418553;R-DDI-111955;R-DDI-418553;R-DME-111955;R-DME-111962;R-DME-418553;R-DRE-111955;R-DRE-111962;R-DRE-162425;R-DRE-418553;R-GGA-111955;R-GGA-111962;R-GGA-162425;R-GGA-418553;R-HSA-111955;R-HSA-111962;R-HSA-162425;R-HSA-418553;R-MMU-111955;R-MMU-111962;R-MMU-162425;R-MMU-418553;R-PFA-418553;R-RNO-111955;R-RNO-111962;R-RNO-162425;R-RNO-418553;R-SSC-111955;R-SSC-111962;R-SSC-162425;R-SSC-418553;R-TGU-111955;R-TGU-111962;R-TGU-162425;R-TGU-418553;R-XTR-111955;R-XTR-111962;R-XTR-162425;R-XTR-418553 rhea 25277;25278;25279;25280 sbo SBO:0000176 seed.reaction rxn00140;rxn35432	Nucleotide metabolism	Nucleotide metabolism	reaction name: nucleotide	HIERARCHICAL_REACTION_NAME
PDE4	3',5'-cyclic-nucleotide phosphodiesterase	Internal metabolic		bigg.reaction PDE4 biocyc META:35-CYCLIC-GMP-PHOSPHODIESTERASE-RXN brenda 3.1.4.17;3.1.4.35 ec-code 3.1.4.17;3.1.4.35 kegg.reaction R01234 metanetx.reaction MNXR100078 rhea 16957;16958;16959;16960 sbo SBO:0000176 seed.reaction rxn00920	Nucleotide metabolism	Nucleotide metabolism	reaction name: nucleotide	HIERARCHICAL_REACTION_NAME
PDH	Pyruvate dehydrogenase	Internal metabolic		bigg.reaction PDH biocyc META:PYRUVDEH-RXN brenda 1.2.1.51;1.2.4.1;1.8.1.4;2.3.1.12 ec-code 1.2.1.-;1.2.1.51;1.2.4.1;1.8.1.4;2.3.1.12 kegg.reaction R00209 metanetx.reaction MNXR102425 reactome R-ATH-71397;R-BTA-71397;R-CEL-71397;R-CFA-71397;R-DDI-71397;R-DME-71397;R-DRE-71397;R-GGA-373177;R-GGA-71397;R-HSA-71397;R-MMU-71397;R-OSA-71397;R-RNO-71397;R-SCE-71397;R-SPO-71397;R-SSC-71397;R-TGU-71397;R-XTR-71397 rhea 28042;28043;28044;28045 sbo SBO:0000176 seed.reaction rxn00154	Energy metabolism / respiration	Energy metabolism / respiration	reaction name: hydrogenase	HIERARCHICAL_REACTION_NAME
PDHa	Pyruvate dehydrogenase (lipoamide)	Internal metabolic		bigg.reaction PDHa brenda 1.2.4.1 ec-code 1.2.4.1 metanetx.reaction MNXR102427 sbo SBO:0000176 seed.reaction rxn01242	Energy metabolism / respiration	Energy metabolism / respiration	reaction name: hydrogenase	HIERARCHICAL_REACTION_NAME
PDHbr	Pyruvate dehydrogenase (dihydrolipoamide) reversible	Internal metabolic		bigg.reaction PDHbr biocyc META:DIHYDLIPACETRANS-RXN brenda 2.3.1.12;2.3.1.168 ec-code 2.3.1.12;2.3.1.168 metanetx.reaction MNXR102430 sbo SBO:0000176 seed.reaction rxn01871	Energy metabolism / respiration	Energy metabolism / respiration	reaction name: hydrogenase	HIERARCHICAL_REACTION_NAME
PDHcr	Pyruvate dehydrogenase (dihydrolipoamide dehydrogenase) reversible	Internal metabolic		bigg.reaction PDHcr;GCC2cm;PDHe3hr biocyc META:RXN-18331 brenda 1.8.1.4 ec-code 1.8.1.-;1.8.1.4 kegg.reaction R01698 metanetx.reaction MNXR100066 rhea 33059;33060;33061;33062 sbo SBO:0000176 seed.reaction rxn01241;rxn27791;rxn27792;rxn38078	Energy metabolism / respiration	Energy metabolism / respiration	reaction name: hydrogenase	HIERARCHICAL_REACTION_NAME
PDX5POi	Pyridoxine 5'-phosphate oxidase	Internal metabolic		bigg.reaction PDX5POi biocyc META:PNPOXI-RXN brenda 1.4.3.5 ec-code 1.4.3.5 kegg.reaction R00278 metanetx.reaction MNXR102438 reactome R-BTA-965019;R-CEL-965019;R-CFA-965019;R-DDI-965019;R-DME-965019;R-DRE-965019;R-GGA-965019;R-HSA-965019;R-MMU-965019;R-RNO-965019;R-SCE-965019;R-SPO-965019;R-SSC-965019;R-XTR-965019 rhea 15149;15150;15151;15152 sbo SBO:0000176 seed.reaction rxn00209;rxn38693	Energy metabolism / respiration	Energy metabolism / respiration	reaction name: oxidase	HIERARCHICAL_REACTION_NAME
PDX5PS	Pyridoxine 5'-phosphate synthase	Internal metabolic		bigg.reaction PDX5PS brenda 1.1.1.262 ec-code 1.1.1.262 metanetx.reaction MNXR102439 sbo SBO:0000176 seed.reaction rxn09072	Cofactor and vitamin metabolism	Cofactor and vitamin metabolism	reaction name: pyridox	HIERARCHICAL_REACTION_NAME
PDYXPT_c	Pyridoxamine-pyruvic transaminase	Internal metabolic		bigg.reaction PDYXPT_c biocyc META:2.6.1.30-RXN kegg.reaction R01712 metanetx.reaction MNXR107138 rhea 12841 sbo SBO:0000176 seed.reaction rxn01253	Cofactor and vitamin metabolism	Cofactor and vitamin metabolism	reaction name: pyridox	HIERARCHICAL_REACTION_NAME
PE120abcpp	Phosphatidylethanolamine transport via ABC system (n-C12:0, periplasm)	Transport		bigg.reaction PE120abcpp gpr_status PROVISIONAL metanetx.reaction MNXR102441 sbo SBO:0000185	Amino acid metabolism	Amino acid metabolism	transported substrate: ethanolamine	TRANSPORT_SUBSTRATE_CURATED_RULE
PE140abcpp	Phosphatidylethanolamine transport via ABC system (n-C14:0, periplasm)	Transport		bigg.reaction PE140abcpp gpr_status PROVISIONAL metanetx.reaction MNXR102442 sbo SBO:0000185	Amino acid metabolism	Amino acid metabolism	transported substrate: ethanolamine	TRANSPORT_SUBSTRATE_CURATED_RULE
PE141abcpp	Phosphatidylethanolamine transport via ABC system (n-C14:1, periplasm)	Transport		bigg.reaction PE141abcpp gpr_status PROVISIONAL metanetx.reaction MNXR102443 sbo SBO:0000185	Amino acid metabolism	Amino acid metabolism	transported substrate: ethanolamine	TRANSPORT_SUBSTRATE_CURATED_RULE
PE160abcpp	Phosphatidylethanolamine transport via ABC system (n-C16:0, periplasm)	Transport		bigg.reaction PE160abcpp gpr_status PROVISIONAL metanetx.reaction MNXR102444 sbo SBO:0000185 seed.reaction rxn09076	Amino acid metabolism	Amino acid metabolism	transported substrate: ethanolamine	TRANSPORT_SUBSTRATE_CURATED_RULE
PE161abcpp	Phosphatidylethanolamine transport via ABC system (n-C16:1, periplasm)	Transport		bigg.reaction PE161abcpp gpr_status PROVISIONAL metanetx.reaction MNXR102445 sbo SBO:0000185	Amino acid metabolism	Amino acid metabolism	transported substrate: ethanolamine	TRANSPORT_SUBSTRATE_CURATED_RULE
PE180abcpp	Phosphatidylethanolamine transport via ABC system (n-C18:0, periplasm)	Transport		bigg.reaction PE180abcpp gpr_status PROVISIONAL metanetx.reaction MNXR102450 sbo SBO:0000185 seed.reaction rxn09078	Amino acid metabolism	Amino acid metabolism	transported substrate: ethanolamine	TRANSPORT_SUBSTRATE_CURATED_RULE
PE181abcpp	Phosphatidylethanolamine transport via ABC system (n-C18:1, periplasm)	Transport		bigg.reaction PE181abcpp gpr_status PROVISIONAL metanetx.reaction MNXR102459 sbo SBO:0000185	Amino acid metabolism	Amino acid metabolism	transported substrate: ethanolamine	TRANSPORT_SUBSTRATE_CURATED_RULE
PEALtex	Phenylethanol transport difusion	Transport		bigg.reaction PEALtex sbo SBO:0000185	Central carbon metabolism	Central carbon metabolism	transported substrate: ethanol	TRANSPORT_SUBSTRATE_CURATED_RULE
PEAMNO	Phenethylamine oxidase	Internal metabolic		bigg.reaction PEAMNO;PEAMNOpp biocyc META:AMINEPHEN-RXN;META:RXN-10817 ec-code 1.4.3.21;1.4.3.22;1.4.3.4;1.4.3.6 kegg.reaction R02613 metanetx.reaction MNXR102461 reactome R-BTA-141200;R-CEL-141200;R-CFA-141200;R-DRE-141200;R-GGA-141200;R-HSA-141200;R-MMU-141200;R-RNO-141200;R-SSC-141200;R-TGU-141200 rhea 25265;25266;25267;25268 sbo SBO:0000176 seed.reaction rxn01903;rxn19157;rxn29966;rxn30220	Energy metabolism / respiration	Energy metabolism / respiration	reaction name: oxidase	HIERARCHICAL_REACTION_NAME
PEAMNtex	Phenethylamine transport via diffusion (extracellular to periplasm)	Transport		bigg.reaction PEAMNtex metanetx.reaction MNXR102462 rhea 29743;29744;29745;29746 sbo SBO:0000185 seed.reaction rxn09080;rxn11405	Amino acid metabolism	Amino acid metabolism	transported substrate: phenethylamine	TRANSPORT_SUBSTRATE_CURATED_RULE
PEAOpp	PhenylethylalcoholPQQ oxidoreductase	Internal metabolic		bigg.reaction PEAOpp gpr_status PROVISIONAL sbo SBO:0000176	Energy metabolism / respiration	Energy metabolism / respiration	metabolite context: quinone	HIERARCHICAL_METABOLITE_CONTEXT
PERD	Erythronate 4-phosphate (4per) dehydrogenase	Internal metabolic		bigg.reaction PERD biocyc META:ERYTHRON4PDEHYDROG-RXN brenda 1.1.1.290 ec-code 1.1.1.290 kegg.reaction R04210 metanetx.reaction MNXR102495 rhea 18829;18830;18831;18832 sbo SBO:0000176 seed.reaction rxn02939	Energy metabolism / respiration	Energy metabolism / respiration	reaction name: hydrogenase	HIERARCHICAL_REACTION_NAME
PFK	Phosphofructokinase	Internal metabolic		bigg.reaction PFK brenda 2.7.1.11;2.7.1.90 ec-code 2.7.1.11;2.7.1.90 gpr_status PROVISIONAL metanetx.reaction MNXR102507 rhea 16109;16110;16111;16112 sbo SBO:0000176	Inorganic ion metabolism	Inorganic ion metabolism	metabolite context: phosphate	HIERARCHICAL_METABOLITE_CONTEXT
PFK_3	Phosphofructokinase (s7p)	Internal metabolic		bigg.reaction PFK_3 biocyc META:RXN0-6541 brenda 2.7.1.11;2.7.1.90 ec-code 2.7.1.-;2.7.1.11;2.7.1.90 gpr_status PROVISIONAL kegg.reaction R01843 metanetx.reaction MNXR102510 rhea 31443;31444;31445;31446 sbo SBO:0000176 seed.reaction rxn01343	Inorganic ion metabolism	Inorganic ion metabolism	metabolite context: phosphate	HIERARCHICAL_METABOLITE_CONTEXT
PFOR	Pyruvate flavodoxin oxidoreductase	Internal metabolic		bigg.reaction PFOR biocyc META:PYFLAVOXRE-RXN brenda 1.2.7.1 ec-code 1.2.7.-;1.2.7.1 kegg.reaction R10866 metanetx.reaction MNXR102515 sbo SBO:0000176	Central carbon metabolism	Central carbon metabolism	reaction name: pyruvate	HIERARCHICAL_REACTION_NAME
PG120abcpp	Phosphatidylglycerol transport via ABC system (n-C12:0, periplasm)	Transport		bigg.reaction PG120abcpp gpr_status PROVISIONAL metanetx.reaction MNXR102516 sbo SBO:0000185	Carbohydrate metabolism	Carbohydrate metabolism	transported substrate: glycerol	TRANSPORT_SUBSTRATE_CURATED_RULE
PG140abcpp	Phosphatidylglycerol transport via ABC system (n-C14:0, periplasm)	Transport		bigg.reaction PG140abcpp gpr_status PROVISIONAL metanetx.reaction MNXR102517 sbo SBO:0000185	Carbohydrate metabolism	Carbohydrate metabolism	transported substrate: glycerol	TRANSPORT_SUBSTRATE_CURATED_RULE
PG141abcpp	Phosphatidylglycerol transport via ABC system (n-C14:1, periplasm)	Transport		bigg.reaction PG141abcpp gpr_status PROVISIONAL metanetx.reaction MNXR102518 sbo SBO:0000185	Carbohydrate metabolism	Carbohydrate metabolism	transported substrate: glycerol	TRANSPORT_SUBSTRATE_CURATED_RULE
PG160abcpp	Phosphatidylglycerol transport via ABC system (n-C16:0, periplasm)	Transport		bigg.reaction PG160abcpp gpr_status PROVISIONAL metanetx.reaction MNXR102519 sbo SBO:0000185 seed.reaction rxn09088	Carbohydrate metabolism	Carbohydrate metabolism	transported substrate: glycerol	TRANSPORT_SUBSTRATE_CURATED_RULE
PG161abcpp	Phosphatidylglycerol transport via ABC system (n-C16:1, periplasm)	Transport		bigg.reaction PG161abcpp gpr_status PROVISIONAL metanetx.reaction MNXR102520 sbo SBO:0000185 seed.reaction rxn09089	Carbohydrate metabolism	Carbohydrate metabolism	transported substrate: glycerol	TRANSPORT_SUBSTRATE_CURATED_RULE
PG180abcpp	Phosphatidylglycerol transport via ABC system (n-C18:0, periplasm)	Transport		bigg.reaction PG180abcpp gpr_status PROVISIONAL metanetx.reaction MNXR102521 sbo SBO:0000185 seed.reaction rxn09090	Carbohydrate metabolism	Carbohydrate metabolism	transported substrate: glycerol	TRANSPORT_SUBSTRATE_CURATED_RULE
PG181abcpp	Phosphatidylglycerol transport via ABC system (n-C18:1, periplasm)	Transport		bigg.reaction PG181abcpp gpr_status PROVISIONAL metanetx.reaction MNXR102524 sbo SBO:0000185	Carbohydrate metabolism	Carbohydrate metabolism	transported substrate: glycerol	TRANSPORT_SUBSTRATE_CURATED_RULE
PGAMT	Phosphoglucosamine mutase	Internal metabolic		bigg.reaction PGAMT biocyc META:5.4.2.10-RXN brenda 5.4.2.10;5.4.2.8 ec-code 5.4.2.10;5.4.2.8 kegg.reaction R02060 metanetx.reaction MNXR102526 rhea 23424;23425;23426;23427 sbo SBO:0000176 seed.reaction rxn01485	Inorganic ion metabolism	Inorganic ion metabolism	metabolite context: phosphate	HIERARCHICAL_METABOLITE_CONTEXT
PGCD	Phosphoglycerate dehydrogenase	Internal metabolic		bigg.reaction PGCD;PGLYDH;SERA_m biocyc META:PGLYCDEHYDROG-RXN brenda 1.1.1.399;1.1.1.95 ec-code 1.1.1.95;1.1.1.399 kegg.reaction R01513 metanetx.reaction MNXR102527 reactome R-ATH-977348;R-BTA-977348;R-CEL-977348;R-CFA-977348;R-DDI-977348;R-DME-977348;R-DRE-977348;R-GGA-977348;R-HSA-977348;R-MMU-977348;R-OSA-977348;R-RNO-977348;R-SCE-977348;R-SPO-977348;R-SSC-977348;R-XTR-977348 rhea 12641;12642;12643;12644 sbo SBO:0000176 seed.reaction rxn01101;rxn20523;rxn28059;rxn31801	Energy metabolism / respiration	Energy metabolism / respiration	reaction name: hydrogenase	HIERARCHICAL_REACTION_NAME
PGI	Glucose-6-phosphate isomerase	Internal metabolic		bigg.reaction PGI biocyc META:PGLUCISOM-RXN brenda 5.3.1.9 ec-code 5.3.1.9 metanetx.reaction MNXR102535 sbo SBO:0000176	Inorganic ion metabolism	Inorganic ion metabolism	reaction name: phosphate	HIERARCHICAL_REACTION_NAME
PGI1c	Glucose-6-phosphateisomerase,glycosome	Internal metabolic		bigg.reaction PGI1c;PGI1 biocyc META:PGLUCISOM-RXN brenda 5.3.1.9 ec-code 5.3.1.9 gpr_status PROVISIONAL kegg.reaction R02740;R00771 metanetx.reaction MNXR197739 rhea 11816 sbo SBO:0000176 seed.reaction rxn15364;rxn24133;rxn38399	Inorganic ion metabolism	Inorganic ion metabolism	reaction name: phosphate	HIERARCHICAL_REACTION_NAME
PGK	Phosphoglycerate kinase	Internal metabolic		bigg.reaction PGK biocyc META:PHOSGLYPHOS-RXN brenda 2.7.2.3 ec-code 2.7.2.3 kegg.reaction R01512 metanetx.reaction MNXR102538 reactome R-ATH-70486;R-ATH-71850;R-BTA-70486;R-BTA-71850;R-CEL-70486;R-CEL-71850;R-CFA-70486;R-CFA-71850;R-DDI-70486;R-DDI-71850;R-DME-70486;R-DME-71850;R-DRE-70486;R-DRE-71850;R-GGA-353023;R-GGA-353039;R-GGA-70486;R-GGA-71850;R-HSA-70486;R-HSA-71850;R-MMU-70486;R-MMU-71850;R-OSA-70486;R-OSA-71850;R-PFA-70486;R-PFA-71850;R-RNO-70486;R-RNO-71850;R-SCE-70486;R-SCE-71850;R-SPO-70486;R-SPO-71850;R-SSC-70486;R-SSC-71850;R-TGU-70486;R-TGU-71850;R-XTR-70486;R-XTR-71850 rhea 14801;14802;14803;14804 sbo SBO:0000176 seed.reaction rxn01100	Central carbon metabolism	Central carbon metabolism	reaction name: glycerate kinase	HIERARCHICAL_REACTION_NAME
PGL	6-phosphogluconolactonase	Internal metabolic		bigg.reaction PGL biocyc META:6PGLUCONOLACT-RXN brenda 3.1.1.31 ec-code 3.1.1.31 kegg.reaction R02035 metanetx.reaction MNXR102539 reactome R-ATH-71296;R-BTA-71296;R-CEL-71296;R-CFA-71296;R-DDI-71296;R-DME-71296;R-DRE-71296;R-GGA-71296;R-HSA-71296;R-MMU-71296;R-OSA-71296;R-RNO-71296;R-SCE-71296;R-SPO-71296;R-SSC-71296;R-XTR-71296 rhea 12556;12557;12558;12559 sbo SBO:0000176 seed.reaction rxn01476	Carbohydrate metabolism	Carbohydrate metabolism	metabolite context: gluconate	HIERARCHICAL_METABOLITE_CONTEXT
PGLCNDH	Phosphogluconate 2 dehydrogenase	Internal metabolic		bigg.reaction PGLCNDH brenda 1.1.1.43;1.1.1.79;1.1.1.81 ec-code 1.1.1.43;1.1.1.79;1.1.1.81 gpr_status PROVISIONAL kegg.reaction R02034 metanetx.reaction MNXR102540 rhea 16817;16818;16819;16820 sbo SBO:0000176 seed.reaction rxn01475	Energy metabolism / respiration	Energy metabolism / respiration	reaction name: hydrogenase	HIERARCHICAL_REACTION_NAME
PGM	Phosphoglycerate mutase	Internal metabolic		bigg.reaction PGM;PGAM_h;PGMf;PGMm biocyc META:3PGAREARR-RXN;META:RXN-15513 brenda 5.4.2.1;5.4.2.11;5.4.2.12 ec-code 5.4.2.1;5.4.2.11;5.4.2.12 kegg.reaction R01518 metanetx.reaction MNXR102547 reactome R-ATH-71445;R-ATH-71654;R-BTA-71445;R-BTA-71654;R-CFA-71445;R-CFA-71654;R-DDI-71445;R-DDI-71654;R-DME-71445;R-DME-71654;R-DRE-71445;R-DRE-71654;R-GGA-352994;R-GGA-353014;R-GGA-71445;R-GGA-71654;R-HSA-71445;R-HSA-71654;R-MMU-71445;R-MMU-71654;R-OSA-71445;R-OSA-71654;R-PFA-71445;R-PFA-71654;R-RNO-71445;R-RNO-71654;R-SCE-71445;R-SCE-71654;R-SPO-71445;R-SPO-71654;R-SSC-71445;R-SSC-71654;R-TGU-71445;R-TGU-71654;R-XTR-71445;R-XTR-71654 rhea 15901;15902;15903;15904 sbo SBO:0000176 seed.reaction rxn01106;rxn18917;rxn35234	Inorganic ion metabolism	Inorganic ion metabolism	metabolite context: phosphate	HIERARCHICAL_METABOLITE_CONTEXT
PGMT	Phosphoglucomutase	Internal metabolic		bigg.reaction PGMT biocyc META:PHOSPHOGLUCMUT-RXN;META:RXN-16999 brenda 3.8.1.2;5.4.2.2;5.4.2.5;5.4.2.8 ec-code 5.4.2.2;5.4.2.5;5.4.2.8;3.8.1.2 kegg.reaction R08639 metanetx.reaction MNXR102548 sbo SBO:0000176 seed.reaction rxn00704	Inorganic ion metabolism	Inorganic ion metabolism	metabolite context: phosphate	HIERARCHICAL_METABOLITE_CONTEXT
PGP120abcpp	Phosphatidylglycerophosphate transport via ABC system (n-C12:0, periplasm)	Transport		bigg.reaction PGP120abcpp gpr_status PROVISIONAL metanetx.reaction MNXR102550 sbo SBO:0000185	Lipid metabolism	Lipid metabolism	transported substrate: phosphatidylglycerophosphate	TRANSPORT_SUBSTRATE_CURATED_RULE
PGP140abcpp	Phosphatidylglycerophosphate transport via ABC system (n-C14:0, periplasm)	Transport		bigg.reaction PGP140abcpp gpr_status PROVISIONAL metanetx.reaction MNXR102551 sbo SBO:0000185	Lipid metabolism	Lipid metabolism	transported substrate: phosphatidylglycerophosphate	TRANSPORT_SUBSTRATE_CURATED_RULE
PGP141abcpp	Phosphatidylglycerophosphate transport via ABC system (n-C14:1, periplasm)	Transport		bigg.reaction PGP141abcpp gpr_status PROVISIONAL metanetx.reaction MNXR102552 sbo SBO:0000185	Lipid metabolism	Lipid metabolism	transported substrate: phosphatidylglycerophosphate	TRANSPORT_SUBSTRATE_CURATED_RULE
PGP160abcpp	Phosphatidylglycerophosphate transport via ABC system (n-C16:0, periplasm)	Transport		bigg.reaction PGP160abcpp gpr_status PROVISIONAL metanetx.reaction MNXR102553 sbo SBO:0000185 seed.reaction rxn09097	Lipid metabolism	Lipid metabolism	transported substrate: phosphatidylglycerophosphate	TRANSPORT_SUBSTRATE_CURATED_RULE
PGP161abcpp	Phosphatidylglycerophosphate transport via ABC system (n-C16:1, periplasm)	Transport		bigg.reaction PGP161abcpp gpr_status PROVISIONAL metanetx.reaction MNXR102554 sbo SBO:0000185 seed.reaction rxn09098	Lipid metabolism	Lipid metabolism	transported substrate: phosphatidylglycerophosphate	TRANSPORT_SUBSTRATE_CURATED_RULE
PGP180abcpp	Phosphatidylglycerophosphate transport via ABC system (n-C18:0, periplasm)	Transport		bigg.reaction PGP180abcpp gpr_status PROVISIONAL metanetx.reaction MNXR102555 sbo SBO:0000185 seed.reaction rxn09099	Lipid metabolism	Lipid metabolism	transported substrate: phosphatidylglycerophosphate	TRANSPORT_SUBSTRATE_CURATED_RULE
PGP181abcpp	Phosphatidylglycerophosphate transport via ABC system (n-C18:1, periplasm)	Transport		bigg.reaction PGP181abcpp gpr_status PROVISIONAL metanetx.reaction MNXR102558 sbo SBO:0000185	Lipid metabolism	Lipid metabolism	transported substrate: phosphatidylglycerophosphate	TRANSPORT_SUBSTRATE_CURATED_RULE
PGPP120	Phosphatidylglycerol phosphate phosphatase (n-C14:0)	Internal metabolic		bigg.reaction PGPP120;PGPP120pp brenda 3.1.3.27 ec-code 3.1.3.27 metanetx.reaction MNXR102560 sbo SBO:0000176	Lipid metabolism	Lipid metabolism	reaction name: phosphatid	HIERARCHICAL_REACTION_NAME
PGPP120pp	Phosphatidylglycerol phosphate phosphatase (periplasm, n-C14:0)	Internal metabolic		bigg.reaction PGPP120pp;PGPP120 brenda 3.1.3.27 ec-code 3.1.3.27 metanetx.reaction MNXR102560 sbo SBO:0000176	Lipid metabolism	Lipid metabolism	reaction name: phosphatid	HIERARCHICAL_REACTION_NAME
PGPP140	Phosphatidylglycerol phosphate phosphatase (n-C14:0)	Internal metabolic		bigg.reaction PGPP140;PGPP140pp brenda 3.1.3.27 ec-code 3.1.3.27 metanetx.reaction MNXR102561 sbo SBO:0000176	Lipid metabolism	Lipid metabolism	reaction name: phosphatid	HIERARCHICAL_REACTION_NAME
PGPP140pp	Phosphatidylglycerol phosphate phosphatase (periplasm, n-C14:0)	Internal metabolic		bigg.reaction PGPP140pp;PGPP140 brenda 3.1.3.27 ec-code 3.1.3.27 gpr_status PROVISIONAL metanetx.reaction MNXR102561 sbo SBO:0000176	Lipid metabolism	Lipid metabolism	reaction name: phosphatid	HIERARCHICAL_REACTION_NAME
PGPP141	Phosphatidylglycerol phosphate phosphatase (n-C14:1)	Internal metabolic		bigg.reaction PGPP141;PGPP141pp brenda 3.1.3.27 ec-code 3.1.3.27 metanetx.reaction MNXR102562 sbo SBO:0000176	Lipid metabolism	Lipid metabolism	reaction name: phosphatid	HIERARCHICAL_REACTION_NAME
PGPP141pp	Phosphatidylglycerol phosphate phosphatase (periplasm, n-C14:1)	Internal metabolic		bigg.reaction PGPP141pp;PGPP141 brenda 3.1.3.27 ec-code 3.1.3.27 gpr_status PROVISIONAL metanetx.reaction MNXR102562 sbo SBO:0000176	Lipid metabolism	Lipid metabolism	reaction name: phosphatid	HIERARCHICAL_REACTION_NAME
PGPP160	Phosphatidylglycerol phosphate phosphatase (n-C16:0)	Internal metabolic		bigg.reaction PGPP160 brenda 3.1.3.27;3.6.1.27 ec-code 3.1.3.27;3.6.1.27 metanetx.reaction MNXR102563 sbo SBO:0000176 seed.reaction rxn09104	Lipid metabolism	Lipid metabolism	reaction name: phosphatid	HIERARCHICAL_REACTION_NAME
PGPP160pp	Phosphatidylglycerol phosphate phosphatase (periplasm, n-C16:0)	Internal metabolic		bigg.reaction PGPP160pp brenda 3.1.3.27 ec-code 3.1.3.27 metanetx.reaction MNXR102563 sbo SBO:0000176 seed.reaction rxn09104	Lipid metabolism	Lipid metabolism	reaction name: phosphatid	HIERARCHICAL_REACTION_NAME
PGPP161	Phosphatidylglycerol phosphate phosphatase (n-C16:1)	Internal metabolic		bigg.reaction PGPP161 brenda 3.1.3.27 ec-code 3.1.3.27 metanetx.reaction MNXR102565 sbo SBO:0000176 seed.reaction rxn09105	Lipid metabolism	Lipid metabolism	reaction name: phosphatid	HIERARCHICAL_REACTION_NAME
PGPP161pp	Phosphatidylglycerol phosphate phosphatase (periplasm, n-C16:1)	Internal metabolic		bigg.reaction PGPP161pp brenda 3.1.3.27 ec-code 3.1.3.27 metanetx.reaction MNXR102565 sbo SBO:0000176 seed.reaction rxn09105	Lipid metabolism	Lipid metabolism	reaction name: phosphatid	HIERARCHICAL_REACTION_NAME
PGPP180	Phosphatidylglycerol phosphate phosphatase (n-C18:0)	Internal metabolic		bigg.reaction PGPP180 brenda 3.1.3.27 ec-code 3.1.3.27 metanetx.reaction MNXR102566 sbo SBO:0000176 seed.reaction rxn09106	Lipid metabolism	Lipid metabolism	reaction name: phosphatid	HIERARCHICAL_REACTION_NAME
PGPP180pp	Phosphatidylglycerol phosphate phosphatase (periplasm, n-C18:0)	Internal metabolic		bigg.reaction PGPP180pp brenda 3.1.3.27 ec-code 3.1.3.27 metanetx.reaction MNXR102566 sbo SBO:0000176 seed.reaction rxn09106	Lipid metabolism	Lipid metabolism	reaction name: phosphatid	HIERARCHICAL_REACTION_NAME
PGPP181	Phosphatidylglycerol phosphate phosphatase (n-C18:1)	Internal metabolic		bigg.reaction PGPP181;PGPP181pp brenda 3.1.3.27 ec-code 3.1.3.27 metanetx.reaction MNXR102567 sbo SBO:0000176	Lipid metabolism	Lipid metabolism	reaction name: phosphatid	HIERARCHICAL_REACTION_NAME
PGPP181pp	Phosphatidylglycerol phosphate phosphatase (periplasm, n-C18:1)	Internal metabolic		bigg.reaction PGPP181pp;PGPP181 brenda 3.1.3.27 ec-code 3.1.3.27 metanetx.reaction MNXR102567 sbo SBO:0000176	Lipid metabolism	Lipid metabolism	reaction name: phosphatid	HIERARCHICAL_REACTION_NAME
PGSA120	Phosphatidylglycerol synthase (n-C12:0)	Internal metabolic		bigg.reaction PGSA120 brenda 2.7.8.5 ec-code 2.7.8.5 metanetx.reaction MNXR102589 sbo SBO:0000176	Lipid metabolism	Lipid metabolism	reaction name: phosphatid	HIERARCHICAL_REACTION_NAME
PGSA140	Phosphatidylglycerol synthase (n-C14:0)	Internal metabolic		bigg.reaction PGSA140 brenda 2.7.8.5 ec-code 2.7.8.5 metanetx.reaction MNXR102590 sbo SBO:0000176	Lipid metabolism	Lipid metabolism	reaction name: phosphatid	HIERARCHICAL_REACTION_NAME
PGSA141	Phosphatidylglycerol synthase (n-C14:1)	Internal metabolic		bigg.reaction PGSA141 brenda 2.7.8.5 ec-code 2.7.8.5 metanetx.reaction MNXR102591 sbo SBO:0000176	Lipid metabolism	Lipid metabolism	reaction name: phosphatid	HIERARCHICAL_REACTION_NAME
PGSA160	Phosphatidylglycerol synthase (n-C16:0)	Internal metabolic		bigg.reaction PGSA160 brenda 2.7.8.5 ec-code 2.7.8.5 metanetx.reaction MNXR102592 sbo SBO:0000176 seed.reaction rxn09111	Lipid metabolism	Lipid metabolism	reaction name: phosphatid	HIERARCHICAL_REACTION_NAME
PGSA161	Phosphatidylglycerol synthase (n-C16:1)	Internal metabolic		bigg.reaction PGSA161 brenda 2.7.8.5 ec-code 2.7.8.5 metanetx.reaction MNXR102594 sbo SBO:0000176 seed.reaction rxn09112	Lipid metabolism	Lipid metabolism	reaction name: phosphatid	HIERARCHICAL_REACTION_NAME
PGSA180	Phosphatidylglycerol synthase (n-C18:0)	Internal metabolic		bigg.reaction PGSA180 brenda 2.7.8.5 ec-code 2.7.8.5 metanetx.reaction MNXR102595 sbo SBO:0000176 seed.reaction rxn09113	Lipid metabolism	Lipid metabolism	reaction name: phosphatid	HIERARCHICAL_REACTION_NAME
PGSA181	Phosphatidylglycerol synthase (n-C18:1)	Internal metabolic		bigg.reaction PGSA181 brenda 2.7.8.5 ec-code 2.7.8.5 metanetx.reaction MNXR102596 sbo SBO:0000176	Lipid metabolism	Lipid metabolism	reaction name: phosphatid	HIERARCHICAL_REACTION_NAME
PHACOAOR	Phenylacetyl-CoA oxygenase/reductase	Internal metabolic		bigg.reaction PHACOAOR metanetx.reaction MNXR102613 sbo SBO:0000176 seed.reaction rxn12776	Central carbon metabolism	Central carbon metabolism	reaction name: acetyl-coa	HIERARCHICAL_REACTION_NAME
PHCD	L-1-pyrroline-3-hydroxy-5-carboxylate dehydrogenase	Internal metabolic		bigg.reaction PHCD biocyc META:HYDROXYPYRROLINEDEH-RXN brenda 1.2.1.88;1.5.1.12;1.5.5.2 ec-code 1.2.1.88;1.5.1.-;1.5.1.12;1.5.5.2 kegg.reaction R04444 metanetx.reaction MNXR102616 rhea 31155;31156;31157;31158 sbo SBO:0000176	Energy metabolism / respiration	Energy metabolism / respiration	reaction name: hydrogenase	HIERARCHICAL_REACTION_NAME
PHCHGS	PHCHGS	Internal metabolic		bigg.reaction PHCHGS;PHCHGSm biocyc META:RXN-14471 kegg.reaction R04443 metanetx.reaction MNXR102617 sbo SBO:0000176 seed.reaction rxn03070;rxn30419;rxn32541	Amino acid metabolism	Amino acid metabolism	metabolite context: glutamate	HIERARCHICAL_METABOLITE_CONTEXT
PHEME2abcpp	Protoheme transport via ABC system  periplasm to cytosol	Transport		bigg.reaction PHEME2abcpp gpr_status PROVISIONAL sbo SBO:0000185	Cofactor and vitamin metabolism	Cofactor and vitamin metabolism	database annotation: heme	TRANSPORT_SUBSTRATE_DATABASE_ANNOTATION
PHEMEabcpp	Protoheme transport via ABC system (periplasm)	Transport		bigg.reaction PHEMEabcpp biocyc META:TRANS-RXN0-162 ec-code 3.6.3.41 gpr_status PROVISIONAL metanetx.reaction MNXR102624 reactome R-ATH-382560;R-ATH-917979;R-BTA-382560;R-BTA-917979;R-CEL-382560;R-CFA-382560;R-CFA-917979;R-DDI-382560;R-DDI-917979;R-DME-382560;R-DRE-382560;R-DRE-917979;R-GGA-382560;R-GGA-917979;R-HSA-382560;R-HSA-917979;R-MMU-382560;R-MMU-917979;R-OSA-382560;R-OSA-917979;R-PFA-917979;R-RNO-382560;R-RNO-917979;R-SCE-382560;R-SCE-917979;R-SPO-382560;R-SSC-382560;R-SSC-917979;R-TGU-382560;R-TGU-917979;R-XTR-382560;R-XTR-917979 rhea 19261;19262;19263;19264 sbo SBO:0000185	Cofactor and vitamin metabolism	Cofactor and vitamin metabolism	database annotation: heme	TRANSPORT_SUBSTRATE_DATABASE_ANNOTATION
PHEMEtonex	Heme ton dependend transport system  extracellular to periplasm	Transport		bigg.reaction PHEMEtonex gpr_status PROVISIONAL sbo SBO:0000185	Cofactor and vitamin metabolism	Cofactor and vitamin metabolism	database annotation: heme	TRANSPORT_SUBSTRATE_DATABASE_ANNOTATION
PHEOR	L-phenylalanine oxidoreductase (decarboxylating)	Internal metabolic		bigg.reaction PHEOR biocyc META:PHENYLALANINE-2-MONOOXYGENASE-RXN kegg.reaction R00690 metanetx.reaction MNXR147040 rhea 10712 sbo SBO:0000176 seed.reaction rxn00489;rxn14316;rxn32630	Amino acid metabolism	Amino acid metabolism	database annotation: alanine	HIERARCHICAL_DATABASE_ANNOTATION
PHETA1	Phenylalanine transaminase	Internal metabolic		bigg.reaction PHETA1;PHETA1m;POATh biocyc META:PHEAMINOTRANS-RXN;META:RXN-10814 brenda 2.6.1.1;2.6.1.5;2.6.1.57;2.6.1.9 ec-code 2.6.1.1;2.6.1.5;2.6.1.57;2.6.1.9 kegg.reaction R00694 metanetx.reaction MNXR126234 rhea 25152;25153;25154;25155 sbo SBO:0000176 seed.reaction rxn00493;rxn21134;rxn28060;rxn38254	Amino acid metabolism	Amino acid metabolism	reaction name: alanine	HIERARCHICAL_REACTION_NAME
PHETHPTOX3	L Phenylalanine tetrahydrobiopterinoxygen oxidoreductase  Tetrahydromonapterin	Internal metabolic		bigg.reaction PHETHPTOX3 brenda 4.2.1.96 ec-code 4.2.1.96 gpr_status PROVISIONAL metanetx.reaction MNXR160669 sbo SBO:0000176	Amino acid metabolism	Amino acid metabolism	reaction name: alanine	HIERARCHICAL_REACTION_NAME
PHEtex	L-phenylalanine transport via diffusion (extracellular to periplasm)	Transport		bigg.reaction PHEtex biocyc META:RXN66-445 metanetx.reaction MNXR102637 rhea 27950;27951;27952;27953 sbo SBO:0000185 seed.reaction rxn09118;rxn11018	Amino acid metabolism	Amino acid metabolism	transported substrate: alanine	TRANSPORT_SUBSTRATE_CURATED_RULE
PIabc	Phosphate transport via ABC system	Transport		bigg.reaction PIabc biocyc META:ABC-27-RXN ec-code 3.6.3.27 gpr_status PROVISIONAL metanetx.reaction MNXR102870 rhea 24440;24441;24442;24443 sbo SBO:0000185 seed.reaction rxn05145;rxn09122	Inorganic ion metabolism	Inorganic ion metabolism	transported substrate: phosphate transport	TRANSPORT_SUBSTRATE_CURATED_RULE
PIt2r	Phosphate reversible transport via symport	Transport		bigg.reaction PIt2r biocyc META:TRANS-RXN-114 gpr_status PROVISIONAL metanetx.reaction MNXR102872 rhea 29939;29940;29941;29942 sbo SBO:0000185 seed.reaction rxn05312;rxn09120;rxn09723;rxn09811;rxn09833;rxn09872	Inorganic ion metabolism	Inorganic ion metabolism	reaction name: phosphate	TRANSPORT_SUBSTRATE_REACTION_NAME
PIt7	Phosphate transport in/out via three Na+ symporter	Transport		bigg.reaction PIt7 metanetx.reaction MNXR102874 sbo SBO:0000185 seed.reaction rxn05313	Inorganic ion metabolism	Inorganic ion metabolism	transported substrate: phosphate transport	TRANSPORT_SUBSTRATE_CURATED_RULE
PItex	Phosphate transport via diffusion (extracellular to periplasm)	Transport		bigg.reaction PItex biocyc META:TRANS-RXN0-470 metanetx.reaction MNXR102871 rhea 32823;32824;32825;32826 sbo SBO:0000185 seed.reaction rxn09121;rxn09722;rxn10838;rxn13178	Inorganic ion metabolism	Inorganic ion metabolism	transported substrate: phosphate transport	TRANSPORT_SUBSTRATE_CURATED_RULE
PIuabcpp	Phosphate transport via ABC system (uptake, periplasm)	Transport		bigg.reaction PIuabcpp biocyc META:ABC-27-RXN ec-code 3.6.3.27 gpr_status PROVISIONAL metanetx.reaction MNXR102870 rhea 24440;24441;24442;24443 sbo SBO:0000185 seed.reaction rxn05145;rxn09122	Inorganic ion metabolism	Inorganic ion metabolism	transported substrate: phosphate transport	TRANSPORT_SUBSTRATE_CURATED_RULE
PLIPA1E120pp	Phospholipase A1 (phosphatidylethanolamine, n-C12:0) (periplasm)	Internal metabolic		bigg.reaction PLIPA1E120pp brenda 3.1.1.32;3.1.1.4 ec-code 3.1.1.32;3.1.1.4 gpr_status PROVISIONAL metanetx.reaction MNXR102974 sbo SBO:0000176	Lipid metabolism	Lipid metabolism	reaction name: phosphatid	HIERARCHICAL_REACTION_NAME
PLIPA1E140pp	Phospholipase A1 (phosphatidylethanolamine, n-C14:0) (periplasm)	Internal metabolic		bigg.reaction PLIPA1E140pp brenda 3.1.1.32;3.1.1.4 ec-code 3.1.1.32;3.1.1.4 gpr_status PROVISIONAL metanetx.reaction MNXR102975 sbo SBO:0000176	Lipid metabolism	Lipid metabolism	reaction name: phosphatid	HIERARCHICAL_REACTION_NAME
PLIPA1E141pp	Phospholipase A1 (phosphatidylethanolamine, n-C14:1) (periplasm)	Internal metabolic		bigg.reaction PLIPA1E141pp brenda 3.1.1.32;3.1.1.4 ec-code 3.1.1.32;3.1.1.4 gpr_status PROVISIONAL metanetx.reaction MNXR102976 sbo SBO:0000176	Lipid metabolism	Lipid metabolism	reaction name: phosphatid	HIERARCHICAL_REACTION_NAME
PLIPA1E160pp	Phospholipase A1 (phosphatidylethanolamine, n-C16:0) (periplasm)	Internal metabolic		bigg.reaction PLIPA1E160pp;PLIPA1E160 brenda 3.1.1.32;3.1.1.4 ec-code 3.1.1.32;3.1.1.4 metanetx.reaction MNXR102977 sbo SBO:0000176 seed.reaction rxn09133;rxn30317	Lipid metabolism	Lipid metabolism	reaction name: phosphatid	HIERARCHICAL_REACTION_NAME
PLIPA1E161pp	Phospholipase A1 (phosphatidylethanolamine, n-C16:1) (periplasm)	Internal metabolic		bigg.reaction PLIPA1E161pp brenda 3.1.1.32;3.1.1.4 ec-code 3.1.1.32;3.1.1.4 gpr_status PROVISIONAL metanetx.reaction MNXR102978 sbo SBO:0000176	Lipid metabolism	Lipid metabolism	reaction name: phosphatid	HIERARCHICAL_REACTION_NAME
PLIPA1E180pp	Phospholipase A1 (phosphatidylethanolamine, n-C18:0) (periplasm)	Internal metabolic		bigg.reaction PLIPA1E180pp brenda 3.1.1.32;3.1.1.4 ec-code 3.1.1.32;3.1.1.4 metanetx.reaction MNXR102979 sbo SBO:0000176 seed.reaction rxn09135	Lipid metabolism	Lipid metabolism	reaction name: phosphatid	HIERARCHICAL_REACTION_NAME
PLIPA1E181pp	Phospholipase A1 (phosphatidylethanolamine, n-C18:1) (periplasm)	Internal metabolic		bigg.reaction PLIPA1E181pp brenda 3.1.1.32;3.1.1.4 ec-code 3.1.1.32;3.1.1.4 gpr_status PROVISIONAL metanetx.reaction MNXR102980 sbo SBO:0000176	Lipid metabolism	Lipid metabolism	reaction name: phosphatid	HIERARCHICAL_REACTION_NAME
PLIPA1G120pp	Phospholipase A1 (phosphatidylglycerol, n-C12:0) (periplasm)	Internal metabolic		bigg.reaction PLIPA1G120pp brenda 3.1.1.32;3.1.1.4 ec-code 3.1.1.32;3.1.1.4 gpr_status PROVISIONAL metanetx.reaction MNXR102981 sbo SBO:0000176	Lipid metabolism	Lipid metabolism	reaction name: phosphatid	HIERARCHICAL_REACTION_NAME
PLIPA1G140pp	Phospholipase A1 (phosphatidylglycerol, n-C14:0) (periplasm)	Internal metabolic		bigg.reaction PLIPA1G140pp brenda 3.1.1.32;3.1.1.4 ec-code 3.1.1.32;3.1.1.4 gpr_status PROVISIONAL metanetx.reaction MNXR102982 sbo SBO:0000176	Lipid metabolism	Lipid metabolism	reaction name: phosphatid	HIERARCHICAL_REACTION_NAME
PLIPA1G141pp	Phospholipase A1 (phosphatidylglycerol, n-C14:1) (periplasm)	Internal metabolic		bigg.reaction PLIPA1G141pp brenda 3.1.1.32;3.1.1.4 ec-code 3.1.1.32;3.1.1.4 gpr_status PROVISIONAL metanetx.reaction MNXR102983 sbo SBO:0000176	Lipid metabolism	Lipid metabolism	reaction name: phosphatid	HIERARCHICAL_REACTION_NAME
PLIPA1G160pp	Phospholipase A1 (phosphatidylglycerol, n-C16:0) (periplasm)	Internal metabolic		bigg.reaction PLIPA1G160pp brenda 3.1.1.32;3.1.1.4 ec-code 3.1.1.32;3.1.1.4 gpr_status PROVISIONAL metanetx.reaction MNXR102984 sbo SBO:0000176	Lipid metabolism	Lipid metabolism	reaction name: phosphatid	HIERARCHICAL_REACTION_NAME
PLIPA1G161pp	Phospholipase A1 (phosphatidylglycerol, n-C16:1) (periplasm)	Internal metabolic		bigg.reaction PLIPA1G161pp brenda 3.1.1.32;3.1.1.4 ec-code 3.1.1.32;3.1.1.4 gpr_status PROVISIONAL metanetx.reaction MNXR102985 sbo SBO:0000176	Lipid metabolism	Lipid metabolism	reaction name: phosphatid	HIERARCHICAL_REACTION_NAME
PLIPA1G180pp	Phospholipase A1 (phosphatidylglycerol, n-C18:0) (periplasm)	Internal metabolic		bigg.reaction PLIPA1G180pp brenda 3.1.1.32;3.1.1.4 ec-code 3.1.1.32;3.1.1.4 gpr_status PROVISIONAL metanetx.reaction MNXR102986 sbo SBO:0000176	Lipid metabolism	Lipid metabolism	reaction name: phosphatid	HIERARCHICAL_REACTION_NAME
PLIPA1G181pp	Phospholipase A1 (phosphatidylglycerol, n-C18:1) (periplasm)	Internal metabolic		bigg.reaction PLIPA1G181pp brenda 3.1.1.32;3.1.1.4 ec-code 3.1.1.32;3.1.1.4 gpr_status PROVISIONAL metanetx.reaction MNXR102987 sbo SBO:0000176	Lipid metabolism	Lipid metabolism	reaction name: phosphatid	HIERARCHICAL_REACTION_NAME
PLIPA2A120pp	Phospholipase A2 (phosphatidate, n-C12:0) (periplasm)	Internal metabolic		bigg.reaction PLIPA2A120pp brenda 3.1.1.32;3.1.1.4 ec-code 3.1.1.4;3.1.1.32 metanetx.reaction MNXR102989 sbo SBO:0000176	Lipid metabolism	Lipid metabolism	reaction name: phosphatid	HIERARCHICAL_REACTION_NAME
PLIPA2A141pp	Phospholipase A2 (phosphatidate, n-C14:1) (periplasm)	Internal metabolic		bigg.reaction PLIPA2A141pp brenda 3.1.1.32;3.1.1.4 ec-code 3.1.1.4;3.1.1.32 metanetx.reaction MNXR102991 sbo SBO:0000176	Lipid metabolism	Lipid metabolism	reaction name: phosphatid	HIERARCHICAL_REACTION_NAME
PLIPA2A161pp	Phospholipase A2 (phosphatidate, n-C16:1) (periplasm)	Internal metabolic		bigg.reaction PLIPA2A161pp brenda 3.1.1.32;3.1.1.4 ec-code 3.1.1.32;3.1.1.4 gpr_status PROVISIONAL metanetx.reaction MNXR102993 sbo SBO:0000176	Lipid metabolism	Lipid metabolism	reaction name: phosphatid	HIERARCHICAL_REACTION_NAME
PLIPA2E120pp	Phospholipase A2 (phosphatidylethanolamine, n-C12:0) (periplasm)	Internal metabolic		bigg.reaction PLIPA2E120pp brenda 3.1.1.32;3.1.1.4 ec-code 3.1.1.32;3.1.1.4 gpr_status PROVISIONAL metanetx.reaction MNXR102996 sbo SBO:0000176	Lipid metabolism	Lipid metabolism	reaction name: phosphatid	HIERARCHICAL_REACTION_NAME
PLIPA2E141pp	Phospholipase A2 (phosphatidylethanolamine, n-C14:1) (periplasm)	Internal metabolic		bigg.reaction PLIPA2E141pp brenda 3.1.1.32;3.1.1.4 ec-code 3.1.1.32;3.1.1.4 gpr_status PROVISIONAL metanetx.reaction MNXR102998 sbo SBO:0000176	Lipid metabolism	Lipid metabolism	reaction name: phosphatid	HIERARCHICAL_REACTION_NAME
PLIPA2E161pp	Phospholipase A2 (phosphatidylethanolamine, n-C16:1) (periplasm)	Internal metabolic		bigg.reaction PLIPA2E161pp;PLA2PE_HDE_HDE_c brenda 3.1.1.32;3.1.1.4 ec-code 3.1.1.32;3.1.1.4 gpr_status PROVISIONAL metanetx.reaction MNXR103000 sbo SBO:0000176	Lipid metabolism	Lipid metabolism	reaction name: phosphatid	HIERARCHICAL_REACTION_NAME
PLIPA2G161pp	Phospholipase A2 (phosphatidylglycerol, n-C16:1) (periplasm)	Internal metabolic		bigg.reaction PLIPA2G161pp brenda 3.1.1.32;3.1.1.4 ec-code 3.1.1.32;3.1.1.4 gpr_status PROVISIONAL metanetx.reaction MNXR103007 sbo SBO:0000176	Lipid metabolism	Lipid metabolism	reaction name: phosphatid	HIERARCHICAL_REACTION_NAME
PMANM	Phosphomannomutase	Internal metabolic		bigg.reaction PMANM biocyc META:PHOSMANMUT-RXN brenda 5.4.2.8 ec-code 5.4.2.8 kegg.reaction R01818 metanetx.reaction MNXR101729 reactome R-ATH-446201;R-BTA-446201;R-CEL-446201;R-CFA-446201;R-DDI-446201;R-DME-446201;R-DRE-446201;R-GGA-446201;R-HSA-446201;R-MMU-446201;R-OSA-446201;R-PFA-446201;R-RNO-446201;R-SCE-446201;R-SPO-446201;R-SSC-446201;R-TGU-446201;R-XTR-446201 rhea 11140;11141;11142;11143 sbo SBO:0000176 seed.reaction rxn01329	Inorganic ion metabolism	Inorganic ion metabolism	metabolite context: phosphate	HIERARCHICAL_METABOLITE_CONTEXT
PMDPHT	Pyrimidine phosphatase	Internal metabolic		bigg.reaction PMDPHT biocyc META:RIBOPHOSPHAT-RXN brenda 2.7.11.5;3.1.3.104 ec-code 3.1.3.-;3.1.3.104;2.7.11.5 kegg.reaction R07280 metanetx.reaction MNXR96145 rhea 25197;25198;25199;25200 sbo SBO:0000176 seed.reaction rxn05039	Nucleotide metabolism	Nucleotide metabolism	reaction name: pyrimidine	HIERARCHICAL_REACTION_NAME
PMPK	Phosphomethylpyrimidine kinase	Internal metabolic		bigg.reaction PMPK brenda 2.7.1.49;2.7.4.7 ec-code 2.7.4.7;2.7.1.49 gpr_status PROVISIONAL metanetx.reaction MNXR143305 sbo SBO:0000176 seed.reaction rxn03108	Nucleotide metabolism	Nucleotide metabolism	reaction name: pyrimidine	HIERARCHICAL_REACTION_NAME
PNTK	Pantothenate kinase	Internal metabolic		bigg.reaction PNTK;PNTKm biocyc META:PANTOTHENATE-KIN-RXN brenda 2.7.1.33 ec-code 2.7.1.33 kegg.reaction R03018 metanetx.reaction MNXR103050 reactome R-BTA-196857;R-BTA-199203;R-CFA-196857;R-CFA-199203;R-DME-196857;R-DME-199203;R-DRE-196857;R-DRE-199203;R-GGA-196857;R-GGA-199203;R-HSA-196857;R-HSA-199203;R-MMU-196857;R-MMU-199203;R-PFA-196857;R-PFA-199203;R-RNO-196857;R-RNO-199203;R-SCE-196857;R-SCE-199203;R-SSC-196857;R-SSC-199203;R-TGU-196857;R-TGU-199203;R-XTR-196857;R-XTR-199203 rhea 16373;16374;16375;16376 sbo SBO:0000176 seed.reaction rxn12510	Cofactor and vitamin metabolism	Cofactor and vitamin metabolism	database annotation: pantoth	HIERARCHICAL_DATABASE_ANNOTATION
PNTOt4pp	Pantothenate sodium symporter (periplasm)	Transport		bigg.reaction PNTOt4pp biocyc META:TRANS-RXN-117 gpr_status PROVISIONAL metanetx.reaction MNXR103054 rhea 29927;29928;29929;29930 sbo SBO:0000185 seed.reaction rxn09165;rxn10180	Cofactor and vitamin metabolism	Cofactor and vitamin metabolism	reaction name: pantoth	TRANSPORT_SUBSTRATE_REACTION_NAME
PNTOtex	Pantothenate transport via diffusion (extracellular to periplasm)	Transport		bigg.reaction PNTOtex metanetx.reaction MNXR103051 rhea 34975;34976;34977;34978 sbo SBO:0000185 seed.reaction rxn09166	Cofactor and vitamin metabolism	Cofactor and vitamin metabolism	reaction name: pantoth	TRANSPORT_SUBSTRATE_REACTION_NAME
POR_syn	Pyruvate-ferredoxin oxidoreductase	Internal metabolic		bigg.reaction POR_syn biocyc META:PYRUFLAVREDUCT-RXN brenda 1.2.7.1;1.2.7.11 ec-code 1.2.7.1;1.2.7.11 kegg.reaction R01196 metanetx.reaction MNXR103066 sbo SBO:0000176 seed.reaction rxn13974	Energy metabolism / respiration	Energy metabolism / respiration	reaction name: ferredoxin	HIERARCHICAL_REACTION_NAME
POX	Pyruvate oxidase	Internal metabolic		bigg.reaction POX metanetx.reaction MNXR103067 rhea 29167;29168;29169;29170 sbo SBO:0000176 seed.reaction rxn09167;rxn28122;rxn37078	Energy metabolism / respiration	Energy metabolism / respiration	reaction name: oxidase	HIERARCHICAL_REACTION_NAME
PPA	Inorganic diphosphatase	Internal metabolic		bigg.reaction PPA biocyc META:INORGPYROPHOSPHAT-RXN brenda 3.1.3.5;3.6.1.1;3.6.1.11 ec-code 3.6.1.1;3.1.3.5;3.6.1.11 kegg.reaction R00004 metanetx.reaction MNXR100808 reactome R-ATH-449937;R-ATH-71732;R-BTA-449937;R-BTA-6788912;R-BTA-71732;R-CEL-449937;R-CEL-6788912;R-CEL-71732;R-CFA-449937;R-CFA-6788912;R-CFA-71732;R-DDI-449937;R-DDI-71732;R-DME-449937;R-DME-71732;R-DRE-449937;R-DRE-6788912;R-DRE-71732;R-GGA-449937;R-GGA-6788912;R-GGA-71732;R-HSA-449937;R-HSA-6788912;R-HSA-71732;R-MMU-449937;R-MMU-6788912;R-MMU-71732;R-OSA-449937;R-OSA-71732;R-PFA-449937;R-PFA-71732;R-RNO-449937;R-RNO-6788912;R-RNO-71732;R-SCE-449937;R-SCE-71732;R-SPO-449937;R-SPO-71732;R-SSC-449937;R-SSC-6788912;R-SSC-71732;R-TGU-449937;R-TGU-6788912;R-TGU-71732;R-XTR-449937;R-XTR-6788912;R-XTR-71732 rhea 24576;24577;24578;24579 sbo SBO:0000176 seed.reaction rxn00001;rxn11226	Inorganic ion metabolism	Inorganic ion metabolism	metabolite context: phosphate	HIERARCHICAL_METABOLITE_CONTEXT
PPA2	Inorganic triphosphatase	Internal metabolic		bigg.reaction PPA2;PPA2m biocyc META:TRIPHOSPHATASE-RXN brenda 3.6.1.11;3.6.1.25 ec-code 3.6.1.25;3.6.1.11 kegg.reaction R00138 metanetx.reaction MNXR103069 rhea 14157;14158;14159;14160 sbo SBO:0000176 seed.reaction rxn00106	Inorganic ion metabolism	Inorganic ion metabolism	metabolite context: phosphate	HIERARCHICAL_METABOLITE_CONTEXT
PPAKr	Propionate kinase	Internal metabolic		bigg.reaction PPAKr;APPTh;APPTm brenda 2.7.2.1;2.7.2.15 ec-code 2.7.2.15;2.7.2.1 gpr_status PROVISIONAL metanetx.reaction MNXR95897 sbo SBO:0000176	Inorganic ion metabolism	Inorganic ion metabolism	metabolite context: phosphate	HIERARCHICAL_METABOLITE_CONTEXT
PPAt2pp	H+/Propionate symporter (periplasm)	Transport		bigg.reaction PPAt2pp metanetx.reaction MNXR103092 sbo SBO:0000185	Central carbon metabolism	Central carbon metabolism	transported substrate: propionate	TRANSPORT_SUBSTRATE_CURATED_RULE
PPAt4pp	Na+/Propionate symporter (periplasm)	Transport		bigg.reaction PPAt4pp metanetx.reaction MNXR103093 sbo SBO:0000185	Central carbon metabolism	Central carbon metabolism	transported substrate: propionate	TRANSPORT_SUBSTRATE_CURATED_RULE
PPAtex	Propionate transport via diffusion	Transport		bigg.reaction PPAtex metanetx.reaction MNXR103094 sbo SBO:0000185	Central carbon metabolism	Central carbon metabolism	transported substrate: propionate	TRANSPORT_SUBSTRATE_CURATED_RULE
PPBNGS	Porphobilinogen synthase	Internal metabolic		bigg.reaction PPBNGS;PPBNGS_h biocyc META:PORPHOBILSYNTH-RXN brenda 4.2.1.24 ec-code 4.2.1.24 kegg.reaction R00036 metanetx.reaction MNXR103095 reactome R-ATH-189439;R-BTA-189439;R-CFA-189439;R-DDI-189439;R-DME-189439;R-DRE-189439;R-GGA-189439;R-GGA-421472;R-HSA-189439;R-MMU-189439;R-OSA-189439;R-PFA-189439;R-RNO-189439;R-SCE-189439;R-SPO-189439;R-TGU-189439;R-XTR-189439 rhea 24064;24065;24066;24067 sbo SBO:0000176 seed.reaction rxn00029;rxn28081	Cofactor and vitamin metabolism	Cofactor and vitamin metabolism	curated reaction-ID mapping	CURATED_ID_OVERRIDE
PPC	Phosphoenolpyruvate carboxylase	Internal metabolic		bigg.reaction PPC;PEPC_h;PEPC_m brenda 4.1.1.31 ec-code 4.1.1.31 kegg.reaction R00345 metanetx.reaction MNXR103096 rhea 23072;23073;23074;23075 sbo SBO:0000176 seed.reaction rxn00251;rxn32421	Central carbon metabolism	Central carbon metabolism	reaction name: pyruvate	HIERARCHICAL_REACTION_NAME
PPCDC	Phosphopantothenoylcysteine decarboxylase	Internal metabolic		bigg.reaction PPCDC;r0614 biocyc META:P-PANTOCYSDECARB-RXN brenda 4.1.1.36;6.3.2.5 ec-code 4.1.1.36;6.3.2.5 kegg.reaction R03269 metanetx.reaction MNXR103098 reactome R-ATH-196840;R-BTA-196840;R-CEL-196840;R-CFA-196840;R-DDI-196840;R-DME-196840;R-DRE-196840;R-GGA-196840;R-HSA-196840;R-MMU-196840;R-OSA-196840;R-PFA-196840;R-RNO-196840;R-SCE-196840;R-SSC-196840;R-TGU-196840;R-XTR-196840 rhea 16793;16794;16795;16796 sbo SBO:0000176 seed.reaction rxn02341	Amino acid metabolism	Amino acid metabolism	reaction name: cysteine	HIERARCHICAL_REACTION_NAME
PPCK	Phosphoenolpyruvate carboxykinase	Internal metabolic		bigg.reaction PPCK;PPCKg;PPCKm biocyc META:PEPCARBOXYKIN-RXN brenda 4.1.1.49 ec-code 4.1.1.49 kegg.reaction R00341 metanetx.reaction MNXR103099 rhea 18617;18618;18619;18620 sbo SBO:0000176 seed.reaction rxn00247;rxn35519	Central carbon metabolism	Central carbon metabolism	reaction name: pyruvate	HIERARCHICAL_REACTION_NAME
PPGPPDP	Guanosine-3',5'-bis(diphosphate) 3'-diphosphatase	Internal metabolic		bigg.reaction PPGPPDP biocyc META:PPGPPSYN-RXN brenda 3.1.7.2 ec-code 3.1.7.2 kegg.reaction R00336 metanetx.reaction MNXR103109 rhea 14253;14254;14255;14256 sbo SBO:0000176 seed.reaction rxn00242	Inorganic ion metabolism	Inorganic ion metabolism	reaction name: phosphate	HIERARCHICAL_REACTION_NAME
PPIabc	Diphosphate transport in via ABC system	Transport		bigg.reaction PPIabc metanetx.reaction MNXR103111 sbo SBO:0000185 seed.reaction rxn05635	Inorganic ion metabolism	Inorganic ion metabolism	transported substrate: phosphate transport	TRANSPORT_SUBSTRATE_CURATED_RULE
PPItex_1	Diphosphate transporter  periplasm	Transport		bigg.reaction PPItex_1 sbo SBO:0000185	Inorganic ion metabolism	Inorganic ion metabolism	transported substrate: phosphate transport	TRANSPORT_SUBSTRATE_CURATED_RULE
PPIuabcpp	Phosphate transport via ABC system  uptake  periplasm	Transport		bigg.reaction PPIuabcpp sbo SBO:0000185	Inorganic ion metabolism	Inorganic ion metabolism	transported substrate: phosphate transport	TRANSPORT_SUBSTRATE_CURATED_RULE
PPK	Polyphosphate kinase	Internal metabolic		bigg.reaction PPK brenda 2.7.4.1 ec-code 2.7.4.1 metanetx.reaction MNXR103114 rhea 29431 sbo SBO:0000176 seed.reaction rxn09176	Inorganic ion metabolism	Inorganic ion metabolism	reaction name: phosphate	HIERARCHICAL_REACTION_NAME
PPK2	Polyphosphate kinase	Internal metabolic		bigg.reaction PPK2 brenda 2.7.4.1 ec-code 2.7.4.1 metanetx.reaction MNXR103113 sbo SBO:0000176 seed.reaction rxn00104	Inorganic ion metabolism	Inorganic ion metabolism	reaction name: phosphate	HIERARCHICAL_REACTION_NAME
PPK50_B	Polyphosphate utilization  GDP dependent	Internal metabolic		bigg.reaction PPK50_B brenda 2.7.4.1 ec-code 2.7.4.1 gpr_status PROVISIONAL metanetx.reaction MNXR162299 sbo SBO:0000176	Inorganic ion metabolism	Inorganic ion metabolism	reaction name: phosphate	HIERARCHICAL_REACTION_NAME
PPK50r	Polyphosphate kinase  PolyP synthesis	Internal metabolic		bigg.reaction PPK50r brenda 2.7.4.1 ec-code 2.7.4.1 metanetx.reaction MNXR162300 sbo SBO:0000176	Inorganic ion metabolism	Inorganic ion metabolism	reaction name: phosphate	HIERARCHICAL_REACTION_NAME
PPM	Phosphopentomutase	Internal metabolic		bigg.reaction PPM biocyc META:RXN-14456 brenda 5.4.2.2;5.4.2.7;5.4.2.8 ec-code 5.4.2.-;5.4.2.2;5.4.2.7;5.4.2.8 metanetx.reaction MNXR103115 sbo SBO:0000176	Inorganic ion metabolism	Inorganic ion metabolism	metabolite context: phosphate	HIERARCHICAL_METABOLITE_CONTEXT
PPM2	Phosphopentomutase 2 (deoxyribose)	Internal metabolic		bigg.reaction PPM2 biocyc META:D-PPENTOMUT-RXN brenda 5.4.2.7 ec-code 5.4.2.7 kegg.reaction R02749 metanetx.reaction MNXR103116 rhea 25205;25206;25207;25208;27658;27659;27660;27661 sbo SBO:0000176 seed.reaction rxn01986	Carbohydrate metabolism	Carbohydrate metabolism	reaction name: ribose	HIERARCHICAL_REACTION_NAME
PPNCL2	Phosphopantothenate-cysteine ligase	Internal metabolic		bigg.reaction PPNCL2 biocyc META:P-PANTOCYSLIG-RXN brenda 4.1.1.36;6.3.2.5 ec-code 6.3.2.5;4.1.1.36 kegg.reaction R04231 metanetx.reaction MNXR103119 rhea 19397;19398;19399;19400 sbo SBO:0000176 seed.reaction rxn09177	Amino acid metabolism	Amino acid metabolism	reaction name: cysteine	HIERARCHICAL_REACTION_NAME
PPND	Prephenate dehydrogenase	Internal metabolic		bigg.reaction PPND biocyc META:PREPHENATEDEHYDROG-RXN brenda 1.3.1.12;2.5.1.19 ec-code 1.3.1.12;2.5.1.19 kegg.reaction R01728 metanetx.reaction MNXR103121 rhea 13869;13870;13871;13872 sbo SBO:0000176 seed.reaction rxn01268	Energy metabolism / respiration	Energy metabolism / respiration	reaction name: hydrogenase	HIERARCHICAL_REACTION_NAME
PPNDH	Prephenate dehydratase	Internal metabolic		bigg.reaction PPNDH biocyc META:PREPHENATEDEHYDRAT-RXN brenda 4.2.1.51;4.2.1.91;5.4.99.5 ec-code 4.2.1.51;4.2.1.91;5.4.99.5 kegg.reaction R01373 metanetx.reaction MNXR126086 rhea 21648;21649;21650;21651 sbo SBO:0000176 seed.reaction rxn01000	Central carbon metabolism	Central carbon metabolism	metabolite context: pyruvate	HIERARCHICAL_METABOLITE_CONTEXT
PPNDH2	PPNDH2	Internal metabolic		bigg.reaction PPNDH2;PPCOAOm brenda 1.2.1.27 ec-code 1.2.1.27 gpr_status PROVISIONAL metanetx.reaction MNXR146098 sbo SBO:0000176 seed.reaction rxn00673;rxn28087;rxn32155	Nucleotide metabolism	Nucleotide metabolism	metabolite context: nucleotide	HIERARCHICAL_METABOLITE_CONTEXT
PPOHt2pp	Propanol transport in via proton symport (periplasm)	Transport		bigg.reaction PPOHt2pp metanetx.reaction MNXR103124 sbo SBO:0000185	Central carbon metabolism	Central carbon metabolism	transported substrate: propanol	TRANSPORT_SUBSTRATE_CURATED_RULE
PPOHtex	Propanol transport via diffusion (extracellular to periplasm)	Transport		bigg.reaction PPOHtex metanetx.reaction MNXR103125 sbo SBO:0000185	Central carbon metabolism	Central carbon metabolism	transported substrate: propanol	TRANSPORT_SUBSTRATE_CURATED_RULE
PPPGO	Protoporphyrinogen oxidase (aerobic)	Internal metabolic		bigg.reaction PPPGO brenda 1.3.3.4 ec-code 1.3.3.4;1.3.99.- metanetx.reaction MNXR103128 reactome R-GGA-421452 sbo SBO:0000176 seed.reaction rxn02304;rxn09179	Energy metabolism / respiration	Energy metabolism / respiration	reaction name: oxidase	HIERARCHICAL_REACTION_NAME
PPS	Phosphoenolpyruvate synthase	Internal metabolic		bigg.reaction PPS biocyc META:PEPSYNTH-RXN brenda 2.7.9.2 ec-code 2.7.9.2 kegg.reaction R00199 metanetx.reaction MNXR103140 rhea 11364;11365;11366;11367 sbo SBO:0000176 seed.reaction rxn00147	Central carbon metabolism	Central carbon metabolism	reaction name: pyruvate	HIERARCHICAL_REACTION_NAME
PRAGSr	Phosphoribosylglycinamide synthase	Internal metabolic		bigg.reaction PRAGSr biocyc META:GLYRIBONUCSYN-RXN brenda 6.3.4.13 ec-code 6.3.4.13 kegg.reaction R04144 metanetx.reaction MNXR103139 sbo SBO:0000176 seed.reaction rxn02895	Nucleotide metabolism	Nucleotide metabolism	reaction name: phosphoribosyl	HIERARCHICAL_REACTION_NAME
PRAIS	Phosphoribosylaminoimidazole synthase	Internal metabolic		bigg.reaction PRAIS brenda 6.3.3.1 ec-code 6.3.3.1 metanetx.reaction MNXR138720 rhea 23032;23033;23034;23035 sbo SBO:0000176	Nucleotide metabolism	Nucleotide metabolism	reaction name: phosphoribosyl	HIERARCHICAL_REACTION_NAME
PRAIi	Phosphoribosylanthranilate isomerase (irreversible)	Internal metabolic		bigg.reaction PRAIi;PRAI biocyc META:PRAISOM-RXN ec-code 5.3.1.24 kegg.reaction R03509 metanetx.reaction MNXR103156 rhea 21540;21541;21542;21543 sbo SBO:0000176 seed.reaction rxn02508;rxn28082	Nucleotide metabolism	Nucleotide metabolism	reaction name: phosphoribosyl	HIERARCHICAL_REACTION_NAME
PRAMPC	Phosphoribosyl-AMP cyclohydrolase	Internal metabolic		bigg.reaction PRAMPC biocyc META:HISTCYCLOHYD-RXN brenda 3.5.4.19 ec-code 3.5.4.19 kegg.reaction R04037 metanetx.reaction MNXR103154 rhea 20049;20050;20051;20052 sbo SBO:0000176 seed.reaction rxn02835	Nucleotide metabolism	Nucleotide metabolism	reaction name: phosphoribosyl	HIERARCHICAL_REACTION_NAME
PRASCSi	Phosphoribosylaminoimidazolesuccinocarboxamide synthase	Internal metabolic		bigg.reaction PRASCSi biocyc META:SAICARSYN-RXN brenda 6.3.2.6 ec-code 6.3.2.6 kegg.reaction R04591 metanetx.reaction MNXR108987 reactome R-BTA-73805;R-CEL-73805;R-CFA-73805;R-DME-73805;R-DRE-73805;R-GGA-419223;R-GGA-73805;R-HSA-73805;R-MMU-73805;R-RNO-73805;R-SSC-73805;R-TGU-73805;R-XTR-73805 rhea 22628;22629;22630;22631 sbo SBO:0000176	Nucleotide metabolism	Nucleotide metabolism	reaction name: phosphoribosyl	HIERARCHICAL_REACTION_NAME
PRATPP	Phosphoribosyl-ATP pyrophosphatase	Internal metabolic		bigg.reaction PRATPP biocyc META:HISTPRATPHYD-RXN brenda 3.5.4.19;3.6.1.31 ec-code 3.6.1.31;3.5.4.19 kegg.reaction R04035 metanetx.reaction MNXR103155 rhea 22828;22829;22830;22831 sbo SBO:0000176 seed.reaction rxn02834	Nucleotide metabolism	Nucleotide metabolism	reaction name: phosphoribosyl	HIERARCHICAL_REACTION_NAME
PRFGS	Phosphoribosylformylglycinamidine synthase	Internal metabolic		bigg.reaction PRFGS brenda 6.3.5.3 ec-code 6.3.5.3 metanetx.reaction MNXR138721 reactome R-ATH-73812;R-BTA-73812;R-CEL-73812;R-CFA-73812;R-DDI-73812;R-DME-73812;R-DRE-73812;R-GGA-419144;R-GGA-73812;R-HSA-73812;R-MMU-73812;R-OSA-73812;R-RNO-73812;R-SCE-73812;R-SPO-73812;R-SSC-73812;R-XTR-73812 rhea 17129;17130;17131;17132 sbo SBO:0000176	Nucleotide metabolism	Nucleotide metabolism	reaction name: phosphoribosyl	HIERARCHICAL_REACTION_NAME
PRMICI	1-(5-phosphoribosyl)-5-[(5-phosphoribosylamino)methylideneamino)imidazole-4-carboxamide isomerase	Internal metabolic		bigg.reaction PRMICI;PRICIh biocyc META:PRIBFAICARPISOM-RXN brenda 5.3.1.16 ec-code 5.3.1.16 kegg.reaction R04640 metanetx.reaction MNXR103169 rhea 15469;15470;15471;15472 sbo SBO:0000176 seed.reaction rxn03175;rxn20608	Amino acid metabolism	Amino acid metabolism	curated reaction-ID mapping	CURATED_ID_OVERRIDE
PROD2	Proline dehydrogenase	Internal metabolic		bigg.reaction PROD2 brenda 1.2.1.88;1.5.5.2;1.5.99.8 ec-code 1.5.-.-;1.5.99.8;1.2.1.88;1.5.5.2 gpr_status PROVISIONAL kegg.reaction R10507 metanetx.reaction MNXR103187 rhea 26124;26125;26126;26127 sbo SBO:0000176 seed.reaction rxn09188	Energy metabolism / respiration	Energy metabolism / respiration	reaction name: hydrogenase	HIERARCHICAL_REACTION_NAME
PROD3	Proline dehydrogenase (q8)	Internal metabolic		bigg.reaction PROD3 brenda 1.2.1.88;1.5.5.2 ec-code 1.2.1.88;1.5.5.2 gpr_status PROVISIONAL metanetx.reaction MNXR137689 sbo SBO:0000176 seed.reaction rxn13741	Energy metabolism / respiration	Energy metabolism / respiration	reaction name: hydrogenase	HIERARCHICAL_REACTION_NAME
PROGLYabcpp	L-Prolinylglycine (Pro-Gly) transport via ABC system (periplasm)	Transport		bigg.reaction PROGLYabcpp gpr_status PROVISIONAL metanetx.reaction MNXR103190 sbo SBO:0000185 seed.reaction rxn09189	Amino acid metabolism	Amino acid metabolism	transported substrate: glycine	TRANSPORT_SUBSTRATE_CURATED_RULE
PROGLYtex	L-Prolinylglycine transport via diffusion (extracellular to periplasm)	Transport		bigg.reaction PROGLYtex metanetx.reaction MNXR103191 sbo SBO:0000185 seed.reaction rxn09190	Amino acid metabolism	Amino acid metabolism	transported substrate: glycine	TRANSPORT_SUBSTRATE_CURATED_RULE
PROHISGLUtr	Tripeptide Opp3 transport	Transport		bigg.reaction PROHISGLUtr sbo SBO:0000185	Amino acid metabolism	Amino acid metabolism	transported substrate: glutamine	TRANSPORT_SUBSTRATE_CURATED_RULE
PROR	PROR	Internal metabolic		bigg.reaction PROR sbo SBO:0000176	Amino acid metabolism	Amino acid metabolism	metabolite context: proline	HIERARCHICAL_METABOLITE_CONTEXT
PROabc	L-proline transport via ABC system	Transport		bigg.reaction PROabc biocyc META:ABC-26-RXN gpr_status PROVISIONAL metanetx.reaction MNXR103210 rhea 29815;29816;29817;29818 sbo SBO:0000185 seed.reaction rxn05165;rxn09187	Amino acid metabolism	Amino acid metabolism	transported substrate: proline	TRANSPORT_SUBSTRATE_CURATED_RULE
PROabcpp	L-proline transport via ABC system (periplasm)	Transport		bigg.reaction PROabcpp biocyc META:ABC-26-RXN gpr_status PROVISIONAL metanetx.reaction MNXR103210 rhea 29815;29816;29817;29818 sbo SBO:0000185 seed.reaction rxn05165;rxn09187	Amino acid metabolism	Amino acid metabolism	transported substrate: proline	TRANSPORT_SUBSTRATE_CURATED_RULE
PROt2r	L proline reversible transport via proton symport	Transport		bigg.reaction PROt2r biocyc META:TRANS-RXN-29 curation_status TRANSPORT_REBUILD_PENDING metanetx.reaction MNXR103211 rhea 28963;28964;28965;28966 sbo SBO:0000185 seed.reaction rxn05638;rxn09191;rxn11167	Amino acid metabolism	Amino acid metabolism	transported substrate: proline	TRANSPORT_SUBSTRATE_CURATED_RULE
PROt4	Na+/Proline-L symporter	Transport		bigg.reaction PROt4 biocyc META:TRANS-RXN-118 metanetx.reaction MNXR103197 reactome R-BTA-352052;R-CEL-352052;R-CFA-352052;R-GGA-352052;R-HSA-352052;R-MMU-352052;R-RNO-352052;R-SSC-352052;R-TGU-352052 rhea 28967;28968;28969;28970 sbo SBO:0000185 seed.reaction rxn05221;rxn09192	Amino acid metabolism	Amino acid metabolism	transported substrate: proline	TRANSPORT_SUBSTRATE_CURATED_RULE
PROt4pp	Na+/Proline-L symporter (periplasm)	Transport		bigg.reaction PROt4pp biocyc META:TRANS-RXN-118 metanetx.reaction MNXR103197 reactome R-BTA-352052;R-CEL-352052;R-CFA-352052;R-GGA-352052;R-HSA-352052;R-MMU-352052;R-RNO-352052;R-SSC-352052;R-TGU-352052 rhea 28967;28968;28969;28970 sbo SBO:0000185 seed.reaction rxn05221;rxn09192	Amino acid metabolism	Amino acid metabolism	transported substrate: proline	TRANSPORT_SUBSTRATE_CURATED_RULE
PROtex	L-proline transport via diffusion (extracellular to periplasm)	Transport		bigg.reaction PROtex metanetx.reaction MNXR103213 sbo SBO:0000185 seed.reaction rxn09193;rxn09720;rxn10945;rxn11339	Amino acid metabolism	Amino acid metabolism	transported substrate: proline	TRANSPORT_SUBSTRATE_CURATED_RULE
PRPPS	Phosphoribosylpyrophosphate synthetase	Internal metabolic		bigg.reaction PRPPS brenda 2.7.6.1 ec-code 2.7.6.1 metanetx.reaction MNXR103215 sbo SBO:0000176	Nucleotide metabolism	Nucleotide metabolism	reaction name: phosphoribosyl	HIERARCHICAL_REACTION_NAME
PSCVT	3-phosphoshikimate 1-carboxyvinyltransferase	Internal metabolic		bigg.reaction PSCVT;PSCIT biocyc META:2.5.1.19-RXN ec-code 2.5.1.19 kegg.reaction R03460 metanetx.reaction MNXR103226 reactome R-MTU-964886 rhea 21256;21257;21258;21259 sbo SBO:0000176 seed.reaction rxn02476;rxn33166	Amino acid metabolism	Amino acid metabolism	reaction name: shikimate	HIERARCHICAL_REACTION_NAME
PSD120	Phosphatidylserine decarboxylase (n-C12:0)	Internal metabolic		bigg.reaction PSD120 brenda 4.1.1.65 ec-code 4.1.1.65 metanetx.reaction MNXR103229 sbo SBO:0000176	Amino acid metabolism	Amino acid metabolism	reaction name: serine	HIERARCHICAL_REACTION_NAME
PSD141	Phosphatidylserine decarboxylase (n-C14:1)	Internal metabolic		bigg.reaction PSD141 brenda 4.1.1.65 ec-code 4.1.1.65 metanetx.reaction MNXR103231 sbo SBO:0000176	Amino acid metabolism	Amino acid metabolism	reaction name: serine	HIERARCHICAL_REACTION_NAME
PSD161	Phosphatidylserine decarboxylase (n-C16:1)	Internal metabolic		bigg.reaction PSD161 brenda 4.1.1.65 ec-code 4.1.1.65 metanetx.reaction MNXR103233 sbo SBO:0000176	Amino acid metabolism	Amino acid metabolism	reaction name: serine	HIERARCHICAL_REACTION_NAME
PSERT	Phosphoserine transaminase	Internal metabolic		bigg.reaction PSERT biocyc META:PSERTRANSAM-RXN brenda 2.6.1.52 ec-code 2.6.1.52 kegg.reaction R04173 metanetx.reaction MNXR103225 reactome R-ATH-977333;R-BTA-977333;R-CEL-977333;R-CFA-977333;R-DDI-977333;R-DME-977333;R-DRE-977333;R-GGA-977333;R-HSA-977333;R-MMU-977333;R-OSA-977333;R-RNO-977333;R-SCE-977333;R-SPO-977333;R-SSC-977333;R-TGU-977333;R-XTR-977333 rhea 14329;14330;14331;14332 sbo SBO:0000176 seed.reaction rxn02914	Amino acid metabolism	Amino acid metabolism	reaction name: serine	HIERARCHICAL_REACTION_NAME
PSP_L	Phosphoserine phosphatase (L-serine)	Internal metabolic		bigg.reaction PSP_L biocyc META:RXN0-5114 brenda 3.1.3.15;3.1.3.3 ec-code 3.1.3.3;3.1.3.15 kegg.reaction R00582 metanetx.reaction MNXR103260 reactome R-ATH-977324;R-BTA-977324;R-CEL-977324;R-CFA-977324;R-DDI-977324;R-DME-977324;R-DRE-977324;R-GGA-977324;R-HSA-977324;R-MMU-977324;R-OSA-977324;R-RNO-977324;R-SCE-977324;R-SPO-977324;R-SSC-977324;R-TGU-977324;R-XTR-977324 rhea 21208;21209;21210;21211 sbo SBO:0000176 seed.reaction rxn00420	Amino acid metabolism	Amino acid metabolism	reaction name: serine	HIERARCHICAL_REACTION_NAME
PSSA120	Phosphatidylserine syntase (n-C12:0)	Internal metabolic		bigg.reaction PSSA120 brenda 2.7.8.8 ec-code 2.7.8.8 metanetx.reaction MNXR103266 sbo SBO:0000176	Amino acid metabolism	Amino acid metabolism	reaction name: serine	HIERARCHICAL_REACTION_NAME
PSSA141	Phosphatidylserine syntase (n-C14:1)	Internal metabolic		bigg.reaction PSSA141 brenda 2.7.8.8 ec-code 2.7.8.8 metanetx.reaction MNXR103268 sbo SBO:0000176	Amino acid metabolism	Amino acid metabolism	reaction name: serine	HIERARCHICAL_REACTION_NAME
PSSA161	Phosphatidylserine syntase (n-C16:1)	Internal metabolic		bigg.reaction PSSA161 brenda 2.7.8.8 ec-code 2.7.8.8 metanetx.reaction MNXR103270 sbo SBO:0000176	Amino acid metabolism	Amino acid metabolism	reaction name: serine	HIERARCHICAL_REACTION_NAME
PSUDS	Pseudouridylate synthase	Internal metabolic		bigg.reaction PSUDS gpr_status PROVISIONAL metanetx.reaction MNXR103310 sbo SBO:0000176	Nucleotide metabolism	Nucleotide metabolism	reaction name: urid	HIERARCHICAL_REACTION_NAME
PTA2	Phosphate acetyltransferase	Internal metabolic		bigg.reaction PTA2 biocyc META:PTAALT-RXN brenda 2.3.1.222;2.3.1.8 ec-code 2.3.1.222;2.3.1.8 kegg.reaction R00921 metanetx.reaction MNXR102416 rhea 28046;28047;28048;28049 sbo SBO:0000176 seed.reaction rxn00670	Inorganic ion metabolism	Inorganic ion metabolism	reaction name: phosphate	HIERARCHICAL_REACTION_NAME
PTAr	Phosphotransacetylase	Internal metabolic		bigg.reaction PTAr biocyc META:PHOSACETYLTRANS-RXN brenda 2.3.1.8 ec-code 2.3.1.8 kegg.reaction R00230 metanetx.reaction MNXR103319 rhea 19521;19522;19523;19524 sbo SBO:0000176 seed.reaction rxn00173	Central carbon metabolism	Central carbon metabolism	metabolite context: acetyl-coa	HIERARCHICAL_METABOLITE_CONTEXT
PTAtex	Pentanoate transport via diffusion (extracellular to periplasm)	Transport		bigg.reaction PTAtex metanetx.reaction MNXR103320 sbo SBO:0000185	Central carbon metabolism	Central carbon metabolism	transported substrate: pentanoate	TRANSPORT_SUBSTRATE_CURATED_RULE
PTHRP	Phospho-threonine phosphatase	Internal metabolic		bigg.reaction PTHRP;PTHRpp biocyc META:RXN-14505 metanetx.reaction MNXR103332 rhea 30579 sbo SBO:0000176 seed.reaction rxn09212	Amino acid metabolism	Amino acid metabolism	reaction name: threonine	HIERARCHICAL_REACTION_NAME
PTPATi	Pantetheine-phosphate adenylyltransferase	Internal metabolic		bigg.reaction PTPATi biocyc META:PANTEPADENYLYLTRAN-RXN brenda 2.7.7.3 ec-code 2.7.7.3 kegg.reaction R03035 metanetx.reaction MNXR95892 reactome R-ATH-196754;R-BTA-196754;R-CEL-196754;R-CFA-196754;R-DDI-196754;R-DME-196754;R-DRE-196754;R-GGA-196754;R-HSA-196754;R-MMU-196754;R-OSA-196754;R-PFA-196754;R-RNO-196754;R-SCE-196754;R-SSC-196754;R-TGU-196754;R-XTR-196754 rhea 19801;19802;19803;19804 sbo SBO:0000176 seed.reaction rxn02175	Inorganic ion metabolism	Inorganic ion metabolism	reaction name: phosphate	HIERARCHICAL_REACTION_NAME
PTRCTA	Putrescine Transaminase	Internal metabolic		bigg.reaction PTRCTA biocyc META:PUTTRANSAM-RXN brenda 2.6.1.29;2.6.1.82 ec-code 2.6.1.29;2.6.1.82 gpr_status PROVISIONAL kegg.reaction R01155 metanetx.reaction MNXR103337 rhea 23816;23817;23818;23819 sbo SBO:0000176 seed.reaction rxn00856;rxn07225	Amino acid metabolism	Amino acid metabolism	metabolite context: glutamate	HIERARCHICAL_METABOLITE_CONTEXT
PTRCTA2	Putrescine Transaminase  pyruvate	Internal metabolic		bigg.reaction PTRCTA2 biocyc META:RXN-8 brenda 2.6.1.113 ec-code 2.6.1.113 gpr_status PROVISIONAL kegg.reaction R08714 metanetx.reaction MNXR112228 rhea 30707 sbo SBO:0000176 seed.reaction rxn14077	Central carbon metabolism	Central carbon metabolism	reaction name: pyruvate	HIERARCHICAL_REACTION_NAME
PTRCabc	Putrescine transport via ABC system	Transport		bigg.reaction PTRCabc biocyc META:ABC-25-RXN ec-code 3.6.3.31 gpr_status PROVISIONAL metanetx.reaction MNXR103338 rhea 29995;29996;29997;29998 sbo SBO:0000185 seed.reaction rxn05163;rxn09213;rxn11263	Amino acid metabolism	Amino acid metabolism	transported substrate: putrescine	TRANSPORT_SUBSTRATE_CURATED_RULE
PTRCabcpp	Putrescine transport via ABC system (periplasm)	Transport		bigg.reaction PTRCabcpp biocyc META:ABC-25-RXN ec-code 3.6.3.31 gpr_status PROVISIONAL metanetx.reaction MNXR103338 rhea 29995;29996;29997;29998 sbo SBO:0000185 seed.reaction rxn05163;rxn09213;rxn11263	Amino acid metabolism	Amino acid metabolism	transported substrate: putrescine	TRANSPORT_SUBSTRATE_CURATED_RULE
PTRCtex	Putrescine transport via diffusion (extracellular to periplasm)	Transport		bigg.reaction PTRCtex metanetx.reaction MNXR103339 sbo SBO:0000185 seed.reaction rxn09216;rxn13393	Amino acid metabolism	Amino acid metabolism	transported substrate: putrescine	TRANSPORT_SUBSTRATE_CURATED_RULE
PTSLAtexi	6E  Octadec 6 enoic acid transport via facilitated irreversible diffusion  extracellular to periplasm	Transport		bigg.reaction PTSLAtexi sbo SBO:0000185	Lipid metabolism	Lipid metabolism	transported substrate: enoic acid	TRANSPORT_SUBSTRATE_CURATED_RULE
PUNP1	Purine-nucleoside phosphorylase (Adenosine)	Internal metabolic		bigg.reaction PUNP1 biocyc META:ADENPHOSPHOR-RXN brenda 2.4.2.1 ec-code 2.4.2.1 kegg.reaction R01561 metanetx.reaction MNXR103343 rhea 27642;27643;27644;27645 sbo SBO:0000176 seed.reaction rxn01138	Nucleotide metabolism	Nucleotide metabolism	reaction name: nucleoside	HIERARCHICAL_REACTION_NAME
PUNP2	Purine-nucleoside phosphorylase (Deoxyadenosine)	Internal metabolic		bigg.reaction PUNP2 biocyc META:DEOXYADENPHOSPHOR-RXN brenda 2.4.2.1 ec-code 2.4.2.1 kegg.reaction R02557 metanetx.reaction MNXR103344 rhea 27742;27743;27744;27745 sbo SBO:0000176 seed.reaction rxn01859	Nucleotide metabolism	Nucleotide metabolism	reaction name: nucleoside	HIERARCHICAL_REACTION_NAME
PUNP3	Purine-nucleoside phosphorylase (Guanosine)	Internal metabolic		bigg.reaction PUNP3 biocyc META:RXN0-5199 brenda 2.4.2.1;2.4.2.15 ec-code 2.4.2.1;2.4.2.15 kegg.reaction R02147 metanetx.reaction MNXR103345 rhea 13233;13234;13235;13236 sbo SBO:0000176 seed.reaction rxn01548	Nucleotide metabolism	Nucleotide metabolism	reaction name: nucleoside	HIERARCHICAL_REACTION_NAME
PUNP4	Purine-nucleoside phosphorylase (Deoxyguanosine)	Internal metabolic		bigg.reaction PUNP4 biocyc META:DEOXYGUANPHOSPHOR-RXN brenda 2.4.2.1;2.4.2.4 ec-code 2.4.2.1;2.4.2.4 kegg.reaction R01969 metanetx.reaction MNXR103346 rhea 27738;27739;27740;27741 sbo SBO:0000176 seed.reaction rxn01446	Nucleotide metabolism	Nucleotide metabolism	reaction name: nucleoside	HIERARCHICAL_REACTION_NAME
PUNP5	Purine-nucleoside phosphorylase (Inosine)	Internal metabolic		bigg.reaction PUNP5 biocyc META:INOPHOSPHOR-RXN brenda 2.4.2.1;2.4.2.15 ec-code 2.4.2.1;2.4.2.15 kegg.reaction R01863 metanetx.reaction MNXR103347 reactome R-GGA-421174 rhea 27646;27647;27648;27649 sbo SBO:0000176 seed.reaction rxn01358	Nucleotide metabolism	Nucleotide metabolism	reaction name: nucleoside	HIERARCHICAL_REACTION_NAME
PUNP6	Purine-nucleoside phosphorylase (Deoxyinosine)	Internal metabolic		bigg.reaction PUNP6 biocyc META:DEOXYINOPHOSPHOR-RXN brenda 2.4.2.1;2.4.2.4 ec-code 2.4.2.1;2.4.2.4 kegg.reaction R02748 metanetx.reaction MNXR103348 rhea 27750;27751;27752;27753 sbo SBO:0000176 seed.reaction rxn01985	Nucleotide metabolism	Nucleotide metabolism	reaction name: nucleoside	HIERARCHICAL_REACTION_NAME
PUNP7	Purine-nucleoside phosphorylase (Xanthosine)	Internal metabolic		bigg.reaction PUNP7 biocyc META:XANTHOSINEPHOSPHORY-RXN brenda 2.4.2.1 ec-code 2.4.2.-;2.4.2.1 kegg.reaction R02297 metanetx.reaction MNXR103349 rhea 27638;27639;27640;27641 sbo SBO:0000176 seed.reaction rxn01649	Nucleotide metabolism	Nucleotide metabolism	reaction name: nucleoside	HIERARCHICAL_REACTION_NAME
PUTA3	PUTA3	Internal metabolic		bigg.reaction PUTA3;r0074 biocyc META:RXN-14116 brenda 1.2.1.88;1.5.1.12;1.5.5.2 ec-code 1.2.1.88;1.5.1.12;1.5.5.2 kegg.reaction R00245 metanetx.reaction MNXR103352 reactome R-BTA-70679;R-CEL-70679;R-CFA-70679;R-DDI-70679;R-DME-70679;R-DRE-70679;R-GGA-70679;R-HSA-70679;R-MMU-70679;R-RNO-70679;R-SCE-70679;R-SPO-70679;R-SSC-70679;R-TGU-70679;R-XTR-70679 rhea 30235;30236;30237;30238 sbo SBO:0000176 seed.reaction rxn00183;rxn33819;rxn33820	Amino acid metabolism	Amino acid metabolism	metabolite context: glutamate	HIERARCHICAL_METABOLITE_CONTEXT
PY5CDHE	PY5CDHE	Internal metabolic		bigg.reaction PY5CDHE;r0686 brenda 1.2.1.88;1.5.5.2 ec-code 1.2.1.88;1.5.5.2 gpr_status PROVISIONAL kegg.reaction R04445 metanetx.reaction MNXR105368 rhea 24943 sbo SBO:0000176 seed.reaction rxn32266;rxn32270	Amino acid metabolism	Amino acid metabolism	metabolite context: glutamate	HIERARCHICAL_METABOLITE_CONTEXT
PYAM5PO	Pyridoxamine 5'-phosphate oxidase	Internal metabolic		bigg.reaction PYAM5PO biocyc META:PMPOXI-RXN brenda 1.4.3.5 ec-code 1.4.3.5 kegg.reaction R00277 metanetx.reaction MNXR103355 reactome R-BTA-965079;R-CEL-965079;R-CFA-965079;R-DDI-965079;R-DME-965079;R-DRE-965079;R-GGA-965079;R-HSA-965079;R-MMU-965079;R-RNO-965079;R-SCE-965079;R-SPO-965079;R-SSC-965079;R-XTR-965079 rhea 15817;15818;15819;15820 sbo SBO:0000176 seed.reaction rxn00208;rxn30055;rxn30747;rxn31960	Energy metabolism / respiration	Energy metabolism / respiration	reaction name: oxidase	HIERARCHICAL_REACTION_NAME
PYDXNO	Pyridoxine oxidase	Internal metabolic		bigg.reaction PYDXNO biocyc META:PYRIDOXINE-4-OXIDASE-RXN brenda 1.1.3.12;1.4.3.5 ec-code 1.1.3.12;1.4.3.5 kegg.reaction R01711 metanetx.reaction MNXR103363 rhea 15033;15034;15035;15036 sbo SBO:0000176 seed.reaction rxn01252	Energy metabolism / respiration	Energy metabolism / respiration	database annotation: oxidase	HIERARCHICAL_DATABASE_ANNOTATION
PYDXNtr	Pyridoxine transport via diffusion	Transport		bigg.reaction PYDXNtr biocyc META:TRANS-RXN0-205 metanetx.reaction MNXR103364 rhea 28470;28471;28472;28473 sbo SBO:0000185 seed.reaction rxn13097	Cofactor and vitamin metabolism	Cofactor and vitamin metabolism	reaction name: pyridox	TRANSPORT_SUBSTRATE_REACTION_NAME
PYDXO	Pyridoxal oxidase	Internal metabolic		bigg.reaction PYDXO brenda 1.4.3.5 ec-code 1.4.3.5 metanetx.reaction MNXR103365 sbo SBO:0000176 seed.reaction rxn09566	Energy metabolism / respiration	Energy metabolism / respiration	reaction name: oxidase	HIERARCHICAL_REACTION_NAME
PYDXOR	Pyridoxine:NADP+ 4-oxidoreductase	Internal metabolic		bigg.reaction PYDXOR biocyc META:PYRIDOXINE-4-DEHYDROGENASE-RXN brenda 1.1.1.65 ec-code 1.1.1.65 gpr_status PROVISIONAL kegg.reaction R01708 metanetx.reaction MNXR103366 rhea 16129;16130;16131;16132 sbo SBO:0000176 seed.reaction rxn01249;rxn38275	Energy metabolism / respiration	Energy metabolism / respiration	database annotation: hydrogenase	HIERARCHICAL_DATABASE_ANNOTATION
PYDXPP	Pyridoxal 5-phosphate phosphatase	Internal metabolic		bigg.reaction PYDXPP biocyc META:3.1.3.74-RXN brenda 3.1.3.74 ec-code 3.1.3.74 kegg.reaction R00173 metanetx.reaction MNXR103368 rhea 20533;20534;20535;20536 sbo SBO:0000176 seed.reaction rxn00123	Cofactor and vitamin metabolism	Cofactor and vitamin metabolism	reaction name: pyridox	HIERARCHICAL_REACTION_NAME
PYK	Pyruvate kinase	Internal metabolic		bigg.reaction PYK;PYK_h;PYKf;PYKm biocyc META:PEPDEPHOS-RXN brenda 2.7.1.40 ec-code 2.7.1.40 kegg.reaction R00200 metanetx.reaction MNXR103371 reactome R-ATH-71670;R-BTA-71670;R-CEL-71670;R-CFA-71670;R-DDI-71670;R-DME-71670;R-DRE-71670;R-GGA-353056;R-GGA-71670;R-HSA-71670;R-MMU-71670;R-OSA-71670;R-PFA-71670;R-RNO-71670;R-SCE-71670;R-SPO-71670;R-SSC-71670;R-TGU-71670;R-XTR-71670 rhea 18157;18158;18159;18160 sbo SBO:0000176 seed.reaction rxn00148;rxn20509;rxn35242	Central carbon metabolism	Central carbon metabolism	reaction name: pyruvate	HIERARCHICAL_REACTION_NAME
PYK2	Pyruvate kinase(2)	Internal metabolic		bigg.reaction PYK2 brenda 2.7.1.40 ec-code 2.7.1.40 kegg.reaction R00659 metanetx.reaction MNXR103372 rhea 56948 sbo SBO:0000176 seed.reaction rxn00460	Central carbon metabolism	Central carbon metabolism	reaction name: pyruvate	HIERARCHICAL_REACTION_NAME
PYK3	Pyruvate kinase(3)	Internal metabolic		bigg.reaction PYK3 biocyc META:RXN-14117 brenda 2.7.1.40 ec-code 2.7.1.40 kegg.reaction R00430 metanetx.reaction MNXR100460 rhea 30295;30296;30297;30298 sbo SBO:0000176 seed.reaction rxn00304	Central carbon metabolism	Central carbon metabolism	reaction name: pyruvate	HIERARCHICAL_REACTION_NAME
PYK4	Pyruvate kinase(4)	Internal metabolic		bigg.reaction PYK4 brenda 2.7.1.40 ec-code 2.7.1.40 kegg.reaction R00572 metanetx.reaction MNXR103373 rhea 56952 sbo SBO:0000176 seed.reaction rxn00411	Central carbon metabolism	Central carbon metabolism	reaction name: pyruvate	HIERARCHICAL_REACTION_NAME
PYK6	RE2954	Internal metabolic		bigg.reaction PYK6 brenda 2.7.1.40 ec-code 2.7.1.40 gpr_status PROVISIONAL metanetx.reaction MNXR162425 sbo SBO:0000176	Central carbon metabolism	Central carbon metabolism	metabolite context: pyruvate	HIERARCHICAL_METABOLITE_CONTEXT
PYNP2r	Pyrimidine-nucleoside phosphorylase (uracil)	Internal metabolic		bigg.reaction PYNP2r biocyc META:URPHOS-RXN ec-code 2.4.2.2;2.4.2.3 kegg.reaction R01876 metanetx.reaction MNXR103377 rhea 24388;24389;24390;24391 sbo SBO:0000176 seed.reaction rxn01366	Nucleotide metabolism	Nucleotide metabolism	reaction name: nucleoside	HIERARCHICAL_REACTION_NAME
PYRt2rpp	Pyruvate reversible transport via proton symport (periplasm)	Transport		bigg.reaction PYRt2rpp gpr_status PROVISIONAL metanetx.reaction MNXR103385 reactome R-GGA-372359;R-HSA-372342;R-RNO-372347 sbo SBO:0000185 seed.reaction rxn05469;rxn09217;rxn09717;rxn09832	Central carbon metabolism	Central carbon metabolism	reaction name: pyruvate	TRANSPORT_SUBSTRATE_REACTION_NAME
PYRt4pp	Pyruvate transport via sodium symport	Transport		bigg.reaction PYRt4pp gpr_status PROVISIONAL metanetx.reaction MNXR103387 sbo SBO:0000185	Central carbon metabolism	Central carbon metabolism	reaction name: pyruvate	TRANSPORT_SUBSTRATE_REACTION_NAME
PYRtex	Pyruvate transport via diffusion (extracellular to periplasm)	Transport		bigg.reaction PYRtex biocyc META:TRANS-RXN0-506;META:TRANS-RXN0-570 metanetx.reaction MNXR103384 sbo SBO:0000185 seed.reaction rxn09218;rxn10929	Central carbon metabolism	Central carbon metabolism	reaction name: pyruvate	TRANSPORT_SUBSTRATE_REACTION_NAME
QUIN2tex	Quinate transport via diffusion (extracellular to periplasm)	Transport		bigg.reaction QUIN2tex metanetx.reaction MNXR103397 rhea 35195;35196;35197;35198 sbo SBO:0000185 seed.reaction rxn12452	Central carbon metabolism	Central carbon metabolism	transported substrate: quinate	TRANSPORT_SUBSTRATE_CURATED_RULE
QULNS	Quinolinate synthase	Internal metabolic		bigg.reaction QULNS biocyc META:QUINOLINATE-SYNTHA-RXN brenda 2.5.1.72 ec-code 2.5.1.72 kegg.reaction R04292 metanetx.reaction MNXR103400 rhea 25888;25889;25890;25891 sbo SBO:0000176 seed.reaction rxn02988	Energy metabolism / respiration	Energy metabolism / respiration	database annotation: quinol	HIERARCHICAL_DATABASE_ANNOTATION
R5PP	Ribose 5-phosphate phosphatase	Internal metabolic		bigg.reaction R5PP brenda 3.8.1.2 ec-code 3.8.1.2 gpr_status PROVISIONAL metanetx.reaction MNXR103410 sbo SBO:0000176	Inorganic ion metabolism	Inorganic ion metabolism	reaction name: phosphate	HIERARCHICAL_REACTION_NAME
RBFK	Riboflavin kinase	Internal metabolic		bigg.reaction RBFK biocyc META:RIBOFLAVINKIN-RXN brenda 2.7.1.26 ec-code 2.7.1.26 kegg.reaction R00549 metanetx.reaction MNXR103429 reactome R-BTA-196964;R-CEL-196964;R-CFA-196964;R-DME-196964;R-DRE-196964;R-GGA-196964;R-HSA-196964;R-MMU-196964;R-PFA-196964;R-RNO-196964;R-SCE-196964;R-SPO-196964;R-SSC-196964;R-TGU-196964;R-XTR-196964 rhea 14357;14358;14359;14360 sbo SBO:0000176 seed.reaction rxn00392	Cofactor and vitamin metabolism	Cofactor and vitamin metabolism	database annotation: riboflavin	HIERARCHICAL_DATABASE_ANNOTATION
RBFSa	Riboflavin synthase	Internal metabolic		bigg.reaction RBFSa brenda 2.5.1.78;2.5.1.9 ec-code 2.5.1.78;2.5.1.9 kegg.reaction R04457 metanetx.reaction MNXR97501 sbo SBO:0000176 seed.reaction rxn03080	Cofactor and vitamin metabolism	Cofactor and vitamin metabolism	reaction name: riboflavin	HIERARCHICAL_REACTION_NAME
RBFSb	Riboflavin synthase	Internal metabolic		bigg.reaction RBFSb biocyc META:RIBOFLAVIN-SYN-RXN brenda 2.5.1.78;2.5.1.9 ec-code 2.5.1.9;2.5.1.78 kegg.reaction R00066 metanetx.reaction MNXR103430 rhea 20772;20773;20774;20775 sbo SBO:0000176 seed.reaction rxn00048	Cofactor and vitamin metabolism	Cofactor and vitamin metabolism	database annotation: riboflavin	HIERARCHICAL_DATABASE_ANNOTATION
RECOAH26	3 hydroxyacyl Coa dehydratase   R  3 hydroxy  4Z  decenyl CoA	Internal metabolic		bigg.reaction RECOAH26 metanetx.reaction MNXR162534 sbo SBO:0000176	Other curated	Other curated	named biochemical reaction without controlled-category match	NAMED_REACTION_FALLBACK
RHA40tex	R 3 Hydroxy acid transport diffusion C40  extracellular to periplasm	Transport		bigg.reaction RHA40tex sbo SBO:0000185	PHB / storage metabolism	PHB / storage metabolism	transported substrate: 3-hydroxybutanoate	TRANSPORT_SUBSTRATE_CURATED_RULE
RHA70tex	R 3 Hydroxy acid transport diffusion C70  extracellular to periplasm	Transport		bigg.reaction RHA70tex sbo SBO:0000185	Other curated	Other curated	transport chemistry present but substrate class is outside the controlled categories	TRANSPORT_OTHER_CURATED
RHA70tpp	R 3 Hydroxy acid transport diffusion C70   periplasm	Transport		bigg.reaction RHA70tpp sbo SBO:0000185	Other curated	Other curated	transport chemistry present but substrate class is outside the controlled categories	TRANSPORT_OTHER_CURATED
RHACOAE121d6	R hydroxy acyl CoA thioesterase  C121d6	Internal metabolic		bigg.reaction RHACOAE121d6 brenda 3.1.2.20 ec-code 3.1.2.20 gpr_status PROVISIONAL metanetx.reaction MNXR162546 sbo SBO:0000176	Cofactor and vitamin metabolism	Cofactor and vitamin metabolism	metabolite context: coenzyme	HIERARCHICAL_METABOLITE_CONTEXT
RHACOAE141d5	R hydroxy acyl CoA thioesterase  C141	Internal metabolic		bigg.reaction RHACOAE141d5 brenda 3.1.2.20 ec-code 3.1.2.20 gpr_status PROVISIONAL metanetx.reaction MNXR162549 sbo SBO:0000176	Cofactor and vitamin metabolism	Cofactor and vitamin metabolism	metabolite context: coenzyme	HIERARCHICAL_METABOLITE_CONTEXT
RHACOAET40	R hydroxy acetylthio acyl CoA thioesterase  Acetylthio C40	Internal metabolic		bigg.reaction RHACOAET40 brenda 3.1.2.20 ec-code 3.1.2.20 gpr_status PROVISIONAL metanetx.reaction MNXR162565 sbo SBO:0000176	Cofactor and vitamin metabolism	Cofactor and vitamin metabolism	metabolite context: coenzyme	HIERARCHICAL_METABOLITE_CONTEXT
RHACOAET60	R hydroxy acetylthio acyl CoA thioesterase  Acetylthio C60	Internal metabolic		bigg.reaction RHACOAET60 brenda 3.1.2.20 ec-code 3.1.2.20 gpr_status PROVISIONAL metanetx.reaction MNXR162566 sbo SBO:0000176	Cofactor and vitamin metabolism	Cofactor and vitamin metabolism	metabolite context: coenzyme	HIERARCHICAL_METABOLITE_CONTEXT
RHACOAR100	3R  3 Hydroxyacyl CoANADP oxidoreductase	Internal metabolic		bigg.reaction RHACOAR100 brenda 1.1.1.36 ec-code 1.1.1.36 metanetx.reaction MNXR104020 sbo SBO:0000176 seed.reaction rxn12767	Cofactor and vitamin metabolism	Cofactor and vitamin metabolism	reaction name: nad	HIERARCHICAL_REACTION_NAME
RHACOAR101	3R  3 Hydroxyacyl CoANADP oxidoreductase	Internal metabolic		bigg.reaction RHACOAR101 brenda 1.1.1.100 ec-code 1.1.1.100 gpr_status PROVISIONAL metanetx.reaction MNXR162567 sbo SBO:0000176	Cofactor and vitamin metabolism	Cofactor and vitamin metabolism	reaction name: nad	HIERARCHICAL_REACTION_NAME
RHACOAR120	R  Hydroxyacyl CoANADP oxidoreductase	Internal metabolic		bigg.reaction RHACOAR120 brenda 1.1.1.100 ec-code 1.1.1.100 gpr_status PROVISIONAL metanetx.reaction MNXR104021 rhea 45848;45849;45850;45851 sbo SBO:0000176 seed.reaction rxn12768	Cofactor and vitamin metabolism	Cofactor and vitamin metabolism	reaction name: nad	HIERARCHICAL_REACTION_NAME
RHACOAR121d5	R  Hydroxyacyl CoANADP oxidoreductase	Internal metabolic		bigg.reaction RHACOAR121d5 brenda 1.1.1.100 ec-code 1.1.1.100 gpr_status PROVISIONAL metanetx.reaction MNXR162568 sbo SBO:0000176	Cofactor and vitamin metabolism	Cofactor and vitamin metabolism	reaction name: nad	HIERARCHICAL_REACTION_NAME
RHACOAR121d6	R  Hydroxyacyl CoANADP oxidoreductase	Internal metabolic		bigg.reaction RHACOAR121d6 brenda 1.1.1.100 ec-code 1.1.1.100 gpr_status PROVISIONAL metanetx.reaction MNXR162569 sbo SBO:0000176	Cofactor and vitamin metabolism	Cofactor and vitamin metabolism	reaction name: nad	HIERARCHICAL_REACTION_NAME
RHACOAR140	3R  3 Hydroxyacyl CoANADP oxidoreductase	Internal metabolic		bigg.reaction RHACOAR140 brenda 1.1.1.36 ec-code 1.1.1.36 metanetx.reaction MNXR104022 sbo SBO:0000176 seed.reaction rxn12769	Cofactor and vitamin metabolism	Cofactor and vitamin metabolism	reaction name: nad	HIERARCHICAL_REACTION_NAME
RHACOAR141d5	R  Hydroxyacyl CoANADP oxidoreductase	Internal metabolic		bigg.reaction RHACOAR141d5 brenda 1.1.1.100 ec-code 1.1.1.100 gpr_status PROVISIONAL metanetx.reaction MNXR162570 sbo SBO:0000176	Cofactor and vitamin metabolism	Cofactor and vitamin metabolism	reaction name: nad	HIERARCHICAL_REACTION_NAME
RHACOAR141d7	R  Hydroxyacyl CoANADP oxidoreductase	Internal metabolic		bigg.reaction RHACOAR141d7 brenda 1.1.1.100 ec-code 1.1.1.100 gpr_status PROVISIONAL metanetx.reaction MNXR162571 sbo SBO:0000176	Cofactor and vitamin metabolism	Cofactor and vitamin metabolism	reaction name: nad	HIERARCHICAL_REACTION_NAME
RHACOAR142	R  Hydroxyacyl CoANADP oxidoreductase	Internal metabolic		bigg.reaction RHACOAR142 brenda 1.1.1.100 ec-code 1.1.1.100 gpr_status PROVISIONAL metanetx.reaction MNXR162572 sbo SBO:0000176	Cofactor and vitamin metabolism	Cofactor and vitamin metabolism	reaction name: nad	HIERARCHICAL_REACTION_NAME
RHACOAR60	3R  3 Hydroxyacyl CoANADP oxidoreductase	Internal metabolic		bigg.reaction RHACOAR60 brenda 1.1.1.36 ec-code 1.1.1.36 metanetx.reaction MNXR104023 sbo SBO:0000176 seed.reaction rxn12770	Cofactor and vitamin metabolism	Cofactor and vitamin metabolism	reaction name: nad	HIERARCHICAL_REACTION_NAME
RHACOAR70	3R  3 Hydroxyacyl CoANADP oxidoreductase	Internal metabolic		bigg.reaction RHACOAR70 brenda 1.1.1.100 ec-code 1.1.1.100 gpr_status PROVISIONAL metanetx.reaction MNXR162573 sbo SBO:0000176	Cofactor and vitamin metabolism	Cofactor and vitamin metabolism	reaction name: nad	HIERARCHICAL_REACTION_NAME
RHACOAR80	3R  3 Hydroxyacyl CoANADP oxidoreductase	Internal metabolic		bigg.reaction RHACOAR80 brenda 1.1.1.36 ec-code 1.1.1.36 metanetx.reaction MNXR104024 sbo SBO:0000176 seed.reaction rxn12771	Cofactor and vitamin metabolism	Cofactor and vitamin metabolism	reaction name: nad	HIERARCHICAL_REACTION_NAME
RHACOAR90	3R  3 Hydroxyacyl CoANADP oxidoreductase	Internal metabolic		bigg.reaction RHACOAR90 brenda 1.1.1.100 ec-code 1.1.1.100 gpr_status PROVISIONAL metanetx.reaction MNXR162574 sbo SBO:0000176	Cofactor and vitamin metabolism	Cofactor and vitamin metabolism	reaction name: nad	HIERARCHICAL_REACTION_NAME
RHACOARP100	R  Hydroxyacyl CoANADP oxidoreductase	Internal metabolic		bigg.reaction RHACOARP100 brenda 1.1.1.100 ec-code 1.1.1.100 gpr_status PROVISIONAL metanetx.reaction MNXR162575 sbo SBO:0000176	Cofactor and vitamin metabolism	Cofactor and vitamin metabolism	reaction name: nad	HIERARCHICAL_REACTION_NAME
RHACOARP40	R  Hydroxyacyl CoANADP oxidoreductase	Internal metabolic		bigg.reaction RHACOARP40 brenda 1.1.1.100 ec-code 1.1.1.100 gpr_status PROVISIONAL metanetx.reaction MNXR162576 sbo SBO:0000176	Cofactor and vitamin metabolism	Cofactor and vitamin metabolism	reaction name: nad	HIERARCHICAL_REACTION_NAME
RHACOARP50	R  Hydroxyacyl CoANADP oxidoreductase	Internal metabolic		bigg.reaction RHACOARP50 brenda 1.1.1.100 ec-code 1.1.1.100 gpr_status PROVISIONAL metanetx.reaction MNXR162577 sbo SBO:0000176	Cofactor and vitamin metabolism	Cofactor and vitamin metabolism	reaction name: nad	HIERARCHICAL_REACTION_NAME
RHACOARP60	R  Hydroxyacyl CoANADP oxidoreductase	Internal metabolic		bigg.reaction RHACOARP60 brenda 1.1.1.100 ec-code 1.1.1.100 gpr_status PROVISIONAL metanetx.reaction MNXR162578 sbo SBO:0000176	Cofactor and vitamin metabolism	Cofactor and vitamin metabolism	reaction name: nad	HIERARCHICAL_REACTION_NAME
RHACOARP70	R  Hydroxyacyl CoANADP oxidoreductase	Internal metabolic		bigg.reaction RHACOARP70 brenda 1.1.1.100 ec-code 1.1.1.100 gpr_status PROVISIONAL metanetx.reaction MNXR162579 sbo SBO:0000176	Cofactor and vitamin metabolism	Cofactor and vitamin metabolism	reaction name: nad	HIERARCHICAL_REACTION_NAME
RHACOARP80	R  Hydroxyacyl CoANADP oxidoreductase	Internal metabolic		bigg.reaction RHACOARP80 brenda 1.1.1.100 ec-code 1.1.1.100 gpr_status PROVISIONAL metanetx.reaction MNXR162580 sbo SBO:0000176	Cofactor and vitamin metabolism	Cofactor and vitamin metabolism	reaction name: nad	HIERARCHICAL_REACTION_NAME
RHACOARP90	R  Hydroxyacyl CoANADP oxidoreductase	Internal metabolic		bigg.reaction RHACOARP90 brenda 1.1.1.100 ec-code 1.1.1.100 gpr_status PROVISIONAL metanetx.reaction MNXR162581 sbo SBO:0000176	Cofactor and vitamin metabolism	Cofactor and vitamin metabolism	reaction name: nad	HIERARCHICAL_REACTION_NAME
RHACOART60	R  Hydroxyacyl CoANADP oxidoreductase	Internal metabolic		bigg.reaction RHACOART60 brenda 1.1.1.100 ec-code 1.1.1.100 gpr_status PROVISIONAL metanetx.reaction MNXR162582 sbo SBO:0000176	Cofactor and vitamin metabolism	Cofactor and vitamin metabolism	reaction name: nad	HIERARCHICAL_REACTION_NAME
RHAP60tex	R 3 Hydroxyphenyl acid transport diffusion C60  extracellularperiplasm	Transport		bigg.reaction RHAP60tex sbo SBO:0000185	Other curated	Other curated	transport chemistry present but substrate class is outside the controlled categories	TRANSPORT_OTHER_CURATED
RHAP60tpp	R 3 Hydroxyphenyl acid transport diffusion C60   periplasm	Transport		bigg.reaction RHAP60tpp sbo SBO:0000185	Other curated	Other curated	transport chemistry present but substrate class is outside the controlled categories	TRANSPORT_OTHER_CURATED
RHAP80tex	R 3 Hydroxyphenyl acid transport diffusion C80  extracellularperiplasm	Transport		bigg.reaction RHAP80tex sbo SBO:0000185	Other curated	Other curated	transport chemistry present but substrate class is outside the controlled categories	TRANSPORT_OTHER_CURATED
RHAP80tpp	R 3 Hydroxyphenyl acid transport diffusion C80   periplasm	Transport		bigg.reaction RHAP80tpp sbo SBO:0000185	Other curated	Other curated	transport chemistry present but substrate class is outside the controlled categories	TRANSPORT_OTHER_CURATED
RHCCE	S-ribosylhomocysteine cleavage enzyme	Internal metabolic		bigg.reaction RHCCE biocyc META:RIBOSYLHOMOCYSTEINASE-RXN brenda 4.4.1.21 ec-code 4.4.1.21 kegg.reaction R01291 metanetx.reaction MNXR104026 rhea 17753;17754;17755;17756 sbo SBO:0000176 seed.reaction rxn05958;rxn14169	Amino acid metabolism	Amino acid metabolism	reaction name: cysteine	HIERARCHICAL_REACTION_NAME
RIBabc	D-ribose transport via ABC system	Transport		bigg.reaction RIBabc biocyc META:ABC-28-RXN ec-code 3.6.3.17 metanetx.reaction MNXR104034 rhea 29903;29904;29905;29906 sbo SBO:0000185 seed.reaction rxn05160;rxn09227	Carbohydrate metabolism	Carbohydrate metabolism	transported substrate: ribose	TRANSPORT_SUBSTRATE_CURATED_RULE
RIBabc1	D ribose transport out via ABC system	Transport		bigg.reaction RIBabc1 metanetx.reaction MNXR104035 rhea 29903;29904;29905;29906 sbo SBO:0000185 seed.reaction rxn05644	Carbohydrate metabolism	Carbohydrate metabolism	transported substrate: ribose	TRANSPORT_SUBSTRATE_CURATED_RULE
RIBabcpp	D-ribose transport via ABC system (periplasm)	Transport		bigg.reaction RIBabcpp biocyc META:ABC-28-RXN ec-code 3.6.3.17 gpr_status PROVISIONAL metanetx.reaction MNXR104034 rhea 29903;29904;29905;29906 sbo SBO:0000185 seed.reaction rxn05160;rxn09227	Carbohydrate metabolism	Carbohydrate metabolism	transported substrate: ribose	TRANSPORT_SUBSTRATE_CURATED_RULE
RIBtex	Ribose transport via diffusion (extracellular to periplasm)	Transport		bigg.reaction RIBtex metanetx.reaction MNXR104036 sbo SBO:0000185 seed.reaction rxn09228	Carbohydrate metabolism	Carbohydrate metabolism	transported substrate: ribose	TRANSPORT_SUBSTRATE_CURATED_RULE
RMN_Et	L-Rhamnose transport (transport mechanism unknown - evidence from biolog data)	Transport		bigg.reaction RMN_Et sbo SBO:0000185	Carbohydrate metabolism	Carbohydrate metabolism	transported substrate: rhamnose	TRANSPORT_SUBSTRATE_CURATED_RULE
RMNabc	L-rhamnose transport (ATP-dependent)	Transport		bigg.reaction RMNabc gpr_status PROVISIONAL metanetx.reaction MNXR104040 sbo SBO:0000185	Carbohydrate metabolism	Carbohydrate metabolism	transported substrate: rhamnose	TRANSPORT_SUBSTRATE_CURATED_RULE
RNDR1	Ribonucleoside-diphosphate reductase (ADP)	Internal metabolic		bigg.reaction RNDR1 biocyc META:ADPREDUCT-RXN brenda 1.17.4.1 ec-code 1.17.4.1 kegg.reaction R02017 metanetx.reaction MNXR104060 sbo SBO:0000176 seed.reaction rxn05231	Nucleotide metabolism	Nucleotide metabolism	reaction name: nucleoside	HIERARCHICAL_REACTION_NAME
RNDR1b	Ribonucleoside-diphosphate reductase (ADP) (glutaredoxin)	Internal metabolic		bigg.reaction RNDR1b brenda 1.17.4.1 ec-code 1.17.4.1 metanetx.reaction MNXR104061 sbo SBO:0000176 seed.reaction rxn09231	Energy metabolism / respiration	Energy metabolism / respiration	reaction name: glutaredoxin	HIERARCHICAL_REACTION_NAME
RNDR2	Ribonucleoside-diphosphate reductase (GDP)	Internal metabolic		bigg.reaction RNDR2 biocyc META:GDPREDUCT-RXN brenda 1.17.4.1 ec-code 1.17.4.1 kegg.reaction R02019 metanetx.reaction MNXR104062 sbo SBO:0000176 seed.reaction rxn05233	Nucleotide metabolism	Nucleotide metabolism	reaction name: nucleoside	HIERARCHICAL_REACTION_NAME
RNDR2b	Ribonucleoside-diphosphate reductase (GDP) (glutaredoxin)	Internal metabolic		bigg.reaction RNDR2b brenda 1.17.4.1 ec-code 1.17.4.1 metanetx.reaction MNXR104063 sbo SBO:0000176 seed.reaction rxn09232	Energy metabolism / respiration	Energy metabolism / respiration	reaction name: glutaredoxin	HIERARCHICAL_REACTION_NAME
RNDR3	Ribonucleoside-diphosphate reductase (CDP)	Internal metabolic		bigg.reaction RNDR3 biocyc META:CDPREDUCT-RXN brenda 1.17.4.1 ec-code 1.17.4.1 kegg.reaction R02024 metanetx.reaction MNXR104064 sbo SBO:0000176 seed.reaction rxn06076	Nucleotide metabolism	Nucleotide metabolism	reaction name: nucleoside	HIERARCHICAL_REACTION_NAME
RNDR3b	Ribonucleoside-diphosphate reductase (CDP) (glutaredoxin)	Internal metabolic		bigg.reaction RNDR3b brenda 1.17.4.1 ec-code 1.17.4.1 metanetx.reaction MNXR104065 sbo SBO:0000176 seed.reaction rxn09233	Energy metabolism / respiration	Energy metabolism / respiration	reaction name: glutaredoxin	HIERARCHICAL_REACTION_NAME
RNDR4	Ribonucleoside-diphosphate reductase (UDP)	Internal metabolic		bigg.reaction RNDR4 biocyc META:UDPREDUCT-RXN brenda 1.17.4.1 ec-code 1.17.4.1 kegg.reaction R02018 metanetx.reaction MNXR104066 sbo SBO:0000176 seed.reaction rxn06075	Nucleotide metabolism	Nucleotide metabolism	reaction name: nucleoside	HIERARCHICAL_REACTION_NAME
RNDR4b	Ribonucleoside-diphosphate reductase (UDP) (glutaredoxin)	Internal metabolic		bigg.reaction RNDR4b brenda 1.17.4.1 ec-code 1.17.4.1 metanetx.reaction MNXR104067 sbo SBO:0000176 seed.reaction rxn09234	Energy metabolism / respiration	Energy metabolism / respiration	reaction name: glutaredoxin	HIERARCHICAL_REACTION_NAME
RNTR1	Ribonucleoside triphosphate reductase  ATP	Internal metabolic		bigg.reaction RNTR1 brenda 1.17.4.2 ec-code 1.17.4.2 kegg.reaction R02014 metanetx.reaction MNXR104070 sbo SBO:0000176 seed.reaction rxn05232	Nucleotide metabolism	Nucleotide metabolism	reaction name: nucleoside	HIERARCHICAL_REACTION_NAME
RNTR2	Ribonucleoside triphosphate reductase  GTP	Internal metabolic		bigg.reaction RNTR2 brenda 1.17.4.2 ec-code 1.17.4.2 kegg.reaction R02020 metanetx.reaction MNXR104073 sbo SBO:0000176 seed.reaction rxn05234	Nucleotide metabolism	Nucleotide metabolism	reaction name: nucleoside	HIERARCHICAL_REACTION_NAME
RNTR3	Ribonucleoside triphosphate reductase  CTP	Internal metabolic		bigg.reaction RNTR3 brenda 1.17.4.2 ec-code 1.17.4.2 kegg.reaction R02022 metanetx.reaction MNXR104076 sbo SBO:0000176 seed.reaction rxn05235	Nucleotide metabolism	Nucleotide metabolism	reaction name: nucleoside	HIERARCHICAL_REACTION_NAME
RNTR4	Ribonucleoside triphosphate reductase  UTP	Internal metabolic		bigg.reaction RNTR4 brenda 1.17.4.2 ec-code 1.17.4.2 kegg.reaction R02023 metanetx.reaction MNXR104079 sbo SBO:0000176 seed.reaction rxn05236	Nucleotide metabolism	Nucleotide metabolism	reaction name: nucleoside	HIERARCHICAL_REACTION_NAME
RPE	Ribulose 5-phosphate 3-epimerase	Internal metabolic		bigg.reaction RPE;RPEg;RPEh biocyc META:RIBULP3EPIM-RXN brenda 5.1.3.1 ec-code 5.1.3.1 kegg.reaction R01529 metanetx.reaction MNXR104083 reactome R-ATH-199803;R-ATH-71303;R-BTA-199803;R-BTA-71303;R-CEL-199803;R-CEL-71303;R-CFA-199803;R-CFA-71303;R-DDI-199803;R-DDI-71303;R-DME-199803;R-DME-71303;R-DRE-199803;R-DRE-71303;R-GGA-199803;R-GGA-71303;R-HSA-199803;R-HSA-71303;R-MMU-199803;R-MMU-71303;R-OSA-199803;R-OSA-71303;R-PFA-199803;R-PFA-71303;R-RNO-199803;R-RNO-71303;R-SCE-199803;R-SCE-71303;R-SPO-199803;R-SPO-71303;R-SSC-199803;R-SSC-71303;R-TGU-199803;R-TGU-71303;R-XTR-199803;R-XTR-71303 rhea 13677;13678;13679;13680 sbo SBO:0000176 seed.reaction rxn01116;rxn28146	Inorganic ion metabolism	Inorganic ion metabolism	reaction name: phosphate	HIERARCHICAL_REACTION_NAME
RPI	Ribose-5-phosphate isomerase	Internal metabolic		bigg.reaction RPI brenda 5.3.1.6 ec-code 5.3.1.6 metanetx.reaction MNXR104084 sbo SBO:0000176	Inorganic ion metabolism	Inorganic ion metabolism	reaction name: phosphate	HIERARCHICAL_REACTION_NAME
RU5PP	Ribulose-5-Phosphate Phosphatase	Internal metabolic		bigg.reaction RU5PP brenda 3.8.1.2 ec-code 3.8.1.2 gpr_status PROVISIONAL metanetx.reaction MNXR162615 sbo SBO:0000176	Inorganic ion metabolism	Inorganic ion metabolism	reaction name: phosphate	HIERARCHICAL_REACTION_NAME
SADH	Succinylarginine dihydrolase	Internal metabolic		bigg.reaction SADH biocyc META:SUCCARGDIHYDRO-RXN brenda 3.5.3.23 ec-code 3.5.3.23 kegg.reaction R04189 metanetx.reaction MNXR104239 rhea 19533;19534;19535;19536 sbo SBO:0000176 seed.reaction rxn02927;rxn30059;rxn33723;rxn33730	Amino acid metabolism	Amino acid metabolism	reaction name: arginine	HIERARCHICAL_REACTION_NAME
SADT	Sulfate adenylyltransferase	Internal metabolic		bigg.reaction SADT biocyc META:SULFATE-ADENYLYLTRANS-RXN brenda 2.7.7.4 ec-code 2.7.7.4 kegg.reaction R00529 metanetx.reaction MNXR104240 reactome R-ATH-174392;R-BTA-174392;R-CEL-174392;R-CFA-174392;R-DME-174392;R-DRE-174392;R-GGA-174392;R-HSA-174392;R-MMU-174392;R-MTU-936729;R-OSA-174392;R-RNO-174392;R-SCE-174392;R-SPO-174392;R-SSC-174392;R-TGU-174392;R-XTR-174392 rhea 18133;18134;18135;18136 sbo SBO:0000176 seed.reaction rxn00379	Sulfur metabolism	Sulfur metabolism	database annotation: sulfate	HIERARCHICAL_DATABASE_ANNOTATION
SADT2	Sulfate adenyltransferase	Internal metabolic		bigg.reaction SADT2 brenda 2.7.7.4 ec-code 2.7.7.4 metanetx.reaction MNXR104241 sbo SBO:0000176 seed.reaction rxn09240;rxn11356	Sulfur metabolism	Sulfur metabolism	reaction name: sulfate	HIERARCHICAL_REACTION_NAME
SAOR	SAOR	Internal metabolic		bigg.reaction SAOR brenda 1.1.1.36 ec-code 1.1.1.36 gpr_status PROVISIONAL sbo SBO:0000176	Nucleotide metabolism	Nucleotide metabolism	metabolite context: nucleotide	HIERARCHICAL_METABOLITE_CONTEXT
SCYSSL	S-sulfo-L-cysteine sulfite lyase	Internal metabolic		bigg.reaction SCYSSL metanetx.reaction MNXR104299 sbo SBO:0000176 seed.reaction rxn12682	Amino acid metabolism	Amino acid metabolism	reaction name: cysteine	HIERARCHICAL_REACTION_NAME
SDPDS	Succinyl-diaminopimelate desuccinylase	Internal metabolic		bigg.reaction SDPDS biocyc META:SUCCDIAMINOPIMDESUCC-RXN brenda 3.5.1.18 ec-code 3.5.1.18 kegg.reaction R02734 metanetx.reaction MNXR104300 rhea 22608;22609;22610;22611 sbo SBO:0000176 seed.reaction rxn01973	Cell envelope / membrane biosynthesis	Cell envelope / membrane biosynthesis	reaction name: diaminopimelate	HIERARCHICAL_REACTION_NAME
SDPTA	Succinyldiaminopimelate transaminase	Internal metabolic		bigg.reaction SDPTA biocyc META:SUCCINYLDIAMINOPIMTRANS-RXN brenda 2.6.1.11;2.6.1.17 ec-code 2.6.1.17;2.6.1.11 gpr_status PROVISIONAL kegg.reaction R04475 metanetx.reaction MNXR104301 rhea 11960;11961;11962;11963 sbo SBO:0000176 seed.reaction rxn03087	Cell envelope / membrane biosynthesis	Cell envelope / membrane biosynthesis	reaction name: diaminopimelate	HIERARCHICAL_REACTION_NAME
SELADT	Selenate adenylyltransferase	Internal metabolic		bigg.reaction SELADT brenda 2.7.7.4 ec-code 2.7.7.4 metanetx.reaction MNXR104310 sbo SBO:0000176	Inorganic ion metabolism	Inorganic ion metabolism	reaction name: selen	HIERARCHICAL_REACTION_NAME
SELCYSLY3	Selenocysteine lyase (nadph)	Internal metabolic		bigg.reaction SELCYSLY3 brenda 2.8.1.7 ec-code 2.8.1.7 gpr_status PROVISIONAL metanetx.reaction MNXR104313 sbo SBO:0000176	Amino acid metabolism	Amino acid metabolism	reaction name: cysteine	HIERARCHICAL_REACTION_NAME
SELR	Selenate reductase	Internal metabolic		bigg.reaction SELR metanetx.reaction MNXR104323 rhea 34939;34940;34941;34942 sbo SBO:0000176	Inorganic ion metabolism	Inorganic ion metabolism	reaction name: selen	HIERARCHICAL_REACTION_NAME
SELTt	Selenite transport via diffusion, cytosol	Transport		bigg.reaction SELTt metanetx.reaction MNXR104325 rhea 34891;34892;34893;34894 sbo SBO:0000185	Inorganic ion metabolism	Inorganic ion metabolism	reaction name: selen	TRANSPORT_SUBSTRATE_REACTION_NAME
SELtex	Selenate transport via diffusion (extracellular to periplasm)	Transport		bigg.reaction SELtex metanetx.reaction MNXR104327 rhea 34887;34888;34889;34890 sbo SBO:0000185	Inorganic ion metabolism	Inorganic ion metabolism	reaction name: selen	TRANSPORT_SUBSTRATE_REACTION_NAME
SELtpp	Selenate transport via proton symport (periplasm)	Transport		bigg.reaction SELtpp gpr_status PROVISIONAL metanetx.reaction MNXR104328 sbo SBO:0000185	Inorganic ion metabolism	Inorganic ion metabolism	reaction name: selen	TRANSPORT_SUBSTRATE_REACTION_NAME
SEPHCHCS	2-succinyl-5-enolpyruvyl-6-hydroxy-3-cyclohexene-1-carboxylate synthase	Internal metabolic		bigg.reaction SEPHCHCS brenda 2.2.1.9 ec-code 2.2.1.9 kegg.reaction R08165 metanetx.reaction MNXR104329 rhea 25593;25594;25595;25596 sbo SBO:0000176 seed.reaction rxn11702	Amino acid metabolism	Amino acid metabolism	metabolite context: chorismate	HIERARCHICAL_METABOLITE_CONTEXT
SERAT	Serine O-acetyltransferase	Internal metabolic		bigg.reaction SERAT biocyc META:SERINE-O-ACETTRAN-RXN ec-code 2.3.1.30 kegg.reaction R00586 metanetx.reaction MNXR104275 reactome R-MTU-936615 rhea 24560;24561;24562;24563 sbo SBO:0000176 seed.reaction rxn00423	Amino acid metabolism	Amino acid metabolism	database annotation: serine	HIERARCHICAL_DATABASE_ANNOTATION
SERD_L	L-serine deaminase	Internal metabolic		bigg.reaction SERD_L biocyc META:4.3.1.17-RXN brenda 4.3.1.15;4.3.1.17;4.3.1.19 ec-code 4.3.1.15;4.3.1.17;4.3.1.19 kegg.reaction R00220;R00223 metanetx.reaction MNXR104339 rhea 19169;19170;19171;19172 sbo SBO:0000176 seed.reaction rxn00165	Amino acid metabolism	Amino acid metabolism	reaction name: serine	HIERARCHICAL_REACTION_NAME
SERGLUGLNtr	Tripeptide transport	Transport		bigg.reaction SERGLUGLNtr sbo SBO:0000185	Amino acid metabolism	Amino acid metabolism	transported substrate: glutamine	TRANSPORT_SUBSTRATE_CURATED_RULE
SERabc	L-serine transport via ABC system	Transport		bigg.reaction SERabc metanetx.reaction MNXR104351 sbo SBO:0000185 seed.reaction rxn10883	Amino acid metabolism	Amino acid metabolism	transported substrate: serine	TRANSPORT_SUBSTRATE_CURATED_RULE
SERabcpp	L-serine transport via ABC system (periplasm)	Transport		bigg.reaction SERabcpp metanetx.reaction MNXR104351 sbo SBO:0000185 seed.reaction rxn10883	Amino acid metabolism	Amino acid metabolism	transported substrate: serine	TRANSPORT_SUBSTRATE_CURATED_RULE
SERt4pp	L-serine via sodium symport (periplasm)	Transport		bigg.reaction SERt4pp biocyc META:RXN0-4083 metanetx.reaction MNXR104346 rhea 29575;29576;29577;29578 sbo SBO:0000185 seed.reaction rxn09247;rxn10185	Amino acid metabolism	Amino acid metabolism	transported substrate: serine	TRANSPORT_SUBSTRATE_CURATED_RULE
SERtex	L-serine transport via diffusion (extracellular to periplasm)	Transport		bigg.reaction SERtex metanetx.reaction MNXR104354 reactome R-ATH-8932980;R-BTA-8932980;R-CEL-8932980;R-CFA-8932980;R-DDI-8932980;R-DME-8932980;R-DRE-8932980;R-GGA-8932980;R-HSA-8932980;R-MMU-8932980;R-OSA-8932980;R-RNO-8932980;R-SCE-8932980;R-SPO-8932980;R-SSC-8932980;R-TGU-8932980;R-XTR-8932980 rhea 35031;35032;35033;35034 sbo SBO:0000185 seed.reaction rxn09248;rxn10999;rxn13110	Amino acid metabolism	Amino acid metabolism	transported substrate: serine	TRANSPORT_SUBSTRATE_CURATED_RULE
SERtpp	L-serine export via facilitated transport	Transport		bigg.reaction SERtpp sbo SBO:0000185	Amino acid metabolism	Amino acid metabolism	transported substrate: serine	TRANSPORT_SUBSTRATE_CURATED_RULE
SFGTHi	S-Formylglutathione hydralase	Internal metabolic		bigg.reaction SFGTHi biocyc META:S-FORMYLGLUTATHIONE-HYDROLASE-RXN brenda 3.1.2.12 ec-code 3.1.2.12 kegg.reaction R00527 metanetx.reaction MNXR104357 reactome R-ATH-5693724;R-BTA-5693724;R-CEL-5693724;R-CFA-5693724;R-DDI-5693724;R-DME-5693724;R-DRE-5693724;R-GGA-5693724;R-HSA-5693724;R-MMU-5693724;R-OSA-5693724;R-RNO-5693724;R-SCE-5693724;R-SSC-5693724;R-TGU-5693724;R-XTR-5693724 rhea 14961;14962;14963;14964 sbo SBO:0000176 seed.reaction rxn00377;rxn32820;rxn38706	Energy metabolism / respiration	Energy metabolism / respiration	database annotation: glutathione	HIERARCHICAL_DATABASE_ANNOTATION
SGDS	Succinylglutamate desuccinylase	Internal metabolic		bigg.reaction SGDS biocyc META:SUCCGLUDESUCC-RXN brenda 3.5.1.96 ec-code 3.5.1.96 kegg.reaction R00411 metanetx.reaction MNXR104362 rhea 15169;15170;15171;15172 sbo SBO:0000176 seed.reaction rxn00291;rxn32708	Amino acid metabolism	Amino acid metabolism	reaction name: glutamate	HIERARCHICAL_REACTION_NAME
SGSAD	Succinylglutamic semialdehyde dehydrogenase	Internal metabolic		bigg.reaction SGSAD biocyc META:SUCCGLUALDDEHYD-RXN brenda 1.2.1.71 ec-code 1.2.1.71 kegg.reaction R05049 metanetx.reaction MNXR104368 rhea 10812;10813;10814;10815 sbo SBO:0000176 seed.reaction rxn03422;rxn32844	Energy metabolism / respiration	Energy metabolism / respiration	reaction name: hydrogenase	HIERARCHICAL_REACTION_NAME
SHCHCS2	2-succinyl-6-hydroxy-2,4-cyclohexadiene 1-carboxylate synthase	Internal metabolic		bigg.reaction SHCHCS2 brenda 2.2.1.9 ec-code 2.2.1.9 metanetx.reaction MNXR134497 sbo SBO:0000176 seed.reaction rxn03398	Central carbon metabolism	Central carbon metabolism	metabolite context: pyruvate	HIERARCHICAL_METABOLITE_CONTEXT
SHCHCS3	2-succinyl-6-hydroxy-2,4-cyclohexadiene 1-carboxylate synthase	Internal metabolic		bigg.reaction SHCHCS3 brenda 4.2.99.20 ec-code 4.2.99.20 kegg.reaction R08166 metanetx.reaction MNXR111742 rhea 25597;25598;25599;25600 sbo SBO:0000176 seed.reaction rxn11703	Central carbon metabolism	Central carbon metabolism	metabolite context: pyruvate	HIERARCHICAL_METABOLITE_CONTEXT
SHCHD2	Sirohydrochlorin dehydrogenase (NAD)	Internal metabolic		bigg.reaction SHCHD2 biocyc META:DIMETHUROPORDEHYDROG-RXN brenda 1.3.1.76;2.1.1.107 ec-code 1.3.1.76;2.1.1.107 kegg.reaction R03947 metanetx.reaction MNXR104373 rhea 15613;15614;15615;15616 sbo SBO:0000176 seed.reaction rxn02774	Energy metabolism / respiration	Energy metabolism / respiration	reaction name: hydrogenase	HIERARCHICAL_REACTION_NAME
SHCHF	Sirohydrochlorin ferrochelatase	Internal metabolic		bigg.reaction SHCHF biocyc META:SIROHEME-FERROCHELAT-RXN brenda 2.1.1.107;4.99.1.4 ec-code 4.99.1.4;2.1.1.107 gpr_status PROVISIONAL kegg.reaction R02864 metanetx.reaction MNXR104375 rhea 24360;24361;24362;24363 sbo SBO:0000176 seed.reaction rxn02056	Cofactor and vitamin metabolism	Cofactor and vitamin metabolism	database annotation: heme	HIERARCHICAL_DATABASE_ANNOTATION
SHEME2abcpp	Siroheme transport via ABC system  periplasm to cytosol	Transport		bigg.reaction SHEME2abcpp gpr_status PROVISIONAL sbo SBO:0000185	Cofactor and vitamin metabolism	Cofactor and vitamin metabolism	database annotation: heme	TRANSPORT_SUBSTRATE_DATABASE_ANNOTATION
SHEMEtonex	Siroheme ton dependend transport system  extracellular to periplasm	Transport		bigg.reaction SHEMEtonex gpr_status PROVISIONAL sbo SBO:0000185	Cofactor and vitamin metabolism	Cofactor and vitamin metabolism	database annotation: heme	TRANSPORT_SUBSTRATE_DATABASE_ANNOTATION
SHK3Dr	Shikimate dehydrogenase	Internal metabolic		bigg.reaction SHK3Dr;SKDH biocyc META:SHIKIMATE-5-DEHYDROGENASE-RXN brenda 1.1.1.25;1.1.1.282 ec-code 1.1.1.25;1.1.1.282 kegg.reaction R02413 metanetx.reaction MNXR104378 reactome R-MTU-964842 rhea 17737;17738;17739;17740 sbo SBO:0000176 seed.reaction rxn01740;rxn27110	Energy metabolism / respiration	Energy metabolism / respiration	database annotation: hydrogenase	HIERARCHICAL_DATABASE_ANNOTATION
SHKK	Shikimate kinase	Internal metabolic		bigg.reaction SHKK;SKK biocyc META:SHIKIMATE-KINASE-RXN brenda 2.7.1.71 ec-code 2.7.1.71 kegg.reaction R02412 metanetx.reaction MNXR104379 reactome R-MTU-964939 rhea 13121;13122;13123;13124 sbo SBO:0000176 seed.reaction rxn01739;rxn32794;rxn38708;rxn38709;rxn38710	Amino acid metabolism	Amino acid metabolism	database annotation: shikimate	HIERARCHICAL_DATABASE_ANNOTATION
SHSL2	O succinylhomoserine lyase  H2S	Internal metabolic		bigg.reaction SHSL2;SHSL2r biocyc META:RXN-9384 brenda 2.5.1.48 ec-code 2.5.1.-;2.5.1.48 kegg.reaction R01288 metanetx.reaction MNXR104382 rhea 27826;27827;27828;27829 sbo SBO:0000176 seed.reaction rxn05957	Amino acid metabolism	Amino acid metabolism	reaction name: serine	HIERARCHICAL_REACTION_NAME
SHSL2r	O-succinylhomoserine lyase (H2S)	Internal metabolic		bigg.reaction SHSL2r biocyc META:RXN-9384 brenda 2.5.1.48;2.5.1.49 ec-code 2.5.1.-;2.5.1.48;2.5.1.49 gpr_status PROVISIONAL kegg.reaction R01288 metanetx.reaction MNXR104382 rhea 27826;27827;27828;27829 sbo SBO:0000176 seed.reaction rxn05957	Amino acid metabolism	Amino acid metabolism	reaction name: serine	HIERARCHICAL_REACTION_NAME
SLCYSS	O-acetyl-L-serine sulfhydrylase	Internal metabolic		bigg.reaction SLCYSS biocyc META:SULFOCYS-RXN brenda 2.5.1.47 ec-code 2.5.1.47 kegg.reaction R03132 metanetx.reaction MNXR95415 rhea 30891;30892;30893;30894 sbo SBO:0000176 seed.reaction rxn02246	Amino acid metabolism	Amino acid metabolism	reaction name: serine	HIERARCHICAL_REACTION_NAME
SLNTtex	Selenite transport via diffusion (extracellular to periplasm)	Transport		bigg.reaction SLNTtex metanetx.reaction MNXR104325 rhea 34891;34892;34893;34894 sbo SBO:0000185	Inorganic ion metabolism	Inorganic ion metabolism	reaction name: selen	TRANSPORT_SUBSTRATE_REACTION_NAME
SLNTtpp	Selenite transport via proton symport (periplasm)	Transport		bigg.reaction SLNTtpp gpr_status PROVISIONAL metanetx.reaction MNXR104445 sbo SBO:0000185	Inorganic ion metabolism	Inorganic ion metabolism	reaction name: selen	TRANSPORT_SUBSTRATE_REACTION_NAME
SO3abcpp	Sulfite transport via ABC system (periplasm)	Transport		bigg.reaction SO3abcpp curation_status TRANSPORT_REBUILD_PENDING metanetx.reaction MNXR104458 sbo SBO:0000185	Sulfur metabolism	Sulfur metabolism	reaction name: sulfite	TRANSPORT_SUBSTRATE_REACTION_NAME
SO3tex	Sulfite transport via diffusion (extracellular to periplasm)	Transport		bigg.reaction SO3tex metanetx.reaction MNXR104460 sbo SBO:0000185 seed.reaction rxn09260;rxn12453	Sulfur metabolism	Sulfur metabolism	reaction name: sulfite	TRANSPORT_SUBSTRATE_REACTION_NAME
SO4t2	Sulfate transport in via proton symport	Transport		bigg.reaction SO4t2 gpr_status PROVISIONAL metanetx.reaction MNXR104466 rhea 28574;28575;28576;28577 sbo SBO:0000185 seed.reaction rxn05651;rxn13116	Sulfur metabolism	Sulfur metabolism	reaction name: sulfate	TRANSPORT_SUBSTRATE_REACTION_NAME
SO4t2pp	Sulfate transport in via proton symport (periplasm to cytoplasm)	Transport		bigg.reaction SO4t2pp metanetx.reaction MNXR104466 rhea 28574;28575;28576;28577 sbo SBO:0000185 seed.reaction rxn05651;rxn13116	Sulfur metabolism	Sulfur metabolism	reaction name: sulfate	TRANSPORT_SUBSTRATE_REACTION_NAME
SO4t4pp_1	Sulfate transport via sodium symport	Transport		bigg.reaction SO4t4pp_1 gpr_status PROVISIONAL sbo SBO:0000185	Sulfur metabolism	Sulfur metabolism	reaction name: sulfate	TRANSPORT_SUBSTRATE_REACTION_NAME
SO4tex	Sulfate transport via diffusion (extracellular to periplasm)	Transport		bigg.reaction SO4tex metanetx.reaction MNXR104469 reactome R-ATH-8875871;R-BTA-8875871;R-CFA-8875871;R-DME-8875871;R-DRE-8875871;R-GGA-8875871;R-HSA-8875871;R-MMU-8875871;R-OSA-8875871;R-PFA-8875871;R-RNO-8875871;R-SCE-8875871;R-SPO-8875871;R-SSC-8875871;R-TGU-8875871;R-XTR-8875871 rhea 34983;34984;34985;34986 sbo SBO:0000185 seed.reaction rxn05238;rxn09261	Sulfur metabolism	Sulfur metabolism	reaction name: sulfate	TRANSPORT_SUBSTRATE_REACTION_NAME
SOTA	Succinylornithine transaminase	Internal metabolic		bigg.reaction SOTA biocyc META:SUCCORNTRANSAM-RXN brenda 2.6.1.11;2.6.1.81 ec-code 2.6.1.81;2.6.1.11 gpr_status PROVISIONAL kegg.reaction R04217 metanetx.reaction MNXR104477 rhea 16953;16954;16955;16956 sbo SBO:0000176 seed.reaction rxn02944;rxn29001;rxn32497;rxn33174	Amino acid metabolism	Amino acid metabolism	reaction name: ornithine	HIERARCHICAL_REACTION_NAME
SPMDtex	Spermidine transport via diffusion (extracellular to periplasm)	Transport		bigg.reaction SPMDtex metanetx.reaction MNXR104495 rhea 35039;35040;35041;35042 sbo SBO:0000185 seed.reaction rxn09266;rxn13397	Amino acid metabolism	Amino acid metabolism	transported substrate: spermidine	TRANSPORT_SUBSTRATE_CURATED_RULE
SPMS	Spermidine synthase	Internal metabolic		bigg.reaction SPMS biocyc META:SPERMIDINESYN-RXN brenda 2.5.1.16 ec-code 2.5.1.16 kegg.reaction R01920 metanetx.reaction MNXR95860 rhea 12721;12722;12723;12724 sbo SBO:0000176 seed.reaction rxn01406	Nucleotide metabolism	Nucleotide metabolism	metabolite context: adenosine	HIERARCHICAL_METABOLITE_CONTEXT
SPODM	Superoxide dismutase	Internal metabolic		bigg.reaction SPODM biocyc META:SUPEROX-DISMUT-RXN brenda 1.15.1.1 ec-code 1.15.1.1 kegg.reaction R00275 metanetx.reaction MNXR104498 rhea 20696;20697;20698;20699 sbo SBO:0000176	Energy metabolism / respiration	Energy metabolism / respiration	reaction name: superoxide	HIERARCHICAL_REACTION_NAME
SPODMpp	Superoxide dismutase	Internal metabolic		bigg.reaction SPODMpp biocyc META:SUPEROX-DISMUT-RXN brenda 1.15.1.1 ec-code 1.15.1.1 kegg.reaction R00275 metanetx.reaction MNXR104498 rhea 20696;20697;20698;20699 sbo SBO:0000176	Energy metabolism / respiration	Energy metabolism / respiration	reaction name: superoxide	HIERARCHICAL_REACTION_NAME
SSALx	Succinate-semialdehyde dehydrogenase (NAD)	Internal metabolic		bigg.reaction SSALx;SSALxm;SSNOh biocyc META:SUCCINATE-SEMIALDEHYDE-DEHYDROGENASE-RXN brenda 1.2.1.16;1.2.1.24 ec-code 1.2.1.16;1.2.1.24 kegg.reaction R00713 metanetx.reaction MNXR104540 reactome R-ATH-888548;R-BTA-888548;R-CEL-888548;R-CFA-888548;R-DME-888548;R-DRE-888548;R-GGA-888548;R-HSA-888548;R-MMU-888548;R-RNO-888548;R-SCE-888548;R-SPO-888548;R-SSC-888548;R-TGU-888548;R-XTR-888548 rhea 13217;13218;13219;13220 sbo SBO:0000176 seed.reaction rxn00508;rxn27251;rxn31894	Energy metabolism / respiration	Energy metabolism / respiration	database annotation: hydrogenase	HIERARCHICAL_DATABASE_ANNOTATION
SSALy	Succinate-semialdehyde dehydrogenase (NADP)	Internal metabolic		bigg.reaction SSALy;r0179 biocyc META:SUCCSEMIALDDEHYDROG-RXN brenda 1.2.1.16;1.2.1.79 ec-code 1.2.1.16;1.2.1.79 kegg.reaction R00714 metanetx.reaction MNXR104541 rhea 13213;13214;13215;13216 sbo SBO:0000176 seed.reaction rxn00509;rxn29002;rxn32195	Energy metabolism / respiration	Energy metabolism / respiration	reaction name: hydrogenase	HIERARCHICAL_REACTION_NAME
SSCOARy	Succinyl-coA reductase (NADPH)	Internal metabolic		bigg.reaction SSCOARy biocyc META:RXN-8891 brenda 1.2.1.16;1.2.1.76 ec-code 1.2.1.76;1.2.1.16 gpr_status PROVISIONAL kegg.reaction R09280 metanetx.reaction MNXR104542 rhea 26450;26451;26452;26453 sbo SBO:0000176	Cofactor and vitamin metabolism	Cofactor and vitamin metabolism	reaction name: nad	HIERARCHICAL_REACTION_NAME
STPT1	Phosphoserine:homoserine phosphotransferase	Internal metabolic		bigg.reaction STPT1 metanetx.reaction MNXR104599 sbo SBO:0000176	Amino acid metabolism	Amino acid metabolism	reaction name: serine	HIERARCHICAL_REACTION_NAME
STPT2	Threonine phosphotransferase	Internal metabolic		bigg.reaction STPT2 metanetx.reaction MNXR104600 sbo SBO:0000176	Amino acid metabolism	Amino acid metabolism	reaction name: threonine	HIERARCHICAL_REACTION_NAME
SUCBZL	O-succinylbenzoate-CoA ligase	Internal metabolic		bigg.reaction SUCBZL biocyc META:O-SUCCINYLBENZOATE-COA-LIG-RXN brenda 6.2.1.26 ec-code 6.2.1.26 gpr_status PROVISIONAL kegg.reaction R04030 metanetx.reaction MNXR104612 rhea 17009;17010;17011;17012 sbo SBO:0000176 seed.reaction rxn02831	Cofactor and vitamin metabolism	Cofactor and vitamin metabolism	metabolite context: coenzyme	HIERARCHICAL_METABOLITE_CONTEXT
SUCBZS	O-succinylbenzoate-CoA synthase	Internal metabolic		bigg.reaction SUCBZS biocyc META:O-SUCCINYLBENZOATE-COA-SYN-RXN brenda 4.2.1.113 ec-code 4.2.1.113 kegg.reaction R04031 metanetx.reaction MNXR108605 rhea 10196;10197;10198;10199 sbo SBO:0000176 seed.reaction rxn02832	Other curated	Other curated	named biochemical reaction without controlled-category match	NAMED_REACTION_FALLBACK
SUCCt	Succinate transport via diffusion	Transport		bigg.reaction SUCCt biocyc META:TRANS-RXN0-552 metanetx.reaction MNXR104619 sbo SBO:0000185 seed.reaction rxn09271;rxn10952	Central carbon metabolism	Central carbon metabolism	reaction name: succinate	TRANSPORT_SUBSTRATE_REACTION_NAME
SUCCt1pp	Succinate transport via diffusion in (periplasm)	Transport		bigg.reaction SUCCt1pp sbo SBO:0000185	Central carbon metabolism	Central carbon metabolism	reaction name: succinate	TRANSPORT_SUBSTRATE_REACTION_NAME
SUCCt2r	Succinate transport via proton symport	Transport		bigg.reaction SUCCt2r metanetx.reaction MNXR104622 sbo SBO:0000185 seed.reaction rxn05654	Central carbon metabolism	Central carbon metabolism	reaction name: succinate	TRANSPORT_SUBSTRATE_REACTION_NAME
SUCCtex	Succinate transport via diffusion (extracellular to periplasm)	Transport		bigg.reaction SUCCtex biocyc META:TRANS-RXN0-552 metanetx.reaction MNXR104619 sbo SBO:0000185 seed.reaction rxn09271;rxn10952	Central carbon metabolism	Central carbon metabolism	reaction name: succinate	TRANSPORT_SUBSTRATE_REACTION_NAME
SUCD4	Succinate dehyrdogenase	Internal metabolic		bigg.reaction SUCD4 brenda 1.5.5.1 ec-code 1.5.5.1 gpr_status PROVISIONAL metanetx.reaction MNXR104630 sbo SBO:0000176 seed.reaction rxn10126	Central carbon metabolism	Central carbon metabolism	reaction name: succinate	HIERARCHICAL_REACTION_NAME
SUCDi	Succinate dehydrogenase (irreversible)	Internal metabolic		bigg.reaction SUCDi;FRD7;SUCDH_q8_m brenda 1.3.5.1 ec-code 1.3.5.1 metanetx.reaction MNXR99641 rhea 29187;29188;29189;29190 sbo SBO:0000176 seed.reaction rxn09272;rxn27238;rxn37566;rxn37641;rxn37642;rxn37644;rxn38714;rxn38716;rxn38993	Energy metabolism / respiration	Energy metabolism / respiration	reaction name: hydrogenase	HIERARCHICAL_REACTION_NAME
SUCOAS	Succinyl-CoA synthetase (ADP-forming)	Internal metabolic		bigg.reaction SUCOAS biocyc META:SUCCCOASYN-RXN brenda 6.2.1.5 ec-code 6.2.1.5 kegg.reaction R00405 metanetx.reaction MNXR104635 reactome R-ATH-70997;R-BTA-70997;R-CFA-70997;R-DDI-70997;R-DRE-70997;R-GGA-372977;R-GGA-373134;R-GGA-70997;R-HSA-70997;R-MMU-70997;R-OSA-70997;R-PFA-70997;R-RNO-70997;R-SCE-70997;R-SPO-70997;R-SSC-70997;R-TGU-70997;R-XTR-70997 rhea 17661;17662;17663;17664 sbo SBO:0000176 seed.reaction rxn00285	Central carbon metabolism	Central carbon metabolism	metabolite context: succinate	HIERARCHICAL_METABOLITE_CONTEXT
SUCR	Sucrose hydrolyzing enzyme	Internal metabolic		bigg.reaction SUCR brenda 2.4.1.10;2.4.1.4;2.4.1.9;3.2.1.10;3.2.1.20;3.2.1.26;3.2.1.48 ec-code 2.4.1.10;2.4.1.4;2.4.1.9;3.2.1.10;3.2.1.20;3.2.1.26;3.2.1.48 kegg.reaction R00801;R06087 metanetx.reaction MNXR104638 sbo SBO:0000176 seed.reaction rxn00575	Carbohydrate metabolism	Carbohydrate metabolism	reaction name: sucrose	HIERARCHICAL_REACTION_NAME
SUCRabcpp_syn	Sucrose ABC transporter (periplasm)	Transport		bigg.reaction SUCRabcpp_syn metanetx.reaction MNXR104639 sbo SBO:0000185	Carbohydrate metabolism	Carbohydrate metabolism	reaction name: sucrose	TRANSPORT_SUBSTRATE_REACTION_NAME
SUCRt2	Sucrose transport in via proton symport	Transport		bigg.reaction SUCRt2 biocyc META:TRANS-RXN-244 metanetx.reaction MNXR104640 sbo SBO:0000185 seed.reaction rxn09658	Carbohydrate metabolism	Carbohydrate metabolism	reaction name: sucrose	TRANSPORT_SUBSTRATE_REACTION_NAME
SUCRtex	Sucrose transport transport via diffusion (extracellular to periplasm)	Transport		bigg.reaction SUCRtex metanetx.reaction MNXR104641 sbo SBO:0000185 seed.reaction rxn09275	Carbohydrate metabolism	Carbohydrate metabolism	reaction name: sucrose	TRANSPORT_SUBSTRATE_REACTION_NAME
SUCTARTtpp	Succinate:D-tartrate antiporter (periplasm)	Transport		bigg.reaction SUCTARTtpp biocyc META:TRANS-RXN0-499 metanetx.reaction MNXR104642 rhea 34763;34764;34765;34766 sbo SBO:0000185	Central carbon metabolism	Central carbon metabolism	transported substrate: tartrate	TRANSPORT_SUBSTRATE_CURATED_RULE
SULR	Sulfite reductase (NADPH2)	Internal metabolic		bigg.reaction SULR biocyc META:SULFITE-REDUCT-RXN brenda 1.8.1.2 ec-code 1.8.1.2 kegg.reaction R00858 metanetx.reaction MNXR104650 rhea 13801;13802;13803;13804 sbo SBO:0000176 seed.reaction rxn00623	Sulfur metabolism	Sulfur metabolism	database annotation: sulfite	HIERARCHICAL_DATABASE_ANNOTATION
SULabc	Sulfate transport via ABC system	Transport		bigg.reaction SULabc biocyc META:3.6.3.25-RXN;META:ABC-70-RXN ec-code 3.6.3.25 gpr_status PROVISIONAL metanetx.reaction MNXR104655 rhea 10192;10193;10194;10195 sbo SBO:0000185 seed.reaction rxn05153;rxn09276	Sulfur metabolism	Sulfur metabolism	reaction name: sulfate	TRANSPORT_SUBSTRATE_REACTION_NAME
SULabcpp	Sulfate transport via ABC system (periplasm)	Transport		bigg.reaction SULabcpp biocyc META:3.6.3.25-RXN;META:ABC-70-RXN ec-code 3.6.3.25 gpr_status PROVISIONAL metanetx.reaction MNXR104655 rhea 10192;10193;10194;10195 sbo SBO:0000185 seed.reaction rxn05153;rxn09276	Sulfur metabolism	Sulfur metabolism	reaction name: sulfate	TRANSPORT_SUBSTRATE_REACTION_NAME
St	Sulfur diffusion	Transport		bigg.reaction St metanetx.reaction MNXR138845 sbo SBO:0000185	Sulfur metabolism	Sulfur metabolism	reaction name: sulfur	TRANSPORT_SUBSTRATE_REACTION_NAME
TALA	Transaldolase	Internal metabolic		bigg.reaction TALA biocyc META:TRANSALDOL-RXN brenda 2.2.1.2 ec-code 2.2.1.2 kegg.reaction R01827 metanetx.reaction MNXR104715 rhea 17053;17054;17055;17056 sbo SBO:0000176	Inorganic ion metabolism	Inorganic ion metabolism	metabolite context: phosphate	HIERARCHICAL_METABOLITE_CONTEXT
TARTRDtex	D-tartrate transport via diffusion (extracellular to periplasm)	Transport		bigg.reaction TARTRDtex metanetx.reaction MNXR104722 rhea 35199;35200;35201;35202 sbo SBO:0000185	Central carbon metabolism	Central carbon metabolism	transported substrate: tartrate	TRANSPORT_SUBSTRATE_CURATED_RULE
TARTRt7	Tartrate/succinate antiporter	Transport		bigg.reaction TARTRt7 biocyc META:TRANS-RXN-127 metanetx.reaction MNXR104723 rhea 29259;29260;29261;29262 sbo SBO:0000185 seed.reaction rxn09283;rxn10137	Central carbon metabolism	Central carbon metabolism	transported substrate: tartrate	TRANSPORT_SUBSTRATE_CURATED_RULE
TARTRt7pp	Tartrate/succinate antiporter (periplasm)	Transport		bigg.reaction TARTRt7pp biocyc META:TRANS-RXN-127 metanetx.reaction MNXR104723 rhea 29259;29260;29261;29262 sbo SBO:0000185 seed.reaction rxn09283;rxn10137	Central carbon metabolism	Central carbon metabolism	transported substrate: tartrate	TRANSPORT_SUBSTRATE_CURATED_RULE
TARTRtex	Tartrate transport via diffusion (extracellular to periplasm)	Transport		bigg.reaction TARTRtex metanetx.reaction MNXR104724 sbo SBO:0000185 seed.reaction rxn09284	Central carbon metabolism	Central carbon metabolism	transported substrate: tartrate	TRANSPORT_SUBSTRATE_CURATED_RULE
TAUDO	Taurine dioxygenase	Internal metabolic		bigg.reaction TAUDO biocyc META:RXN0-299 brenda 1.14.11.17 ec-code 1.14.11.17 gpr_status PROVISIONAL kegg.reaction R05320 metanetx.reaction MNXR104730 rhea 15909;15910;15911;15912 sbo SBO:0000176 seed.reaction rxn03630	Central carbon metabolism	Central carbon metabolism	metabolite context: succinate	HIERARCHICAL_METABOLITE_CONTEXT
TAURtex	Taurine transport via diffusion (extracellular to periplasm)	Transport		bigg.reaction TAURtex metanetx.reaction MNXR104733 sbo SBO:0000185 seed.reaction rxn09286;rxn13402	Sulfur metabolism	Sulfur metabolism	transported substrate: taurine	TRANSPORT_SUBSTRATE_CURATED_RULE
TCYNTtex	Thiocyanate transport via diffusion (extracellular to periplasm)	Transport		bigg.reaction TCYNTtex metanetx.reaction MNXR104749 sbo SBO:0000185 seed.reaction rxn09287	Nitrogen metabolism	Nitrogen metabolism	reaction name: cyanate	TRANSPORT_SUBSTRATE_REACTION_NAME
TCYNTtpp	Thiocyanate transport via diffusion  periplasm to periplasm	Transport		bigg.reaction TCYNTtpp sbo SBO:0000185	Nitrogen metabolism	Nitrogen metabolism	reaction name: cyanate	TRANSPORT_SUBSTRATE_REACTION_NAME
TDP	Thiamin pyrophosphatase	Internal metabolic		bigg.reaction TDP;TDPm biocyc META:RXN0-3542 brenda 3.6.1.15 ec-code 3.6.1.-;3.6.1.15 kegg.reaction R00615 metanetx.reaction MNXR104756 rhea 27998;27999;28000;28001 sbo SBO:0000176 seed.reaction rxn00436;rxn31790	Cofactor and vitamin metabolism	Cofactor and vitamin metabolism	reaction name: thiam	HIERARCHICAL_REACTION_NAME
TETDHpp1	Tetrathionate Dehydrogenase menaquinone 8  periplasm	Transport		bigg.reaction TETDHpp1 metanetx.reaction MNXR104779 sbo SBO:0000185	Sulfur metabolism	Sulfur metabolism	transported substrate: tetrathionate	TRANSPORT_SUBSTRATE_CURATED_RULE
TETDHpp3	Tetrathionate Dehydrogenase ubiquinone 8  periplasm	Transport		bigg.reaction TETDHpp3 metanetx.reaction MNXR104781 sbo SBO:0000185	Sulfur metabolism	Sulfur metabolism	transported substrate: tetrathionate	TRANSPORT_SUBSTRATE_CURATED_RULE
TETtex	Tetrathionate transport via diffusion extracellular to periplasm	Transport		bigg.reaction TETtex metanetx.reaction MNXR104796 sbo SBO:0000185	Sulfur metabolism	Sulfur metabolism	transported substrate: tetrathionate	TRANSPORT_SUBSTRATE_CURATED_RULE
TGBPA	Tagatose-bisphosphate aldolase	Internal metabolic		bigg.reaction TGBPA biocyc META:TAGAALDOL-RXN ec-code 4.1.2.40 kegg.reaction R01069 metanetx.reaction MNXR104798 rhea 22948;22949;22950;22951 sbo SBO:0000176 seed.reaction rxn00787	Inorganic ion metabolism	Inorganic ion metabolism	reaction name: phosphate	HIERARCHICAL_REACTION_NAME
THD2pp	NAD(P) transhydrogenase (periplasm)	Transport		bigg.reaction THD2pp ec-code 1.6.1.1 kegg.reaction R00112 metanetx.reaction MNXR104805 rhea 11695 sbo SBO:0000185 seed.reaction rxn09295;rxn10125	Nucleotide metabolism	Nucleotide metabolism	transported substrate: adenine	TRANSPORT_SUBSTRATE_CURATED_RULE
THDPS	Tetrahydrodipicolinate succinylase	Internal metabolic		bigg.reaction THDPS biocyc META:TETHYDPICSUCC-RXN brenda 2.3.1.117 ec-code 2.3.1.117 kegg.reaction R04365 metanetx.reaction MNXR104806 rhea 17325;17326;17327;17328 sbo SBO:0000176 seed.reaction rxn03031	Cofactor and vitamin metabolism	Cofactor and vitamin metabolism	metabolite context: coenzyme	HIERARCHICAL_METABOLITE_CONTEXT
THFAT	Tetrahydrofolate aminomethyltransferase	Internal metabolic		bigg.reaction THFAT brenda 2.1.2.10 ec-code 2.1.2.10 kegg.reaction R02300 metanetx.reaction MNXR99614 rhea 34767;34768;34769;34770 sbo SBO:0000176 seed.reaction rxn01652	Cofactor and vitamin metabolism	Cofactor and vitamin metabolism	reaction name: folate	HIERARCHICAL_REACTION_NAME
THIORDXi	Hydrogen peroxide reductase (thioredoxin)	Internal metabolic		bigg.reaction THIORDXi biocyc META:RXN0-267 brenda 1.11.1.15;1.11.1.16;1.11.1.24;1.11.1.26 ec-code 1.11.1.15;1.11.1.16;1.11.1.24;1.11.1.26 gpr_status PROVISIONAL metanetx.reaction MNXR104815 sbo SBO:0000176 seed.reaction rxn09296	Energy metabolism / respiration	Energy metabolism / respiration	reaction name: thioredoxin	HIERARCHICAL_REACTION_NAME
THMDt2	Thymidine transport in via proton symport	Transport		bigg.reaction THMDt2 biocyc META:TRANS-RXN-108H gpr_status PROVISIONAL metanetx.reaction MNXR104818 rhea 29955;29956;29957;29958 sbo SBO:0000185 seed.reaction rxn05200;rxn09298	Nucleotide metabolism	Nucleotide metabolism	reaction name: thym	TRANSPORT_SUBSTRATE_REACTION_NAME
THMDtex	Thymidine transport via diffusion (extracellular to periplasm)	Transport		bigg.reaction THMDtex metanetx.reaction MNXR104821 sbo SBO:0000185 seed.reaction rxn09299;rxn10916	Nucleotide metabolism	Nucleotide metabolism	reaction name: thym	TRANSPORT_SUBSTRATE_REACTION_NAME
THMabc	Thiamine transport via ABC system	Transport		bigg.reaction THMabc metanetx.reaction MNXR138862 sbo SBO:0000185 seed.reaction rxn05177;rxn09297	Cofactor and vitamin metabolism	Cofactor and vitamin metabolism	reaction name: thiam	TRANSPORT_SUBSTRATE_REACTION_NAME
THMabcpp	Thiamine transport via ABC system (periplasm)	Transport		bigg.reaction THMabcpp metanetx.reaction MNXR138862 sbo SBO:0000185 seed.reaction rxn05177;rxn09297	Cofactor and vitamin metabolism	Cofactor and vitamin metabolism	reaction name: thiam	TRANSPORT_SUBSTRATE_REACTION_NAME
THMtex	Thiamine transport via diffusion (extracellular to periplasm)	Transport		bigg.reaction THMtex metanetx.reaction MNXR131128 sbo SBO:0000185 seed.reaction rxn09300;rxn11006	Cofactor and vitamin metabolism	Cofactor and vitamin metabolism	reaction name: thiam	TRANSPORT_SUBSTRATE_REACTION_NAME
THMtrbc	Thiamine transprot (passive - red blood cell)	Transport		bigg.reaction THMtrbc metanetx.reaction MNXR131128 sbo SBO:0000185 seed.reaction rxn09300;rxn11006	Cofactor and vitamin metabolism	Cofactor and vitamin metabolism	reaction name: thiam	TRANSPORT_SUBSTRATE_REACTION_NAME
THRA	Threonine aldolase	Internal metabolic		bigg.reaction THRA;THRA_1;THRA_m biocyc META:THREONINE-ALDOLASE-RXN brenda 2.1.2.1;4.1.2.48;4.1.2.5 ec-code 4.1.2.48;4.1.2.5;2.1.2.1 kegg.reaction R00751 metanetx.reaction MNXR104833 rhea 19625;19626;19627;19628 sbo SBO:0000176 seed.reaction rxn00541;rxn32996;rxn32998;rxn35214	Amino acid metabolism	Amino acid metabolism	database annotation: threonine	HIERARCHICAL_DATABASE_ANNOTATION
THRA2	L-allo-Threonine Aldolase	Internal metabolic		bigg.reaction THRA2 biocyc META:LTAA-RXN brenda 2.1.2.1;4.1.2.48;4.1.2.49 ec-code 2.1.2.1;4.1.2.48;4.1.2.49 kegg.reaction R06171 metanetx.reaction MNXR104834 rhea 26212;26209 sbo SBO:0000176 seed.reaction rxn04142;rxn38981	Amino acid metabolism	Amino acid metabolism	reaction name: threonine	HIERARCHICAL_REACTION_NAME
THRD_L	L-threonine deaminase	Internal metabolic		bigg.reaction THRD_L;TAL;THRD_Lm biocyc META:THREDEHYD-RXN brenda 4.3.1.19 ec-code 4.3.1.19 kegg.reaction R00996 metanetx.reaction MNXR104714 rhea 22108;22109;22110;22111 sbo SBO:0000176 seed.reaction rxn00737;rxn29011;rxn30064;rxn30143;rxn30440;rxn35533	Amino acid metabolism	Amino acid metabolism	reaction name: threonine	HIERARCHICAL_REACTION_NAME
THRPDC	L threonine phosphate decarboxylase	Internal metabolic		bigg.reaction THRPDC biocyc META:4.1.1.81-RXN brenda 4.1.1.81 ec-code 4.1.1.81 kegg.reaction R06530 metanetx.reaction MNXR104843 rhea 11492;11493;11494;11495 sbo SBO:0000176 seed.reaction rxn04385	Amino acid metabolism	Amino acid metabolism	reaction name: threonine	HIERARCHICAL_REACTION_NAME
THRS	Threonine synthase	Internal metabolic		bigg.reaction THRS;THRS_1 biocyc META:THRESYN-RXN brenda 4.2.3.1 ec-code 4.2.3.1 kegg.reaction R01466 metanetx.reaction MNXR104846 rhea 10840;10841;10842;10843 sbo SBO:0000176 seed.reaction rxn01069;rxn29012;rxn31088	Amino acid metabolism	Amino acid metabolism	reaction name: threonine	HIERARCHICAL_REACTION_NAME
THRabc	L-threonine transport via ABC system	Transport		bigg.reaction THRabc metanetx.reaction MNXR104849 sbo SBO:0000185 seed.reaction rxn05169;rxn09301	Amino acid metabolism	Amino acid metabolism	transported substrate: threonine	TRANSPORT_SUBSTRATE_CURATED_RULE
THRabcpp	L-threonine transport via ABC system (periplasm)	Transport		bigg.reaction THRabcpp metanetx.reaction MNXR104849 sbo SBO:0000185 seed.reaction rxn05169;rxn09301	Amino acid metabolism	Amino acid metabolism	transported substrate: threonine	TRANSPORT_SUBSTRATE_CURATED_RULE
THRt4pp	L-threonine  via sodium symport (periplasm)	Transport		bigg.reaction THRt4pp metanetx.reaction MNXR104842 sbo SBO:0000185 seed.reaction rxn09306;rxn10186	Amino acid metabolism	Amino acid metabolism	transported substrate: threonine	TRANSPORT_SUBSTRATE_CURATED_RULE
THRtex	L-threonine transport via diffusion (extracellular to periplasm)	Transport		bigg.reaction THRtex metanetx.reaction MNXR104852 rhea 35019;35020;35021;35022 sbo SBO:0000185 seed.reaction rxn09307;rxn10898;rxn13117	Amino acid metabolism	Amino acid metabolism	transported substrate: threonine	TRANSPORT_SUBSTRATE_CURATED_RULE
THYMt	Thymine reversible transport via facilated diffusion	Transport		bigg.reaction THYMt biocyc META:TRANS-RXN0-524 metanetx.reaction MNXR104853 sbo SBO:0000185 seed.reaction rxn09309	Nucleotide metabolism	Nucleotide metabolism	database annotation: thym	TRANSPORT_SUBSTRATE_DATABASE_ANNOTATION
THYMt4pp	Thymine transport out via proton antiport  periplasm	Transport		bigg.reaction THYMt4pp sbo SBO:0000185	Nucleotide metabolism	Nucleotide metabolism	database annotation: thym	TRANSPORT_SUBSTRATE_DATABASE_ANNOTATION
THYMtex	Thymine transport via diffusion (extracellular to periplasm)	Transport		bigg.reaction THYMtex biocyc META:TRANS-RXN0-524 metanetx.reaction MNXR104853 sbo SBO:0000185 seed.reaction rxn09309	Nucleotide metabolism	Nucleotide metabolism	database annotation: thym	TRANSPORT_SUBSTRATE_DATABASE_ANNOTATION
THZPSN	Thiazole phosphate synthesis	Internal metabolic		bigg.reaction THZPSN brenda 2.8.1.10;2.8.1.7 ec-code 2.8.1.10;2.8.1.7 metanetx.reaction MNXR104858 sbo SBO:0000176 seed.reaction rxn09310	Inorganic ion metabolism	Inorganic ion metabolism	reaction name: phosphate	HIERARCHICAL_REACTION_NAME
TKT1	Transketolase	Internal metabolic		bigg.reaction TKT1;TKT1g;TKT1h brenda 2.2.1.1 ec-code 2.2.1.1 metanetx.reaction MNXR104868 sbo SBO:0000176	Inorganic ion metabolism	Inorganic ion metabolism	metabolite context: phosphate	HIERARCHICAL_METABOLITE_CONTEXT
TKT2	Transketolase	Internal metabolic		bigg.reaction TKT2 biocyc META:2TRANSKETO-RXN brenda 2.2.1.1 ec-code 2.2.1.1 kegg.reaction R01830 metanetx.reaction MNXR104869 rhea 27626;27627;27628;27629 sbo SBO:0000176	Inorganic ion metabolism	Inorganic ion metabolism	metabolite context: phosphate	HIERARCHICAL_METABOLITE_CONTEXT
TMAOtex	Trimethylamine N-oxide transport via diffusion (extracellular to periplasm)	Transport		bigg.reaction TMAOtex metanetx.reaction MNXR104882 sbo SBO:0000185 seed.reaction rxn09317	Nitrogen metabolism	Nitrogen metabolism	transported substrate: trimethylamine	TRANSPORT_SUBSTRATE_CURATED_RULE
TMAtex	Trimethylamine transport via diffusion (extracellular to periplasm)	Transport		bigg.reaction TMAtex metanetx.reaction MNXR104884 sbo SBO:0000185 seed.reaction rxn09318	Nitrogen metabolism	Nitrogen metabolism	transported substrate: trimethylamine	TRANSPORT_SUBSTRATE_CURATED_RULE
TMDPP	Thymidine phosphorylase	Internal metabolic		bigg.reaction TMDPP biocyc META:THYM-PHOSPH-RXN brenda 2.4.2.2;2.4.2.4 ec-code 2.4.2.2;2.4.2.4 kegg.reaction R01570 metanetx.reaction MNXR104887 rhea 16037;16038;16039;16040 sbo SBO:0000176 seed.reaction rxn01146	Nucleotide metabolism	Nucleotide metabolism	database annotation: thym	HIERARCHICAL_DATABASE_ANNOTATION
TMDS	Thymidylate synthase	Internal metabolic		bigg.reaction TMDS brenda 2.1.1.45 ec-code 2.1.1.45 kegg.reaction R02101 metanetx.reaction MNXR104889 rhea 12104;12105;12106;12107 sbo SBO:0000176	Nucleotide metabolism	Nucleotide metabolism	reaction name: thym	HIERARCHICAL_REACTION_NAME
TMN	Thiaminase	Internal metabolic		bigg.reaction TMN brenda 3.5.99.2 ec-code 3.5.99.2 metanetx.reaction MNXR138876 sbo SBO:0000176 seed.reaction rxn01537	Cofactor and vitamin metabolism	Cofactor and vitamin metabolism	reaction name: thiam	HIERARCHICAL_REACTION_NAME
TMPK	Thiamine-phosphate kinase	Internal metabolic		bigg.reaction TMPK biocyc META:THI-P-KIN-RXN brenda 2.7.4.16 ec-code 2.7.4.16 kegg.reaction R00617 metanetx.reaction MNXR104907 rhea 15913;15914;15915;15916 sbo SBO:0000176 seed.reaction rxn00438;rxn38718	Cofactor and vitamin metabolism	Cofactor and vitamin metabolism	reaction name: thiam	HIERARCHICAL_REACTION_NAME
TMPPP	Thiamine-phosphate diphosphorylase	Internal metabolic		bigg.reaction TMPPP biocyc META:THI-P-SYN-RXN brenda 2.5.1.3 ec-code 2.5.1.3 kegg.reaction R03223 metanetx.reaction MNXR104908 rhea 22328;22329;22330;22331 sbo SBO:0000176 seed.reaction rxn02305	Cofactor and vitamin metabolism	Cofactor and vitamin metabolism	reaction name: thiam	HIERARCHICAL_REACTION_NAME
TNTHAC1	2 4 6 dinitrotoluene meisenheimer dihydrideTNT derived hydroxylamines condensation	Internal metabolic		bigg.reaction TNTHAC1 metanetx.reaction MNXR163016 sbo SBO:0000176	Nitrogen metabolism	Nitrogen metabolism	reaction name: hydroxylamine	HIERARCHICAL_REACTION_NAME
TNTHAC2	2 4 6 dinitrotoluene meisenheimer dihydrideTNT derived hydroxylamines condensation	Internal metabolic		bigg.reaction TNTHAC2 metanetx.reaction MNXR163017 sbo SBO:0000176	Nitrogen metabolism	Nitrogen metabolism	reaction name: hydroxylamine	HIERARCHICAL_REACTION_NAME
TPI	Triose-phosphate isomerase	Internal metabolic		bigg.reaction TPI biocyc META:TRIOSEPISOMERIZATION-RXN brenda 5.3.1.1 ec-code 5.3.1.1 kegg.reaction R01015 metanetx.reaction MNXR104918 reactome R-ATH-70454;R-ATH-70481;R-BTA-70454;R-BTA-70481;R-CEL-70454;R-CEL-70481;R-CFA-70454;R-CFA-70481;R-DDI-70454;R-DDI-70481;R-DME-70454;R-DME-70481;R-DRE-70454;R-DRE-70481;R-GGA-352914;R-GGA-352927;R-GGA-70454;R-GGA-70481;R-HSA-70454;R-HSA-70481;R-MMU-70454;R-MMU-70481;R-OSA-70454;R-OSA-70481;R-PFA-70454;R-PFA-70481;R-RNO-70454;R-RNO-70481;R-SCE-70454;R-SCE-70481;R-SPO-70454;R-SPO-70481;R-SSC-70454;R-SSC-70481;R-XTR-70454;R-XTR-70481 rhea 18585;18586;18587;18588 sbo SBO:0000176 seed.reaction rxn00747	Inorganic ion metabolism	Inorganic ion metabolism	reaction name: phosphate	HIERARCHICAL_REACTION_NAME
TRDR	Thioredoxin reductase (NADPH)	Internal metabolic		bigg.reaction TRDR biocyc META:THIOREDOXIN-REDUCT-NADPH-RXN brenda 1.6.4.5;1.8.1.9 ec-code 1.6.4.5;1.8.1.9 kegg.reaction R02016 metanetx.reaction MNXR104766 rhea 20348 sbo SBO:0000176 seed.reaction rxn05289	Energy metabolism / respiration	Energy metabolism / respiration	database annotation: thioredoxin	HIERARCHICAL_DATABASE_ANNOTATION
TRE6PH	Trehalose-6-phosphate hydrolase	Internal metabolic		bigg.reaction TRE6PH biocyc META:TRE6PHYDRO-RXN brenda 3.2.1.122;3.2.1.93 ec-code 3.2.1.122;3.2.1.93 kegg.reaction R00837;R06113 metanetx.reaction MNXR104925 rhea 23008;23009;23010;23011 sbo SBO:0000176 seed.reaction rxn00606	Inorganic ion metabolism	Inorganic ion metabolism	reaction name: phosphate	HIERARCHICAL_REACTION_NAME
TRE6PP	Trehalose-phosphatase	Internal metabolic		bigg.reaction TRE6PP biocyc META:TREHALOSEPHOSPHA-RXN brenda 2.7.2.1;3.1.3.12 ec-code 3.1.3.12;2.7.2.1 gpr_status PROVISIONAL kegg.reaction R02778;R06228 metanetx.reaction MNXR104926 reactome R-MTU-868608 rhea 23420;23421;23422;23423 sbo SBO:0000176 seed.reaction rxn02004	Inorganic ion metabolism	Inorganic ion metabolism	metabolite context: phosphate	HIERARCHICAL_METABOLITE_CONTEXT
TREtex	Trehalose transport via diffusion (extracellular to periplasm)	Transport		bigg.reaction TREtex metanetx.reaction MNXR104933 rhea 17629;17630;17631;17632 sbo SBO:0000185 seed.reaction rxn09323	Carbohydrate metabolism	Carbohydrate metabolism	transported substrate: trehalose	TRANSPORT_SUBSTRATE_CURATED_RULE
TRPS1	Tryptophan synthase (indoleglycerol phosphate)	Internal metabolic		bigg.reaction TRPS1 biocyc META:TRYPSYN-RXN brenda 4.2.1.20 ec-code 4.2.1.20 kegg.reaction R02722 metanetx.reaction MNXR104343 rhea 10532;10533;10534;10535 sbo SBO:0000176 seed.reaction rxn01964	Amino acid metabolism	Amino acid metabolism	reaction name: tryptophan	HIERARCHICAL_REACTION_NAME
TRPS2	Tryptophan synthase (indole)	Internal metabolic		bigg.reaction TRPS2 biocyc META:RXN0-2382 brenda 4.2.1.122;4.2.1.20 ec-code 4.2.1.122;4.2.1.20 kegg.reaction R00674 metanetx.reaction MNXR104946 rhea 26434;26435;26436;26437 sbo SBO:0000176 seed.reaction rxn00474	Amino acid metabolism	Amino acid metabolism	reaction name: tryptophan	HIERARCHICAL_REACTION_NAME
TRPS3	Tryptophan synthase (indoleglycerol phosphate)	Internal metabolic		bigg.reaction TRPS3 biocyc META:RXN0-2381 brenda 4.1.2.8;4.2.1.20 ec-code 4.1.2.8;4.2.1.20 kegg.reaction R02340 metanetx.reaction MNXR99889 rhea 14081;14082;14083;14084 sbo SBO:0000176 seed.reaction rxn01682	Amino acid metabolism	Amino acid metabolism	reaction name: tryptophan	HIERARCHICAL_REACTION_NAME
TRPtex	L-tryptophan transport via diffusion (extracellular to periplasm)	Transport		bigg.reaction TRPtex biocyc META:RXN66-449 metanetx.reaction MNXR104949 sbo SBO:0000185 seed.reaction rxn05222;rxn09327	Amino acid metabolism	Amino acid metabolism	transported substrate: tryptophan	TRANSPORT_SUBSTRATE_CURATED_RULE
TSULDHpp1	Thiosulfate Dehydrogenase menaquinone 8  periplasm	Transport		bigg.reaction TSULDHpp1 metanetx.reaction MNXR104960 sbo SBO:0000185	Energy metabolism / respiration	Energy metabolism / respiration	reaction name: quinone	TRANSPORT_SUBSTRATE_REACTION_NAME
TSULDHpp2	Thiosulfate Dehydrogenase Demethylmenaquinol 8  periplasm	Transport		bigg.reaction TSULDHpp2 metanetx.reaction MNXR104961 sbo SBO:0000185	Energy metabolism / respiration	Energy metabolism / respiration	reaction name: quinol	TRANSPORT_SUBSTRATE_REACTION_NAME
TSULDHpp3	Thiosulfate Dehydrogenase ubiquinone 8  periplasm	Transport		bigg.reaction TSULDHpp3 metanetx.reaction MNXR104962 sbo SBO:0000185	Energy metabolism / respiration	Energy metabolism / respiration	reaction name: quinone	TRANSPORT_SUBSTRATE_REACTION_NAME
TSULP	Thiosulfate permease	Transport		bigg.reaction TSULP gpr_status PROVISIONAL sbo SBO:0000185	Sulfur metabolism	Sulfur metabolism	reaction name: sulfate	TRANSPORT_SUBSTRATE_REACTION_NAME
TSULabc	Thiosulfate transport via ABC system	Transport		bigg.reaction TSULabc biocyc META:ABC-7-RXN ec-code 3.6.3.25 gpr_status PROVISIONAL metanetx.reaction MNXR104964 rhea 29871;29872;29873;29874 sbo SBO:0000185 seed.reaction rxn05176;rxn09329	Sulfur metabolism	Sulfur metabolism	reaction name: sulfate	TRANSPORT_SUBSTRATE_REACTION_NAME
TSULabcpp	Thiosulfate transport via ABC system (periplasm)	Transport		bigg.reaction TSULabcpp biocyc META:ABC-7-RXN ec-code 3.6.3.25 gpr_status PROVISIONAL metanetx.reaction MNXR104964 rhea 29871;29872;29873;29874 sbo SBO:0000185 seed.reaction rxn05176;rxn09329	Sulfur metabolism	Sulfur metabolism	reaction name: sulfate	TRANSPORT_SUBSTRATE_REACTION_NAME
TSULtex	Thiosulfate transport via diffusion (extracellular to periplasm)	Transport		bigg.reaction TSULtex metanetx.reaction MNXR104966 rhea 32807;32808;32809;32810 sbo SBO:0000185 seed.reaction rxn09330	Sulfur metabolism	Sulfur metabolism	reaction name: sulfate	TRANSPORT_SUBSTRATE_REACTION_NAME
TTDCAtexi	Tetradecanoate transport via facilitated irreversible diffusion (extracellular to periplasm)	Transport		bigg.reaction TTDCAtexi metanetx.reaction MNXR99092 sbo SBO:0000185	Lipid metabolism	Lipid metabolism	transported substrate: decanoate	TRANSPORT_SUBSTRATE_CURATED_RULE
TTDCEAtexi	Tetradecenoate transport via facilitated irreversible diffusion (extracellular to periplasm)	Transport		bigg.reaction TTDCEAtexi metanetx.reaction MNXR99096 sbo SBO:0000185	Lipid metabolism	Lipid metabolism	transported substrate: tetradecenoate	TRANSPORT_SUBSTRATE_CURATED_RULE
TYRTA	Tyrosine transaminase	Internal metabolic		bigg.reaction TYRTA;TYRTAh;TYRTAi;TYRTAim;TYRTAip biocyc META:TYROSINE-AMINOTRANSFERASE-RXN brenda 2.6.1.1;2.6.1.5;2.6.1.57;2.6.1.9 ec-code 2.6.1.1;2.6.1.5;2.6.1.57;2.6.1.9 kegg.reaction R00734 metanetx.reaction MNXR105000 reactome R-ATH-517444;R-ATH-71155;R-BTA-517444;R-BTA-71155;R-CEL-517444;R-CEL-71155;R-CFA-517444;R-CFA-71155;R-DDI-517444;R-DDI-71155;R-DME-517444;R-DME-71155;R-DRE-517444;R-DRE-71155;R-GGA-517444;R-GGA-71155;R-HSA-517444;R-HSA-71155;R-MMU-517444;R-MMU-71155;R-OSA-517444;R-OSA-71155;R-RNO-517444;R-RNO-71155;R-SCE-517444;R-SCE-71155;R-SSC-517444;R-SSC-71155;R-TGU-517444;R-TGU-71155;R-XTR-517444;R-XTR-71155 rhea 15093;15094;15095;15096 sbo SBO:0000176 seed.reaction rxn00527;rxn27524;rxn30444;rxn30445;rxn37937	Amino acid metabolism	Amino acid metabolism	database annotation: tyrosine	HIERARCHICAL_DATABASE_ANNOTATION
TYRTAi	Tyrosine transaminase  irreversible	Internal metabolic		bigg.reaction TYRTAi;TYRTA;TYRTAh;TYRTAim;TYRTAip biocyc META:TYROSINE-AMINOTRANSFERASE-RXN brenda 2.6.1.1;2.6.1.5;2.6.1.57;2.6.1.9 ec-code 2.6.1.1;2.6.1.5;2.6.1.57;2.6.1.9 kegg.reaction R00734 metanetx.reaction MNXR105000 reactome R-ATH-517444;R-ATH-71155;R-BTA-517444;R-BTA-71155;R-CEL-517444;R-CEL-71155;R-CFA-517444;R-CFA-71155;R-DDI-517444;R-DDI-71155;R-DME-517444;R-DME-71155;R-DRE-517444;R-DRE-71155;R-GGA-517444;R-GGA-71155;R-HSA-517444;R-HSA-71155;R-MMU-517444;R-MMU-71155;R-OSA-517444;R-OSA-71155;R-RNO-517444;R-RNO-71155;R-SCE-517444;R-SCE-71155;R-SSC-517444;R-SSC-71155;R-TGU-517444;R-TGU-71155;R-XTR-517444;R-XTR-71155 rhea 15093;15094;15095;15096 sbo SBO:0000176 seed.reaction rxn00527;rxn27524;rxn30444;rxn30445;rxn37937	Amino acid metabolism	Amino acid metabolism	database annotation: tyrosine	HIERARCHICAL_DATABASE_ANNOTATION
TYRtex	L-tyrosine transport via diffusion (extracellular to periplasm)	Transport		bigg.reaction TYRtex biocyc META:RXN66-446 metanetx.reaction MNXR105002 sbo SBO:0000185 seed.reaction rxn09339;rxn10974	Amino acid metabolism	Amino acid metabolism	transported substrate: tyrosine	TRANSPORT_SUBSTRATE_CURATED_RULE
UAAGDS	UDP-N-acetylmuramoyl-L-alanyl-D-glutamyl-meso-2,6-diaminopimelate synthetase	Internal metabolic		bigg.reaction UAAGDS brenda 6.3.2.13 ec-code 6.3.2.13 metanetx.reaction MNXR105013 sbo SBO:0000176	Cell envelope / membrane biosynthesis	Cell envelope / membrane biosynthesis	reaction name: diaminopimelate	HIERARCHICAL_REACTION_NAME
UAG2EMA	UDP-N-acetyl-D-glucosamine 2-epimerase (Hydrolysis)	Internal metabolic		bigg.reaction UAG2EMA brenda 3.2.1.183;5.1.3.14;5.1.3.7 ec-code 3.2.1.183;5.1.3.14;5.1.3.7 kegg.reaction R00414 metanetx.reaction MNXR105025 reactome R-BTA-4085021;R-CFA-4085021;R-DRE-4085021;R-GGA-4085021;R-HSA-4085021;R-MMU-4085021;R-RNO-4085021;R-TGU-4085021;R-XTR-4085021 rhea 30683;30684;30685;30686 sbo SBO:0000176 seed.reaction rxn00292	Cell envelope / membrane biosynthesis	Cell envelope / membrane biosynthesis	curated reaction-ID mapping	CURATED_ID_OVERRIDE
UAG4Ei	UDP-N-acetylglucosamine 4-epimerase	Internal metabolic		bigg.reaction UAG4Ei brenda 5.1.3.2;5.1.3.7 ec-code 5.1.3.2;5.1.3.7 kegg.reaction R00418 metanetx.reaction MNXR105027 rhea 20520 sbo SBO:0000176 seed.reaction rxn00295	Cell envelope / membrane biosynthesis	Cell envelope / membrane biosynthesis	curated reaction-ID mapping	CURATED_ID_OVERRIDE
UAGCVT	UDP-N-acetylglucosamine 1-carboxyvinyltransferase	Internal metabolic		bigg.reaction UAGCVT biocyc META:UDPNACETYLGLUCOSAMENOLPYRTRANS-RXN brenda 2.5.1.7 ec-code 2.5.1.7 kegg.reaction R00660 metanetx.reaction MNXR105032 rhea 18681;18682;18683;18684 sbo SBO:0000176 seed.reaction rxn00461	Central carbon metabolism	Central carbon metabolism	metabolite context: pyruvate	HIERARCHICAL_METABOLITE_CONTEXT
UAGDP	UDP-N-acetylglucosamine diphosphorylase	Internal metabolic		bigg.reaction UAGDP brenda 2.3.1.157;2.7.7.23 ec-code 2.7.7.23;2.3.1.157 metanetx.reaction MNXR105033 reactome R-ATH-446204;R-BTA-446204;R-CEL-446204;R-CFA-446204;R-DDI-446204;R-DME-446204;R-DRE-446204;R-GGA-446204;R-HSA-446204;R-MMU-446204;R-OSA-446204;R-PFA-446204;R-RNO-446204;R-SCE-446204;R-SPO-446204;R-SSC-446204;R-TGU-446204;R-XTR-446204 sbo SBO:0000176 seed.reaction rxn00293	Inorganic ion metabolism	Inorganic ion metabolism	metabolite context: phosphate	HIERARCHICAL_METABOLITE_CONTEXT
UAGPT3	UDP-N-acetylglucosamine-N-acetylmuramyl-(pentapeptide)pyrophosphoryl-undecaprenol N-acetylglucosamine transferase	Internal metabolic		bigg.reaction UAGPT3 biocyc META:NACGLCTRANS-RXN brenda 2.4.1.227 ec-code 2.4.1.227 kegg.reaction R05032;R06174 metanetx.reaction MNXR139325 rhea 31227;31228;31229;31230 sbo SBO:0000176 seed.reaction rxn03408	Cell envelope / membrane biosynthesis	Cell envelope / membrane biosynthesis	metabolite context: undecaprenyl	HIERARCHICAL_METABOLITE_CONTEXT
UAMAGS	UDP-N-acetylmuramoyl-L-alanyl-D-glutamate synthetase	Internal metabolic		bigg.reaction UAMAGS biocyc META:UDP-NACMURALA-GLU-LIG-RXN brenda 6.3.2.9 ec-code 6.3.2.9 kegg.reaction R02783 metanetx.reaction MNXR105038 rhea 16429;16430;16431;16432 sbo SBO:0000176 seed.reaction rxn02008;rxn11252	Amino acid metabolism	Amino acid metabolism	reaction name: glutamate	HIERARCHICAL_REACTION_NAME
UAMAS	UDP-N-acetylmuramoyl-L-alanine synthetase	Internal metabolic		bigg.reaction UAMAS biocyc META:UDP-NACMUR-ALA-LIG-RXN brenda 6.3.2.45;6.3.2.8 ec-code 6.3.2.8;6.3.2.45 kegg.reaction R03193 metanetx.reaction MNXR141024 rhea 23372;23373;23374;23375 sbo SBO:0000176 seed.reaction rxn02286;rxn11251	Amino acid metabolism	Amino acid metabolism	reaction name: alanine	HIERARCHICAL_REACTION_NAME
UAPGR	UDP-N-acetylenolpyruvoylglucosamine reductase	Internal metabolic		bigg.reaction UAPGR biocyc META:UDPNACETYLMURAMATEDEHYDROG-RXN brenda 1.3.1.98 ec-code 1.3.1.98 kegg.reaction R03192 metanetx.reaction MNXR141027 rhea 12248;12249;12250;12251 sbo SBO:0000176 seed.reaction rxn02285	Nucleotide metabolism	Nucleotide metabolism	metabolite context: nucleotide	HIERARCHICAL_METABOLITE_CONTEXT
UDCPDP	Undecaprenyl-diphosphatase	Internal metabolic		bigg.reaction UDCPDP brenda 3.6.1.27 ec-code 3.6.1.27 metanetx.reaction MNXR105042 rhea 17069;17070;17071;17072 sbo SBO:0000176	Cell envelope / membrane biosynthesis	Cell envelope / membrane biosynthesis	reaction name: undecaprenyl	HIERARCHICAL_REACTION_NAME
UDCPDPS	Undecaprenyl diphosphate synthase	Internal metabolic		bigg.reaction UDCPDPS biocyc META:RXN-9138 brenda 2.5.1.31 ec-code 2.5.1.-;2.5.1.31 metanetx.reaction MNXR105043 sbo SBO:0000176	Cell envelope / membrane biosynthesis	Cell envelope / membrane biosynthesis	reaction name: undecaprenyl	HIERARCHICAL_REACTION_NAME
UDCPDPex	Undecaprenyl-diphosphatase (periplasm)	Internal metabolic		bigg.reaction UDCPDPex brenda 3.6.1.27 ec-code 3.6.1.27 metanetx.reaction MNXR105042 rhea 17069;17070;17071;17072 sbo SBO:0000176	Cell envelope / membrane biosynthesis	Cell envelope / membrane biosynthesis	reaction name: undecaprenyl	HIERARCHICAL_REACTION_NAME
UDPACGLP	UDP N acetylglucosamine diphosphorylase	Internal metabolic		bigg.reaction UDPACGLP brenda 2.7.7.23 ec-code 2.7.7.23 metanetx.reaction MNXR105047 sbo SBO:0000176 seed.reaction rxn09486	Inorganic ion metabolism	Inorganic ion metabolism	metabolite context: phosphate	HIERARCHICAL_METABOLITE_CONTEXT
UDPG4E	UDPglucose 4-epimerase	Internal metabolic		bigg.reaction UDPG4E biocyc META:UDPGLUCEPIM-RXN brenda 5.1.3.2 ec-code 5.1.3.2 kegg.reaction R00291 metanetx.reaction MNXR143428 reactome R-ATH-70369;R-BTA-70369;R-CEL-70369;R-CFA-70369;R-DDI-70369;R-DME-70369;R-DRE-70369;R-GGA-70369;R-HSA-70369;R-MMU-70369;R-OSA-70369;R-RNO-70369;R-SCE-70369;R-SPO-70369;R-SSC-70369;R-TGU-70369;R-XTR-70369 rhea 22168;22169;22170;22171 sbo SBO:0000176 seed.reaction rxn00214	Carbohydrate metabolism	Carbohydrate metabolism	reaction name: glucose	HIERARCHICAL_REACTION_NAME
UGLYCH	Ureidoglycolate hydrolase	Internal metabolic		bigg.reaction UGLYCH biocyc META:UREIDOGLYCOLATE-HYDROLASE-RXN brenda 3.5.1.116;3.5.3.19 ec-code 3.5.1.116;3.5.3.19 kegg.reaction R00469 metanetx.reaction MNXR105091 rhea 19809;19810;19811;19812 sbo SBO:0000176 seed.reaction rxn00327;rxn27427;rxn27428;rxn30069	Nitrogen metabolism	Nitrogen metabolism	metabolite context: ammonium	HIERARCHICAL_METABOLITE_CONTEXT
UGMDDS	UDP-N-acetylmuramoyl-L-alanyl-D-glutamyl-meso-2,6-diaminopimeloyl-D-alanyl-D-alanine synthetase	Internal metabolic		bigg.reaction UGMDDS brenda 6.3.2.10 ec-code 6.3.2.10 metanetx.reaction MNXR105094 sbo SBO:0000176	Amino acid metabolism	Amino acid metabolism	reaction name: alanine	HIERARCHICAL_REACTION_NAME
UM3PL	UDP-N-acetylmuramate:L-alanyl-gamma-D-glutamyl-meso-diaminopimelate ligase	Internal metabolic		bigg.reaction UM3PL brenda 6.3.2.45 ec-code 6.3.2.45 metanetx.reaction MNXR143440 sbo SBO:0000176	Cell envelope / membrane biosynthesis	Cell envelope / membrane biosynthesis	reaction name: diaminopimelate	HIERARCHICAL_REACTION_NAME
UM4PCP	UDP-N-acetylmuramoyl-L-alanyl-D-gamma-glutamyl-meso-2,6-diaminopimelate-D-alanine L,D-carboxypeptidase	Internal metabolic		bigg.reaction UM4PCP metanetx.reaction MNXR105116 sbo SBO:0000176	Cell envelope / membrane biosynthesis	Cell envelope / membrane biosynthesis	reaction name: diaminopimelate	HIERARCHICAL_REACTION_NAME
UM4PL	UDP-N-acetylmuramate:L-alanyl-gamma-D-glutamyl-meso-diaminopimelate-D-alanine ligase	Internal metabolic		bigg.reaction UM4PL brenda 6.3.2.45 ec-code 6.3.2.45 metanetx.reaction MNXR143441 sbo SBO:0000176 seed.reaction rxn09360	Cell envelope / membrane biosynthesis	Cell envelope / membrane biosynthesis	reaction name: diaminopimelate	HIERARCHICAL_REACTION_NAME
UMPK	UMP kinase	Internal metabolic		bigg.reaction UMPK biocyc META:RXN-12002 brenda 2.7.4.14;2.7.4.22;2.7.4.25;2.7.4.3;2.7.4.4 ec-code 2.7.4.14;2.7.4.22;2.7.4.4;2.7.4.25;2.7.4.3 kegg.reaction R00158 metanetx.reaction MNXR105118 rhea 24400;24401;24402;24403 sbo SBO:0000176 seed.reaction rxn00119	Nucleotide metabolism	Nucleotide metabolism	curated reaction-ID mapping	CURATED_ID_OVERRIDE
UMPtex	UMP transport via diffusion (extracellular to periplasm)	Transport		bigg.reaction UMPtex metanetx.reaction MNXR105127 rhea 27926;27927;27928;27929 sbo SBO:0000185 seed.reaction rxn09361;rxn09808	Nucleotide metabolism	Nucleotide metabolism	reaction name: ump 	TRANSPORT_SUBSTRATE_REACTION_NAME
UPP3MT	Uroporphyrinogen methyltransferase	Internal metabolic		bigg.reaction UPP3MT biocyc META:RXN-13403 brenda 2.1.1.107 ec-code 2.1.1.107 kegg.reaction R03194 metanetx.reaction MNXR105137 rhea 32459;32460;32461;32462 sbo SBO:0000176 seed.reaction rxn02287	Cofactor and vitamin metabolism	Cofactor and vitamin metabolism	reaction name: porphyr	HIERARCHICAL_REACTION_NAME
UPP3S	Uroporphyrinogen-III synthase	Internal metabolic		bigg.reaction UPP3S;UPP3S_1 biocyc META:UROGENIIISYN-RXN brenda 4.2.1.75 ec-code 4.2.1.75 kegg.reaction R03165 metanetx.reaction MNXR105139 reactome R-BTA-189488;R-CFA-189488;R-DME-189488;R-DRE-189488;R-GGA-189488;R-GGA-421482;R-HSA-189488;R-MMU-189488;R-RNO-189488;R-SCE-189488;R-SPO-189488;R-SSC-189488;R-TGU-189488;R-XTR-189488 rhea 18965;18966;18967;18968 sbo SBO:0000176 seed.reaction rxn02264;rxn27433;rxn31104	Cofactor and vitamin metabolism	Cofactor and vitamin metabolism	reaction name: porphyr	HIERARCHICAL_REACTION_NAME
UPPDC1	Uroporphyrinogen decarboxylase (uroporphyrinogen III)	Internal metabolic		bigg.reaction UPPDC1;UPPDC1_1 biocyc META:UROGENDECARBOX-RXN brenda 4.1.1.37 ec-code 4.1.1.37 kegg.reaction R03197 metanetx.reaction MNXR105140 reactome R-ATH-189425;R-BTA-189425;R-CFA-189425;R-DDI-189425;R-DME-189425;R-DRE-189425;R-GGA-189425;R-GGA-421515;R-HSA-189425;R-MMU-189425;R-OSA-189425;R-PFA-189425;R-RNO-189425;R-SCE-189425;R-SPO-189425;R-SSC-189425;R-TGU-189425;R-XTR-189425 rhea 19865;19866;19867;19868 sbo SBO:0000176 seed.reaction rxn02288;rxn27432	Cofactor and vitamin metabolism	Cofactor and vitamin metabolism	reaction name: porphyr	HIERARCHICAL_REACTION_NAME
UPPN	B-ureidopropionase	Internal metabolic		bigg.reaction UPPN biocyc META:BETA-UREIDOPROPIONASE-RXN brenda 3.5.1.6 ec-code 3.5.1.6 kegg.reaction R00905 metanetx.reaction MNXR96347 reactome R-ATH-73591;R-BTA-73591;R-CEL-73591;R-CFA-73591;R-DDI-73591;R-DME-73591;R-DRE-73591;R-GGA-73591;R-HSA-73591;R-MMU-73591;R-OSA-73591;R-RNO-73591;R-SSC-73591;R-TGU-73591;R-XTR-73591 rhea 11184;11185;11186;11187 sbo SBO:0000176 seed.reaction rxn00654;rxn33392;rxn34582	Amino acid metabolism	Amino acid metabolism	metabolite context: alanine	HIERARCHICAL_METABOLITE_CONTEXT
UPPRT	Uracil phosphoribosyltransferase	Internal metabolic		bigg.reaction UPPRT biocyc META:URACIL-PRIBOSYLTRANS-RXN brenda 2.4.2.9 ec-code 2.4.2.9 kegg.reaction R00966 metanetx.reaction MNXR105142 rhea 13017;13018;13019;13020 sbo SBO:0000176 seed.reaction rxn00711	Nucleotide metabolism	Nucleotide metabolism	reaction name: phosphoribosyl	HIERARCHICAL_REACTION_NAME
URAt	Uracil transport via facilated diffusion	Transport		bigg.reaction URAt biocyc META:TRANS-RXN0-560 metanetx.reaction MNXR105147 rhea 27318;27319;27320;28622 sbo SBO:0000185 seed.reaction rxn09366;rxn10993	Nucleotide metabolism	Nucleotide metabolism	transported substrate: uracil	TRANSPORT_SUBSTRATE_CURATED_RULE
URAt2	Uracil transport in via proton symport	Transport		bigg.reaction URAt2 biocyc META:TRANS-RXN-132 gpr_status PROVISIONAL metanetx.reaction MNXR105148 rhea 29239;29240;29241;29242 sbo SBO:0000185 seed.reaction rxn05197;rxn09365	Nucleotide metabolism	Nucleotide metabolism	transported substrate: uracil	TRANSPORT_SUBSTRATE_CURATED_RULE
URAt2pp	Uracil transport in via proton symport (periplasm)	Transport		bigg.reaction URAt2pp biocyc META:TRANS-RXN-132 gpr_status PROVISIONAL metanetx.reaction MNXR105148 rhea 29239;29240;29241;29242 sbo SBO:0000185 seed.reaction rxn05197;rxn09365	Nucleotide metabolism	Nucleotide metabolism	transported substrate: uracil	TRANSPORT_SUBSTRATE_CURATED_RULE
URAtex	Uracil transport via diffusion (extracellular to periplasm)	Transport		bigg.reaction URAtex biocyc META:TRANS-RXN0-560 metanetx.reaction MNXR105147 rhea 27318;27319;27320;28622 sbo SBO:0000185 seed.reaction rxn09366;rxn10993	Nucleotide metabolism	Nucleotide metabolism	transported substrate: uracil	TRANSPORT_SUBSTRATE_CURATED_RULE
URCN	Urocanase	Internal metabolic		bigg.reaction URCN biocyc META:UROCANATE-HYDRATASE-RXN brenda 4.2.1.49 ec-code 4.2.1.49 kegg.reaction R02914 metanetx.reaction MNXR105150 reactome R-BTA-70903;R-CEL-70903;R-CFA-70903;R-DRE-70903;R-GGA-70903;R-HSA-70903;R-MMU-70903;R-RNO-70903;R-SSC-70903;R-TGU-70903;R-XTR-70903 rhea 13101;13102;13103;13104 sbo SBO:0000176 seed.reaction rxn02085	Other curated	Other curated	named biochemical reaction without controlled-category match	NAMED_REACTION_FALLBACK
UREA	Urease	Internal metabolic		bigg.reaction UREA biocyc META:UREASE-RXN brenda 3.5.1.5 ec-code 3.5.1.5 kegg.reaction R00131 metanetx.reaction MNXR105153 rhea 20557;20558;20559;20560 sbo SBO:0000176 seed.reaction rxn00101	Nitrogen metabolism	Nitrogen metabolism	database annotation: urea	HIERARCHICAL_DATABASE_ANNOTATION
UREASE	Urea carboxylase	Internal metabolic		bigg.reaction UREASE brenda 6.3.4.6 ec-code 6.3.4.6 gpr_status PROVISIONAL kegg.reaction R00774 metanetx.reaction MNXR105149 rhea 20896;20897;20898;20899 sbo SBO:0000176 seed.reaction rxn00560;rxn35318	Nitrogen metabolism	Nitrogen metabolism	database annotation: urea	HIERARCHICAL_DATABASE_ANNOTATION
UREA_1	Urease	Internal metabolic		bigg.reaction UREA_1 brenda 3.5.1.5 ec-code 3.5.1.5 gpr_status PROVISIONAL kegg.reaction R00131 metanetx.reaction MNXR195605 sbo SBO:0000176	Nitrogen metabolism	Nitrogen metabolism	database annotation: urea	HIERARCHICAL_DATABASE_ANNOTATION
UREAabcpp	Urea transport via ABC system (periplasm)	Transport		bigg.reaction UREAabcpp metanetx.reaction MNXR105155 rhea 32803;32804;32805;32806 sbo SBO:0000185 seed.reaction rxn05157	Nitrogen metabolism	Nitrogen metabolism	database annotation: urea	TRANSPORT_SUBSTRATE_DATABASE_ANNOTATION
UREAtex	Urea transport via diffusion (extracellular to periplasm)	Transport		bigg.reaction UREAtex biocyc META:TRANS-RXN0-460 metanetx.reaction MNXR105156 reactome R-BTA-444126;R-BTA-507873;R-BTA-507875;R-CEL-507873;R-CEL-507875;R-CFA-444126;R-CFA-507873;R-CFA-507875;R-DRE-444126;R-DRE-507873;R-DRE-507875;R-GGA-444126;R-GGA-507873;R-GGA-507875;R-HSA-444126;R-HSA-507873;R-HSA-507875;R-MMU-444126;R-MMU-507873;R-MMU-507875;R-PFA-507873;R-PFA-507875;R-RNO-444126;R-RNO-507873;R-RNO-507875;R-SCE-507873;R-SCE-507875;R-SPO-507873;R-SPO-507875;R-SSC-444126;R-SSC-507873;R-SSC-507875;R-TGU-444126;R-TGU-507873;R-TGU-507875;R-XTR-444126;R-XTR-507873;R-XTR-507875 rhea 32799;32800;32801;32802 sbo SBO:0000185 seed.reaction rxn05667;rxn09368;rxn09369	Nitrogen metabolism	Nitrogen metabolism	database annotation: urea	TRANSPORT_SUBSTRATE_DATABASE_ANNOTATION
URIC	Uricase	Internal metabolic		bigg.reaction URIC brenda 1.7.3.3;5.1.99.5 ec-code 1.7.3.3;5.1.99.5 gpr_status PROVISIONAL metanetx.reaction MNXR105159 rhea 30651;30652;30653;30654 sbo SBO:0000176 seed.reaction rxn09370	Nucleotide metabolism	Nucleotide metabolism	reaction name: uricase	HIERARCHICAL_REACTION_NAME
URIDK2r	Uridylate kinase (dUMP)	Internal metabolic		bigg.reaction URIDK2r;URIDK2m;URIDK2rn biocyc META:RXN-14122 brenda 2.7.4.13;2.7.4.4;2.7.4.9 ec-code 2.7.4.13;2.7.4.4;2.7.4.9 kegg.reaction R02098 metanetx.reaction MNXR105160 rhea 30655;30656;30657;30658 sbo SBO:0000176 seed.reaction rxn01517	Nucleotide metabolism	Nucleotide metabolism	database annotation: urid	HIERARCHICAL_DATABASE_ANNOTATION
URIt2	Uridine transport in via proton symport	Transport		bigg.reaction URIt2 biocyc META:TRANS-RXN-108I gpr_status PROVISIONAL metanetx.reaction MNXR105166 rhea 29951;29952;29953;29954 sbo SBO:0000185 seed.reaction rxn05199;rxn09371	Nucleotide metabolism	Nucleotide metabolism	reaction name: urid	TRANSPORT_SUBSTRATE_REACTION_NAME
URO_c	Urate oxidase	Internal metabolic		bigg.reaction URO_c;URO metanetx.reaction MNXR146721 sbo SBO:0000176	Energy metabolism / respiration	Energy metabolism / respiration	reaction name: oxidase	HIERARCHICAL_REACTION_NAME
UT6PT	UT6PT	Internal metabolic		bigg.reaction UT6PT brenda 2.7.1.90 ec-code 2.7.1.90 gpr_status PROVISIONAL metanetx.reaction MNXR163238 sbo SBO:0000176	Inorganic ion metabolism	Inorganic ion metabolism	metabolite context: phosphate	HIERARCHICAL_METABOLITE_CONTEXT
VACCtex	Vacenic acid  transport via  extracellular to periplasm	Transport		bigg.reaction VACCtex gpr_status PROVISIONAL sbo SBO:0000185	Lipid metabolism	Lipid metabolism	transported substrate: vaccenic	TRANSPORT_SUBSTRATE_CURATED_RULE
VALTA	Valine transaminase	Internal metabolic		bigg.reaction VALTA;BCTA_val_h;VALTAim biocyc META:BRANCHED-CHAINAMINOTRANSFERVAL-RXN brenda 2.6.1.42;2.6.1.6 ec-code 2.6.1.42;2.6.1.6 kegg.reaction R01214 metanetx.reaction MNXR96230 rhea 24813;24814;24815;24816 sbo SBO:0000176 seed.reaction rxn00903;rxn19242;rxn27739;rxn33935;rxn38055	Amino acid metabolism	Amino acid metabolism	reaction name: valine	HIERARCHICAL_REACTION_NAME
VALabc	L-valine transport via ABC system	Transport		bigg.reaction VALabc biocyc META:ABC-36-RXN metanetx.reaction MNXR105187 rhea 29803;29804;29805;29806 sbo SBO:0000185 seed.reaction rxn05168;rxn09373	Amino acid metabolism	Amino acid metabolism	transported substrate: valine	TRANSPORT_SUBSTRATE_CURATED_RULE
VALabcpp	L-valine transport via ABC system (periplasm)	Transport		bigg.reaction VALabcpp biocyc META:ABC-36-RXN gpr_status PROVISIONAL metanetx.reaction MNXR105187 rhea 29803;29804;29805;29806 sbo SBO:0000185 seed.reaction rxn05168;rxn09373	Amino acid metabolism	Amino acid metabolism	transported substrate: valine	TRANSPORT_SUBSTRATE_CURATED_RULE
VALt2rpp	L-valine reversible transport via proton symport (periplasm)	Transport		bigg.reaction VALt2rpp metanetx.reaction MNXR105188 sbo SBO:0000185 seed.reaction rxn05669;rxn09374;rxn09707;rxn11190	Amino acid metabolism	Amino acid metabolism	transported substrate: valine	TRANSPORT_SUBSTRATE_CURATED_RULE
VALt3pp	L-valine transport out via proton antiport (periplasm)	Transport		bigg.reaction VALt3pp sbo SBO:0000185	Amino acid metabolism	Amino acid metabolism	transported substrate: valine	TRANSPORT_SUBSTRATE_CURATED_RULE
VALtex	L-valine transport via diffusion (extracellular to periplasm)	Transport		bigg.reaction VALtex biocyc META:TRANS-RXN0-269 metanetx.reaction MNXR105190 rhea 29703;29704;29705;29706 sbo SBO:0000185 seed.reaction rxn05245;rxn09375	Amino acid metabolism	Amino acid metabolism	transported substrate: valine	TRANSPORT_SUBSTRATE_CURATED_RULE
VCACT	Acetyl-CoA C-acyltransferase (3-oxovaleryl-CoA)	Internal metabolic		bigg.reaction VCACT metanetx.reaction MNXR105195 sbo SBO:0000176	Central carbon metabolism	Central carbon metabolism	reaction name: acetyl-coa	HIERARCHICAL_REACTION_NAME
VCOAD	Acyl-CoA dehydrogenase (pentanoyl-CoA)	Internal metabolic		bigg.reaction VCOAD brenda 1.3.8.7;1.3.8.8 ec-code 1.3.8.7;1.3.8.8 metanetx.reaction MNXR105196 rhea 43456;43457;43458;43459 sbo SBO:0000176	Energy metabolism / respiration	Energy metabolism / respiration	reaction name: hydrogenase	HIERARCHICAL_REACTION_NAME
VECOAH	3-hydroxyacyl-CoA dehydratase (3-hydroxypentanoyl-CoA)	Internal metabolic		bigg.reaction VECOAH brenda 4.2.1.17 ec-code 4.2.1.17 metanetx.reaction MNXR105198 sbo SBO:0000176	Lipid metabolism	Lipid metabolism	reaction name: acyl-coa	HIERARCHICAL_REACTION_NAME
VPAMTr	Valine-pyruvate aminotransferase	Internal metabolic		bigg.reaction VPAMTr biocyc META:VALINE-PYRUVATE-AMINOTRANSFER-RXN brenda 2.6.1.66 ec-code 2.6.1.66 gpr_status PROVISIONAL kegg.reaction R01215 metanetx.reaction MNXR105217 rhea 22912;22913;22914;22915 sbo SBO:0000176 seed.reaction rxn00904;rxn29946	Central carbon metabolism	Central carbon metabolism	database annotation: pyruvate	HIERARCHICAL_DATABASE_ANNOTATION
XAND	Xanthine dehydrogenase	Internal metabolic		bigg.reaction XAND biocyc META:RXN0-901 brenda 1.17.1.4 ec-code 1.17.1.4 gpr_status PROVISIONAL kegg.reaction R02103 metanetx.reaction MNXR105225 reactome R-GGA-421158 rhea 16669;16670;16671;16672 sbo SBO:0000176 seed.reaction rxn01522	Energy metabolism / respiration	Energy metabolism / respiration	reaction name: hydrogenase	HIERARCHICAL_REACTION_NAME
XANt2pp	Xanthine transport in via proton symport (periplasm)	Transport		bigg.reaction XANt2pp biocyc META:RXN-5076;META:TRANS-RXN-206 gpr_status PROVISIONAL metanetx.reaction MNXR105227 rhea 29663;29664;29665;29666 sbo SBO:0000185 seed.reaction rxn05202;rxn09377	Nucleotide metabolism	Nucleotide metabolism	reaction name: xanthine	TRANSPORT_SUBSTRATE_REACTION_NAME
XANtex	Xanthine transport via diffusion (extracellular to periplasm)	Transport		bigg.reaction XANtex biocyc META:TRANS-RXN0-561 metanetx.reaction MNXR105226 sbo SBO:0000185 seed.reaction rxn09378;rxn09379;rxn09652	Nucleotide metabolism	Nucleotide metabolism	reaction name: xanthine	TRANSPORT_SUBSTRATE_REACTION_NAME
XPPT	Xanthine phosphoribosyltransferase	Internal metabolic		bigg.reaction XPPT biocyc META:XANPRIBOSYLTRAN-RXN brenda 2.4.2.22;2.4.2.8 ec-code 2.4.2.22;2.4.2.8 kegg.reaction R02142 metanetx.reaction MNXR105243 rhea 10800;10801;10802;10803 sbo SBO:0000176 seed.reaction rxn01544	Nucleotide metabolism	Nucleotide metabolism	reaction name: xanthine	HIERARCHICAL_REACTION_NAME
XTSNtex	Xanthosine transport via diffusion (extracellular to periplasm)	Transport		bigg.reaction XTSNtex metanetx.reaction MNXR105247 sbo SBO:0000185 seed.reaction rxn09382	Nucleotide metabolism	Nucleotide metabolism	transported substrate: xanthosine	TRANSPORT_SUBSTRATE_CURATED_RULE
XYLI1	Xylose isomerase	Internal metabolic		bigg.reaction XYLI1 biocyc META:XYLISOM-RXN ec-code 5.3.1.5 kegg.reaction R01432 metanetx.reaction MNXR105253 rhea 22816;22817;22818;22819 sbo SBO:0000176 seed.reaction rxn01044	Carbohydrate metabolism	Carbohydrate metabolism	reaction name: xylose	HIERARCHICAL_REACTION_NAME
XYLK	Xylulokinase	Internal metabolic		bigg.reaction XYLK biocyc META:XYLULOKIN-RXN brenda 2.7.1.17 ec-code 2.7.1.17 kegg.reaction R01639 metanetx.reaction MNXR105255 reactome R-ATH-5662466;R-BTA-5662466;R-CEL-5662466;R-CFA-5662466;R-DME-5662466;R-DRE-5662466;R-GGA-5662466;R-HSA-5662466;R-MMU-5662466;R-OSA-5662466;R-RNO-5662466;R-SCE-5662466;R-SPO-5662466;R-SSC-5662466;R-TGU-5662466;R-XTR-5662466 rhea 10964;10965;10966;10967 sbo SBO:0000176 seed.reaction rxn01199	Inorganic ion metabolism	Inorganic ion metabolism	metabolite context: phosphate	HIERARCHICAL_METABOLITE_CONTEXT
XYLabc	D-xylose transport via ABC system	Transport		bigg.reaction XYLabc gpr_status PROVISIONAL metanetx.reaction MNXR105268 rhea 29899;29900;29901;29902 sbo SBO:0000185 seed.reaction rxn05167;rxn09383	Carbohydrate metabolism	Carbohydrate metabolism	transported substrate: xylose	TRANSPORT_SUBSTRATE_CURATED_RULE
XYLabcpp	D-xylose transport via ABC system (periplasm)	Transport		bigg.reaction XYLabcpp gpr_status PROVISIONAL metanetx.reaction MNXR105268 rhea 29899;29900;29901;29902 sbo SBO:0000185 seed.reaction rxn05167;rxn09383	Carbohydrate metabolism	Carbohydrate metabolism	transported substrate: xylose	TRANSPORT_SUBSTRATE_CURATED_RULE
XYLe	Xylanase (endo-acting) (extracellular)	Internal metabolic		bigg.reaction XYLe brenda 3.2.1.8 ec-code 3.2.1.8 gpr_status PROVISIONAL metanetx.reaction MNXR105269 sbo SBO:0000176	Carbohydrate metabolism	Carbohydrate metabolism	reaction name: xylan	HIERARCHICAL_REACTION_NAME
XYLt2	D-xylose transport in via proton symport	Transport		bigg.reaction XYLt2 metanetx.reaction MNXR105271 rhea 28959;28960;28961;28962 sbo SBO:0000185 seed.reaction rxn05671;rxn09384	Carbohydrate metabolism	Carbohydrate metabolism	transported substrate: xylose	TRANSPORT_SUBSTRATE_CURATED_RULE
XYLtex	D-xylose transport via diffusion (extracellular to periplasm)	Transport		bigg.reaction XYLtex metanetx.reaction MNXR105270 sbo SBO:0000185 seed.reaction rxn09385;rxn09650	Carbohydrate metabolism	Carbohydrate metabolism	transported substrate: xylose	TRANSPORT_SUBSTRATE_CURATED_RULE
YUMPS	YUMP synthetase	Internal metabolic		bigg.reaction YUMPS brenda 5.4.99.12;5.4.99.25 ec-code 5.4.99.-;5.4.99.12;5.4.99.25 gpr_status PROVISIONAL metanetx.reaction MNXR103310 sbo SBO:0000176	Nucleotide metabolism	Nucleotide metabolism	reaction name: ump 	HIERARCHICAL_REACTION_NAME
ZN2abcpp	Zinc (Zn+2) ABC transporter, efflux (periplasm)	Transport		bigg.reaction ZN2abcpp biocyc META:RXN0-5205 ec-code 3.6.3.5 metanetx.reaction MNXR105277 rhea 20621;20622;20623;20624 sbo SBO:0000185 seed.reaction rxn09388;rxn13918	Inorganic ion metabolism	Inorganic ion metabolism	reaction name: zinc	TRANSPORT_SUBSTRATE_REACTION_NAME
ZN2t3pp	Zinc (Zn+2) transport out via proton antiport (periplasm)	Transport		bigg.reaction ZN2t3pp biocyc META:TRANS-RXN0-200 metanetx.reaction MNXR105278 rhea 28839;28840;28841;28842 sbo SBO:0000185 seed.reaction rxn09389;rxn13919	Inorganic ion metabolism	Inorganic ion metabolism	reaction name: zinc	TRANSPORT_SUBSTRATE_REACTION_NAME
ZN2t4	Zinc transport out via antiport	Transport		bigg.reaction ZN2t4 metanetx.reaction MNXR105279 sbo SBO:0000185 seed.reaction rxn05315	Inorganic ion metabolism	Inorganic ion metabolism	reaction name: zinc	TRANSPORT_SUBSTRATE_REACTION_NAME
ZN2t4pp	Zinc transport out via antiport (periplasm)	Transport		bigg.reaction ZN2t4pp gpr_status PROVISIONAL metanetx.reaction MNXR105279 sbo SBO:0000185 seed.reaction rxn05315	Inorganic ion metabolism	Inorganic ion metabolism	reaction name: zinc	TRANSPORT_SUBSTRATE_REACTION_NAME
ZN2t5	Zinc  Zn2  transport out via proton antiport  cytosolexternal	Transport		bigg.reaction ZN2t5 gpr_status PROVISIONAL sbo SBO:0000185	Nucleotide metabolism	Nucleotide metabolism	reaction name: rna	TRANSPORT_SUBSTRATE_REACTION_NAME
ZN2t6	Zinc  Zn2  transport out via proton antiport  periplasmexternal	Transport		bigg.reaction ZN2t6 gpr_status PROVISIONAL sbo SBO:0000185	Nucleotide metabolism	Nucleotide metabolism	reaction name: rna	TRANSPORT_SUBSTRATE_REACTION_NAME
ZN2tpp	Zinc transport in via permease (no H+)	Transport		bigg.reaction ZN2tpp biocyc META:RXN0-12 metanetx.reaction MNXR105280 reactome R-ATH-437085;R-ATH-437136;R-ATH-442393;R-ATH-442422;R-BTA-435366;R-BTA-437085;R-BTA-437139;R-BTA-442317;R-BTA-442387;R-BTA-442393;R-BTA-442422;R-CEL-435366;R-CEL-437085;R-CEL-437136;R-CEL-437139;R-CEL-442317;R-CEL-442387;R-CEL-442393;R-CEL-442422;R-CFA-435366;R-CFA-437085;R-CFA-437136;R-CFA-437139;R-CFA-442317;R-CFA-442387;R-CFA-442393;R-CFA-442422;R-DDI-435366;R-DDI-437085;R-DDI-437136;R-DDI-442422;R-DME-435366;R-DME-437136;R-DME-442317;R-DME-442393;R-DME-442422;R-DRE-435366;R-DRE-437085;R-DRE-437136;R-DRE-437139;R-DRE-442317;R-DRE-442387;R-DRE-442393;R-DRE-442422;R-GGA-435366;R-GGA-437085;R-GGA-437136;R-GGA-437139;R-GGA-442317;R-GGA-442387;R-GGA-442422;R-HSA-435366;R-HSA-435375;R-HSA-437084;R-HSA-437085;R-HSA-437129;R-HSA-437136;R-HSA-437139;R-HSA-442317;R-HSA-442345;R-HSA-442387;R-HSA-442393;R-HSA-442405;R-HSA-442422;R-MMU-435366;R-MMU-437085;R-MMU-437092;R-MMU-437136;R-MMU-437139;R-MMU-437145;R-MMU-442317;R-MMU-442319;R-MMU-442387;R-MMU-442393;R-MMU-442422;R-OSA-437085;R-OSA-437136;R-OSA-442393;R-OSA-442422;R-PFA-437136;R-RNO-435366;R-RNO-437085;R-RNO-437094;R-RNO-437136;R-RNO-437139;R-RNO-442317;R-RNO-442359;R-RNO-442387;R-RNO-442393;R-RNO-442422;R-SCE-435366;R-SCE-437085;R-SCE-437136;R-SCE-437139;R-SCE-442317;R-SCE-442387;R-SCE-442393;R-SCE-442422;R-SPO-435366;R-SPO-437085;R-SPO-442393;R-SSC-435366;R-SSC-437085;R-SSC-437136;R-SSC-437139;R-SSC-442317;R-SSC-442387;R-SSC-442393;R-SSC-442422;R-TGU-435366;R-TGU-437085;R-TGU-437136;R-TGU-437139;R-TGU-442317;R-TGU-442387;R-TGU-442422;R-XTR-435366;R-XTR-437085;R-XTR-437136;R-XTR-437139;R-XTR-442317;R-XTR-442387;R-XTR-442393;R-XTR-442422 rhea 29351;29352;29353;29354 sbo SBO:0000185 seed.reaction rxn09390;rxn09391	Inorganic ion metabolism	Inorganic ion metabolism	reaction name: zinc	TRANSPORT_SUBSTRATE_REACTION_NAME
ZNabc	Zinc transport via ABC system	Transport		bigg.reaction ZNabc biocyc META:ABC-63-RXN ec-code 3.6.3.5 gpr_status PROVISIONAL metanetx.reaction MNXR105281 rhea 29795;29796;29797;29798 sbo SBO:0000185 seed.reaction rxn05150;rxn09392	Inorganic ion metabolism	Inorganic ion metabolism	reaction name: zinc	TRANSPORT_SUBSTRATE_REACTION_NAME
ZNabcpp	Zinc (Zn+2) transport via ABC system (periplasm)	Transport		bigg.reaction ZNabcpp biocyc META:ABC-63-RXN ec-code 3.6.3.5 metanetx.reaction MNXR105281 rhea 29795;29796;29797;29798 sbo SBO:0000185 seed.reaction rxn05150;rxn09392	Inorganic ion metabolism	Inorganic ion metabolism	reaction name: zinc	TRANSPORT_SUBSTRATE_REACTION_NAME
Zn2tex	Zinc (Zn+2) transport via diffusion (extracellular to periplasm)	Transport		bigg.reaction Zn2tex biocyc META:RXN0-12 metanetx.reaction MNXR105280 reactome R-ATH-437085;R-ATH-437136;R-ATH-442393;R-ATH-442422;R-BTA-435366;R-BTA-437085;R-BTA-437139;R-BTA-442317;R-BTA-442387;R-BTA-442393;R-BTA-442422;R-CEL-435366;R-CEL-437085;R-CEL-437136;R-CEL-437139;R-CEL-442317;R-CEL-442387;R-CEL-442393;R-CEL-442422;R-CFA-435366;R-CFA-437085;R-CFA-437136;R-CFA-437139;R-CFA-442317;R-CFA-442387;R-CFA-442393;R-CFA-442422;R-DDI-435366;R-DDI-437085;R-DDI-437136;R-DDI-442422;R-DME-435366;R-DME-437136;R-DME-442317;R-DME-442393;R-DME-442422;R-DRE-435366;R-DRE-437085;R-DRE-437136;R-DRE-437139;R-DRE-442317;R-DRE-442387;R-DRE-442393;R-DRE-442422;R-GGA-435366;R-GGA-437085;R-GGA-437136;R-GGA-437139;R-GGA-442317;R-GGA-442387;R-GGA-442422;R-HSA-435366;R-HSA-435375;R-HSA-437084;R-HSA-437085;R-HSA-437129;R-HSA-437136;R-HSA-437139;R-HSA-442317;R-HSA-442345;R-HSA-442387;R-HSA-442393;R-HSA-442405;R-HSA-442422;R-MMU-435366;R-MMU-437085;R-MMU-437092;R-MMU-437136;R-MMU-437139;R-MMU-437145;R-MMU-442317;R-MMU-442319;R-MMU-442387;R-MMU-442393;R-MMU-442422;R-OSA-437085;R-OSA-437136;R-OSA-442393;R-OSA-442422;R-PFA-437136;R-RNO-435366;R-RNO-437085;R-RNO-437094;R-RNO-437136;R-RNO-437139;R-RNO-442317;R-RNO-442359;R-RNO-442387;R-RNO-442393;R-RNO-442422;R-SCE-435366;R-SCE-437085;R-SCE-437136;R-SCE-437139;R-SCE-442317;R-SCE-442387;R-SCE-442393;R-SCE-442422;R-SPO-435366;R-SPO-437085;R-SPO-442393;R-SSC-435366;R-SSC-437085;R-SSC-437136;R-SSC-437139;R-SSC-442317;R-SSC-442387;R-SSC-442393;R-SSC-442422;R-TGU-435366;R-TGU-437085;R-TGU-437136;R-TGU-437139;R-TGU-442317;R-TGU-442387;R-TGU-442422;R-XTR-435366;R-XTR-437085;R-XTR-437136;R-XTR-437139;R-XTR-442317;R-XTR-442387;R-XTR-442393;R-XTR-442422 rhea 29351;29352;29353;29354 sbo SBO:0000185 seed.reaction rxn09390;rxn09391	Inorganic ion metabolism	Inorganic ion metabolism	reaction name: zinc	TRANSPORT_SUBSTRATE_REACTION_NAME
aratyr2	Aromatic amino acid aminotransferase tyrosine	Internal metabolic		bigg.reaction aratyr2 metanetx.reaction MNXR198542 sbo SBO:0000176	Amino acid metabolism	Amino acid metabolism	reaction name: amino acid	HIERARCHICAL_REACTION_NAME
ilvg	Isoleucine biosynthesi step i	Internal metabolic		bigg.reaction ilvg metanetx.reaction MNXR105294 sbo SBO:0000176	Amino acid metabolism	Amino acid metabolism	reaction name: isoleucine	HIERARCHICAL_REACTION_NAME
r0191	UTP:D-fructose-6-phosphate 1-phosphotransferase EC:2.7.1.11	Internal metabolic		bigg.reaction r0191 brenda 2.7.1.90 ec-code 2.7.1.90 metanetx.reaction MNXR105312 sbo SBO:0000176	Inorganic ion metabolism	Inorganic ion metabolism	reaction name: phosphate	HIERARCHICAL_REACTION_NAME
r0963	Facilitated diffusion	Transport		bigg.reaction r0963 metanetx.reaction MNXR105408 reactome R-BTA-200646;R-BTA-200729;R-CEL-200646;R-CEL-200729;R-CFA-200646;R-CFA-200729;R-DME-200646;R-DME-200729;R-DRE-200646;R-DRE-200729;R-GGA-200646;R-GGA-200729;R-HSA-200646;R-HSA-200729;R-MMU-200646;R-MMU-200729;R-RNO-200646;R-RNO-200729;R-SSC-200646;R-SSC-200729;R-TGU-200646;R-TGU-200729;R-XTR-200646;R-XTR-200729 sbo SBO:0000185	Other curated	Other curated	transport chemistry present but substrate class is outside the controlled categories	TRANSPORT_OTHER_CURATED
r2136	Major Facilitator(MFS) TCDB:2.A.1.14.6	Transport		bigg.reaction r2136 gpr_status PROVISIONAL metanetx.reaction MNXR102849 reactome R-BTA-2872498;R-BTA-428609;R-CEL-2872498;R-CEL-428609;R-CFA-2872498;R-CFA-428609;R-DRE-2872498;R-DRE-428609;R-HSA-2872498;R-HSA-428609;R-MMU-2872498;R-MMU-428609;R-RNO-2872498;R-RNO-428609;R-SSC-428609 sbo SBO:0000185 seed.reaction rxn05210	Other curated	Other curated	transport chemistry present but substrate class is outside the controlled categories	TRANSPORT_OTHER_CURATED
r2465_1	Cation Diffusion Facilitator (Cdf) Tcdb:2.A.4.2.3	Transport		bigg.reaction r2465_1 sbo SBO:0000185	Other curated	Other curated	transport chemistry present but substrate class is outside the controlled categories	TRANSPORT_OTHER_CURATED
sink_2ohph_c	R_sink_2ohph_c	Sink		bigg.reaction sink_2ohph_c sbo SBO:0000632	Other curated	Other curated	named biochemical reaction without controlled-category match	NAMED_REACTION_FALLBACK
sink_hemeO_c	R_sink_hemeO_c	Sink		bigg.reaction sink_hemeO_c sbo SBO:0000632	Cofactor and vitamin metabolism	Cofactor and vitamin metabolism	database annotation: heme	HIERARCHICAL_DATABASE_ANNOTATION
sink_mobd_c	R_sink_mobd_c	Sink		bigg.reaction sink_mobd_c sbo SBO:0000632	Cofactor and vitamin metabolism	Cofactor and vitamin metabolism	metabolite context: molybd	HIERARCHICAL_METABOLITE_CONTEXT
sink_sheme_c	R_sink_sheme_c	Sink		bigg.reaction sink_sheme_c sbo SBO:0000632	Cofactor and vitamin metabolism	Cofactor and vitamin metabolism	database annotation: heme	HIERARCHICAL_DATABASE_ANNOTATION
Growth	Biomass reaction (VB LC1 V2.2 same components)	Biomass		bigg.reaction Growth sbo SBO:0000629	Biomass precursor synthesis	Biomass precursor synthesis	database annotation: growth	HIERARCHICAL_DATABASE_ANNOTATION
ATPM	R_ATPM	Internal metabolic		bigg.reaction ATPM biocyc META:ATPASE-RXN ec-code 3.6.1.15;3.6.1.3;3.6.1.5;3.6.1.8;3.6.3.1;3.6.3.10;3.6.3.11;3.6.3.12;3.6.3.14;3.6.3.15;3.6.3.16;3.6.3.17;3.6.3.18;3.6.3.19;3.6.3.2;3.6.3.20;3.6.3.21;3.6.3.22;3.6.3.23;3.6.3.24;3.6.3.25;3.6.3.26;3.6.3.27;3.6.3.28;3.6.3.29;3.6.3.3;3.6.3.30;3.6.3.31;3.6.3.32;3.6.3.33;3.6.3.34;3.6.3.35;3.6.3.36;3.6.3.37;3.6.3.38;3.6.3.39;3.6.3.4;3.6.3.40;3.6.3.41;3.6.3.42;3.6.3.43;3.6.3.44;3.6.3.46;3.6.3.47;3.6.3.48;3.6.3.49;3.6.3.5;3.6.3.50;3.6.3.51;3.6.3.52;3.6.3.53;3.6.3.54;3.6.3.6;3.6.3.7;3.6.3.8;3.6.3.9;3.6.4.1;3.6.4.10;3.6.4.11;3.6.4.12;3.6.4.13;3.6.4.2;3.6.4.3;3.6.4.4;3.6.4.5;3.6.4.6;3.6.4.7;3.6.4.8;3.6.4.9 kegg.reaction R00086 metanetx.reaction MNXR96131 rhea 13065;13066;13067;13068 sbo SBO:0000176 seed.reaction rxn00062;rxn09694;rxn11300	Inorganic ion metabolism	Inorganic ion metabolism	metabolite context: phosphate	HIERARCHICAL_METABOLITE_CONTEXT
4HBAt	MNXR68734	Transport			Other curated	Other curated	transport chemistry present but substrate class is outside the controlled categories	TRANSPORT_OTHER_CURATED
ASNS3	Asparagine synthetase	Internal metabolic			Amino acid metabolism	Amino acid metabolism	reaction name: asparagine	HIERARCHICAL_REACTION_NAME
FTHFLi	Formate-tetrahydrofolate ligase	Internal metabolic			Cofactor and vitamin metabolism	Cofactor and vitamin metabolism	reaction name: folate	HIERARCHICAL_REACTION_NAME
MECDPDH2	2C-methyl-D-erythritol 2,4 cyclodiphosphate dehydratase	Internal metabolic			Inorganic ion metabolism	Inorganic ion metabolism	reaction name: phosphate	HIERARCHICAL_REACTION_NAME
MHPGLUT2	5-methyltetrahydropteroyltriglutamate methyltransferase	Internal metabolic			Amino acid metabolism	Amino acid metabolism	reaction name: glutamate	HIERARCHICAL_REACTION_NAME
OBTFL	2-Oxobutanoate formate lyase	Internal metabolic			Cofactor and vitamin metabolism	Cofactor and vitamin metabolism	metabolite context: coenzyme	HIERARCHICAL_METABOLITE_CONTEXT
SHCHCS	SHCHCS	Internal metabolic			Central carbon metabolism	Central carbon metabolism	metabolite context: pyruvate	HIERARCHICAL_METABOLITE_CONTEXT
PHB_SYN_HB	Poly(3-hydroxybutyrate) synthase	Transport		ec-code 2.3.1.304 kegg.orthology K03821 sbo SBO:0000176	PHB / storage metabolism	PHB / storage metabolism	transported substrate: hydroxybutyrate	TRANSPORT_SUBSTRATE_CURATED_RULE
DM_phb_c	PHB intracellular accumulation demand	Demand		sbo SBO:0000628	PHB / storage metabolism	PHB / storage metabolism	reaction name: phb	HIERARCHICAL_REACTION_NAME
GALKr	Galactokinase	Transport		biocyc META:GALACTOKIN-RXN ec-code 2.7.1.6 kegg.reaction R01092 metanetx.reaction MNXR99985 rhea 13553;13554;13555;13556 seed.reaction rxn00808	Carbohydrate metabolism	Carbohydrate metabolism	transported substrate: galactose	TRANSPORT_SUBSTRATE_CURATED_RULE
UGLT	UDPglucose--hexose-1-phosphate uridylyltransferase	Transport		biocyc META:GALACTURIDYLYLTRANS-RXN ec-code 2.7.7.12 kegg.reaction R00955 metanetx.reaction MNXR143436 reactome.reaction R-ATH-70361;R-BTA-70361;R-CEL-70361;R-CFA-70361;R-DME-70361;R-DRE-70361;R-GGA-70361;R-HSA-70361;R-MMU-70361;R-OSA-70361;R-RNO-70361;R-SCE-70361;R-SPO-70361;R-SSC-70361;R-TGU-70361;R-XTR-70361 rhea 13989;13990;13991;13992 seed.reaction rxn00701	Carbohydrate metabolism	Carbohydrate metabolism	transported substrate: glucose	TRANSPORT_SUBSTRATE_CURATED_RULE
MANabcpp	Mannose transport via ABC transporter	Transport			Carbohydrate metabolism	Carbohydrate metabolism	transported substrate: mannose	TRANSPORT_SUBSTRATE_CURATED_RULE
HEX4	Hexokinase (D-mannose:ATP)	Transport		biocyc META:MANNKIN-RXN ec-code 2.7.1.1;2.7.1.7 kegg.reaction R01326 metanetx.reaction MNXR95795 rhea 11028;11029;11030;11031 seed.reaction rxn00975	Carbohydrate metabolism	Carbohydrate metabolism	transported substrate: mannose	TRANSPORT_SUBSTRATE_CURATED_RULE
