residual_growth_fraction_alpha	effective_accumulation_time_h	residual_growth_rate_h-1	PHB_mass_rate_g_gDW_h	predicted_PHB_wt_pct
0.0	0.0	0.0	0.3013150000000184	0.0
0.0	0.25	0.0	0.3013150000000184	7.005183298596291
0.0	0.5	0.0	0.3013150000000184	13.093166298399652
0.0	0.75	0.0	0.3013150000000184	18.433016683507766
0.0	1.0	0.0	0.3013150000000184	23.15465509888183
0.0	1.25	0.0	0.3013150000000184	27.359565610203557
0.0	1.5	0.0	0.3013150000000184	31.128172193345186
0.0	1.75	0.0	0.3013150000000184	34.525032307805745
0.0	2.0	0.0	0.3013150000000184	37.60256578249645
0.0	2.25	0.0	0.3013150000000184	40.40377929433751
0.0	2.5	0.0	0.3013150000000184	42.964288515148034
0.0	2.75	0.0	0.3013150000000184	45.31384045176387
0.0	3.0	0.0	0.3013150000000184	47.47747440183561
0.0	3.25	0.0	0.3013150000000184	49.47641780223833
0.0	3.5	0.0	0.3013150000000184	51.32878500829388
0.0	3.75	0.0	0.3013150000000184	53.050127791684936
0.0	4.0	0.0	0.3013150000000184	54.653873012707486
0.0	4.25	0.0	0.3013150000000184	56.15167355359595
0.0	4.5	0.0	0.3013150000000184	57.5536919268198
0.0	4.75	0.0	0.3013150000000184	58.868831160152375
0.0	5.0	0.0	0.3013150000000184	60.104924049750615
0.0	5.25	0.0	0.3013150000000184	61.2688892837325
0.0	5.5	0.0	0.3013150000000184	62.36686101047003
0.0	5.75	0.0	0.3013150000000184	63.404296975961245
0.0	6.0	0.0	0.3013150000000184	64.38606925485112
0.0	6.25	0.0	0.3013150000000184	65.31654075848527
0.0	6.5	0.0	0.3013150000000184	66.19963005495231
0.0	6.75	0.0	0.3013150000000184	67.03886653254366
0.0	7.0	0.0	0.3013150000000184	67.83743754432535
0.0	7.25	0.0	0.3013150000000184	68.59822886160468
0.0	7.5	0.0	0.3013150000000184	69.32385951861596
0.0	7.75	0.0	0.3013150000000184	70.01671193518641
0.0	8.0	0.0	0.3013150000000184	70.67895804745443
0.0	8.25	0.0	0.3013150000000184	71.31258205049899
0.0	8.5	0.0	0.3013150000000184	71.91940025455187
0.0	8.75	0.0	0.3013150000000184	72.50107847332984
0.0	9.0	0.0	0.3013150000000184	73.05914729507224
0.0	9.25	0.0	0.3013150000000184	73.59501553108299
0.0	9.5	0.0	0.3013150000000184	74.10998209058128
0.0	9.75	0.0	0.3013150000000184	74.6052464925889
0.0	10.0	0.0	0.3013150000000184	75.08191819393856
0.0	10.25	0.0	0.3013150000000184	75.5410248860911
0.0	10.5	0.0	0.3013150000000184	75.98351989135057
0.0	10.75	0.0	0.3013150000000184	76.4102887705024
0.0	11.0	0.0	0.3013150000000184	76.82215523825195
0.0	11.25	0.0	0.3013150000000184	77.21988646961027
0.0	11.5	0.0	0.3013150000000184	77.60419786915247
0.0	11.75	0.0	0.3013150000000184	77.97575736552722
0.0	12.0	0.0	0.3013150000000184	78.33518928545224
0.0	12.25	0.0	0.3013150000000184	78.68307785446346
0.0	12.5	0.0	0.3013150000000184	79.01997036570914
0.0	12.75	0.0	0.3013150000000184	79.3463800529414
0.0	13.0	0.0	0.3013150000000184	79.66278869942616
0.0	13.25	0.0	0.3013150000000184	79.96964901066437
0.0	13.5	0.0	0.3013150000000184	80.26738677549957
0.0	13.75	0.0	0.3013150000000184	80.55640283730787
0.0	14.0	0.0	0.3013150000000184	80.83707489446113
0.0	14.25	0.0	0.3013150000000184	81.10975914706877
0.0	14.5	0.0	0.3013150000000184	81.37479180509557
0.0	14.75	0.0	0.3013150000000184	81.63249047128137
0.0	15.0	0.0	0.3013150000000184	81.883155410823
0.0	15.25	0.0	0.3013150000000184	82.12707071849042
0.0	15.5	0.0	0.3013150000000184	82.36450539271469
0.0	15.75	0.0	0.3013150000000184	82.5957143251856
0.0	16.0	0.0	0.3013150000000184	82.82093921361218
0.0	16.25	0.0	0.3013150000000184	83.04040940451783
0.0	16.5	0.0	0.3013150000000184	83.25434267224773
0.0	16.75	0.0	0.3013150000000184	83.46294593975097
0.0	17.0	0.0	0.3013150000000184	83.66641594615228
0.0	17.25	0.0	0.3013150000000184	83.86493986564015
0.0	17.5	0.0	0.3013150000000184	84.05869588176417
0.0	17.75	0.0	0.3013150000000184	84.24785372084482
0.0	18.0	0.0	0.3013150000000184	84.43257514785242
0.0	18.25	0.0	0.3013150000000184	84.61301442780015
0.0	18.5	0.0	0.3013150000000184	84.78931875541723
0.0	18.75	0.0	0.3013150000000184	84.96162865561737
0.0	19.0	0.0	0.3013150000000184	85.13007835705287
0.0	19.25	0.0	0.3013150000000184	85.29479614084059
0.0	19.5	0.0	0.3013150000000184	85.45590466636466
0.0	19.75	0.0	0.3013150000000184	85.61352127589439
0.0	20.0	0.0	0.3013150000000184	85.76775827960736
0.0	20.25	0.0	0.3013150000000184	85.91872322247276
0.0	20.5	0.0	0.3013150000000184	86.0665191343275
0.0	20.75	0.0	0.3013150000000184	86.21124476436728
0.0	21.0	0.0	0.3013150000000184	86.35299480117409
0.0	21.25	0.0	0.3013150000000184	86.49186007931038
0.0	21.5	0.0	0.3013150000000184	86.62792777342699
0.0	21.75	0.0	0.3013150000000184	86.76128158075663
0.0	22.0	0.0	0.3013150000000184	86.89200189279563
0.0	22.25	0.0	0.3013150000000184	87.0201659569138
0.0	22.5	0.0	0.3013150000000184	87.14584802857547
0.0	22.75	0.0	0.3013150000000184	87.26911951480136
0.0	23.0	0.0	0.3013150000000184	87.39004910945441
0.0	23.25	0.0	0.3013150000000184	87.50870292088752
0.0	23.5	0.0	0.3013150000000184	87.6251445924518
0.0	23.75	0.0	0.3013150000000184	87.73943541632728
0.0	24.0	0.0	0.3013150000000184	87.85163444110295
0.01	0.0	0.0014366602097268574	0.2999227444551854	0.0
0.01	0.25	0.0014366602097268574	0.2999227444551854	6.9739077560004095
0.01	0.5	0.0014366602097268574	0.2999227444551854	13.036485202336033
0.01	0.75	0.0014366602097268574	0.2999227444551854	18.35541115747892
0.01	1.0	0.0014366602097268574	0.2999227444551854	23.059605809715077
0.01	1.25	0.0014366602097268574	0.2999227444551854	27.24981765633032
0.01	1.5	0.0014366602097268574	0.2999227444551854	31.00592000637197
0.01	1.75	0.0014366602097268574	0.2999227444551854	34.39205140496399
0.01	2.0	0.0014366602097268574	0.2999227444551854	37.46030838562827
0.01	2.25	0.0014366602097268574	0.2999227444551854	40.253444876457166
0.01	2.5	0.0014366602097268574	0.2999227444551854	42.80687662718663
0.01	2.75	0.0014366602097268574	0.2999227444551854	45.15019081634487
0.01	3.0	0.0014366602097268574	0.2999227444551854	47.30829771850398
0.01	3.25	0.0014366602097268574	0.2999227444551854	49.30231968297465
0.01	3.5	0.0014366602097268574	0.2999227444551854	51.15028476782167
0.01	3.75	0.0014366602097268574	0.2999227444551854	52.86767333926182
0.01	4.0	0.0014366602097268574	0.2999227444551854	54.46785275826833
0.01	4.25	0.0014366602097268574	0.2999227444551854	55.96242600461293
0.01	4.5	0.0014366602097268574	0.2999227444551854	57.36151348253302
0.01	4.75	0.0014366602097268574	0.2999227444551854	58.673982486592
0.01	5.0	0.0014366602097268574	0.2999227444551854	59.9076353284409
0.01	5.25	0.0014366602097268574	0.2999227444551854	61.069364559847706
0.01	5.5	0.0014366602097268574	0.2999227444551854	62.16528181588505
0.01	5.75	0.0014366602097268574	0.2999227444551854	63.20082536461623
0.01	6.0	0.0014366602097268574	0.2999227444551854	64.18085035884498
0.01	6.25	0.0014366602097268574	0.2999227444551854	65.10970495103447
0.01	6.5	0.0014366602097268574	0.2999227444551854	65.99129478907687
0.01	6.75	0.0014366602097268574	0.2999227444551854	66.8291379108981
0.01	7.0	0.0014366602097268574	0.2999227444551854	67.62641166500246
0.01	7.25	0.0014366602097268574	0.2999227444551854	68.38599297640155
0.01	7.5	0.0014366602097268574	0.2999227444551854	69.1104930336003
0.01	7.75	0.0014366602097268574	0.2999227444551854	69.80228727809718
0.01	8.0	0.0014366602097268574	0.2999227444551854	70.46354142219279
0.01	8.25	0.0014366602097268574	0.2999227444551854	71.09623409552201
0.01	8.5	0.0014366602097268574	0.2999227444551854	71.70217661917604
0.01	8.75	0.0014366602097268574	0.2999227444551854	72.28303032365885
0.01	9.0	0.0014366602097268574	0.2999227444551854	72.84032175939446
0.01	9.25	0.0014366602097268574	0.2999227444551854	73.37545609303767
0.01	9.5	0.0014366602097268574	0.2999227444551854	73.88972893711447
0.01	9.75	0.0014366602097268574	0.2999227444551854	74.38433682266066
0.01	10.0	0.0014366602097268574	0.2999227444551854	74.86038649306207
0.01	10.25	0.0014366602097268574	0.2999227444551854	75.31890317104457
0.01	10.5	0.0014366602097268574	0.2999227444551854	75.76083792878062
0.01	10.75	0.0014366602097268574	0.2999227444551854	76.18707427262189
0.01	11.0	0.0014366602097268574	0.2999227444551854	76.59843403838613
0.01	11.25	0.0014366602097268574	0.2999227444551854	76.99568267997944
0.01	11.5	0.0014366602097268574	0.2999227444551854	77.37953402295615
0.01	11.75	0.0014366602097268574	0.2999227444551854	77.75065454512796
0.01	12.0	0.0014366602097268574	0.2999227444551854	78.10966723822155
0.01	12.25	0.0014366602097268574	0.2999227444551854	78.45715509765795
0.01	12.5	0.0014366602097268574	0.2999227444551854	78.79366428157297
0.01	12.75	0.0014366602097268574	0.2999227444551854	79.11970697508255
0.01	13.0	0.0014366602097268574	0.2999227444551854	79.43576399139062
0.01	13.25	0.0014366602097268574	0.2999227444551854	79.7422871375182
0.01	13.5	0.0014366602097268574	0.2999227444551854	80.03970136913759
0.01	13.75	0.0014366602097268574	0.2999227444551854	80.32840675612215
0.01	14.0	0.0014366602097268574	0.2999227444551854	80.60878027793075
0.01	14.25	0.0014366602097268574	0.2999227444551854	80.88117746576978
0.01	14.5	0.0014366602097268574	0.2999227444551854	81.14593390657394
0.01	14.75	0.0014366602097268574	0.2999227444551854	81.40336662218462
0.01	15.0	0.0014366602097268574	0.2999227444551854	81.65377533564173
0.01	15.25	0.0014366602097268574	0.2999227444551854	81.89744363522564
0.01	15.5	0.0014366602097268574	0.2999227444551854	82.1346400457516
0.01	15.75	0.0014366602097268574	0.2999227444551854	82.36561901562736
0.01	16.0	0.0014366602097268574	0.2999227444551854	82.59062182729994
0.01	16.25	0.0014366602097268574	0.2999227444551854	82.80987743794124
0.01	16.5	0.0014366602097268574	0.2999227444551854	83.02360325652873
0.01	16.75	0.0014366602097268574	0.2999227444551854	83.23200586286774
0.01	17.0	0.0014366602097268574	0.2999227444551854	83.43528167355144
0.01	17.25	0.0014366602097268574	0.2999227444551854	83.63361755937288
0.01	17.5	0.0014366602097268574	0.2999227444551854	83.82719141826857
0.01	17.75	0.0014366602097268574	0.2999227444551854	84.01617270748514
0.01	18.0	0.0014366602097268574	0.2999227444551854	84.20072293831554
0.01	18.25	0.0014366602097268574	0.2999227444551854	84.38099613644123
0.01	18.5	0.0014366602097268574	0.2999227444551854	84.55713927063691
0.01	18.75	0.0014366602097268574	0.2999227444551854	84.72929265234664
0.01	19.0	0.0014366602097268574	0.2999227444551854	84.89759030841428
0.01	19.25	0.0014366602097268574	0.2999227444551854	85.06216032904847
0.01	19.5	0.0014366602097268574	0.2999227444551854	85.22312519292294
0.01	19.75	0.0014366602097268574	0.2999227444551854	85.38060207114286
0.01	20.0	0.0014366602097268574	0.2999227444551854	85.53470311166606
0.01	20.25	0.0014366602097268574	0.2999227444551854	85.6855357056274
0.01	20.5	0.0014366602097268574	0.2999227444551854	85.83320273689688
0.01	20.75	0.0014366602097268574	0.2999227444551854	85.97780281609013
0.01	21.0	0.0014366602097268574	0.2999227444551854	86.11943050014855
0.01	21.25	0.0014366602097268574	0.2999227444551854	86.25817649851798
0.01	21.5	0.0014366602097268574	0.2999227444551854	86.39412786687008
0.01	21.75	0.0014366602097268574	0.2999227444551854	86.52736818923567
0.01	22.0	0.0014366602097268574	0.2999227444551854	86.6579777493508
0.01	22.25	0.0014366602097268574	0.2999227444551854	86.7860336919537
0.01	22.5	0.0014366602097268574	0.2999227444551854	86.91161017471343
0.01	22.75	0.0014366602097268574	0.2999227444551854	87.03477851141933
0.01	23.0	0.0014366602097268574	0.2999227444551854	87.15560730701166
0.01	23.25	0.0014366602097268574	0.2999227444551854	87.27416258499095
0.01	23.5	0.0014366602097268574	0.2999227444551854	87.3905079077033
0.01	23.75	0.0014366602097268574	0.2999227444551854	87.50470448996175
0.01	24.0	0.0014366602097268574	0.2999227444551854	87.61681130643109
0.02	0.0	0.0028733204194537148	0.2985304889103525	0.0
0.02	0.25	0.0028733204194537148	0.2985304889103525	6.9426222716658215
0.02	0.5	0.0028733204194537148	0.2985304889103525	12.979769922987714
0.02	0.75	0.0028733204194537148	0.2985304889103525	18.277738714013662
0.02	1.0	0.0028733204194537148	0.2985304889103525	22.964451918464086
0.02	1.25	0.0028733204194537148	0.2985304889103525	27.139924655631443
0.02	1.5	0.0028733204194537148	0.2985304889103525	30.883480933377175
0.02	1.75	0.0028733204194537148	0.2985304889103525	34.25884123548376
0.02	2.0	0.0028733204194537148	0.2985304889103525	37.31777932983964
0.02	2.25	0.0028733204194537148	0.2985304889103525	40.10279671925223
0.02	2.5	0.0028733204194537148	0.2985304889103525	42.64910942238134
0.02	2.75	0.0028733204194537148	0.2985304889103525	44.98614489492774
0.02	3.0	0.0028733204194537148	0.2985304889103525	47.13868443872175
0.02	3.25	0.0028733204194537148	0.2985304889103525	49.12774533050583
0.02	3.5	0.0028733204194537148	0.2985304889103525	50.97126932375936
0.02	3.75	0.0028733204194537148	0.2985304889103525	52.68466535817697
0.02	4.0	0.0028733204194537148	0.2985304889103525	54.28124126630115
0.02	4.25	0.0028733204194537148	0.2985304889103525	55.77255009202698
0.02	4.5	0.0028733204194537148	0.2985304889103525	57.168670096111704
0.02	4.75	0.0028733204194537148	0.2985304889103525	58.478432804401145
0.02	5.0	0.0028733204194537148	0.2985304889103525	59.70961000930502
0.02	5.25	0.0028733204194537148	0.2985304889103525	60.86906809288595
0.02	5.5	0.0028733204194537148	0.2985304889103525	61.96289614530218
0.02	5.75	0.0028733204194537148	0.2985304889103525	62.996512926982625
0.02	6.0	0.0028733204194537148	0.2985304889103525	63.97475664117543
0.02	6.25	0.0028733204194537148	0.2985304889103525	64.9019606557104
0.02	6.5	0.0028733204194537148	0.2985304889103525	65.78201767444507
0.02	6.75	0.0028733204194537148	0.2985304889103525	66.61843436291392
0.02	7.0	0.0028733204194537148	0.2985304889103525	67.41437804474754
0.02	7.25	0.0028733204194537148	0.2985304889103525	68.17271677994667
0.02	7.5	0.0028733204194537148	0.2985304889103525	68.89605389405523
0.02	7.75	0.0028733204194537148	0.2985304889103525	69.58675783437916
0.02	8.0	0.0028733204194537148	0.2985304889103525	70.24698807478066
0.02	8.25	0.0028733204194537148	0.2985304889103525	70.87871766600966
0.02	8.5	0.0028733204194537148	0.2985304889103525	71.48375292763572
0.02	8.75	0.0028733204194537148	0.2985304889103525	72.06375069554417
0.02	9.0	0.0028733204194537148	0.2985304889103525	72.62023347182951
0.02	9.25	0.0028733204194537148	0.2985304889103525	73.15460276879732
0.02	9.5	0.0028733204194537148	0.2985304889103525	73.66815089332604
0.02	9.75	0.0028733204194537148	0.2985304889103525	74.16207138019428
0.02	10.0	0.0028733204194537148	0.2985304889103525	74.63746825169474
0.02	10.25	0.0028733204194537148	0.2985304889103525	75.09536425474201
0.02	10.5	0.0028733204194537148	0.2985304889103525	75.53670820482637
0.02	10.75	0.0028733204194537148	0.2985304889103525	75.96238154779226
0.02	11.0	0.0028733204194537148	0.2985304889103525	76.3732042349383
0.02	11.25	0.0028733204194537148	0.2985304889103525	76.7699399938371
0.02	11.5	0.0028733204194537148	0.2985304889103525	77.1533010661648
0.02	11.75	0.0028733204194537148	0.2985304889103525	77.52395247437784
0.02	12.0	0.0028733204194537148	0.2985304889103525	77.88251587100741
0.02	12.25	0.0028733204194537148	0.2985304889103525	78.22957301744411
0.02	12.5	0.0028733204194537148	0.2985304889103525	78.56566893316
0.02	12.75	0.0028733204194537148	0.2985304889103525	78.89131475122898
0.02	13.0	0.0028733204194537148	0.2985304889103525	79.20699031161195
0.02	13.25	0.0028733204194537148	0.2985304889103525	79.51314651987838
0.02	13.5	0.0028733204194537148	0.2985304889103525	79.81020749574961
0.02	13.75	0.0028733204194537148	0.2985304889103525	80.09857253299465
0.02	14.0	0.0028733204194537148	0.2985304889103525	80.37861788972276
0.02	14.25	0.0028733204194537148	0.2985304889103525	80.65069842595291
0.02	14.5	0.0028733204194537148	0.2985304889103525	80.91514910344776
0.02	14.75	0.0028733204194537148	0.2985304889103525	81.17228636113859
0.02	15.0	0.0028733204194537148	0.2985304889103525	81.42240937801947
0.02	15.25	0.0028733204194537148	0.2985304889103525	81.66580123410488
0.02	15.5	0.0028733204194537148	0.2985304889103525	81.90272997892376
0.02	15.75	0.0028733204194537148	0.2985304889103525	82.13344961602915
0.02	16.0	0.0028733204194537148	0.2985304889103525	82.35820101112503
0.02	16.25	0.0028733204194537148	0.2985304889103525	82.57721273063532
0.02	16.5	0.0028733204194537148	0.2985304889103525	82.79070181685341
0.02	16.75	0.0028733204194537148	0.2985304889103525	82.99887450519807
0.02	17.0	0.0028733204194537148	0.2985304889103525	83.20192688855737
0.02	17.25	0.0028733204194537148	0.2985304889103525	83.4000455332203
0.02	17.5	0.0028733204194537148	0.2985304889103525	83.59340805046205
0.02	17.75	0.0028733204194537148	0.2985304889103525	83.7821836274637
0.02	18.0	0.0028733204194537148	0.2985304889103525	83.96653352090254
0.02	18.25	0.0028733204194537148	0.2985304889103525	84.14661151623946
0.02	18.5	0.0028733204194537148	0.2985304889103525	84.32256435545249
0.02	18.75	0.0028733204194537148	0.2985304889103525	84.4945321357175
0.02	19.0	0.0028733204194537148	0.2985304889103525	84.66264868131239
0.02	19.25	0.0028733204194537148	0.2985304889103525	84.82704189081933
0.02	19.5	0.0028733204194537148	0.2985304889103525	84.98783406151874
0.02	19.75	0.0028733204194537148	0.2985304889103525	85.14514219270359
0.02	20.0	0.0028733204194537148	0.2985304889103525	85.29907826949551
0.02	20.25	0.0028733204194537148	0.2985304889103525	85.44974952860917
0.02	20.5	0.0028733204194537148	0.2985304889103525	85.5972587073906
0.02	20.75	0.0028733204194537148	0.2985304889103525	85.74170427734437
0.02	21.0	0.0028733204194537148	0.2985304889103525	85.8831806632661
0.02	21.25	0.0028733204194537148	0.2985304889103525	86.02177844900393
0.02	21.5	0.0028733204194537148	0.2985304889103525	86.15758457079171
0.02	21.75	0.0028733204194537148	0.2985304889103525	86.29068249902095
0.02	22.0	0.0028733204194537148	0.2985304889103525	86.42115240925028
0.02	22.25	0.0028733204194537148	0.2985304889103525	86.54907134318813
0.02	22.5	0.0028733204194537148	0.2985304889103525	86.67451336032858
0.02	22.75	0.0028733204194537148	0.2985304889103525	86.79754968086658
0.02	23.0	0.0028733204194537148	0.2985304889103525	86.91824882047302
0.02	23.25	0.0028733204194537148	0.2985304889103525	87.03667671746473
0.02	23.5	0.0028733204194537148	0.2985304889103525	87.15289685286574
0.02	23.75	0.0028733204194537148	0.2985304889103525	87.2669703638195
0.02	24.0	0.0028733204194537148	0.2985304889103525	87.3789561507765
0.03	0.0	0.004309980629180572	0.297138233365842	0.0
0.03	0.25	0.004309980629180572	0.297138233365842	6.911326842805136
0.03	0.5	0.004309980629180572	0.297138233365842	12.923020443055972
0.03	0.75	0.004309980629180572	0.297138233365842	18.1999993071372
0.03	1.0	0.004309980629180572	0.297138233365842	22.869193338084894
0.03	1.25	0.004309980629180572	0.297138233365842	27.02988647058677
0.03	1.5	0.004309980629180572	0.297138233365842	30.760854779911508
0.03	1.75	0.004309980629180572	0.297138233365842	34.12540154409776
0.03	2.0	0.004309980629180572	0.297138233365842	37.17497829718696
0.03	2.25	0.004309980629180572	0.297138233365842	39.951834441812544
0.03	2.5	0.004309980629180572	0.297138233365842	42.490986457715614
0.03	2.75	0.004309980629180572	0.297138233365842	44.821702184086256
0.03	3.0	0.004309980629180572	0.297138233365842	46.96863400092074
0.03	3.25	0.004309980629180572	0.297138233365842	48.95269412777297
0.03	3.5	0.004309980629180572	0.297138233365842	50.79173800645186
0.03	3.75	0.004309980629180572	0.297138233365842	52.501103129204466
0.03	4.0	0.004309980629180572	0.297138233365842	54.094037771082846
0.03	4.25	0.004309980629180572	0.297138233365842	55.582045006693704
0.03	4.5	0.004309980629180572	0.297138233365842	56.97516091801179
0.03	4.75	0.004309980629180572	0.297138233365842	58.282181226595036
0.03	5.0	0.004309980629180572	0.297138233365842	59.51084717078125
0.03	5.25	0.004309980629180572	0.297138233365842	60.66799892947152
0.03	5.5	0.004309980629180572	0.297138233365842	61.759703016183465
0.03	5.75	0.004309980629180572	0.297138233365842	62.79135865390448
0.03	6.0	0.004309980629180572	0.297138233365842	63.76778706849802
0.03	6.25	0.004309980629180572	0.297138233365842	64.69330681730396
0.03	6.5	0.004309980629180572	0.297138233365842	65.57179763619652
0.03	6.75	0.004309980629180572	0.297138233365842	66.40675479619343
0.03	7.0	0.004309980629180572	0.297138233365842	67.20133557564066
0.03	7.25	0.004309980629180572	0.297138233365842	67.95839915072025
0.03	7.5	0.004309980629180572	0.297138233365842	68.6805409666958
0.03	7.75	0.004309980629180572	0.297138233365842	69.37012246073603
0.03	8.0	0.004309980629180572	0.297138233365842	70.02929685358633
0.03	8.25	0.004309980629180572	0.297138233365842	70.66003160359632
0.03	8.5	0.004309980629180572	0.297138233365842	71.26412801636734
0.03	8.75	0.004309980629180572	0.297138233365842	71.84323842169665
0.03	9.0	0.004309980629180572	0.297138233365842	72.39888126277452
0.03	9.25	0.004309980629180572	0.297138233365842	72.93245438780343
0.03	9.5	0.004309980629180572	0.297138233365842	73.44524678900918
0.03	9.75	0.004309980629180572	0.297138233365842	73.93844899659476
0.03	10.0	0.004309980629180572	0.297138233365842	74.4131623040678
0.03	10.25	0.004309980629180572	0.297138233365842	74.8704069754163
0.03	10.5	0.004309980629180572	0.297138233365842	75.31112956285784
0.03	10.75	0.004309980629180572	0.297138233365842	75.73620944562344
0.03	11.0	0.004309980629180572	0.297138233365842	76.14646468482758
0.03	11.25	0.004309980629180572	0.297138233365842	76.5426572764506
0.03	11.5	0.004309980629180572	0.297138233365842	76.92549787340431
0.03	11.75	0.004309980629180572	0.297138233365842	77.29565003824717
0.03	12.0	0.004309980629180572	0.297138233365842	77.65373408008708
0.03	12.25	0.004309980629180572	0.297138233365842	78.00033052234531
0.03	12.5	0.004309980629180572	0.297138233365842	78.33598324215953
0.03	12.75	0.004309980629180572	0.297138233365842	78.66120231713677
0.03	13.0	0.004309980629180572	0.297138233365842	78.9764666107975
0.03	13.25	0.004309980629180572	0.297138233365842	79.28222612427133
0.03	13.5	0.004309980629180572	0.297138233365842	79.57890413853508
0.03	13.75	0.004309980629180572	0.297138233365842	79.8668991686386
0.03	14.0	0.004309980629180572	0.297138233365842	80.14658674889259
0.03	14.25	0.004309980629180572	0.297138233365842	80.41832106583394
0.03	14.5	0.004309980629180572	0.297138233365842	80.68243645390015
0.03	14.75	0.004309980629180572	0.297138233365842	80.93924876709266
0.03	15.0	0.004309980629180572	0.297138233365842	81.18905663846188
0.03	15.25	0.004309980629180572	0.297138233365842	81.43214263797306
0.03	15.5	0.004309980629180572	0.297138233365842	81.66877433819167
0.03	15.75	0.004309980629180572	0.297138233365842	81.89920529623758
0.03	16.0	0.004309980629180572	0.297138233365842	82.12367595958494
0.03	16.25	0.004309980629180572	0.297138233365842	82.34241450250913
0.03	16.5	0.004309980629180572	0.297138233365842	82.55563759929866
0.03	16.75	0.004309980629180572	0.297138233365842	82.76355113973955
0.03	17.0	0.004309980629180572	0.297138233365842	82.96635089183846
0.03	17.25	0.004309980629180572	0.297138233365842	83.16422311626914
0.03	17.5	0.004309980629180572	0.297138233365842	83.35734513659509
0.03	17.75	0.004309980629180572	0.297138233365842	83.54588586893895
0.03	18.0	0.004309980629180572	0.297138233365842	83.73000631442247
0.03	18.25	0.004309980629180572	0.297138233365842	83.90986001739633
0.03	18.5	0.004309980629180572	0.297138233365842	84.08559349219928
0.03	18.75	0.004309980629180572	0.297138233365842	84.2573466209406
0.03	19.0	0.004309980629180572	0.297138233365842	84.42525302457516
0.03	19.25	0.004309980629180572	0.297138233365842	84.58944040934026
0.03	19.5	0.004309980629180572	0.297138233365842	84.75003089044148
0.03	19.75	0.004309980629180572	0.297138233365842	84.90714129471229
0.03	20.0	0.004309980629180572	0.297138233365842	85.06088344382343
0.03	20.25	0.004309980629180572	0.297138233365842	85.21136441948492
0.03	20.5	0.004309980629180572	0.297138233365842	85.358686811963
0.03	20.75	0.004309980629180572	0.297138233365842	85.50294895312298
0.03	21.0	0.004309980629180572	0.297138233365842	85.6442451351117
0.03	21.25	0.004309980629180572	0.297138233365842	85.78266581570065
0.03	21.5	0.004309980629180572	0.297138233365842	85.91829781122976
0.03	21.75	0.004309980629180572	0.297138233365842	86.0512244780168
0.03	22.0	0.004309980629180572	0.297138233365842	86.18152588302875
0.03	22.25	0.004309980629180572	0.297138233365842	86.30927896454949
0.03	22.5	0.004309980629180572	0.297138233365842	86.43455768352112
0.03	22.75	0.004309980629180572	0.297138233365842	86.5574331661848
0.03	23.0	0.004309980629180572	0.297138233365842	86.67797383859883
0.03	23.25	0.004309980629180572	0.297138233365842	86.79624555356868
0.03	23.5	0.004309980629180572	0.297138233365842	86.9123117104835
0.03	23.75	0.004309980629180572	0.297138233365842	87.0262333685176
0.03	24.0	0.004309980629180572	0.297138233365842	87.13806935362145
0.04	0.0	0.0057466408389074295	0.29574597782133144	0.0
0.04	0.25	0.0057466408389074295	0.29574597782133144	6.880021466612983
0.04	0.5	0.0057466408389074295	0.29574597782133144	12.866236745202427
0.04	0.75	0.0057466408389074295	0.29574597782133144	18.122192890823584
0.04	1.0	0.0057466408389074295	0.29574597782133144	22.773829981486685
0.04	1.25	0.0057466408389074295	0.29574597782133144	26.919702963643516
0.04	1.5	0.0057466408389074295	0.29574597782133144	30.638041351555675
0.04	1.75	0.0057466408389074295	0.29574597782133144	33.991732075680986
0.04	2.0	0.0057466408389074295	0.29574597782133144	37.03190497006398
0.04	2.25	0.0057466408389074295	0.29574597782133144	39.80055766384425
0.04	2.5	0.0057466408389074295	0.29574597782133144	42.33250729117699
0.04	2.75	0.0057466408389074295	0.29574597782133144	44.65686218189179
0.04	3.0	0.0057466408389074295	0.29574597782133144	46.79814584565005
0.04	3.25	0.0057466408389074295	0.29574597782133144	48.77716546058981
0.04	3.5	0.0057466408389074295	0.29574597782133144	50.611690150008464
0.04	3.75	0.0057466408389074295	0.29574597782133144	52.31698593791474
0.04	4.0	0.0057466408389074295	0.29574597782133144	53.90624151287485
0.04	4.25	0.0057466408389074295	0.29574597782133144	55.39090994679029
0.04	4.5	0.0057466408389074295	0.29574597782133144	56.780985107516045
0.04	4.75	0.0057466408389074295	0.29574597782133144	58.08522687667976
0.04	5.0	0.0057466408389074295	0.29574597782133144	59.31134590363233
0.04	5.25	0.0057466408389074295	0.29574597782133144	60.4661561305574
0.04	5.5	0.0057466408389074295	0.29574597782133144	61.55570146250325
0.04	5.75	0.0057466408389074295	0.29574597782133144	62.58536155509887
0.04	6.0	0.0057466408389074295	0.29574597782133144	63.55994062888685
0.04	6.25	0.0057466408389074295	0.29574597782133144	64.48374240475418
0.04	6.5	0.0057466408389074295	0.29574597782133144	65.36063362654072
0.04	6.75	0.0057466408389074295	0.29574597782133144	66.19409814852291
0.04	7.0	0.0057466408389074295	0.29574597782133144	66.9872831832579
0.04	7.25	0.0057466408389074295	0.29574597782133144	67.74303900421233
0.04	7.5	0.0057466408389074295	0.29574597782133144	68.46395315896491
0.04	7.75	0.0057466408389074295	0.29574597782133144	69.15238005852424
0.04	8.0	0.0057466408389074295	0.29574597782133144	69.81046665576642
0.04	8.25	0.0057466408389074295	0.29574597782133144	70.44017480305713
0.04	8.5	0.0057466408389074295	0.29574597782133144	71.04330077951832
0.04	8.75	0.0057466408389074295	0.29574597782133144	71.62149239732996
0.04	9.0	0.0057466408389074295	0.29574597782133144	72.17626403014947
0.04	9.25	0.0057466408389074295	0.29574597782133144	72.7090098522699
0.04	9.5	0.0057466408389074295	0.29574597782133144	73.22101553221286
0.04	9.75	0.0057466408389074295	0.29574597782133144	73.71346858724253
0.04	10.0	0.0057466408389074295	0.29574597782133144	74.18746757435107
0.04	10.25	0.0057466408389074295	0.29574597782133144	74.64403026744627
0.04	10.5	0.0057466408389074295	0.29574597782133144	75.08410094884961
0.04	10.75	0.0057466408389074295	0.29574597782133144	75.50855692504021
0.04	11.0	0.0057466408389074295	0.29574597782133144	75.91821436125517
0.04	11.25	0.0057466408389074295	0.29574597782133144	76.31383351659788
0.04	11.5	0.0057466408389074295	0.29574597782133144	76.69612345030646
0.04	11.75	0.0057466408389074295	0.29574597782133144	77.06574626047615
0.04	12.0	0.0057466408389074295	0.29574597782133144	77.42332090854383
0.04	12.25	0.0057466408389074295	0.29574597782133144	77.76942667600557
0.04	12.5	0.0057466408389074295	0.29574597782133144	78.10460629397747
0.04	12.75	0.0057466408389074295	0.29574597782133144	78.42936878116038
0.04	13.0	0.0057466408389074295	0.29574597782133144	78.74419202142374
0.04	13.25	0.0057466408389074295	0.29574597782133144	79.04952510845808
0.04	13.5	0.0057466408389074295	0.29574597782133144	79.34579048169105
0.04	13.75	0.0057466408389074295	0.29574597782133144	79.63338587482981
0.04	14.0	0.0057466408389074295	0.29574597782133144	79.91268609592974
0.04	14.25	0.0057466408389074295	0.29574597782133144	80.18404465574386
0.04	14.5	0.0057466408389074295	0.29574597782133144	80.44779525922623
0.04	14.75	0.0057466408389074295	0.29574597782133144	80.70425317342306
0.04	15.0	0.0057466408389074295	0.29574597782133144	80.95371648353958
0.04	15.25	0.0057466408389074295	0.29574597782133144	81.19646724770544
0.04	15.5	0.0057466408389074295	0.29574597782133144	81.43277255984269
0.04	15.75	0.0057466408389074295	0.29574597782133144	81.66288552905797
0.04	16.0	0.0057466408389074295	0.29574597782133144	81.88704618310804
0.04	16.25	0.0057466408389074295	0.29574597782133144	82.1054823027186
0.04	16.5	0.0057466408389074295	0.29574597782133144	82.31841019285258
0.04	16.75	0.0057466408389074295	0.29574597782133144	82.526035396418
0.04	17.0	0.0057466408389074295	0.29574597782133144	82.72855335536498
0.04	17.25	0.0057466408389074295	0.29574597782133144	82.92615002364249
0.04	17.5	0.0057466408389074295	0.29574597782133144	83.11900243605463
0.04	17.75	0.0057466408389074295	0.29574597782133144	83.30727923667472
0.04	18.0	0.0057466408389074295	0.29574597782133144	83.49114117013261
0.04	18.25	0.0057466408389074295	0.29574597782133144	83.67074153878261
0.04	18.5	0.0057466408389074295	0.29574597782133144	83.84622662848543
0.04	18.75	0.0057466408389074295	0.29574597782133144	84.01773610548923
0.04	19.0	0.0057466408389074295	0.29574597782133144	84.1854033866735
0.04	19.25	0.0057466408389074295	0.29574597782133144	84.34935598521702
0.04	19.5	0.0057466408389074295	0.29574597782133144	84.50971583357416
0.04	19.75	0.0057466408389074295	0.29574597782133144	84.66659958547697
0.04	20.0	0.0057466408389074295	0.29574597782133144	84.820118898536
0.04	20.25	0.0057466408389074295	0.29574597782133144	84.97038069887824
0.04	20.5	0.0057466408389074295	0.29574597782133144	85.11748742914052
0.04	20.75	0.0057466408389074295	0.29574597782133144	85.26153728102672
0.04	21.0	0.0057466408389074295	0.29574597782133144	85.40262441353845
0.04	21.25	0.0057466408389074295	0.29574597782133144	85.54083915789835
0.04	21.5	0.0057466408389074295	0.29574597782133144	85.67626821010337
0.04	21.75	0.0057466408389074295	0.29574597782133144	85.80899481197005
0.04	22.0	0.0057466408389074295	0.29574597782133144	85.9390989214668
0.04	22.25	0.0057466408389074295	0.29574597782133144	86.06665737306521
0.04	22.5	0.0057466408389074295	0.29574597782133144	86.19174402878642
0.04	22.75	0.0057466408389074295	0.29574597782133144	86.31442992056586
0.04	23.0	0.0057466408389074295	0.29574597782133144	86.434783384514
0.04	23.25	0.0057466408389074295	0.29574597782133144	86.55287018760511
0.04	23.5	0.0057466408389074295	0.29574597782133144	86.6687536472883
0.04	23.75	0.0057466408389074295	0.29574597782133144	86.78249474447809
0.04	24.0	0.0057466408389074295	0.29574597782133144	86.89415223034719
0.05	0.0	0.007183301048634287	0.2943537222766887	0.0
0.05	0.25	0.007183301048634287	0.2943537222766887	6.848706140290692
0.05	0.5	0.007183301048634287	0.2943537222766887	12.809418812094622
0.05	0.75	0.007183301048634287	0.2943537222766887	18.044319419046158
0.05	1.0	0.007183301048634287	0.2943537222766887	22.678361761578984
0.05	1.25	0.007183301048634287	0.2943537222766887	26.80937399727261
0.05	1.5	0.007183301048634287	0.2943537222766887	30.515040453975942
0.05	1.75	0.007183301048634287	0.2943537222766887	33.85783257531754
0.05	2.0	0.007183301048634287	0.2943537222766887	36.888559031267114
0.05	2.25	0.007183301048634287	0.2943537222766887	39.64896600574485
0.05	2.5	0.007183301048634287	0.2943537222766887	42.173671481828386
0.05	2.75	0.007183301048634287	0.2943537222766887	44.49162438799504
0.05	3.0	0.007183301048634287	0.2943537222766887	46.62721941566431
0.05	3.25	0.007183301048634287	0.2943537222766887	48.6011587177315
0.05	3.5	0.007183301048634287	0.2943537222766887	50.43112509239375
0.05	3.75	0.007183301048634287	0.2943537222766887	52.13231307477796
0.05	4.0	0.007183301048634287	0.2943537222766887	53.71785173802897
0.05	4.25	0.007183301048634287	0.2943537222766887	55.19914411793453
0.05	4.5	0.007183301048634287	0.2943537222766887	56.586141832856065
0.05	4.75	0.007183301048634287	0.2943537222766887	57.88756888878582
0.05	5.0	0.007183301048634287	0.2943537222766887	59.111105311089496
0.05	5.25	0.007183301048634287	0.2943537222766887	60.26353877158337
0.05	5.5	0.007183301048634287	0.2943537222766887	61.35089053491581
0.05	5.75	0.007183301048634287	0.2943537222766887	62.37852065933624
0.05	6.0	0.007183301048634287	0.2943537222766887	63.35121633202722
0.05	6.25	0.007183301048634287	0.2943537222766887	64.27326641135599
0.05	6.5	0.007183301048634287	0.2943537222766887	65.14852462497922
0.05	6.75	0.007183301048634287	0.2943537222766887	65.98046338811123
0.05	7.0	0.007183301048634287	0.2943537222766887	66.77221982692556
0.05	7.25	0.007183301048634287	0.2943537222766887	67.52663529319129
0.05	7.5	0.007183301048634287	0.2943537222766887	68.24628941931803
0.05	7.75	0.007183301048634287	0.2943537222766887	68.93352957405486
0.05	8.0	0.007183301048634287	0.2943537222766887	69.59049642758669
0.05	8.25	0.007183301048634287	0.2943537222766887	70.21914621264621
0.05	8.5	0.007183301048634287	0.2943537222766887	70.82127016930401
0.05	8.75	0.007183301048634287	0.2943537222766887	71.39851158053834
0.05	9.0	0.007183301048634287	0.2943537222766887	71.95238073979276
0.05	9.25	0.007183301048634287	0.2943537222766887	72.48426813759812
0.05	9.5	0.007183301048634287	0.2943537222766887	72.995456109676
0.05	9.75	0.007183301048634287	0.2943537222766887	73.48712915194989
0.05	10.0	0.007183301048634287	0.2943537222766887	73.9603830771285
0.05	10.25	0.007183301048634287	0.2943537222766887	74.41623316185331
0.05	10.5	0.007183301048634287	0.2943537222766887	74.85562141189612
0.05	10.75	0.007183301048634287	0.2943537222766887	75.27942305481848
0.05	11.0	0.007183301048634287	0.2943537222766887	75.68845235426231
0.05	11.25	0.007183301048634287	0.2943537222766887	76.08346782714717
0.05	11.5	0.007183301048634287	0.2943537222766887	76.46517693410783
0.05	11.75	0.007183301048634287	0.2943537222766887	76.83424030419404
0.05	12.0	0.007183301048634287	0.2943537222766887	77.19127554690773
0.05	12.25	0.007183301048634287	0.2943537222766887	77.53686069785041
0.05	12.5	0.007183301048634287	0.2943537222766887	77.87153733841714
0.05	12.75	0.007183301048634287	0.2943537222766887	78.195813424953
0.05	13.0	0.007183301048634287	0.2943537222766887	78.51016585845674
0.05	13.25	0.007183301048634287	0.2943537222766887	78.81504282217288
0.05	13.5	0.007183301048634287	0.2943537222766887	79.11086591116958
0.05	13.75	0.007183301048634287	0.2943537222766887	79.39803207518231
0.05	14.0	0.007183301048634287	0.2943537222766887	79.67691539355106
0.05	14.25	0.007183301048634287	0.2943537222766887	79.94786869893994
0.05	14.5	0.007183301048634287	0.2943537222766887	80.21122506465976
0.05	14.75	0.007183301048634287	0.2943537222766887	80.46729916877545
0.05	15.0	0.007183301048634287	0.2943537222766887	80.71638854674583
0.05	15.25	0.007183301048634287	0.2943537222766887	80.95877474307908
0.05	15.5	0.007183301048634287	0.2943537222766887	81.19472437137595
0.05	15.75	0.007183301048634287	0.2943537222766887	81.42449009115201
0.05	16.0	0.007183301048634287	0.2943537222766887	81.6483115089623
0.05	16.25	0.007183301048634287	0.2943537222766887	81.86641601058543
0.05	16.5	0.007183301048634287	0.2943537222766887	82.0790195303425
0.05	16.75	0.007183301048634287	0.2943537222766887	82.28632726302298
0.05	17.0	0.007183301048634287	0.2943537222766887	82.48853432335095
0.05	17.25	0.007183301048634287	0.2943537222766887	82.68582635744706
0.05	17.5	0.007183301048634287	0.2943537222766887	82.87838011031425
0.05	17.75	0.007183301048634287	0.2943537222766887	83.0663639529932
0.05	18.0	0.007183301048634287	0.2943537222766887	83.24993837269231
0.05	18.25	0.007183301048634287	0.2943537222766887	83.42925642889104
0.05	18.5	0.007183301048634287	0.2943537222766887	83.60446417814127
0.05	18.75	0.007183301048634287	0.2943537222766887	83.77570107004426
0.05	19.0	0.007183301048634287	0.2943537222766887	83.94310031665987
0.05	19.25	0.007183301048634287	0.2943537222766887	84.10678923740416
0.05	19.5	0.007183301048634287	0.2943537222766887	84.26688958131295
0.05	19.75	0.007183301048634287	0.2943537222766887	84.42351782838448
0.05	20.0	0.007183301048634287	0.2943537222766887	84.57678547156975
0.05	20.25	0.007183301048634287	0.2943537222766887	84.72679928084425
0.05	20.5	0.007183301048634287	0.2943537222766887	84.87366155067619
0.05	20.75	0.007183301048634287	0.2943537222766887	85.0174703320962
0.05	21.0	0.007183301048634287	0.2943537222766887	85.15831965047494
0.05	21.25	0.007183301048634287	0.2943537222766887	85.29629971002505
0.05	21.5	0.007183301048634287	0.2943537222766887	85.43149708596233
0.05	21.75	0.007183301048634287	0.2943537222766887	85.5639949051858
0.05	22.0	0.007183301048634287	0.2943537222766887	85.69387301626979
0.05	22.25	0.007183301048634287	0.2943537222766887	85.8212081494977
0.05	22.5	0.007183301048634287	0.2943537222766887	85.94607406761206
0.05	22.75	0.007183301048634287	0.2943537222766887	86.06854170790277
0.05	23.0	0.007183301048634287	0.2943537222766887	86.18867931620889
0.05	23.25	0.007183301048634287	0.2943537222766887	86.3065525733659
0.05	23.5	0.007183301048634287	0.2943537222766887	86.42222471459027
0.05	23.75	0.007183301048634287	0.2943537222766887	86.53575664225791
0.05	24.0	0.007183301048634287	0.2943537222766887	86.64720703249861
0.06	0.0	0.008619961258361144	0.29296146673204604	0.0
0.06	0.25	0.008619961258361144	0.29296146673204604	6.817380861040661
0.06	0.5	0.008619961258361144	0.29296146673204604	12.75256662640538
0.06	0.75	0.008619961258361144	0.29296146673204604	17.966378845780817
0.06	1.0	0.008619961258361144	0.29296146673204604	22.582788591274074
0.06	1.25	0.008619961258361144	0.29296146673204604	26.698899433973327
0.06	1.5	0.008619961258361144	0.29296146673204604	30.3918518929327
0.06	1.75	0.008619961258361144	0.29296146673204604	33.723702788307754
0.06	2.0	0.008619961258361144	0.29296146673204604	36.74494016400808
0.06	2.25	0.008619961258361144	0.29296146673204604	39.497059088612055
0.06	2.5	0.008619961258361144	0.29296146673204604	42.01447858982542
0.06	2.75	0.008619961258361144	0.29296146673204604	44.325988303643584
0.06	3.0	0.008619961258361144	0.29296146673204604	46.45585415594361
0.06	3.25	0.008619961258361144	0.29296146673204604	48.42467329095964
0.06	3.5	0.008619961258361144	0.29296146673204604	50.25004217546255
0.06	3.75	0.008619961258361144	0.29296146673204604	51.94708383520158
0.06	4.0	0.008619961258361144	0.29296146673204604	53.52886769903534
0.06	4.25	0.008619961258361144	0.29296146673204604	55.006746733239424
0.06	4.5	0.008619961258361144	0.29296146673204604	56.39063027127838
0.06	4.75	0.008619961258361144	0.29296146673204604	57.689206407742844
0.06	5.0	0.008619961258361144	0.29296146673204604	58.91012450893759
0.06	5.25	0.008619961258361144	0.29296146673204604	60.06014594257062
0.06	5.5	0.008619961258361144	0.29296146673204604	61.14526930086232
0.06	5.75	0.008619961258361144	0.29296146673204604	62.17083501456123
0.06	6.0	0.008619961258361144	0.29296146673204604	63.141613209349345
0.06	6.25	0.008619961258361144	0.29296146673204604	64.06187785490889
0.06	6.5	0.008619961258361144	0.29296146673204604	64.9354696384678
0.06	6.75	0.008619961258361144	0.29296146673204604	65.76584951376685
0.06	7.0	0.008619961258361144	0.29296146673204604	66.5561444999136
0.06	7.25	0.008619961258361144	0.29296146673204604	67.30918700791472
0.06	7.5	0.008619961258361144	0.29296146673204604	68.02754873744995
0.06	7.75	0.008619961258361144	0.29296146673204604	68.71356999883811
0.06	8.0	0.008619961258361144	0.29296146673204604	69.36938516468356
0.06	8.25	0.008619961258361144	0.29296146673204604	69.99694483437575
0.06	8.5	0.008619961258361144	0.29296146673204604	70.59803519630519
0.06	8.75	0.008619961258361144	0.29296146673204604	71.17429499261142
0.06	9.0	0.008619961258361144	0.29296146673204604	71.72723042579571
0.06	9.25	0.008619961258361144	0.29296146673204604	72.25822829272984
0.06	9.5	0.008619961258361144	0.29296146673204604	72.76856758720014
0.06	9.75	0.008619961258361144	0.29296146673204604	73.25942977535101
0.06	10.0	0.008619961258361144	0.29296146673204604	73.73190791780777
0.06	10.25	0.008619961258361144	0.29296146673204604	74.18701478673003
0.06	10.5	0.008619961258361144	0.29296146673204604	74.62569010465971
0.06	10.75	0.008619961258361144	0.29296146673204604	75.04880701405187
0.06	11.0	0.008619961258361144	0.29296146673204604	75.4571778712147
0.06	11.25	0.008619961258361144	0.29296146673204604	75.85155944555889
0.06	11.5	0.008619961258361144	0.29296146673204604	76.23265759417026
0.06	11.75	0.008619961258361144	0.29296146673204604	76.60113147245679
0.06	12.0	0.008619961258361144	0.29296146673204604	76.95759733371031
0.06	12.25	0.008619961258361144	0.29296146673204604	77.30263196365787
0.06	12.5	0.008619961258361144	0.29296146673204604	77.63677579026634
0.06	12.75	0.008619961258361144	0.29296146673204604	77.9605357040687
0.06	13.0	0.008619961258361144	0.29296146673204604	78.27438761996865
0.06	13.25	0.008619961258361144	0.29296146673204604	78.5787788077542
0.06	13.5	0.008619961258361144	0.29296146673204604	78.87413001532134
0.06	13.75	0.008619961258361144	0.29296146673204604	79.16083740580434
0.06	14.0	0.008619961258361144	0.29296146673204604	79.43927432736724
0.06	14.25	0.008619961258361144	0.29296146673204604	79.70979293228231
0.06	14.5	0.008619961258361144	0.29296146673204604	79.97272566005914
0.06	14.75	0.008619961258361144	0.29296146673204604	80.2283865977588
0.06	15.0	0.008619961258361144	0.29296146673204604	80.4770727291964
0.06	15.25	0.008619961258361144	0.29296146673204604	80.71906508347803
0.06	15.5	0.008619961258361144	0.29296146673204604	80.954629792211
0.06	15.75	0.008619961258361144	0.29296146673204604	81.18401906374844
0.06	16.0	0.008619961258361144	0.29296146673204604	81.40747208196652
0.06	16.25	0.008619961258361144	0.29296146673204604	81.6252158363071
0.06	16.5	0.008619961258361144	0.29296146673204604	81.83746588914173
0.06	16.75	0.008619961258361144	0.29296146673204604	82.04442708590992
0.06	17.0	0.008619961258361144	0.29296146673204604	82.24629421294942
0.06	17.25	0.008619961258361144	0.29296146673204604	82.44325260745919
0.06	17.5	0.008619961258361144	0.29296146673204604	82.63547872360994
0.06	17.75	0.008619961258361144	0.29296146673204604	82.82314065843691
0.06	18.0	0.008619961258361144	0.29296146673204604	83.00639864080901
0.06	18.25	0.008619961258361144	0.29296146673204604	83.18540548646418
0.06	18.5	0.008619961258361144	0.29296146673204604	83.36030702182673
0.06	18.75	0.008619961258361144	0.29296146673204604	83.53124247907745
0.06	19.0	0.008619961258361144	0.29296146673204604	83.69834486472536
0.06	19.25	0.008619961258361144	0.29296146673204604	83.86174130373249
0.06	19.5	0.008619961258361144	0.29296146673204604	84.02155336106205
0.06	19.75	0.008619961258361144	0.29296146673204604	84.17789734235991
0.06	20.0	0.008619961258361144	0.29296146673204604	84.33088457533186
0.06	20.25	0.008619961258361144	0.29296146673204604	84.4806216732475
0.06	20.5	0.008619961258361144	0.29296146673204604	84.62721078188154
0.06	20.75	0.008619961258361144	0.29296146673204604	84.7707498110942
0.06	21.0	0.008619961258361144	0.29296146673204604	84.91133265215413
0.06	21.25	0.008619961258361144	0.29296146673204604	85.04904938181768
0.06	21.5	0.008619961258361144	0.29296146673204604	85.18398645409641
0.06	21.75	0.008619961258361144	0.29296146673204604	85.31622688057101
0.06	22.0	0.008619961258361144	0.29296146673204604	85.44585040004151
0.06	22.25	0.008619961258361144	0.29296146673204604	85.57293363824274
0.06	22.5	0.008619961258361144	0.29296146673204604	85.69755025829687
0.06	22.75	0.008619961258361144	0.29296146673204604	85.81977110252403
0.06	23.0	0.008619961258361144	0.29296146673204604	85.93966432618468
0.06	23.25	0.008619961258361144	0.29296146673204604	86.05729552368385
0.06	23.5	0.008619961258361144	0.29296146673204604	86.17272784772872
0.06	23.75	0.008619961258361144	0.29296146673204604	86.28602212189445
0.06	24.0	0.008619961258361144	0.29296146673204604	86.39723694701904
0.07	0.0	0.010056621468088002	0.2915692111874425	0.0
0.07	0.25	0.010056621468088002	0.2915692111874425	6.786045626065468
0.07	0.5	0.010056621468088002	0.2915692111874425	12.695680170798267
0.07	0.75	0.010056621468088002	0.2915692111874425	17.88837112498673
0.07	1.0	0.010056621468088002	0.2915692111874425	22.48711038346902
0.07	1.25	0.010056621468088002	0.2915692111874425	26.58827913625255
0.07	1.5	0.010056621468088002	0.2915692111874425	30.268475474254362
0.07	1.75	0.010056621468088002	0.2915692111874425	33.58934246014371
0.07	2.0	0.010056621468088002	0.2915692111874425	36.601048051886735
0.07	2.25	0.010056621468088002	0.2915692111874425	39.344836534221606
0.07	2.5	0.010056621468088002	0.2915692111874425	41.85492817639361
0.07	2.75	0.010056621468088002	0.2915692111874425	44.15995343166253
0.07	3.0	0.010056621468088002	0.2915692111874425	46.284049513679086
0.07	3.25	0.010056621468088002	0.2915692111874425	48.24770857501516
0.07	3.5	0.010056621468088002	0.2915692111874425	50.068440744955126
0.07	3.75	0.010056621468088002	0.2915692111874425	51.7612975195339
0.07	4.0	0.010056621468088002	0.2915692111874425	53.33928865453251
0.07	4.25	0.010056621468088002	0.2915692111874425	54.81371701333241
0.07	4.5	0.010056621468088002	0.2915692111874425	56.194449609070766
0.07	4.75	0.010056621468088002	0.2915692111874425	57.49013858911722
0.07	5.0	0.010056621468088002	0.2915692111874425	58.708402625563444
0.07	5.25	0.010056621468088002	0.2915692111874425	59.85597674818226
0.07	5.5	0.010056621468088002	0.2915692111874425	60.93883684464381
0.07	5.75	0.010056621468088002	0.2915692111874425	61.96230368797756
0.07	6.0	0.010056621468088002	0.2915692111874425	62.93113031412703
0.07	6.25	0.010056621468088002	0.2915692111874425	63.84957577782883
0.07	6.5	0.010056621468088002	0.2915692111874425	64.7214677015444
0.07	6.75	0.010056621468088002	0.2915692111874425	65.55025555504065
0.07	7.0	0.010056621468088002	0.2915692111874425	66.339056229593
0.07	7.25	0.010056621468088002	0.2915692111874425	67.09069317630299
0.07	7.5	0.010056621468088002	0.2915692111874425	67.80773014448542
0.07	7.75	0.010056621468088002	0.2915692111874425	68.49250036978982
0.07	8.0	0.010056621468088002	0.2915692111874425	69.14713191228793
0.07	8.25	0.010056621468088002	0.2915692111874425	69.77356972425737
0.07	8.5	0.010056621468088002	0.2915692111874425	70.37359492972655
0.07	8.75	0.010056621468088002	0.2915692111874425	70.9488417183106
0.07	9.0	0.010056621468088002	0.2915692111874425	71.50081219079583
0.07	9.25	0.010056621468088002	0.2915692111874425	72.0308894404582
0.07	9.5	0.010056621468088002	0.2915692111874425	72.54034910997733
0.07	9.75	0.010056621468088002	0.2915692111874425	73.03036962724798
0.07	10.0	0.010056621468088002	0.2915692111874425	73.50204129298308
0.07	10.25	0.010056621468088002	0.2915692111874425	73.95637436761919
0.07	10.5	0.010056621468088002	0.2915692111874425	74.39430628376591
0.07	10.75	0.010056621468088002	0.2915692111874425	74.81670809256322
0.07	11.0	0.010056621468088002	0.2915692111874425	75.22439023723008
0.07	11.25	0.010056621468088002	0.2915692111874425	75.61810773432843
0.07	11.5	0.010056621468088002	0.2915692111874425	75.99856483243803
0.07	11.75	0.010056621468088002	0.2915692111874425	76.36641920871853
0.07	12.0	0.010056621468088002	0.2915692111874425	76.7222857559686
0.07	12.25	0.010056621468088002	0.2915692111874425	77.06674000605513
0.07	12.5	0.010056621468088002	0.2915692111874425	77.4003212298053
0.07	12.75	0.010056621468088002	0.2915692111874425	77.72353524848121
0.07	13.0	0.010056621468088002	0.2915692111874425	78.03685698766596
0.07	13.25	0.010056621468088002	0.2915692111874425	78.34073280068101
0.07	13.5	0.010056621468088002	0.2915692111874425	78.63558258543932
0.07	13.75	0.010056621468088002	0.2915692111874425	78.92180171584724
0.07	14.0	0.010056621468088002	0.2915692111874425	79.19976280643691
0.07	14.25	0.010056621468088002	0.2915692111874425	79.46981732679055
0.07	14.5	0.010056621468088002	0.2915692111874425	79.73229708046516
0.07	14.75	0.010056621468088002	0.2915692111874425	79.98751556150253
0.07	15.0	0.010056621468088002	0.2915692111874425	80.23576920018489
0.07	15.25	0.010056621468088002	0.2915692111874425	80.4773385084446
0.07	15.5	0.010056621468088002	0.2915692111874425	80.71248913423302
0.07	15.75	0.010056621468088002	0.2915692111874425	80.94147283318013
0.07	16.0	0.010056621468088002	0.2915692111874425	81.16452836501698
0.07	16.25	0.010056621468088002	0.2915692111874425	81.38188232147102
0.07	16.5	0.010056621468088002	0.2915692111874425	81.59374989166879
0.07	16.75	0.010056621468088002	0.2915692111874425	81.80033557048132
0.07	17.0	0.010056621468088002	0.2915692111874425	82.00183381471341
0.07	17.25	0.010056621468088002	0.2915692111874425	82.19842965156276
0.07	17.5	0.010056621468088002	0.2915692111874425	82.39029924335125
0.07	17.75	0.010056621468088002	0.2915692111874425	82.57761041215078
0.07	18.0	0.010056621468088002	0.2915692111874425	82.76052312758806
0.07	18.25	0.010056621468088002	0.2915692111874425	82.93918996080832
0.07	18.5	0.010056621468088002	0.2915692111874425	83.11375650730577
0.07	18.75	0.010056621468088002	0.2915692111874425	83.2843617810833
0.07	19.0	0.010056621468088002	0.2915692111874425	83.45113858238481
0.07	19.25	0.010056621468088002	0.2915692111874425	83.61421384104372
0.07	19.5	0.010056621468088002	0.2915692111874425	83.77370893731408
0.07	19.75	0.010056621468088002	0.2915692111874425	83.92974000188806
0.07	20.0	0.010056621468088002	0.2915692111874425	84.08241819665844
0.07	20.25	0.010056621468088002	0.2915692111874425	84.23184997765262
0.07	20.5	0.010056621468088002	0.2915692111874425	84.37813734144511
0.07	20.75	0.010056621468088002	0.2915692111874425	84.52137805624686
0.07	21.0	0.010056621468088002	0.2915692111874425	84.66166587877215
0.07	21.25	0.010056621468088002	0.2915692111874425	84.79909075789347
0.07	21.5	0.010056621468088002	0.2915692111874425	84.93373902601424
0.07	21.75	0.010056621468088002	0.2915692111874425	85.06569357901486
0.07	22.0	0.010056621468088002	0.2915692111874425	85.1950340455603
0.07	22.25	0.010056621468088002	0.2915692111874425	85.32183694649575
0.07	22.5	0.010056621468088002	0.2915692111874425	85.44617584500084
0.07	22.75	0.010056621468088002	0.2915692111874425	85.56812148812156
0.07	23.0	0.010056621468088002	0.2915692111874425	85.68774194025198
0.07	23.25	0.010056621468088002	0.2915692111874425	85.80510270909514
0.07	23.5	0.010056621468088002	0.2915692111874425	85.92026686459248
0.07	23.75	0.010056621468088002	0.2915692111874425	86.03329515127604
0.07	24.0	0.010056621468088002	0.2915692111874425	86.14424609446357
0.08	0.0	0.011493281677814859	0.290176955642839	0.0
0.08	0.25	0.011493281677814859	0.290176955642839	6.754700432564015
0.08	0.5	0.011493281677814859	0.290176955642839	12.638759427930061
0.08	0.75	0.011493281677814859	0.290176955642839	17.810296210606786
0.08	1.0	0.011493281677814859	0.290176955642839	22.391327051043437
0.08	1.25	0.011493281677814859	0.290176955642839	26.47751296662195
0.08	1.5	0.011493281677814859	0.290176955642839	30.14491100384191
0.08	1.75	0.011493281677814859	0.290176955642839	33.45475133651042
0.08	2.0	0.011493281677814859	0.290176955642839	36.456882378896765
0.08	2.25	0.011493281677814859	0.290176955642839	39.192297965032715
0.08	2.5	0.011493281677814859	0.290176955642839	41.695019803837845
0.08	2.75	0.011493281677814859	0.290176955642839	43.99351927646842
0.08	3.0	0.011493281677814859	0.290176955642839	46.111804938290135
0.08	3.25	0.011493281677814859	0.290176955642839	48.07026396763788
0.08	3.5	0.011493281677814859	0.290176955642839	49.88632015052534
0.08	3.75	0.011493281677814859	0.290176955642839	51.57495343309711
0.08	4.0	0.011493281677814859	0.290176955642839	53.14911386934781
0.08	4.25	0.011493281677814859	0.290176955642839	54.62005418640308
0.08	4.5	0.011493281677814859	0.290176955642839	55.997599041621086
0.08	4.75	0.011493281677814859	0.290176955642839	57.29036459927879
0.08	5.0	0.011493281677814859	0.290176955642839	58.50593880203342
0.08	5.25	0.011493281677814859	0.290176955642839	59.65103030781172
0.08	5.5	0.011493281677814859	0.290176955642839	60.73159226752117
0.08	5.75	0.011493281677814859	0.290176955642839	61.752925766160715
0.08	6.0	0.011493281677814859	0.290176955642839	62.71976672160355
0.08	6.25	0.011493281677814859	0.290176955642839	63.63635924728793
0.08	6.5	0.011493281677814859	0.290176955642839	64.50651787648184
0.08	6.75	0.011493281677814859	0.290176955642839	65.3336805723929
0.08	7.0	0.011493281677814859	0.290176955642839	66.12095407761852
0.08	7.25	0.011493281677814859	0.290176955642839	66.87115286413629
0.08	7.5	0.011493281677814859	0.290176955642839	67.58683271319133
0.08	7.75	0.011493281677814859	0.290176955642839	68.27031976945987
0.08	8.0	0.011493281677814859	0.290176955642839	68.92373576546917
0.08	8.25	0.011493281677814859	0.290176955642839	69.54901999256154
0.08	8.5	0.011493281677814859	0.290176955642839	70.14794849767169
0.08	8.75	0.011493281677814859	0.290176955642839	70.72215090615971
0.08	9.0	0.011493281677814859	0.290176955642839	71.27312520628332
0.08	9.25	0.011493281677814859	0.290176955642839	71.80225077774958
0.08	9.5	0.011493281677814859	0.290176955642839	72.31079990292754
0.08	9.75	0.011493281677814859	0.290176955642839	72.79994796296279
0.08	10.0	0.011493281677814859	0.290176955642839	73.27078249080186
0.08	10.25	0.011493281677814859	0.290176955642839	73.72431122789514
0.08	10.5	0.011493281677814859	0.290176955642839	74.16146931019863
0.08	10.75	0.011493281677814859	0.290176955642839	74.58312569131265
0.08	11.0	0.011493281677814859	0.290176955642839	74.99008889559818
0.08	11.25	0.011493281677814859	0.290176955642839	75.38311218141833
0.08	11.5	0.011493281677814859	0.290176955642839	75.76289818388054
0.08	11.75	0.011493281677814859	0.290176955642839	76.13010309728391
0.08	12.0	0.011493281677814859	0.290176955642839	76.4853404496467
0.08	12.25	0.011493281677814859	0.290176955642839	76.82918451498773
0.08	12.5	0.011493281677814859	0.290176955642839	77.16217340328251
0.08	12.75	0.011493281677814859	0.290176955642839	77.48481186306472
0.08	13.0	0.011493281677814859	0.290176955642839	77.79757382737418
0.08	13.25	0.011493281677814859	0.290176955642839	78.10090473005991
0.08	13.5	0.011493281677814859	0.290176955642839	78.3952236162465
0.08	13.75	0.011493281677814859	0.290176955642839	78.68092506799265
0.08	14.0	0.011493281677814859	0.290176955642839	78.95838096375037
0.08	14.25	0.011493281677814859	0.290176955642839	79.22794208812299
0.08	14.5	0.011493281677814859	0.290176955642839	79.4899396065736
0.08	14.75	0.011493281677814859	0.290176955642839	79.74468641812022
0.08	15.0	0.011493281677814859	0.290176955642839	79.99247839763511
0.08	15.25	0.011493281677814859	0.290176955642839	80.233595538118
0.08	15.5	0.011493281677814859	0.290176955642839	80.46830300221532
0.08	15.75	0.011493281677814859	0.290176955642839	80.69685209128738
0.08	16.0	0.011493281677814859	0.290176955642839	80.91948113946916
0.08	16.25	0.011493281677814859	0.290176955642839	81.13641633941138
0.08	16.5	0.011493281677814859	0.290176955642839	81.34787250571641
0.08	16.75	0.011493281677814859	0.290176955642839	81.55405378148501
0.08	17.0	0.011493281677814859	0.290176955642839	81.75515429285966
0.08	17.25	0.011493281677814859	0.290176955642839	81.95135875597511
0.08	17.5	0.011493281677814859	0.290176955642839	82.1428430403059
0.08	17.75	0.011493281677814859	0.290176955642839	82.32977469202142
0.08	18.0	0.011493281677814859	0.290176955642839	82.51231342062246
0.08	18.25	0.011493281677814859	0.290176955642839	82.69061155182992
0.08	18.5	0.011493281677814859	0.290176955642839	82.86481444942488
0.08	18.75	0.011493281677814859	0.290176955642839	83.03506090849544
0.08	19.0	0.011493281677814859	0.290176955642839	83.20148352232611
0.08	19.25	0.011493281677814859	0.290176955642839	83.36420902496808
0.08	19.5	0.011493281677814859	0.290176955642839	83.52335861135046
0.08	19.75	0.011493281677814859	0.290176955642839	83.67904823663176
0.08	20.0	0.011493281677814859	0.290176955642839	83.83138889634547
0.08	20.25	0.011493281677814859	0.290176955642839	83.98048688876213
0.08	20.5	0.011493281677814859	0.290176955642839	84.12644406077112
0.08	20.75	0.011493281677814859	0.290176955642839	84.26935803847758
0.08	21.0	0.011493281677814859	0.290176955642839	84.4093224436112
0.08	21.25	0.011493281677814859	0.290176955642839	84.54642709675561
0.08	21.5	0.011493281677814859	0.290176955642839	84.68075820832455
0.08	21.75	0.011493281677814859	0.290176955642839	84.81239855813915
0.08	22.0	0.011493281677814859	0.290176955642839	84.94142766439138
0.08	22.25	0.011493281677814859	0.290176955642839	85.06792194271881
0.08	22.5	0.011493281677814859	0.290176955642839	85.19195485605944
0.08	22.75	0.011493281677814859	0.290176955642839	85.3135970559039
0.08	23.0	0.011493281677814859	0.290176955642839	85.43291651551577
0.08	23.25	0.011493281677814859	0.290176955642839	85.54997865564778
0.08	23.5	0.011493281677814859	0.290176955642839	85.66484646324265
0.08	23.75	0.011493281677814859	0.290176955642839	85.77758060357087
0.08	24.0	0.011493281677814859	0.290176955642839	85.88823952622496
0.09	0.0	0.012929941887541716	0.2887847000980055	0.0
0.09	0.25	0.012929941887541716	0.2887847000980055	6.72334527773158
0.09	0.5	0.012929941887541716	0.2887847000980055	12.581804380444792
0.09	0.75	0.012929941887541716	0.2887847000980055	17.732154056564102
0.09	1.0	0.012929941887541716	0.2887847000980055	22.295438506855554
0.09	1.25	0.012929941887541716	0.2887847000980055	26.366600787594358
0.09	1.5	0.012929941887541716	0.2887847000980055	30.021158287658444
0.09	1.75	0.012929941887541716	0.2887847000980055	33.31992916328091
0.09	2.0	0.012929941887541716	0.2887847000980055	36.312442829418835
0.09	2.25	0.012929941887541716	0.2887847000980055	39.0394430041849
0.09	2.5	0.012929941887541716	0.2887847000980055	41.534753035540476
0.09	2.75	0.012929941887541716	0.2887847000980055	43.82668534406983
0.09	3.0	0.012929941887541716	0.2887847000980055	45.93911988142993
0.09	3.25	0.012929941887541716	0.2887847000980055	47.89233886957821
0.09	3.5	0.012929941887541716	0.2887847000980055	49.70367974575523
0.09	3.75	0.012929941887541716	0.2887847000980055	51.38805088621073
0.09	4.0	0.012929941887541716	0.2887847000980055	52.958342614528206
0.09	4.25	0.012929941887541716	0.2887847000980055	54.4257574882422
0.09	4.5	0.012929941887541716	0.2887847000980055	55.80007777346333
0.09	4.75	0.012929941887541716	0.2887847000980055	57.089883615458014
0.09	5.0	0.012929941887541716	0.2887847000980055	58.30273219216015
0.09	5.25	0.012929941887541716	0.2887847000980055	59.44530575566043
0.09	5.5	0.012929941887541716	0.2887847000980055	60.52353468780465
0.09	5.75	0.012929941887541716	0.2887847000980055	61.54270035515938
0.09	6.0	0.012929941887541716	0.2887847000980055	62.50752152910545
0.09	6.25	0.012929941887541716	0.2887847000980055	63.422227355341136
0.09	6.5	0.012929941887541716	0.2887847000980055	64.29061925342832
0.09	6.75	0.012929941887541716	0.2887847000980055	65.1161236573484
0.09	7.0	0.012929941887541716	0.2887847000980055	65.90183714009726
0.09	7.25	0.012929941887541716	0.2887847000980055	66.65056517523816
0.09	7.5	0.012929941887541716	0.2887847000980055	67.36485555817477
0.09	7.75	0.012929941887541716	0.2887847000980055	68.04702732624459
0.09	8.0	0.012929941887541716	0.2887847000980055	68.69919586936201
0.09	8.25	0.012929941887541716	0.2887847000980055	69.3232948040598
0.09	8.5	0.012929941887541716	0.2887847000980055	69.9210950874004
0.09	8.75	0.012929941887541716	0.2887847000980055	70.49422176871666
0.09	9.0	0.012929941887541716	0.2887847000980055	71.04416871288717
0.09	9.25	0.012929941887541716	0.2887847000980055	71.5723115760437
0.09	9.5	0.012929941887541716	0.2887847000980055	72.07991927101203
0.09	9.75	0.012929941887541716	0.2887847000980055	72.56816412366403
0.09	10.0	0.012929941887541716	0.2887847000980055	73.03813089130398
0.09	10.25	0.012929941887541716	0.2887847000980055	73.49082478911474
0.09	10.5	0.012929941887541716	0.2887847000980055	73.92717864966218
0.09	10.75	0.012929941887541716	0.2887847000980055	74.34805932277018
0.09	11.0	0.012929941887541716	0.2887847000980055	74.75427340816329
0.09	11.25	0.012929941887541716	0.2887847000980055	75.14657240064838
0.09	11.5	0.012929941887541716	0.2887847000980055	75.52565731689019
0.09	11.75	0.012929941887541716	0.2887847000980055	75.89218286371222
0.09	12.0	0.012929941887541716	0.2887847000980055	76.24676120006457
0.09	12.25	0.012929941887541716	0.2887847000980055	76.58996533813172
0.09	12.5	0.012929941887541716	0.2887847000980055	76.92233222332875
0.09	12.75	0.012929941887541716	0.2887847000980055	77.24436552800823
0.09	13.0	0.012929941887541716	0.2887847000980055	77.55653818945054
0.09	13.25	0.012929941887541716	0.2887847000980055	77.85929471903435
0.09	13.5	0.012929941887541716	0.2887847000980055	78.15305330629981
0.09	13.75	0.012929941887541716	0.2887847000980055	78.43820773884858
0.09	14.0	0.012929941887541716	0.2887847000980055	78.71512915661629
0.09	14.25	0.012929941887541716	0.2887847000980055	78.98416765695116
0.09	14.5	0.012929941887541716	0.2887847000980055	79.24565376509477
0.09	14.75	0.012929941887541716	0.2887847000980055	79.49989978305186
0.09	15.0	0.012929941887541716	0.2887847000980055	79.74720102842312
0.09	15.25	0.012929941887541716	0.2887847000980055	79.98783697353322
0.09	15.5	0.012929941887541716	0.2887847000980055	80.22207229409206
0.09	15.75	0.012929941887541716	0.2887847000980055	80.45015783566173
0.09	16.0	0.012929941887541716	0.2887847000980055	80.67233150534855
0.09	16.25	0.012929941887541716	0.2887847000980055	80.8888190953837
0.09	16.5	0.012929941887541716	0.2887847000980055	81.09983504458599
0.09	16.75	0.012929941887541716	0.2887847000980055	81.3055831431046
0.09	17.0	0.012929941887541716	0.2887847000980055	81.50625718531116
0.09	17.25	0.012929941887541716	0.2887847000980055	81.70204157523717
0.09	17.5	0.012929941887541716	0.2887847000980055	81.8931118885332
0.09	17.75	0.012929941887541716	0.2887847000980055	82.07963539454923
0.09	18.0	0.012929941887541716	0.2887847000980055	82.26177154179906
0.09	18.25	0.012929941887541716	0.2887847000980055	82.43967240977057
0.09	18.5	0.012929941887541716	0.2887847000980055	82.61348312977219
0.09	18.75	0.012929941887541716	0.2887847000980055	82.78334227726376
0.09	19.0	0.012929941887541716	0.2887847000980055	82.94938223790028
0.09	19.25	0.012929941887541716	0.2887847000980055	83.11172954932127
0.09	19.5	0.012929941887541716	0.2887847000980055	83.2705052205397
0.09	19.75	0.012929941887541716	0.2887847000980055	83.42582503062516
0.09	20.0	0.012929941887541716	0.2887847000980055	83.57779980823048
0.09	20.25	0.012929941887541716	0.2887847000980055	83.72653569337976
0.09	20.5	0.012929941887541716	0.2887847000980055	83.87213438281793
0.09	20.75	0.012929941887541716	0.2887847000980055	84.0146933601131
0.09	21.0	0.012929941887541716	0.2887847000980055	84.154306111606
0.09	21.25	0.012929941887541716	0.2887847000980055	84.29106232921212
0.09	21.5	0.012929941887541716	0.2887847000980055	84.42504810100021
0.09	21.75	0.012929941887541716	0.2887847000980055	84.55634609039916
0.09	22.0	0.012929941887541716	0.2887847000980055	84.68503570481616
0.09	22.25	0.012929941887541716	0.2887847000980055	84.81119325438966
0.09	22.5	0.012929941887541716	0.2887847000980055	84.93489210154347
0.09	22.75	0.012929941887541716	0.2887847000980055	85.05620280195822
0.09	23.0	0.012929941887541716	0.2887847000980055	85.17519323752936
0.09	23.25	0.012929941887541716	0.2887847000980055	85.29192874183796
0.09	23.5	0.012929941887541716	0.2887847000980055	85.4064722186218
0.09	23.75	0.012929941887541716	0.2887847000980055	85.51888425369815
0.09	24.0	0.012929941887541716	0.2887847000980055	85.62922322075639
0.1	0.0	0.014366602097268574	0.2873924445531719	0.0
0.1	0.25	0.014366602097268574	0.2873924445531719	6.691980158772237
0.1	0.5	0.014366602097268574	0.2873924445531719	12.524815010999573
0.1	0.75	0.014366602097268574	0.2873924445531719	17.65394461679162
0.1	1.0	0.014366602097268574	0.2873924445531719	22.199444663780124
0.1	1.25	0.014366602097268574	0.2873924445531719	26.25554246172603
0.1	1.5	0.014366602097268574	0.2873924445531719	29.897217131779843
0.1	1.75	0.014366602097268574	0.2873924445531719	33.18487568656671
0.1	2.0	0.014366602097268574	0.2873924445531719	36.167729088276886
0.1	2.25	0.014366602097268574	0.2873924445531719	38.88627127555635
0.1	2.5	0.014366602097268574	0.2873924445531719	41.37412743602457
0.1	2.75	0.014366602097268574	0.2873924445531719	43.659451142134046
0.1	3.0	0.014366602097268574	0.2873924445531719	45.765993797056126
0.1	3.25	0.014366602097268574	0.2873924445531719	47.71393268467251
0.1	3.5	0.014366602097268574	0.2873924445531719	49.52051888823879
0.1	3.75	0.014366602097268574	0.2873924445531719	51.20058919427929
0.1	4.0	0.014366602097268574	0.2873924445531719	52.76697416743491
0.1	4.25	0.014366602097268574	0.2873924445531719	54.23082616234453
0.1	4.5	0.014366602097268574	0.2873924445531719	55.60188501838995
0.1	4.75	0.014366602097268574	0.2873924445531719	56.8886948258664
0.1	5.0	0.014366602097268574	0.2873924445531719	58.09878196263319
0.1	5.25	0.014366602097268574	0.2873924445531719	59.23880224087873
0.1	5.5	0.014366602097268574	0.2873924445531719	60.3146632410052
0.1	5.75	0.014366602097268574	0.2873924445531719	61.33162658065826
0.1	6.0	0.014366602097268574	0.2873924445531719	62.294393856217376
0.1	6.25	0.014366602097268574	0.2873924445531719	63.20717921911337
0.1	6.5	0.014366602097268574	0.2873924445531719	64.07377095060696
0.1	6.75	0.014366602097268574	0.2873924445531719	64.89758393270792
0.1	7.0	0.014366602097268574	0.2873924445531719	65.68170454781347
0.1	7.25	0.014366602097268574	0.2873924445531719	66.42892925171321
0.1	7.5	0.014366602097268574	0.2873924445531719	67.14179783613417
0.1	7.75	0.014366602097268574	0.2873924445531719	67.82262221465139
0.1	8.0	0.014366602097268574	0.2873924445531719	68.47351141944495
0.1	8.25	0.014366602097268574	0.2873924445531719	69.0963933783154
0.1	8.5	0.014366602097268574	0.2873924445531719	69.69303394563215
0.1	8.75	0.014366602097268574	0.2873924445531719	70.26505358288972
0.1	9.0	0.014366602097268574	0.2873924445531719	70.81394202070331
0.1	9.25	0.014366602097268574	0.2873924445531719	71.34107118159369
0.1	9.5	0.014366602097268574	0.2873924445531719	71.84770659958487
0.1	9.75	0.014366602097268574	0.2873924445531719	72.3350175367289
0.1	10.0	0.014366602097268574	0.2873924445531719	72.8040859667936
0.1	10.25	0.014366602097268574	0.2873924445531719	73.25591457139826
0.1	10.5	0.014366602097268574	0.2873924445531719	73.69143387297031
0.1	10.75	0.014366602097268574	0.2873924445531719	74.1115086113115
0.1	11.0	0.014366602097268574	0.2873924445531719	74.51694345572561
0.1	11.25	0.014366602097268574	0.2873924445531719	74.90848813210236
0.1	11.5	0.014366602097268574	0.2873924445531719	75.28684203369204
0.1	11.75	0.014366602097268574	0.2873924445531719	75.65265837522871
0.1	12.0	0.014366602097268574	0.2873924445531719	76.0065479423097
0.1	12.25	0.014366602097268574	0.2873924445531719	76.34908248130377
0.1	12.5	0.014366602097268574	0.2873924445531719	76.68079776936366
0.1	12.75	0.014366602097268574	0.2873924445531719	77.00219639921688
0.1	13.0	0.014366602097268574	0.2873924445531719	77.31375030917799
0.1	13.25	0.014366602097268574	0.2873924445531719	77.61590308516892
0.1	13.5	0.014366602097268574	0.2873924445531719	77.90907205836223
0.1	13.75	0.014366602097268574	0.2873924445531719	78.19365021930722
0.1	14.0	0.014366602097268574	0.2873924445531719	78.47000796700205
0.1	14.25	0.014366602097268574	0.2873924445531719	78.73849470927998
0.1	14.5	0.014366602097268574	0.2873924445531719	78.99944032905096
0.1	14.75	0.014366602097268574	0.2873924445531719	79.253156529335
0.1	15.0	0.014366602097268574	0.2873924445531719	79.499938068619
0.1	15.25	0.014366602097268574	0.2873924445531719	79.7400638968301
0.1	15.5	0.014366602097268574	0.2873924445531719	79.9737982011307
0.1	15.75	0.014366602097268574	0.2873924445531719	80.20139136977761
0.1	16.0	0.014366602097268574	0.2873924445531719	80.42308088143821
0.1	16.25	0.014366602097268574	0.2873924445531719	80.63909212660396
0.1	16.5	0.014366602097268574	0.2873924445531719	80.84963916707399
0.1	16.75	0.014366602097268574	0.2873924445531719	81.05492543888849
0.1	17.0	0.014366602097268574	0.2873924445531719	81.25514440356407
0.1	17.25	0.014366602097268574	0.2873924445531719	81.4504801520135
0.1	17.5	0.014366602097268574	0.2873924445531719	81.64110796511201
0.1	17.75	0.014366602097268574	0.2873924445531719	81.82719483449884
0.1	18.0	0.014366602097268574	0.2873924445531719	82.00889994686581
0.1	18.25	0.014366602097268574	0.2873924445531719	82.18637513468548
0.1	18.5	0.014366602097268574	0.2873924445531719	82.35976529606083
0.1	18.75	0.014366602097268574	0.2873924445531719	82.52920878613695
0.1	19.0	0.014366602097268574	0.2873924445531719	82.6948377822965
0.1	19.25	0.014366602097268574	0.2873924445531719	82.85677862516539
0.1	19.5	0.014366602097268574	0.2873924445531719	83.015152137277
0.1	19.75	0.014366602097268574	0.2873924445531719	83.1700739210848
0.1	20.0	0.014366602097268574	0.2873924445531719	83.32165463786772
0.1	20.25	0.014366602097268574	0.2873924445531719	83.47000026894237
0.1	20.5	0.014366602097268574	0.2873924445531719	83.6152123604783
0.1	20.75	0.014366602097268574	0.2873924445531719	83.75738825310417
0.1	21.0	0.014366602097268574	0.2873924445531719	83.89662129739624
0.1	21.25	0.014366602097268574	0.2873924445531719	84.03300105625159
0.1	21.5	0.014366602097268574	0.2873924445531719	84.16661349506771
0.1	21.75	0.014366602097268574	0.2873924445531719	84.29754116057755
0.1	22.0	0.014366602097268574	0.2873924445531719	84.42586334912124
0.1	22.25	0.014366602097268574	0.2873924445531719	84.55165626507588
0.1	22.5	0.014366602097268574	0.2873924445531719	84.67499317010794
0.1	22.75	0.014366602097268574	0.2873924445531719	84.79594452386311
0.1	23.0	0.014366602097268574	0.2873924445531719	84.91457811666076
0.1	23.25	0.014366602097268574	0.2873924445531719	85.03095919471853
0.1	23.5	0.014366602097268574	0.2873924445531719	85.1451505783929
0.1	23.75	0.014366602097268574	0.2873924445531719	85.2572127738859
0.1	24.0	0.014366602097268574	0.2873924445531719	85.36720407883574
0.11	0.0	0.01580326230699543	0.28568084076123657	0.0
0.11	0.25	0.01580326230699543	0.28568084076123657	6.653662680085991
0.11	0.5	0.01580326230699543	0.28568084076123657	12.455603761160443
0.11	0.75	0.01580326230699543	0.28568084076123657	17.55948888045601
0.11	1.0	0.01580326230699543	0.28568084076123657	22.08411530406786
0.11	1.25	0.01580326230699543	0.28568084076123657	26.122771014322755
0.11	1.5	0.01580326230699543	0.28568084076123657	29.74973286954692
0.11	1.75	0.01580326230699543	0.28568084076123657	33.02487467260502
0.11	2.0	0.01580326230699543	0.28568084076123657	35.99699688243988
0.11	2.25	0.01580326230699543	0.28568084076123657	38.70627342849131
0.11	2.5	0.01580326230699543	0.28568084076123657	41.18607719301005
0.11	2.75	0.01580326230699543	0.28568084076123657	43.464360761482034
0.11	3.0	0.01580326230699543	0.28568084076123657	45.56471391428237
0.11	3.25	0.01580326230699543	0.28568084076123657	47.507182837942096
0.11	3.5	0.01580326230699543	0.28568084076123657	49.30891142803046
0.11	3.75	0.01580326230699543	0.28568084076123657	50.984648184948284
0.11	4.0	0.01580326230699543	0.28568084076123657	52.54715045796433
0.11	4.25	0.01580326230699543	0.28568084076123657	54.00750949839198
0.11	4.5	0.01580326230699543	0.28568084076123657	55.37541384860976
0.11	4.75	0.01580326230699543	0.28568084076123657	56.6593642962978
0.11	5.0	0.01580326230699543	0.28568084076123657	57.866850476045364
0.11	5.25	0.01580326230699543	0.28568084076123657	59.004496871237485
0.11	5.5	0.01580326230699543	0.28568084076123657	60.078184228278516
0.11	5.75	0.01580326230699543	0.28568084076123657	61.09315108210462
0.11	6.0	0.01580326230699543	0.28568084076123657	62.05407909290816
0.11	6.25	0.01580326230699543	0.28568084076123657	62.96516512772964
0.11	6.5	0.01580326230699543	0.28568084076123657	63.83018242833605
0.11	6.75	0.01580326230699543	0.28568084076123657	64.65253274575959
0.11	7.0	0.01580326230699543	0.28568084076123657	65.43529096050446
0.11	7.25	0.01580326230699543	0.28568084076123657	66.18124342235767
0.11	7.5	0.01580326230699543	0.28568084076123657	66.8929210174754
0.11	7.75	0.01580326230699543	0.28568084076123657	67.57262778978132
0.11	8.0	0.01580326230699543	0.28568084076123657	68.22246579870985
0.11	8.25	0.01580326230699543	0.28568084076123657	68.8443567783087
0.11	8.5	0.01580326230699543	0.28568084076123657	69.44006106781261
0.11	8.75	0.01580326230699543	0.28568084076123657	70.01119420645863
0.11	9.0	0.01580326230699543	0.28568084076123657	70.5592415220002
0.11	9.25	0.01580326230699543	0.28568084076123657	71.08557099031736
0.11	9.5	0.01580326230699543	0.28568084076123657	71.59144460053673
0.11	9.75	0.01580326230699543	0.28568084076123657	72.07802842444198
0.11	10.0	0.01580326230699543	0.28568084076123657	72.54640155930139
0.11	10.25	0.01580326230699543	0.28568084076123657	72.99756408847259
0.11	10.5	0.01580326230699543	0.28568084076123657	73.43244418338294
0.11	10.75	0.01580326230699543	0.28568084076123657	73.85190445302283
0.11	11.0	0.01580326230699543	0.28568084076123657	74.25674763235608
0.11	11.25	0.01580326230699543	0.28568084076123657	74.64772168857803
0.11	11.5	0.01580326230699543	0.28568084076123657	75.02552441356298
0.11	11.75	0.01580326230699543	0.28568084076123657	75.39080756182443
0.11	12.0	0.01580326230699543	0.28568084076123657	75.74418058561098
0.11	12.25	0.01580326230699543	0.28568084076123657	76.08621401216627
0.11	12.5	0.01580326230699543	0.28568084076123657	76.41744250252012
0.11	12.75	0.01580326230699543	0.28568084076123657	76.73836762630492
0.11	13.0	0.01580326230699543	0.28568084076123657	77.04946038288644
0.11	13.25	0.01580326230699543	0.28568084076123657	77.35116349546131
0.11	13.5	0.01580326230699543	0.28568084076123657	77.64389350162124
0.11	13.75	0.01580326230699543	0.28568084076123657	77.9280426611435
0.11	14.0	0.01580326230699543	0.28568084076123657	78.20398069938334
0.11	14.25	0.01580326230699543	0.28568084076123657	78.4720564025616
0.11	14.5	0.01580326230699543	0.28568084076123657	78.73259907942126
0.11	14.75	0.01580326230699543	0.28568084076123657	78.98591990213274
0.11	15.0	0.01580326230699543	0.28568084076123657	79.23231313792799
0.11	15.25	0.01580326230699543	0.28568084076123657	79.47205728171282
0.11	15.5	0.01580326230699543	0.28568084076123657	79.70541609882262
0.11	15.75	0.01580326230699543	0.28568084076123657	79.93263958613016
0.11	16.0	0.01580326230699543	0.28568084076123657	80.15396485886771
0.11	16.25	0.01580326230699543	0.28568084076123657	80.369616969777
0.11	16.5	0.01580326230699543	0.28568084076123657	80.57980966653614
0.11	16.75	0.01580326230699543	0.28568084076123657	80.78474609282178
0.11	17.0	0.01580326230699543	0.28568084076123657	80.98461943784054
0.11	17.25	0.01580326230699543	0.28568084076123657	81.17961353869485
0.11	17.5	0.01580326230699543	0.28568084076123657	81.36990343953148
0.11	17.75	0.01580326230699543	0.28568084076123657	81.55565591104711
0.11	18.0	0.01580326230699543	0.28568084076123657	81.73702993359201
0.11	18.25	0.01580326230699543	0.28568084076123657	81.91417714681326
0.11	18.5	0.01580326230699543	0.28568084076123657	82.08724226851012
0.11	18.75	0.01580326230699543	0.28568084076123657	82.25636348513378
0.11	19.0	0.01580326230699543	0.28568084076123657	82.4216728161454
0.11	19.25	0.01580326230699543	0.28568084076123657	82.58329645425232
0.11	19.5	0.01580326230699543	0.28568084076123657	82.74135508336465
0.11	19.75	0.01580326230699543	0.28568084076123657	82.89596417595618
0.11	20.0	0.01580326230699543	0.28568084076123657	83.04723427136956
0.11	20.25	0.01580326230699543	0.28568084076123657	83.19527123647501
0.11	20.5	0.01580326230699543	0.28568084076123657	83.34017650997474
0.11	20.75	0.01580326230699543	0.28568084076123657	83.48204733153729
0.11	21.0	0.01580326230699543	0.28568084076123657	83.62097695685023
0.11	21.25	0.01580326230699543	0.28568084076123657	83.7570548595897
0.11	21.5	0.01580326230699543	0.28568084076123657	83.89036692122693
0.11	21.75	0.01580326230699543	0.28568084076123657	84.02099560951727
0.11	22.0	0.01580326230699543	0.28568084076123657	84.14902014645148
0.11	22.25	0.01580326230699543	0.28568084076123657	84.27451666638805
0.11	22.5	0.01580326230699543	0.28568084076123657	84.39755836502958
0.11	22.75	0.01580326230699543	0.28568084076123657	84.51821563985625
0.11	23.0	0.01580326230699543	0.28568084076123657	84.63655622258199
0.11	23.25	0.01580326230699543	0.28568084076123657	84.7526453041573
0.11	23.5	0.01580326230699543	0.28568084076123657	84.8665456528037
0.11	23.75	0.01580326230699543	0.28568084076123657	84.97831772552836
0.11	24.0	0.01580326230699543	0.28568084076123657	85.08801977353566
0.12	0.0	0.017239922516722288	0.28396923696930126	0.0
0.12	0.25	0.017239922516722288	0.28396923696930126	6.615327352244184
0.12	0.5	0.017239922516722288	0.28396923696930126	12.386331719303922
0.12	0.75	0.017239922516722288	0.28396923696930126	17.46491528318694
0.12	1.0	0.017239922516722288	0.28396923696930126	21.96860349920265
0.12	1.25	0.017239922516722288	0.28396923696930126	25.989749037873917
0.12	1.5	0.017239922516722288	0.28396923696930126	29.601928934171298
0.12	1.75	0.017239922516722288	0.28396923696930126	32.86448524863615
0.12	2.0	0.017239922516722288	0.28396923696930126	35.82580879820494
0.12	2.25	0.017239922516722288	0.28396923696930126	38.525753983693996
0.12	2.5	0.017239922516722288	0.28396923696930126	40.99744162304114
0.12	2.75	0.017239922516722288	0.28396923696930126	43.268623405680145
0.12	3.0	0.017239922516722288	0.28396923696930126	45.36272748710449
0.12	3.25	0.017239922516722288	0.28396923696930126	47.29966889816764
0.12	3.5	0.017239922516722288	0.28396923696930126	49.09648425590276
0.12	3.75	0.017239922516722288	0.28396923696930126	50.767833666507734
0.12	4.0	0.017239922516722288	0.28396923696930126	52.32640114837389
0.12	4.25	0.017239922516722288	0.28396923696930126	53.78321673276659
0.12	4.5	0.017239922516722288	0.28396923696930126	55.14791755096388
0.12	4.75	0.017239922516722288	0.28396923696930126	56.42896097884714
0.12	5.0	0.017239922516722288	0.28396923696930126	57.63379980472962
0.12	5.25	0.017239922516722288	0.28396923696930126	58.769027086964286
0.12	5.5	0.017239922516722288	0.28396923696930126	59.84049664867541
0.12	5.75	0.017239922516722288	0.28396923696930126	60.85342385965206
0.12	6.0	0.017239922516722288	0.28396923696930126	61.81247036803994
0.12	6.25	0.017239922516722288	0.28396923696930126	62.72181568684626
0.12	6.5	0.017239922516722288	0.28396923696930126	63.585217954508316
0.12	6.75	0.017239922516722288	0.28396923696930126	64.40606573262536
0.12	7.0	0.017239922516722288	0.28396923696930126	65.1874223463086
0.12	7.25	0.017239922516722288	0.28396923696930126	65.93206399038782
0.12	7.5	0.017239922516722288	0.28396923696930126	66.64251260064944
0.12	7.75	0.017239922516722288	0.28396923696930126	67.32106431035939
0.12	8.0	0.017239922516722288	0.28396923696930126	67.96981416865485
0.12	8.25	0.017239922516722288	0.28396923696930126	68.59067768142451
0.12	8.5	0.017239922516722288	0.28396923696930126	69.1854096412238
0.12	8.75	0.017239922516722288	0.28396923696930126	69.75562063609073
0.12	9.0	0.017239922516722288	0.28396923696930126	70.30279156434318
0.12	9.25	0.017239922516722288	0.28396923696930126	70.8282864308012
0.12	9.5	0.017239922516722288	0.28396923696930126	71.3333636572361
0.12	9.75	0.017239922516722288	0.28396923696930126	71.81918610449121
0.12	10.0	0.017239922516722288	0.28396923696930126	72.28682997429125
0.12	10.25	0.017239922516722288	0.28396923696930126	72.73729273417248
0.12	10.5	0.017239922516722288	0.28396923696930126	73.17150018835714
0.12	10.75	0.017239922516722288	0.28396923696930126	73.59031280005654
0.12	11.0	0.017239922516722288	0.28396923696930126	73.9945313560579
0.12	11.25	0.017239922516722288	0.28396923696930126	74.38490205206047
0.12	11.5	0.017239922516722288	0.28396923696930126	74.76212106670837
0.12	11.75	0.017239922516722288	0.28396923696930126	75.1268386833091
0.12	12.0	0.017239922516722288	0.28396923696930126	75.47966301057373
0.12	12.25	0.017239922516722288	0.28396923696930126	75.82116334716375
0.12	12.5	0.017239922516722288	0.28396923696930126	76.1518732292014
0.12	12.75	0.017239922516722288	0.28396923696930126	76.47229319505797
0.12	13.0	0.017239922516722288	0.28396923696930126	76.78289329755388
0.12	13.25	0.017239922516722288	0.28396923696930126	77.08411539008881
0.12	13.5	0.017239922516722288	0.28396923696930126	77.37637521008612
0.12	13.75	0.017239922516722288	0.28396923696930126	77.66006428041041
0.12	14.0	0.017239922516722288	0.28396923696930126	77.93555164704655
0.12	14.25	0.017239922516722288	0.28396923696930126	78.20318546925712
0.12	14.5	0.017239922516722288	0.28396923696930126	78.46329447662598
0.12	14.75	0.017239922516722288	0.28396923696930126	78.71618930580918
0.12	15.0	0.017239922516722288	0.28396923696930126	78.9621637284227
0.12	15.25	0.017239922516722288	0.28396923696930126	79.20149578027146
0.12	15.5	0.017239922516722288	0.28396923696930126	79.434448801046
0.12	15.75	0.017239922516722288	0.28396923696930126	79.66127239266025
0.12	16.0	0.017239922516722288	0.28396923696930126	79.88220330356273
0.12	16.25	0.017239922516722288	0.28396923696930126	80.0974662456073
0.12	16.5	0.017239922516722288	0.28396923696930126	80.30727464940873
0.12	16.75	0.017239922516722288	0.28396923696930126	80.51183136352068
0.12	17.0	0.017239922516722288	0.28396923696930126	80.71132930225069
0.12	17.25	0.017239922516722288	0.28396923696930126	80.90595204646098
0.12	17.5	0.017239922516722288	0.28396923696930126	81.09587440128836
0.12	17.75	0.017239922516722288	0.28396923696930126	81.2812629143446
0.12	18.0	0.017239922516722288	0.28396923696930126	81.46227635762594
0.12	18.25	0.017239922516722288	0.28396923696930126	81.639066176063
0.12	18.5	0.017239922516722288	0.28396923696930126	81.81177690537442
0.12	18.75	0.017239922516722288	0.28396923696930126	81.98054656164712
0.12	19.0	0.017239922516722288	0.28396923696930126	82.14550700485073
0.12	19.25	0.017239922516722288	0.28396923696930126	82.30678427829774
0.12	19.5	0.017239922516722288	0.28396923696930126	82.46449892588686
0.12	19.75	0.017239922516722288	0.28396923696930126	82.61876628880701
0.12	20.0	0.017239922516722288	0.28396923696930126	82.76969678323714
0.12	20.25	0.017239922516722288	0.28396923696930126	82.91739616044693
0.12	20.5	0.017239922516722288	0.28396923696930126	83.06196575058591
0.12	20.75	0.017239922516722288	0.28396923696930126	83.20350269134228
0.12	21.0	0.017239922516722288	0.28396923696930126	83.34210014255538
0.12	21.25	0.017239922516722288	0.28396923696930126	83.47784748777876
0.12	21.5	0.017239922516722288	0.28396923696930126	83.61083052370992
0.12	21.75	0.017239922516722288	0.28396923696930126	83.74113163833037
0.12	22.0	0.017239922516722288	0.28396923696930126	83.86882997853364
0.12	22.25	0.017239922516722288	0.28396923696930126	83.99400160795732
0.12	22.5	0.017239922516722288	0.28396923696930126	84.11671965568101
0.12	22.75	0.017239922516722288	0.28396923696930126	84.23705445640103
0.12	23.0	0.017239922516722288	0.28396923696930126	84.35507368264591
0.12	23.25	0.017239922516722288	0.28396923696930126	84.47084246955573
0.12	23.5	0.017239922516722288	0.28396923696930126	84.58442353270814
0.12	23.75	0.017239922516722288	0.28396923696930126	84.69587727943916
0.12	24.0	0.017239922516722288	0.28396923696930126	84.80526191407398
0.13	0.0	0.018676582726449148	0.2821046457038823	0.0
0.13	0.25	0.018676582726449148	0.2821046457038823	6.573643693649656
0.13	0.5	0.018676582726449148	0.2821046457038823	12.311144731024042
0.13	0.75	0.018676582726449148	0.2821046457038823	17.362443413461143
0.13	1.0	0.018676582726449148	0.2821046457038823	21.843651636028248
0.13	1.25	0.018676582726449148	0.2821046457038823	25.84608366302571
0.13	1.5	0.018676582726449148	0.2821046457038823	29.442540527957078
0.13	1.75	0.018676582726449148	0.2821046457038823	32.69177546173064
0.13	2.0	0.018676582726449148	0.2821046457038823	35.64172631721749
0.13	2.25	0.018676582726449148	0.2821046457038823	38.331894717854624
0.13	2.5	0.018676582726449148	0.2821046457038823	40.79512363927191
0.13	2.75	0.018676582726449148	0.2821046457038823	43.05894370504922
0.13	3.0	0.018676582726449148	0.2821046457038823	45.146605532713636
0.13	3.25	0.018676582726449148	0.2821046457038823	47.077880348022624
0.13	3.5	0.018676582726449148	0.2821046457038823	48.86968736556577
0.13	3.75	0.018676582726449148	0.2821046457038823	50.5365901443975
0.13	4.0	0.018676582726449148	0.2821046457038823	52.09119276934949
0.13	4.25	0.018676582726449148	0.2821046457038823	53.54445867713669
0.13	4.5	0.018676582726449148	0.2821046457038823	54.9059691929585
0.13	4.75	0.018676582726449148	0.2821046457038823	56.18413467196814
0.13	5.0	0.018676582726449148	0.2821046457038823	57.3863680816825
0.13	5.25	0.018676582726449148	0.2821046457038823	58.51922859564843
0.13	5.5	0.018676582726449148	0.2821046457038823	59.5885410736546
0.13	5.75	0.018676582726449148	0.2821046457038823	60.59949602408988
0.13	6.0	0.018676582726449148	0.2821046457038823	61.556733669617195
0.13	6.25	0.018676582726449148	0.2821046457038823	62.46441498934234
0.13	6.5	0.018676582726449148	0.2821046457038823	63.32628203210645
0.13	6.75	0.018676582726449148	0.2821046457038823	64.14570934482708
0.13	7.0	0.018676582726449148	0.2821046457038823	64.9257480063116
0.13	7.25	0.018676582726449148	0.2821046457038823	65.6691634779231
0.13	7.5	0.018676582726449148	0.2821046457038823	66.3784682608658
0.13	7.75	0.018676582726449148	0.2821046457038823	67.05595017283486
0.13	8.0	0.018676582726449148	0.2821046457038823	67.70369691459145
0.13	8.25	0.018676582726449148	0.2821046457038823	68.32361748222635
0.13	8.5	0.018676582726449148	0.2821046457038823	68.91746088772233
0.13	8.75	0.018676582726449148	0.2821046457038823	69.48683257447871
0.13	9.0	0.018676582726449148	0.2821046457038823	70.03320885225862
0.13	9.25	0.018676582726449148	0.2821046457038823	70.55794962485226
0.13	9.5	0.018676582726449148	0.2821046457038823	71.06230964148463
0.13	9.75	0.018676582726449148	0.2821046457038823	71.5474484679451
0.13	10.0	0.018676582726449148	0.2821046457038823	72.0144393442362
0.13	10.25	0.018676582726449148	0.2821046457038823	72.46427707115791
0.13	10.5	0.018676582726449148	0.2821046457038823	72.89788504779935
0.13	10.75	0.018676582726449148	0.2821046457038823	73.31612156471014
0.13	11.0	0.018676582726449148	0.2821046457038823	73.71978544300327
0.13	11.25	0.018676582726449148	0.2821046457038823	74.10962109734909
0.13	11.5	0.018676582726449148	0.2821046457038823	74.48632309037704
0.13	11.75	0.018676582726449148	0.2821046457038823	74.85054023710784
0.13	12.0	0.018676582726449148	0.2821046457038823	75.20287931044261
0.13	12.25	0.018676582726449148	0.2821046457038823	75.54390839222616
0.13	12.5	0.018676582726449148	0.2821046457038823	75.87415990881489
0.13	12.75	0.018676582726449148	0.2821046457038823	76.19413338526745
0.13	13.0	0.018676582726449148	0.2821046457038823	76.50429794812402
0.13	13.25	0.018676582726449148	0.2821046457038823	76.8050946031478
0.13	13.5	0.018676582726449148	0.2821046457038823	77.09693831128635
0.13	13.75	0.018676582726449148	0.2821046457038823	77.38021988340442
0.13	14.0	0.018676582726449148	0.2821046457038823	77.655307711981
0.13	14.25	0.018676582726449148	0.2821046457038823	77.92254935590607
0.13	14.5	0.018676582726449148	0.2821046457038823	78.18227299271297
0.13	14.75	0.018676582726449148	0.2821046457038823	78.43478875100537
0.13	15.0	0.018676582726449148	0.2821046457038823	78.68038993445325
0.13	15.25	0.018676582726449148	0.2821046457038823	78.9193541475146
0.13	15.5	0.018676582726449148	0.2821046457038823	79.15194433196719
0.13	15.75	0.018676582726449148	0.2821046457038823	79.3784097223867
0.13	16.0	0.018676582726449148	0.2821046457038823	79.59898672787088
0.13	16.25	0.018676582726449148	0.2821046457038823	79.81389974656716
0.13	16.5	0.018676582726449148	0.2821046457038823	80.02336191890346
0.13	16.75	0.018676582726449148	0.2821046457038823	80.22757582483726
0.13	17.0	0.018676582726449148	0.2821046457038823	80.42673412991749
0.13	17.25	0.018676582726449148	0.2821046457038823	80.62102018449042
0.13	17.5	0.018676582726449148	0.2821046457038823	80.81060857996707
0.13	17.75	0.018676582726449148	0.2821046457038823	80.99566566569901
0.13	18.0	0.018676582726449148	0.2821046457038823	81.17635002967968
0.13	18.25	0.018676582726449148	0.2821046457038823	81.35281294599005
0.13	18.5	0.018676582726449148	0.2821046457038823	81.52519879164286
0.13	18.75	0.018676582726449148	0.2821046457038823	81.69364543523938
0.13	19.0	0.018676582726449148	0.2821046457038823	81.85828459963726
0.13	19.25	0.018676582726449148	0.2821046457038823	82.01924220063532
0.13	19.5	0.018676582726449148	0.2821046457038823	82.1766386635048
0.13	19.75	0.018676582726449148	0.2821046457038823	82.33058921903987
0.13	20.0	0.018676582726449148	0.2821046457038823	82.48120418065642
0.13	20.25	0.018676582726449148	0.2821046457038823	82.62858920394044
0.13	20.5	0.018676582726449148	0.2821046457038823	82.77284552992825
0.13	20.75	0.018676582726449148	0.2821046457038823	82.9140702132967
0.13	21.0	0.018676582726449148	0.2821046457038823	83.05235633654374
0.13	21.25	0.018676582726449148	0.2821046457038823	83.18779321115296
0.13	21.5	0.018676582726449148	0.2821046457038823	83.32046656665524
0.13	21.75	0.018676582726449148	0.2821046457038823	83.45045872842908
0.13	22.0	0.018676582726449148	0.2821046457038823	83.57784878501414
0.13	22.25	0.018676582726449148	0.2821046457038823	83.70271274565285
0.13	22.5	0.018676582726449148	0.2821046457038823	83.82512368871917
0.13	22.75	0.018676582726449148	0.2821046457038823	83.94515190164401
0.13	23.0	0.018676582726449148	0.2821046457038823	84.0628650128999
0.13	23.25	0.018676582726449148	0.2821046457038823	84.17832811656602
0.13	23.5	0.018676582726449148	0.2821046457038823	84.29160388995547
0.13	23.75	0.018676582726449148	0.2821046457038823	84.40275270475166
0.13	24.0	0.018676582726449148	0.2821046457038823	84.5118327320676
0.14	0.0	0.020113242936176005	0.2802400544384632	0.0
0.14	0.25	0.020113242936176005	0.2802400544384632	6.531937651368955
0.14	0.5	0.020113242936176005	0.2802400544384632	12.235881705510174
0.14	0.75	0.020113242936176005	0.2802400544384632	17.259824522947106
0.14	1.0	0.020113242936176005	0.2802400544384632	21.718472814461954
0.14	1.25	0.020113242936176005	0.2802400544384632	25.702107501200093
0.14	1.5	0.020113242936176005	0.2802400544384632	29.28275666846172
0.14	1.75	0.020113242936176005	0.2802400544384632	32.51858653381972
0.14	2.0	0.020113242936176005	0.2802400544384632	35.45708303331527
0.14	2.25	0.020113242936176005	0.2802400544384632	38.137395579406636
0.14	2.5	0.020113242936176005	0.2802400544384632	40.59208957109459
0.14	2.75	0.020113242936176005	0.2802400544384632	42.84847464489756
0.14	3.0	0.020113242936176005	0.2802400544384632	44.92962384484317
0.14	3.25	0.020113242936176005	0.2802400544384632	46.855164488230415
0.14	3.5	0.020113242936176005	0.2802400544384632	48.641898245860595
0.14	3.75	0.020113242936176005	0.2802400544384632	50.30429196942802
0.14	4.0	0.020113242936176005	0.2802400544384632	51.85486964325297
0.14	4.25	0.020113242936176005	0.2802400544384632	53.30452794339411
0.14	4.5	0.020113242936176005	0.2802400544384632	54.66279222831443
0.14	4.75	0.020113242936176005	0.2802400544384632	55.938025679880774
0.14	5.0	0.020113242936176005	0.2802400544384632	57.13760130173421
0.14	5.25	0.020113242936176005	0.2802400544384632	58.26804424957507
0.14	5.5	0.020113242936176005	0.2802400544384632	59.33515029689323
0.14	5.75	0.020113242936176005	0.2802400544384632	60.34408497750698
0.14	6.0	0.020113242936176005	0.2802400544384632	61.29946698474518
0.14	6.25	0.020113242936176005	0.2802400544384632	62.20543866870221
0.14	6.5	0.020113242936176005	0.2802400544384632	63.06572590163171
0.14	6.75	0.020113242936176005	0.2802400544384632	63.88368913626523
0.14	7.0	0.020113242936176005	0.2802400544384632	64.66236713247076
0.14	7.25	0.020113242936176005	0.2802400544384632	65.4045145517889
0.14	7.5	0.020113242936176005	0.2802400544384632	66.1126344002117
0.14	7.75	0.020113242936176005	0.2802400544384632	66.78900612444514
0.14	8.0	0.020113242936176005	0.2802400544384632	67.43571002619447
0.14	8.25	0.020113242936176005	0.2802400544384632	68.05464854537716
0.14	8.5	0.020113242936176005	0.2802400544384632	68.64756487093781
0.14	8.75	0.020113242936176005	0.2802400544384632	69.21605926272221
0.14	9.0	0.020113242936176005	0.2802400544384632	69.7616034062489
0.14	9.25	0.020113242936176005	0.2802400544384632	70.28555307151906
0.14	9.5	0.020113242936176005	0.2802400544384632	70.78915930511623
0.14	9.75	0.020113242936176005	0.2802400544384632	71.27357835010396
0.14	10.0	0.020113242936176005	0.2802400544384632	71.7398804592968
0.14	10.25	0.020113242936176005	0.2802400544384632	72.18905774330165
0.14	10.5	0.020113242936176005	0.2802400544384632	72.62203117445013
0.14	10.75	0.020113242936176005	0.2802400544384632	73.0396568506768
0.14	11.0	0.020113242936176005	0.2802400544384632	73.44273160899382
0.14	11.25	0.020113242936176005	0.2802400544384632	73.83199806601132
0.14	11.5	0.020113242936176005	0.2802400544384632	74.20814915258894
0.14	11.75	0.020113242936176005	0.2802400544384632	74.5718322008749
0.14	12.0	0.020113242936176005	0.2802400544384632	74.9236526344458
0.14	12.25	0.020113242936176005	0.2802400544384632	75.26417730579834
0.14	12.5	0.020113242936176005	0.2802400544384632	75.59393751989428
0.14	12.75	0.020113242936176005	0.2802400544384632	75.91343177768039
0.14	13.0	0.020113242936176005	0.2802400544384632	76.22312826938091
0.14	13.25	0.020113242936176005	0.2802400544384632	76.52346714378938
0.14	13.5	0.020113242936176005	0.2802400544384632	76.81486257669246
0.14	13.75	0.020113242936176005	0.2802400544384632	77.09770465886731
0.14	14.0	0.020113242936176005	0.2802400544384632	77.37236112175103
0.14	14.25	0.020113242936176005	0.2802400544384632	77.63917891683477
0.14	14.5	0.020113242936176005	0.2802400544384632	77.8984856630467
0.14	14.75	0.020113242936176005	0.2802400544384632	78.15059097481988
0.14	15.0	0.020113242936176005	0.2802400544384632	78.39578768216431
0.14	15.25	0.020113242936176005	0.2802400544384632	78.63435295285197
0.14	15.5	0.020113242936176005	0.2802400544384632	78.86654932575668
0.14	15.75	0.020113242936176005	0.2802400544384632	79.0926256634476
0.14	16.0	0.020113242936176005	0.2802400544384632	79.31281803130372
0.14	16.25	0.020113242936176005	0.2802400544384632	79.52735050967716
0.14	16.5	0.020113242936176005	0.2802400544384632	79.73643594498002
0.14	16.75	0.020113242936176005	0.2802400544384632	79.94027664498658
0.14	17.0	0.020113242936176005	0.2802400544384632	80.13906502312577
0.14	17.25	0.020113242936176005	0.2802400544384632	80.33298419607698
0.14	17.5	0.020113242936176005	0.2802400544384632	80.5222085385707
0.14	17.75	0.020113242936176005	0.2802400544384632	80.70690419892732
0.14	18.0	0.020113242936176005	0.2802400544384632	80.88722957853757
0.14	18.25	0.020113242936176005	0.2802400544384632	81.06333577819333
0.14	18.5	0.020113242936176005	0.2802400544384632	81.23536701391224
0.14	18.75	0.020113242936176005	0.2802400544384632	81.40346100466077
0.14	19.0	0.020113242936176005	0.2802400544384632	81.56774933416749
0.14	19.25	0.020113242936176005	0.2802400544384632	81.72835778882356
0.14	19.5	0.020113242936176005	0.2802400544384632	81.88540667349471
0.14	19.75	0.020113242936176005	0.2802400544384632	82.03901110691078
0.14	20.0	0.020113242936176005	0.2802400544384632	82.18928129815728
0.14	20.25	0.020113242936176005	0.2802400544384632	82.33632280566484
0.14	20.5	0.020113242936176005	0.2802400544384632	82.48023677997507
0.14	20.75	0.020113242936176005	0.2802400544384632	82.62112019145688
0.14	21.0	0.020113242936176005	0.2802400544384632	82.75906604404999
0.14	21.25	0.020113242936176005	0.2802400544384632	82.8941635760261
0.14	21.5	0.020113242936176005	0.2802400544384632	83.02649844867855
0.14	21.75	0.020113242936176005	0.2802400544384632	83.15615292377836
0.14	22.0	0.020113242936176005	0.2802400544384632	83.28320603056999
0.14	22.25	0.020113242936176005	0.2802400544384632	83.40773372301848
0.14	22.5	0.020113242936176005	0.2802400544384632	83.52980902796598
0.14	22.75	0.020113242936176005	0.2802400544384632	83.64950218480465
0.14	23.0	0.020113242936176005	0.2802400544384632	83.7668807772276
0.14	23.25	0.020113242936176005	0.2802400544384632	83.88200985757678
0.14	23.5	0.020113242936176005	0.2802400544384632	83.99495206426916
0.14	23.75	0.020113242936176005	0.2802400544384632	84.10576773274589
0.14	24.0	0.020113242936176005	0.2802400544384632	84.2145150003582
0.15	0.0	0.02154990314590286	0.27837546317307976	0.0
0.15	0.25	0.02154990314590286	0.27837546317307976	6.490209209983735
0.15	0.5	0.02154990314590286	0.27837546317307976	12.160542545738146
0.15	0.75	0.02154990314590286	0.27837546317307976	17.15705834995601
0.15	1.0	0.02154990314590286	0.27837546317307976	21.59306653180411
0.15	1.25	0.02154990314590286	0.27837546317307976	25.557819746759353
0.15	1.5	0.02154990314590286	0.27837546317307976	29.1225762006196
0.15	1.75	0.02154990314590286	0.27837546317307976	32.344916927801926
0.15	2.0	0.02154990314590286	0.27837546317307976	35.27187700629498
0.15	2.25	0.02154990314590286	0.27837546317307976	37.94225421317358
0.15	2.5	0.02154990314590286	0.27837546317307976	40.388336643602344
0.15	2.75	0.02154990314590286	0.27837546317307976	42.637213031220355
0.15	3.0	0.02154990314590286	0.27837546317307976	44.71177881502614
0.15	3.25	0.02154990314590286	0.27837546317307976	46.63151730341139
0.15	3.5	0.02154990314590286	0.27837546317307976	48.413112484113206
0.15	3.75	0.02154990314590286	0.27837546317307976	50.07093434267136
0.15	4.0	0.02154990314590286	0.27837546317307976	51.61742659687211
0.15	4.25	0.02154990314590286	0.27837546317307976	53.06341899657168
0.15	4.5	0.02154990314590286	0.27837546317307976	54.41838077312212
0.15	4.75	0.02154990314590286	0.27837546317307976	55.69062778262374
0.15	5.0	0.02154990314590286	0.27837546317307976	56.88749292169279
0.15	5.25	0.02154990314590286	0.27837546317307976	58.01546719496661
0.15	5.5	0.02154990314590286	0.27837546317307976	59.08031716642295
0.15	5.75	0.02154990314590286	0.27837546317307976	60.087183281840005
0.15	6.0	0.02154990314590286	0.27837546317307976	61.04066260103069
0.15	6.25	0.02154990314590286	0.27837546317307976	61.944878749620585
0.15	6.5	0.02154990314590286	0.27837546317307976	62.80354133593044
0.15	6.75	0.02154990314590286	0.27837546317307976	63.61999663864763
0.15	7.0	0.02154990314590286	0.27837546317307976	64.39727102571837
0.15	7.25	0.02154990314590286	0.27837546317307976	65.13810829216774
0.15	7.5	0.02154990314590286	0.27837546317307976	65.84500188782145
0.15	7.75	0.02154990314590286	0.27837546317307976	66.52022283266857
0.15	8.0	0.02154990314590286	0.27837546317307976	67.16584397838437
0.15	8.25	0.02154990314590286	0.27837546317307976	67.78376116206024
0.15	8.5	0.02154990314590286	0.27837546317307976	68.37571170687596
0.15	8.75	0.02154990314590286	0.27837546317307976	68.94329064996393
0.15	9.0	0.02154990314590286	0.27837546317307976	69.48796501667957
0.15	9.25	0.02154990314590286	0.27837546317307976	70.01108641026234
0.15	9.5	0.02154990314590286	0.27837546317307976	70.51390214436088
0.15	9.75	0.02154990314590286	0.27837546317307976	70.99756511145706
0.15	10.0	0.02154990314590286	0.27837546317307976	71.46314255154083
0.15	10.25	0.02154990314590286	0.27837546317307976	71.91162386141217
0.15	10.5	0.02154990314590286	0.27837546317307976	72.34392756487505
0.15	10.75	0.02154990314590286	0.27837546317307976	72.76090754716212
0.15	11.0	0.02154990314590286	0.27837546317307976	73.16335864263516
0.15	11.25	0.02154990314590286	0.27837546317307976	73.55202165270002
0.15	11.5	0.02154990314590286	0.27837546317307976	73.92758786058877
0.15	11.75	0.02154990314590286	0.27837546317307976	74.29070310089715
0.15	12.0	0.02154990314590286	0.27837546317307976	74.64197143427737
0.15	12.25	0.02154990314590286	0.27837546317307976	74.98195847126897
0.15	12.5	0.02154990314590286	0.27837546317307976	75.31119438374004
0.15	12.75	0.02154990314590286	0.27837546317307976	75.63017663766331
0.15	13.0	0.02154990314590286	0.27837546317307976	75.93937247685444
0.15	13.25	0.02154990314590286	0.27837546317307976	76.23922118375373
0.15	13.5	0.02154990314590286	0.27837546317307976	76.53013614025677
0.15	13.75	0.02154990314590286	0.27837546317307976	76.81250670892582
0.15	14.0	0.02154990314590286	0.27837546317307976	77.08669995258543
0.15	14.25	0.02154990314590286	0.27837546317307976	77.35306220827175
0.15	14.5	0.02154990314590286	0.27837546317307976	77.61192052972751
0.15	14.75	0.02154990314590286	0.27837546317307976	77.86358401107519
0.15	15.0	0.02154990314590286	0.27837546317307976	78.10834500293308
0.15	15.25	0.02154990314590286	0.27837546317307976	78.3464802310339
0.15	15.5	0.02154990314590286	0.27837546317307976	78.57825182634522
0.15	15.75	0.02154990314590286	0.27837546317307976	78.80390827475371
0.15	16.0	0.02154990314590286	0.27837546317307976	79.02368529354645
0.15	16.25	0.02154990314590286	0.27837546317307976	79.23780664118921
0.15	16.5	0.02154990314590286	0.27837546317307976	79.44648486624948
0.15	16.75	0.02154990314590286	0.27837546317307976	79.64992200073394
0.15	17.0	0.02154990314590286	0.27837546317307976	79.84831020259496
0.15	17.25	0.02154990314590286	0.27837546317307976	80.04183235170083
0.15	17.5	0.02154990314590286	0.27837546317307976	80.23066260315582
0.15	17.75	0.02154990314590286	0.27837546317307976	80.41496690148834
0.15	18.0	0.02154990314590286	0.27837546317307976	80.59490345889901
0.15	18.25	0.02154990314590286	0.27837546317307976	80.77062320046498
0.15	18.5	0.02154990314590286	0.27837546317307976	80.94227017893446
0.15	18.75	0.02154990314590286	0.27837546317307976	81.10998196150702
0.15	19.0	0.02154990314590286	0.27837546317307976	81.27388999078259
0.15	19.25	0.02154990314590286	0.27837546317307976	81.4341199218699
0.15	19.5	0.02154990314590286	0.27837546317307976	81.59079193747105
0.15	19.75	0.02154990314590286	0.27837546317307976	81.74402104260326
0.15	20.0	0.02154990314590286	0.27837546317307976	81.89391734047626
0.15	20.25	0.02154990314590286	0.27837546317307976	82.04058629091672
0.15	20.5	0.02154990314590286	0.27837546317307976	82.18412895261389
0.15	20.75	0.02154990314590286	0.27837546317307976	82.32464221035652
0.15	21.0	0.02154990314590286	0.27837546317307976	82.4622189883343
0.15	21.25	0.02154990314590286	0.27837546317307976	82.59694845049124
0.15	21.5	0.02154990314590286	0.27837546317307976	82.72891618883843
0.15	21.75	0.02154990314590286	0.27837546317307976	82.85820440056213
0.15	22.0	0.02154990314590286	0.27837546317307976	82.9848920546975
0.15	22.25	0.02154990314590286	0.27837546317307976	83.10905504907802
0.15	22.5	0.02154990314590286	0.27837546317307976	83.2307663582161
0.15	22.75	0.02154990314590286	0.27837546317307976	83.3500961727206
0.15	23.0	0.02154990314590286	0.27837546317307976	83.4671120308107
0.15	23.25	0.02154990314590286	0.27837546317307976	83.58187894244429
0.15	23.5	0.02154990314590286	0.27837546317307976	83.69445950654003
0.15	23.75	0.02154990314590286	0.27837546317307976	83.80491402173728
0.15	24.0	0.02154990314590286	0.27837546317307976	83.91330059110578
0.16	0.0	0.022986563355629718	0.2765108719076963	0.0
0.16	0.25	0.022986563355629718	0.2765108719076963	6.448458354060526
0.16	0.5	0.022986563355629718	0.2765108719076963	12.085127154522016
0.16	0.75	0.022986563355629718	0.2765108719076963	17.054144632197563
0.16	1.0	0.022986563355629718	0.2765108719076963	21.46743228393465
0.16	1.25	0.022986563355629718	0.2765108719076963	25.41321959142648
0.16	1.5	0.022986563355629718	0.2765108719076963	28.961997965144274
0.16	1.75	0.022986563355629718	0.2765108719076963	32.17076510047042
0.16	2.0	0.022986563355629718	0.2765108719076963	35.08610628773829
0.16	2.25	0.022986563355629718	0.2765108719076963	37.746468253501504
0.16	2.5	0.022986563355629718	0.2765108719076963	40.183862069069455
0.16	2.75	0.022986563355629718	0.2765108719076963	42.425155654837205
0.16	3.0	0.022986563355629718	0.2765108719076963	44.49306681730305
0.16	3.25	0.022986563355629718	0.2765108719076963	46.40693475846345
0.16	3.5	0.022986563355629718	0.2765108719076963	48.18332564582509
0.16	3.75	0.022986563355629718	0.2765108719076963	49.83651244143296
0.16	4.0	0.022986563355629718	0.2765108719076963	51.378858431474235
0.16	4.25	0.022986563355629718	0.2765108719076963	52.821126274637955
0.16	4.5	0.022986563355629718	0.2765108719076963	54.172728915091454
0.16	4.75	0.022986563355629718	0.2765108719076963	55.44193473078214
0.16	5.0	0.022986563355629718	0.2765108719076963	56.636036368093876
0.16	5.25	0.022986563355629718	0.2765108719076963	57.76149054721806
0.16	5.5	0.022986563355629718	0.2765108719076963	58.82403449916459
0.16	5.75	0.022986563355629718	0.2765108719076963	59.82878346790872
0.16	6.0	0.022986563355629718	0.2765108719076963	60.780312775239864
0.16	6.25	0.022986563355629718	0.2765108719076963	61.682727226514
0.16	6.5	0.022986563355629718	0.2765108719076963	62.539720078422135
0.16	6.75	0.022986563355629718	0.2765108719076963	63.35462335539868
0.16	7.0	0.022986563355629718	0.2765108719076963	64.13045096014022
0.16	7.25	0.022986563355629718	0.2765108719076963	64.86993575412814
0.16	7.5	0.022986563355629718	0.2765108719076963	65.57556156974476
0.16	7.75	0.022986563355629718	0.2765108719076963	66.24959094422607
0.16	8.0	0.022986563355629718	0.2765108719076963	66.89408922795084
0.16	8.25	0.022986563355629718	0.2765108719076963	67.51094560825501
0.16	8.5	0.022986563355629718	0.2765108719076963	68.10189149956653
0.16	8.75	0.022986563355629718	0.2765108719076963	68.66851667690078
0.16	9.0	0.022986563355629718	0.2765108719076963	69.21228346930366
0.16	9.25	0.022986563355629718	0.2765108719076963	69.73453928006792
0.16	9.5	0.022986563355629718	0.2765108719076963	70.23652765941627
0.16	9.75	0.022986563355629718	0.2765108719076963	70.7193981212099
0.16	10.0	0.022986563355629718	0.2765108719076963	71.18421486680847
0.16	10.25	0.022986563355629718	0.2765108719076963	71.6319645554344
0.16	10.5	0.022986563355629718	0.2765108719076963	72.06356324044992
0.16	10.75	0.022986563355629718	0.2765108719076963	72.47986257416645
0.16	11.0	0.022986563355629718	0.2765108719076963	72.88165536962414
0.16	11.25	0.022986563355629718	0.2765108719076963	73.26968059576934
0.16	11.5	0.022986563355629718	0.2765108719076963	73.64462787224706
0.16	11.75	0.022986563355629718	0.2765108719076963	74.00714152132818
0.16	12.0	0.022986563355629718	0.2765108719076963	74.35782422705638
0.16	12.25	0.022986563355629718	0.2765108719076963	74.69724034532908
0.16	12.5	0.022986563355629718	0.2765108719076963	75.02591890315311
0.16	12.75	0.022986563355629718	0.2765108719076963	75.34435632060314
0.16	13.0	0.022986563355629718	0.2765108719076963	75.65301888493862
0.16	13.25	0.022986563355629718	0.2765108719076963	75.95234500281403
0.16	13.5	0.022986563355629718	0.2765108719076963	76.24274725346032
0.16	13.75	0.022986563355629718	0.2765108719076963	76.52461426305963
0.16	14.0	0.022986563355629718	0.2765108719076963	76.79831241822036
0.16	14.25	0.022986563355629718	0.2765108719076963	77.06418743443906
0.16	14.5	0.022986563355629718	0.2765108719076963	77.32256579366857
0.16	14.75	0.022986563355629718	0.2765108719076963	77.57375606356112
0.16	15.0	0.022986563355629718	0.2765108719076963	77.81805010959532
0.16	15.25	0.022986563355629718	0.2765108719076963	78.0557242100986
0.16	15.5	0.022986563355629718	0.2765108719076963	78.28704008312086
0.16	15.75	0.022986563355629718	0.2765108719076963	78.51224583318381
0.16	16.0	0.022986563355629718	0.2765108719076963	78.73157682510636
0.16	16.25	0.022986563355629718	0.2765108719076963	78.94525649137601
0.16	16.5	0.022986563355629718	0.2765108719076963	79.15349707888868
0.16	16.75	0.022986563355629718	0.2765108719076963	79.35650034030326
0.16	17.0	0.022986563355629718	0.2765108719076963	79.55445817474516
0.16	17.25	0.022986563355629718	0.2765108719076963	79.74755322213593
0.16	17.5	0.022986563355629718	0.2765108719076963	79.93595941501782
0.16	17.75	0.022986563355629718	0.2765108719076963	80.1198424913788
0.16	18.0	0.022986563355629718	0.2765108719076963	80.29936047165535
0.16	18.25	0.022986563355629718	0.2765108719076963	80.47466410279947
0.16	18.5	0.022986563355629718	0.2765108719076963	80.64589727203237
0.16	18.75	0.022986563355629718	0.2765108719076963	80.8131973926722
0.16	19.0	0.022986563355629718	0.2765108719076963	80.97669576420999
0.16	19.25	0.022986563355629718	0.2765108719076963	81.13651790861732
0.16	19.5	0.022986563355629718	0.2765108719076963	81.29278388469608
0.16	19.75	0.022986563355629718	0.2765108719076963	81.4456085821247
0.16	20.0	0.022986563355629718	0.2765108719076963	81.59510199671493
0.16	20.25	0.022986563355629718	0.2765108719076963	81.74136948826478
0.16	20.5	0.022986563355629718	0.2765108719076963	81.88451202227822
0.16	20.75	0.022986563355629718	0.2765108719076963	82.02462639671707
0.16	21.0	0.022986563355629718	0.2765108719076963	82.16180545485551
0.16	21.25	0.022986563355629718	0.2765108719076963	82.29613828522045
0.16	21.5	0.022986563355629718	0.2765108719076963	82.4277104095234
0.16	21.75	0.022986563355629718	0.2765108719076963	82.55660395941617
0.16	22.0	0.022986563355629718	0.2765108719076963	82.68289784283877
0.16	22.25	0.022986563355629718	0.2765108719076963	82.80666790066738
0.16	22.5	0.022986563355629718	0.2765108719076963	82.92798705431572
0.16	22.75	0.022986563355629718	0.2765108719076963	83.04692544489386
0.16	23.0	0.022986563355629718	0.2765108719076963	83.16355056448224
0.16	23.25	0.022986563355629718	0.2765108719076963	83.27792738003745
0.16	23.5	0.022986563355629718	0.2765108719076963	83.39011845040775
0.16	23.75	0.022986563355629718	0.2765108719076963	83.50018403690105
0.16	24.0	0.022986563355629718	0.2765108719076963	83.60818220781637
0.17	0.0	0.02442322356535658	0.27464628064245866	0.0
0.17	0.25	0.02442322356535658	0.27464628064245866	6.406685068156153
0.17	0.5	0.02442322356535658	0.27464628064245866	12.009635434521789
0.17	0.75	0.02442322356535658	0.27464628064245866	16.951083106793135
0.17	1.0	0.02442322356535658	0.27464628064245866	21.341569565323805
0.17	1.25	0.02442322356535658	0.27464628064245866	25.26830622429247
0.17	1.5	0.02442322356535658	0.27464628064245866	28.80102079852729
0.17	1.75	0.02442322356535658	0.27464628064245866	31.996129502503095
0.17	2.0	0.02442322356535658	0.27464628064245866	34.89976892098807
0.17	2.25	0.02442322356535658	0.27464628064245866	37.55003532422227
0.17	2.5	0.02442322356535658	0.27464628064245866	39.97866304689943
0.17	2.75	0.02442322356535658	0.27464628064245866	42.21229929132351
0.17	3.0	0.02442322356535658	0.27464628064245866	44.27348420813723
0.17	3.25	0.02442322356535658	0.27464628064245866	46.18141279846322
0.17	3.5	0.02442322356535658	0.27464628064245866	47.95253327456031
0.17	3.75	0.02442322356535658	0.27464628064245866	49.60102141912714
0.17	4.0	0.02442322356535658	0.27464628064245866	51.13915992267146
0.17	4.25	0.02442322356535658	0.27464628064245866	52.57764418835485
0.17	4.5	0.02442322356535658	0.27464628064245866	53.92583071340509
0.17	4.75	0.02442322356535658	0.27464628064245866	55.19194024533832
0.17	5.0	0.02442322356535658	0.27464628064245866	56.38322503705282
0.17	5.25	0.02442322356535658	0.27464628064245866	57.506107390753535
0.17	5.5	0.02442322356535658	0.27464628064245866	58.56629508079222
0.17	5.75	0.02442322356535658	0.27464628064245866	59.56887803529072
0.17	6.0	0.02442322356535658	0.27464628064245866	60.518409733187006
0.17	6.25	0.02442322356535658	0.27464628064245866	61.418976063426676
0.17	6.5	0.02442322356535658	0.27464628064245866	62.27425384302625
0.17	6.75	0.02442322356535658	0.27464628064245866	63.0875607616096
0.17	7.0	0.02442322356535658	0.27464628064245866	63.861898182952636
0.17	7.25	0.02442322356535658	0.27464628064245866	64.59998796763115
0.17	7.5	0.02442322356535658	0.27464628064245866	65.30430426898566
0.17	7.75	0.02442322356535658	0.27464628064245866	65.97710108515575
0.17	8.0	0.02442322356535658	0.27464628064245866	66.62043621366533
0.17	8.25	0.02442322356535658	0.27464628064245866	67.23619214488974
0.17	8.5	0.02442322356535658	0.27464628064245866	67.82609434125906
0.17	8.75	0.02442322356535658	0.27464628064245866	68.39172727602491
0.17	9.0	0.02442322356535658	0.27464628064245866	68.93454854554989
0.17	9.25	0.02442322356535658	0.27464628064245866	69.45590131978368
0.17	9.5	0.02442322356535658	0.27464628064245866	69.95702535483544
0.17	9.75	0.02442322356535658	0.27464628064245866	70.43906675772459
0.17	10.0	0.02442322356535658	0.27464628064245866	70.90308666520603
0.17	10.25	0.02442322356535658	0.27464628064245866	71.35006897499865
0.17	10.5	0.02442322356535658	0.27464628064245866	71.78092724796585
0.17	10.75	0.02442322356535658	0.27464628064245866	72.19651088314666
0.17	11.0	0.02442322356535658	0.27464628064245866	72.59761065346825
0.17	11.25	0.02442322356535658	0.27464628064245866	72.98496367805184
0.17	11.5	0.02442322356535658	0.27464628064245866	73.35925789689541
0.17	11.75	0.02442322356535658	0.27464628064245866	73.72113610508121
0.17	12.0	0.02442322356535658	0.27464628064245866	74.07119959627768
0.17	12.25	0.02442322356535658	0.27464628064245866	74.41001145898002
0.17	12.5	0.02442322356535658	0.27464628064245866	74.73809956349905
0.17	12.75	0.02442322356535658	0.27464628064245866	75.055959273027
0.17	13.0	0.02442322356535658	0.27464628064245866	75.36405590806565
0.17	13.25	0.02442322356535658	0.27464628064245866	75.6628269900034
0.17	13.5	0.02442322356535658	0.27464628064245866	75.95268428659111
0.17	13.75	0.02442322356535658	0.27464628064245866	76.2340156794289
0.17	14.0	0.02442322356535658	0.27464628064245866	76.50718687127359
0.17	14.25	0.02442322356535658	0.27464628064245866	76.77254294897074
0.17	14.5	0.02442322356535658	0.27464628064245866	77.03040981605626
0.17	14.75	0.02442322356535658	0.27464628064245866	77.28109550753364
0.17	15.0	0.02442322356535658	0.27464628064245866	77.52489139797912
0.17	15.25	0.02442322356535658	0.27464628064245866	77.76207331293757
0.17	15.5	0.02442322356535658	0.27464628064245866	77.99290255252161
0.17	15.75	0.02442322356535658	0.27464628064245866	78.21762683520073
0.17	16.0	0.02442322356535658	0.27464628064245866	78.43648116894717
0.17	16.25	0.02442322356535658	0.27464628064245866	78.64968865617888
0.17	16.5	0.02442322356535658	0.27464628064245866	78.85746123829625
0.17	16.75	0.02442322356535658	0.27464628064245866	79.0600003850355
0.17	17.0	0.02442322356535658	0.27464628064245866	79.25749773335231
0.17	17.25	0.02442322356535658	0.27464628064245866	79.45013568009503
0.17	17.5	0.02442322356535658	0.27464628064245866	79.63808793231976
0.17	17.75	0.02442322356535658	0.27464628064245866	79.82152001873831
0.17	18.0	0.02442322356535658	0.27464628064245866	80.00058976546393
0.17	18.25	0.02442322356535658	0.27464628064245866	80.17544773892897
0.17	18.5	0.02442322356535658	0.27464628064245866	80.34623765858764
0.17	18.75	0.02442322356535658	0.27464628064245866	80.51309678178097
0.17	19.0	0.02442322356535658	0.27464628064245866	80.6761562629307
0.17	19.25	0.02442322356535658	0.27464628064245866	80.83554148903774
0.17	19.5	0.02442322356535658	0.27464628064245866	80.99137239328898
0.17	19.75	0.02442322356535658	0.27464628064245866	81.14376374842102
0.17	20.0	0.02442322356535658	0.27464628064245866	81.29282544134917
0.17	20.25	0.02442322356535658	0.27464628064245866	81.4386627304427
0.17	20.5	0.02442322356535658	0.27464628064245866	81.58137648671263
0.17	20.75	0.02442322356535658	0.27464628064245866	81.72106342007311
0.17	21.0	0.02442322356535658	0.27464628064245866	81.8578162917436
0.17	21.25	0.02442322356535658	0.27464628064245866	81.99172411377178
0.17	21.5	0.02442322356535658	0.27464628064245866	82.12287233657963
0.17	21.75	0.02442322356535658	0.27464628064245866	82.25134302536279
0.17	22.0	0.02442322356535658	0.27464628064245866	82.37721502610863
0.17	22.25	0.02442322356535658	0.27464628064245866	82.5005641219389
0.17	22.5	0.02442322356535658	0.27464628064245866	82.62146318042866
0.17	22.75	0.02442322356535658	0.27464628064245866	82.73998229250299
0.17	23.0	0.02442322356535658	0.27464628064245866	82.85618890346802
0.17	23.25	0.02442322356535658	0.27464628064245866	82.9701479366915
0.17	23.5	0.02442322356535658	0.27464628064245866	83.08192191040887
0.17	23.75	0.02442322356535658	0.27464628064245866	83.19157104809693
0.17	24.0	0.02442322356535658	0.27464628064245866	83.29915338282457
0.18	0.0	0.02585988377508343	0.272781689377221	0.0
0.18	0.25	0.02585988377508343	0.272781689377221	6.364889336806561
0.18	0.5	0.02585988377508343	0.272781689377221	11.934067288226998
0.18	0.75	0.02585988377508343	0.272781689377221	16.84787351024906
0.18	1.0	0.02585988377508343	0.272781689377221	21.215477868998345
0.18	1.25	0.02585988377508343	0.272781689377221	25.123078831772673
0.18	1.5	0.02585988377508343	0.272781689377221	28.639643532983822
0.18	1.75	0.02585988377508343	0.272781689377221	31.82100857839427
0.18	2.0	0.02585988377508343	0.272781689377221	34.71286294106573
0.18	2.25	0.02585988377508343	0.272781689377221	37.352953038554226
0.18	2.5	0.02585988377508343	0.272781689377221	39.772736763508384
0.18	2.75	0.02585988377508343	0.272781689377221	41.99864070087768
0.18	3.0	0.02585988377508343	0.272781689377221	44.05302732626569
0.18	3.25	0.02585988377508343	0.272781689377221	45.954947348500404
0.18	3.5	0.02585988377508343	0.272781689377221	47.720730891765776
0.18	3.75	0.02585988377508343	0.272781689377221	49.364456405085285
0.18	4.0	0.02585988377508343	0.272781689377221	50.898325820219306
0.18	4.25	0.02585988377508343	0.272781689377221	52.33296712106853
0.18	4.5	0.02585988377508343	0.272781689377221	53.67768019850464
0.18	4.75	0.02585988377508343	0.272781689377221	54.94063801745718
0.18	5.0	0.02585988377508343	0.272781689377221	56.12905229405108
0.18	5.25	0.02585988377508343	0.272781689377221	57.24931077881733
0.18	5.5	0.02585988377508343	0.272781689377221	58.30709166553188
0.18	5.75	0.02585988377508343	0.272781689377221	59.30745945213169
0.18	6.0	0.02585988377508343	0.272781689377221	60.254945669559284
0.18	6.25	0.02585988377508343	0.272781689377221	61.1536171938732
0.18	6.5	0.02585988377508343	0.272781689377221	62.007134314025436
0.18	6.75	0.02585988377508343	0.272781689377221	62.818800303925755
0.18	7.0	0.02585988377508343	0.272781689377221	63.59160391441705
0.18	7.25	0.02585988377508343	0.272781689377221	64.32825593747515
0.18	7.5	0.02585988377508343	0.272781689377221	65.0312207854803
0.18	7.75	0.02585988377508343	0.272781689377221	65.70274386082608
0.18	8.0	0.02585988377508343	0.272781689377221	66.34487535633232
0.18	8.25	0.02585988377508343	0.272781689377221	66.95949101793394
0.18	8.5	0.02585988377508343	0.272781689377221	67.54831031255812
0.18	8.75	0.02585988377508343	0.272781689377221	68.11291237180365
0.18	9.0	0.02585988377508343	0.272781689377221	68.65475002274981
0.18	9.25	0.02585988377508343	0.272781689377221	69.17516216839562
0.18	9.5	0.02585988377508343	0.272781689377221	69.67538473985336
0.18	9.75	0.02585988377508343	0.272781689377221	70.15656040889776
0.18	10.0	0.02585988377508343	0.272781689377221	70.61974722153707
0.18	10.25	0.02585988377508343	0.272781689377221	71.06592628990578
0.18	10.5	0.02585988377508343	0.272781689377221	71.49600866016885
0.18	10.75	0.02585988377508343	0.272781689377221	71.91084145761153
0.18	11.0	0.02585988377508343	0.272781689377221	72.31121339613647
0.18	11.25	0.02585988377508343	0.272781689377221	72.69785972756512
0.18	11.5	0.02585988377508343	0.272781689377221	73.07146669608895
0.18	11.75	0.02585988377508343	0.272781689377221	73.43267555464733
0.18	12.0	0.02585988377508343	0.272781689377221	73.7820861926849
0.18	12.25	0.02585988377508343	0.272781689377221	74.12026041846083
0.18	12.5	0.02585988377508343	0.272781689377221	74.44772493368865
0.18	12.75	0.02585988377508343	0.272781689377221	74.76497403363463
0.18	13.0	0.02585988377508343	0.272781689377221	75.07247206178874
0.18	13.25	0.02585988377508343	0.272781689377221	75.3706556447462
0.18	13.5	0.02585988377508343	0.272781689377221	75.65993572992161
0.18	13.75	0.02585988377508343	0.272781689377221	75.94069944609545
0.18	14.0	0.02585988377508343	0.272781689377221	76.21331180450726
0.18	14.25	0.02585988377508343	0.272781689377221	76.47811725621399
0.18	14.5	0.02585988377508343	0.272781689377221	76.73544111968607
0.18	14.75	0.02585988377508343	0.272781689377221	76.98559089108223
0.18	15.0	0.02585988377508343	0.272781689377221	77.22885744829982
0.18	15.25	0.02585988377508343	0.272781689377221	77.46551615871357
0.18	15.5	0.02585988377508343	0.272781689377221	77.69582789947223
0.18	15.75	0.02585988377508343	0.272781689377221	77.9200399983018
0.18	16.0	0.02585988377508343	0.272781689377221	78.13838710194811
0.18	16.25	0.02585988377508343	0.272781689377221	78.3510919786698
0.18	16.5	0.02585988377508343	0.272781689377221	78.55836626055171
0.18	16.75	0.02585988377508343	0.272781689377221	78.76041113083862
0.18	17.0	0.02585988377508343	0.272781689377221	78.95741796098199
0.18	17.25	0.02585988377508343	0.272781689377221	79.14956890164083
0.18	17.5	0.02585988377508343	0.272781689377221	79.33703743147288
0.18	17.75	0.02585988377508343	0.272781689377221	79.51998886719196
0.18	18.0	0.02585988377508343	0.272781689377221	79.69858083804402
0.18	18.25	0.02585988377508343	0.272781689377221	79.87296372756423
0.18	18.5	0.02585988377508343	0.272781689377221	80.04328108521764
0.18	18.75	0.02585988377508343	0.272781689377221	80.20967001029179
0.18	19.0	0.02585988377508343	0.272781689377221	80.37226151019915
0.18	19.25	0.02585988377508343	0.272781689377221	80.53118083515776
0.18	19.5	0.02585988377508343	0.272781689377221	80.68654779104716
0.18	19.75	0.02585988377508343	0.272781689377221	80.83847703208218
0.18	20.0	0.02585988377508343	0.272781689377221	80.98707833480726
0.18	20.25	0.02585988377508343	0.272781689377221	81.13245685478762
0.18	20.5	0.02585988377508343	0.272781689377221	81.27471336725895
0.18	20.75	0.02585988377508343	0.272781689377221	81.41394449289288
0.18	21.0	0.02585988377508343	0.272781689377221	81.55024290974144
0.18	21.25	0.02585988377508343	0.272781689377221	81.68369755233782
0.18	21.5	0.02585988377508343	0.272781689377221	81.81439379885195
0.18	21.75	0.02585988377508343	0.272781689377221	81.94241364712917
0.18	22.0	0.02585988377508343	0.272781689377221	82.0678358803746
0.18	22.25	0.02585988377508343	0.272781689377221	82.19073622318693
0.18	22.5	0.02585988377508343	0.272781689377221	82.3111874885909
0.18	22.75	0.02585988377508343	0.272781689377221	82.429259716669
0.18	23.0	0.02585988377508343	0.272781689377221	82.54502030534647
0.18	23.25	0.02585988377508343	0.272781689377221	82.65853413384345
0.18	23.5	0.02585988377508343	0.272781689377221	82.76986367926914
0.18	23.75	0.02585988377508343	0.272781689377221	82.87906912679856
0.18	24.0	0.02585988377508343	0.272781689377221	82.9862084738401
0.19	0.0	0.027296543984810292	0.27091709811200004	0.0
0.19	0.25	0.027296543984810292	0.27091709811200004	6.32307114453861
0.19	0.5	0.027296543984810292	0.27091709811200004	11.858422617972064
0.19	0.75	0.027296543984810292	0.27091709811200004	16.744515578477895
0.19	1.0	0.027296543984810292	0.27091709811200004	21.089156686563683
0.19	1.25	0.027296543984810292	0.27091709811200004	24.977536597627502
0.19	1.5	0.027296543984810292	0.27091709811200004	28.477864996466636
0.19	1.75	0.027296543984810292	0.27091709811200004	31.645400766459886
0.19	2.0	0.027296543984810292	0.27091709811200004	34.525386374664265
0.19	2.25	0.027296543984810292	0.27091709811200004	37.15521899908123
0.19	2.5	0.027296543984810292	0.27091709811200004	39.56608039228913
0.19	2.75	0.027296543984810292	0.27091709811200004	41.78417662826862
0.19	3.0	0.027296543984810292	0.27091709811200004	43.83169249263076
0.19	3.25	0.027296543984810292	0.27091709811200004	45.72753431359476
0.19	3.5	0.027296543984810292	0.27091709811200004	47.48791399667478
0.19	3.75	0.027296543984810292	0.27091709811200004	49.12681250444676
0.19	4.0	0.027296543984810292	0.27091709811200004	50.65635084789719
0.19	4.25	0.027296543984810292	0.27091709811200004	52.08708942858268
0.19	4.5	0.027296543984810292	0.27091709811200004	53.42827137195875
0.19	4.75	0.027296543984810292	0.27091709811200004	54.688021708351556
0.19	5.0	0.027296543984810292	0.27091709811200004	55.87351147380309
0.19	5.25	0.027296543984810292	0.27091709811200004	56.99109373334494
0.19	5.5	0.027296543984810292	0.27091709811200004	58.046416976040156
0.19	5.75	0.027296543984810292	0.27091709811200004	59.04452015503429
0.19	6.0	0.027296543984810292	0.27091709811200004	59.989912747819474
0.19	6.25	0.027296543984810292	0.27091709811200004	60.886642520758095
0.19	6.5	0.027296543984810292	0.27091709811200004	61.73835314600571
0.19	6.75	0.027296543984810292	0.27091709811200004	62.548333400510195
0.19	7.0	0.027296543984810292	0.27091709811200004	63.31955934782962
0.19	7.25	0.027296543984810292	0.27091709811200004	64.05473064331473
0.19	7.5	0.027296543984810292	0.27091709811200004	64.75630189614773
0.19	7.75	0.027296543984810292	0.27091709811200004	65.4265098560215
0.19	8.0	0.027296543984810292	0.27091709811200004	66.06739705891233
0.19	8.25	0.027296543984810292	0.27091709811200004	66.68083245856049
0.19	8.5	0.027296543984810292	0.27091709811200004	67.26852948262723
0.19	8.75	0.027296543984810292	0.27091709811200004	67.83206188092747
0.19	9.0	0.027296543984810292	0.27091709811200004	68.37287767443097
0.19	9.25	0.027296543984810292	0.27091709811200004	68.89231146536832
0.19	9.5	0.027296543984810292	0.27091709811200004	69.39159532877584
0.19	9.75	0.027296543984810292	0.27091709811200004	69.87186847259991
0.19	10.0	0.027296543984810292	0.27091709811200004	70.3341858257926
0.19	10.25	0.027296543984810292	0.27091709811200004	70.77952569066915
0.19	10.5	0.027296543984810292	0.27091709811200004	71.20879657635464
0.19	10.75	0.027296543984810292	0.27091709811200004	71.62284331376884
0.19	11.0	0.027296543984810292	0.27091709811200004	72.02245253875965
0.19	11.25	0.027296543984810292	0.27091709811200004	72.40835761826533
0.19	11.5	0.027296543984810292	0.27091709811200004	72.78124308441241
0.19	11.75	0.027296543984810292	0.27091709811200004	73.14174863295364
0.19	12.0	0.027296543984810292	0.27091709811200004	73.49047273517986
0.19	12.25	0.027296543984810292	0.27091709811200004	73.82797590620754
0.19	12.5	0.027296543984810292	0.27091709811200004	74.15478366718612
0.19	12.75	0.027296543984810292	0.27091709811200004	74.47138923435375
0.19	13.0	0.027296543984810292	0.27091709811200004	74.7782559638824
0.19	13.25	0.027296543984810292	0.27091709811200004	75.07581957800146
0.19	13.5	0.027296543984810292	0.27091709811200004	75.36449019489267
0.19	13.75	0.027296543984810292	0.27091709811200004	75.64465418224475
0.19	14.0	0.027296543984810292	0.27091709811200004	75.91667585208414
0.19	14.25	0.027296543984810292	0.27091709811200004	76.1808990125166
0.19	14.5	0.027296543984810292	0.27091709811200004	76.43764839027754
0.19	14.75	0.027296543984810292	0.27091709811200004	76.68723093646818
0.19	15.0	0.027296543984810292	0.27091709811200004	76.92993702651731
0.19	15.25	0.027296543984810292	0.27091709811200004	77.16604156423223
0.19	15.5	0.027296543984810292	0.27091709811200004	77.39580499876497
0.19	15.75	0.027296543984810292	0.27091709811200004	77.61947426240327
0.19	16.0	0.027296543984810292	0.27091709811200004	77.83728363628632
0.19	16.25	0.027296543984810292	0.27091709811200004	78.04945555042563
0.19	16.5	0.027296543984810292	0.27091709811200004	78.25620132377487
0.19	16.75	0.027296543984810292	0.27091709811200004	78.4577218495252
0.19	17.0	0.027296543984810292	0.27091709811200004	78.65420823029805
0.19	17.25	0.027296543984810292	0.27091709811200004	78.84584236745765
0.19	17.5	0.027296543984810292	0.27091709811200004	79.03279750836343
0.19	17.75	0.027296543984810292	0.27091709811200004	79.21523875502339
0.19	18.0	0.027296543984810292	0.27091709811200004	79.39332353728764
0.19	18.25	0.027296543984810292	0.27091709811200004	79.56720205343339
0.19	18.5	0.027296543984810292	0.27091709811200004	79.73701768073263
0.19	18.75	0.027296543984810292	0.27091709811200004	79.90290735836227
0.19	19.0	0.027296543984810292	0.27091709811200004	80.06500194480581
0.19	19.25	0.027296543984810292	0.27091709811200004	80.22342655170755
0.19	19.5	0.027296543984810292	0.27091709811200004	80.3783008559696
0.19	19.75	0.027296543984810292	0.27091709811200004	80.52973939172799
0.19	20.0	0.027296543984810292	0.27091709811200004	80.67785182370557
0.19	20.25	0.027296543984810292	0.27091709811200004	80.82274320331251
0.19	20.5	0.027296543984810292	0.27091709811200004	80.96451420875178
0.19	20.75	0.027296543984810292	0.27091709811200004	81.10326137028297
0.19	21.0	0.027296543984810292	0.27091709811200004	81.23907728170401
0.19	21.25	0.027296543984810292	0.27091709811200004	81.37205079902445
0.19	21.5	0.027296543984810292	0.27091709811200004	81.50226722722623
0.19	21.75	0.027296543984810292	0.27091709811200004	81.62980849593724
0.19	22.0	0.027296543984810292	0.27091709811200004	81.75475332477797
0.19	22.25	0.027296543984810292	0.27091709811200004	81.87717737908238
0.19	22.5	0.027296543984810292	0.27091709811200004	81.99715341664097
0.19	22.75	0.027296543984810292	0.27091709811200004	82.11475142606355
0.19	23.0	0.027296543984810292	0.27091709811200004	82.23003875731536
0.19	23.25	0.027296543984810292	0.27091709811200004	82.34308024493788
0.19	23.5	0.027296543984810292	0.27091709811200004	82.45393832442834
0.19	23.75	0.027296543984810292	0.27091709811200004	82.5626731422168
0.19	24.0	0.027296543984810292	0.27091709811200004	82.66934265964835
0.2	0.0	0.02873320419453715	0.269052506846779	0.0
0.2	0.25	0.02873320419453715	0.269052506846779	6.281230475863657
0.2	0.5	0.02873320419453715	0.269052506846779	11.782701325929608
0.2	0.75	0.02873320419453715	0.269052506846779	16.641009046787094
0.2	1.0	0.02873320419453715	0.269052506846779	20.962605508187362
0.2	1.25	0.02873320419453715	0.269052506846779	24.831678702937257
0.2	1.5	0.02873320419453715	0.269052506846779	28.315684012632378
0.2	1.75	0.02873320419453715	0.269052506846779	31.469304498790695
0.2	2.0	0.02873320419453715	0.269052506846779	34.33733724008762
0.2	2.25	0.02873320419453715	0.269052506846779	36.9568307976762
0.2	2.5	0.02873320419453715	0.269052506846779	39.358691093518054
0.2	2.75	0.02873320419453715	0.269052506846779	41.56890380272611
0.2	3.0	0.02873320419453715	0.269052506846779	43.60947601025357
0.2	3.25	0.02873320419453715	0.269052506846779	45.49916957855395
0.2	3.5	0.02873320419453715	0.269052506846779	47.25407806615011
0.2	3.75	0.02873320419453715	0.269052506846779	48.88808479798992
0.2	4.0	0.02873320419453715	0.269052506846779	50.41322970332928
0.2	4.25	0.02873320419453715	0.269052506846779	51.840005438971566
0.2	4.5	0.02873320419453715	0.269052506846779	53.1775982062716
0.2	4.75	0.02873320419453715	0.269052506846779	54.43408494908921
0.2	5.0	0.02873320419453715	0.269052506846779	55.616595880064004
0.2	5.25	0.02873320419453715	0.269052506846779	56.73144924477505
0.2	5.5	0.02873320419453715	0.269052506846779	57.7842637032239
0.2	5.75	0.02873320419453715	0.269052506846779	58.78005254888909
0.2	6.0	0.02873320419453715	0.269052506846779	59.72330310005102
0.2	6.25	0.02873320419453715	0.269052506846779	60.61804391623861
0.2	6.5	0.02873320419453715	0.269052506846779	61.46790196373949
0.2	6.75	0.02873320419453715	0.269052506846779	62.27615144095049
0.2	7.0	0.02873320419453715	0.269052506846779	63.04575564945495
0.2	7.25	0.02873320419453715	0.269052506846779	63.77940303962392
0.2	7.5	0.02873320419453715	0.269052506846779	64.47953835488566
0.2	7.75	0.02873320419453715	0.269052506846779	65.14838963497299
0.2	8.0	0.02873320419453715	0.269052506846779	65.78799170658965
0.2	8.25	0.02873320419453715	0.269052506846779	66.40020668325309
0.2	8.5	0.02873320419453715	0.269052506846779	66.98674190933798
0.2	8.75	0.02873320419453715	0.269052506846779	67.54916571250247
0.2	9.0	0.02873320419453715	0.269052506846779	68.08892127055516
0.2	9.25	0.02873320419453715	0.269052506846779	68.60733885092984
0.2	9.5	0.02873320419453715	0.269052506846779	69.1056466413128
0.2	9.75	0.02873320419453715	0.269052506846779	69.58498035705757
0.2	10.0	0.02873320419453715	0.269052506846779	70.0463917835835
0.2	10.25	0.02873320419453715	0.269052506846779	70.49085638899776
0.2	10.5	0.02873320419453715	0.269052506846779	70.91928012290273
0.2	10.75	0.02873320419453715	0.269052506846779	71.33250550111124
0.2	11.0	0.02873320419453715	0.269052506846779	71.73131706226752
0.2	11.25	0.02873320419453715	0.269052506846779	72.11644627073495
0.2	11.5	0.02873320419453715	0.269052506846779	72.48857593021837
0.2	11.75	0.02873320419453715	0.269052506846779	72.84834416415067
0.2	12.0	0.02873320419453715	0.269052506846779	73.19634801165856
0.2	12.25	0.02873320419453715	0.269052506846779	73.5331466817363
0.2	12.5	0.02873320419453715	0.269052506846779	73.85926450293735
0.2	12.75	0.02873320419453715	0.269052506846779	74.17519360131158
0.2	13.0	0.02873320419453715	0.269052506846779	74.4813963353553
0.2	13.25	0.02873320419453715	0.269052506846779	74.77830751331393
0.2	13.5	0.02873320419453715	0.269052506846779	75.0663364152003
0.2	13.75	0.02873320419453715	0.269052506846779	75.34586863930464
0.2	14.0	0.02873320419453715	0.269052506846779	75.61726779071537
0.2	14.25	0.02873320419453715	0.269052506846779	75.88087702739959
0.2	14.5	0.02873320419453715	0.269052506846779	76.13702047766776
0.2	14.75	0.02873320419453715	0.269052506846779	76.38600454133422
0.2	15.0	0.02873320419453715	0.269052506846779	76.62811908555679
0.2	15.25	0.02873320419453715	0.269052506846779	76.86363854516893
0.2	15.5	0.02873320419453715	0.269052506846779	77.0928229362867
0.2	15.75	0.02873320419453715	0.269052506846779	77.31591879106185
0.2	16.0	0.02873320419453715	0.269052506846779	77.53316002064624
0.2	16.25	0.02873320419453715	0.269052506846779	77.74476871271855
0.2	16.5	0.02873320419453715	0.269052506846779	77.95095586929018
0.2	16.75	0.02873320419453715	0.269052506846779	78.15192208994321
0.2	17.0	0.02873320419453715	0.269052506846779	78.3478582051519
0.2	17.25	0.02873320419453715	0.269052506846779	78.5389458638907
0.2	17.5	0.02873320419453715	0.269052506846779	78.72535807933313
0.2	17.75	0.02873320419453715	0.269052506846779	78.90725973608725
0.2	18.0	0.02873320419453715	0.269052506846779	79.0848080620942
0.2	18.25	0.02873320419453715	0.269052506846779	79.25815306802885
0.2	18.5	0.02873320419453715	0.269052506846779	79.42743795678402
0.2	18.75	0.02873320419453715	0.269052506846779	79.5927995053877
0.2	19.0	0.02873320419453715	0.269052506846779	79.75436842149463
0.2	19.25	0.02873320419453715	0.269052506846779	79.91226967640523
0.2	19.5	0.02873320419453715	0.269052506846779	80.0666228163955
0.2	19.75	0.02873320419453715	0.269052506846779	80.21754225398809
0.2	20.0	0.02873320419453715	0.269052506846779	80.36513754065642
0.2	20.25	0.02873320419453715	0.269052506846779	80.509513622328
0.2	20.5	0.02873320419453715	0.269052506846779	80.65077107893966
0.2	20.75	0.02873320419453715	0.269052506846779	80.78900634919398
0.2	21.0	0.02873320419453715	0.269052506846779	80.92431194157274
0.2	21.25	0.02873320419453715	0.269052506846779	81.05677663257788
0.2	21.5	0.02873320419453715	0.269052506846779	81.18648565309275
0.2	21.75	0.02873320419453715	0.269052506846779	81.31352086368616
0.2	22.0	0.02873320419453715	0.269052506846779	81.43796091961714
0.2	22.25	0.02873320419453715	0.269052506846779	81.55988142623937
0.2	22.5	0.02873320419453715	0.269052506846779	81.67935508545067
0.2	22.75	0.02873320419453715	0.269052506846779	81.79645183378415
0.2	23.0	0.02873320419453715	0.269052506846779	81.91123897269176
0.2	23.25	0.02873320419453715	0.269052506846779	82.0237812915311
0.2	23.5	0.02873320419453715	0.269052506846779	82.13414118372721
0.2	23.75	0.02873320419453715	0.269052506846779	82.24237875654774
0.2	24.0	0.02873320419453715	0.269052506846779	82.348551934897
0.21	0.0	0.030169864404264005	0.2671879155813049	0.0
0.21	0.25	0.030169864404264005	0.2671879155813049	6.239367315274364
0.21	0.5	0.030169864404264005	0.2671879155813049	11.706903314101561
0.21	0.75	0.030169864404264005	0.2671879155813049	16.53735364986677
0.21	1.0	0.030169864404264005	0.2671879155813049	20.835823822581396
0.21	1.25	0.030169864404264005	0.2671879155813049	24.685504326077684
0.21	1.5	0.030169864404264005	0.2671879155813049	28.15309940080579
0.21	1.75	0.030169864404264005	0.2671879155813049	31.29271820120517
0.21	2.0	0.030169864404264005	0.2671879155813049	34.14871354718879
0.21	2.25	0.030169864404264005	0.2671879155813049	36.75778601542349
0.21	2.5	0.030169864404264005	0.2671879155813049	39.15056601426012
0.21	2.75	0.030169864404264005	0.2671879155813049	41.35281893782855
0.21	3.0	0.030169864404264005	0.2671879155813049	43.38637416410546
0.21	3.25	0.030169864404264005	0.2671879155813049	45.26984900782878
0.21	3.5	0.030169864404264005	0.2671879155813049	47.01921855452492
0.21	3.75	0.030169864404264005	0.2671879155813049	48.6482683419604
0.21	4.0	0.030169864404264005	0.2671879155813049	50.16895705780272
0.21	4.25	0.030169864404264005	0.2671879155813049	51.59170945239027
0.21	4.5	0.030169864404264005	0.2671879155813049	52.9256546446881
0.21	4.75	0.030169864404264005	0.2671879155813049	54.17882134039574
0.21	5.0	0.030169864404264005	0.2671879155813049	55.35829878543419
0.21	5.25	0.030169864404264005	0.2671879155813049	56.470370271858606
0.21	5.5	0.030169864404264005	0.2671879155813049	57.520624506056784
0.21	5.75	0.030169864404264005	0.2671879155813049	58.51404900670195
0.21	6.0	0.030169864404264005	0.2671879155813049	59.455108826799794
0.21	6.25	0.030169864404264005	0.2671879155813049	60.34781322158377
0.21	6.5	0.030169864404264005	0.2671879155813049	61.1957723620656
0.21	6.75	0.030169864404264005	0.2671879155813049	62.00224578616216
0.21	7.0	0.030169864404264005	0.2671879155813049	62.77018395845612
0.21	7.25	0.030169864404264005	0.2671879155813049	63.50226405565561
0.21	7.5	0.030169864404264005	0.2671879155813049	64.20092089256178
0.21	7.75	0.030169864404264005	0.2671879155813049	64.86837374138403
0.21	8.0	0.030169864404264005	0.2671879155813049	65.50664966683534
0.21	8.25	0.030169864404264005	0.2671879155813049	66.11760389390854
0.21	8.5	0.030169864404264005	0.2671879155813049	66.70293763941335
0.21	8.75	0.030169864404264005	0.2671879155813049	67.26421376823696
0.21	9.0	0.030169864404264005	0.2671879155813049	67.80287057774912
0.21	9.25	0.030169864404264005	0.2671879155813049	68.32023396634851
0.21	9.5	0.030169864404264005	0.2671879155813049	68.81752820290215
0.21	9.75	0.030169864404264005	0.2671879155813049	69.29588548122526
0.21	10.0	0.030169864404264005	0.2671879155813049	69.7563544165611
0.21	10.25	0.030169864404264005	0.2671879155813049	70.19990761826615
0.21	10.5	0.030169864404264005	0.2671879155813049	70.62744845379574
0.21	10.75	0.030169864404264005	0.2671879155813049	71.03981710298478
0.21	11.0	0.030169864404264005	0.2671879155813049	71.43779598800626
0.21	11.25	0.030169864404264005	0.2671879155813049	71.82211465284898
0.21	11.5	0.030169864404264005	0.2671879155813049	72.19345415634096
0.21	11.75	0.030169864404264005	0.2671879155813049	72.55245103437296
0.21	12.0	0.030169864404264005	0.2671879155813049	72.89970087981659
0.21	12.25	0.030169864404264005	0.2671879155813049	73.23576158249205
0.21	12.5	0.030169864404264005	0.2671879155813049	73.56115626626
0.21	12.75	0.030169864404264005	0.2671879155813049	73.87637595576396
0.21	13.0	0.030169864404264005	0.2671879155813049	74.18188200141564
0.21	13.25	0.030169864404264005	0.2671879155813049	74.47810828781309
0.21	13.5	0.030169864404264005	0.2671879155813049	74.76546324782457
0.21	13.75	0.030169864404264005	0.2671879155813049	75.04433170200112
0.21	14.0	0.030169864404264005	0.2671879155813049	75.31507654073867
0.21	14.25	0.030169864404264005	0.2671879155813049	75.57804026465364
0.21	14.5	0.030169864404264005	0.2671879155813049	75.8335463969211
0.21	14.75	0.030169864404264005	0.2671879155813049	76.0819007798228
0.21	15.0	0.030169864404264005	0.2671879155813049	76.32339276643036
0.21	15.25	0.030169864404264005	0.2671879155813049	76.55829631718746
0.21	15.5	0.030169864404264005	0.2671879155813049	76.78687101012889
0.21	15.75	0.030169864404264005	0.2671879155813049	77.00936297256929
0.21	16.0	0.030169864404264005	0.2671879155813049	77.22600574129186
0.21	16.25	0.030169864404264005	0.2671879155813049	77.4370210575587
0.21	16.5	0.030169864404264005	0.2671879155813049	77.64261960263191
0.21	16.75	0.030169864404264005	0.2671879155813049	77.84300167893551
0.21	17.0	0.030169864404264005	0.2671879155813049	78.03835784148751
0.21	17.25	0.030169864404264005	0.2671879155813049	78.22886948378779
0.21	17.5	0.030169864404264005	0.2671879155813049	78.41470938194797
0.21	17.75	0.030169864404264005	0.2671879155813049	78.59604220049525
0.21	18.0	0.030169864404264005	0.2671879155813049	78.77302496296306
0.21	18.25	0.030169864404264005	0.2671879155813049	78.94580749009566
0.21	18.5	0.030169864404264005	0.2671879155813049	79.11453280823731
0.21	18.75	0.030169864404264005	0.2671879155813049	79.2793375302468
0.21	19.0	0.030169864404264005	0.2671879155813049	79.4403522110691
0.21	19.25	0.030169864404264005	0.2671879155813049	79.59770167991032
0.21	19.5	0.030169864404264005	0.2671879155813049	79.75150535079213
0.21	19.75	0.030169864404264005	0.2671879155813049	79.90187751311018
0.21	20.0	0.030169864404264005	0.2671879155813049	80.04892760368224
0.21	20.25	0.030169864404264005	0.2671879155813049	80.19276046164771
0.21	20.5	0.030169864404264005	0.2671879155813049	80.33347656746636
0.21	20.75	0.030169864404264005	0.2671879155813049	80.47117226716158
0.21	21.0	0.030169864404264005	0.2671879155813049	80.60593998286014
0.21	21.25	0.030169864404264005	0.2671879155813049	80.73786841059571
0.21	21.5	0.030169864404264005	0.2671879155813049	80.86704270626596
0.21	21.75	0.030169864404264005	0.2671879155813049	80.99354466056263
0.21	22.0	0.030169864404264005	0.2671879155813049	81.11745286363028
0.21	22.25	0.030169864404264005	0.2671879155813049	81.23884286015017
0.21	22.5	0.030169864404264005	0.2671879155813049	81.35778729549305
0.21	22.75	0.030169864404264005	0.2671879155813049	81.4743560535346
0.21	23.0	0.030169864404264005	0.2671879155813049	81.58861638668384
0.21	23.25	0.030169864404264005	0.2671879155813049	81.70063303863246
0.21	23.5	0.030169864404264005	0.2671879155813049	81.81046836029641
0.21	23.75	0.030169864404264005	0.2671879155813049	81.91818241938624
0.21	24.0	0.030169864404264005	0.2671879155813049	82.02383310401062
0.22	0.0	0.03160652461399086	0.2653233243158308	0.0
0.22	0.25	0.03160652461399086	0.2653233243158308	6.197481647260514
0.22	0.5	0.03160652461399086	0.2653233243158308	11.631028484348185
0.22	0.75	0.03160652461399086	0.2653233243158308	16.433549121825912
0.22	1.0	0.03160652461399086	0.2653233243158308	20.70881111704243
0.22	1.25	0.03160652461399086	0.2653233243158308	24.539012642759893
0.22	1.5	0.03160652461399086	0.2653233243158308	27.990109976016303
0.22	1.75	0.03160652461399086	0.2653233243158308	31.11564029327749
0.22	2.0	0.03160652461399086	0.2653233243158308	33.95951329738674
0.22	2.25	0.03160652461399086	0.2653233243158308	36.558082222622296
0.22	2.5	0.03160652461399086	0.2653233243158308	38.941702288358115
0.22	2.75	0.03160652461399086	0.2653233243158308	41.13591873147619
0.22	3.0	0.03160652461399086	0.2653233243158308	43.16238322106486
0.22	3.25	0.03160652461399086	0.2653233243158308	45.03956844545505
0.22	3.5	0.03160652461399086	0.2653233243158308	46.783330893530646
0.22	3.75	0.03160652461399086	0.2653233243158308	48.407358167986395
0.22	4.0	0.03160652461399086	0.2653233243158308	49.92352755617223
0.22	4.25	0.03160652461399086	0.2653233243158308	51.342195740971725
0.22	4.5	0.03160652461399086	0.2653233243158308	52.67243460108549
0.22	4.75	0.03160652461399086	0.2653233243158308	53.922224452544185
0.22	5.0	0.03160652461399086	0.2653233243158308	55.09861343124923
0.22	5.25	0.03160652461399086	0.2653233243158308	56.20784974155274
0.22	5.5	0.03160652461399086	0.2653233243158308	57.25549201148053
0.22	5.75	0.03160652461399086	0.2653233243158308	58.24650186950547
0.22	6.0	0.03160652461399086	0.2653233243158308	59.18532199699915
0.22	6.25	0.03160652461399086	0.2653233243158308	60.0759422471161
0.22	6.5	0.03160652461399086	0.2653233243158308	60.9219559058506
0.22	6.75	0.03160652461399086	0.2653233243158308	61.72660776837318
0.22	7.0	0.03160652461399086	0.2653233243158308	62.4928353869049
0.22	7.25	0.03160652461399086	0.2653233243158308	63.223304595480364
0.22	7.5	0.03160652461399086	0.2653233243158308	63.92044021708384
0.22	7.75	0.03160652461399086	0.2653233243158308	64.58645269853436
0.22	8.0	0.03160652461399086	0.2653233243158308	65.22336128954682
0.22	8.25	0.03160652461399086	0.2653233243158308	65.83301427801425
0.22	8.5	0.03160652461399086	0.2653233243158308	66.41710670864536
0.22	8.75	0.03160652461399086	0.2653233243158308	66.97719594270033
0.22	9.0	0.03160652461399086	0.2653233243158308	67.51471535960677
0.22	9.25	0.03160652461399086	0.2653233243158308	68.03098645427956
0.22	9.5	0.03160652461399086	0.2653233243158308	68.5272295451016
0.22	9.75	0.03160652461399086	0.2653233243158308	69.0045732752235
0.22	10.0	0.03160652461399086	0.2653233243158308	69.46406306290203
0.22	10.25	0.03160652461399086	0.2653233243158308	69.90666863404608
0.22	10.5	0.03160652461399086	0.2653233243158308	70.33329075119813
0.22	10.75	0.03160652461399086	0.2653233243158308	70.74476723721438
0.22	11.0	0.03160652461399086	0.2653233243158308	71.14187837841025
0.22	11.25	0.03160652461399086	0.2653233243158308	71.52535178049202
0.22	11.5	0.03160652461399086	0.2653233243158308	71.89586674085731
0.22	11.75	0.03160652461399086	0.2653233243158308	72.25405819254317
0.22	12.0	0.03160652461399086	0.2653233243158308	72.60052026799465
0.22	12.25	0.03160652461399086	0.2653233243158308	72.93580952473322
0.22	12.5	0.03160652461399086	0.2653233243158308	73.26044786976506
0.22	12.75	0.03160652461399086	0.2653233243158308	73.57492521505114
0.22	13.0	0.03160652461399086	0.2653233243158308	73.87970189245807
0.22	13.25	0.03160652461399086	0.2653233243158308	74.1752108532278
0.22	13.5	0.03160652461399086	0.2653233243158308	74.4618596740687
0.22	13.75	0.03160652461399086	0.2653233243158308	74.74003238941731
0.22	14.0	0.03160652461399086	0.2653233243158308	75.01009116719322
0.22	14.25	0.03160652461399086	0.2653233243158308	75.272377843425
0.22	14.5	0.03160652461399086	0.2653233243158308	75.52721532942128
0.22	14.75	0.03160652461399086	0.2653233243158308	75.77490890366857
0.22	15.0	0.03160652461399086	0.2653233243158308	76.0157473993239
0.22	15.25	0.03160652461399086	0.2653233243158308	76.25000429701534
0.22	15.5	0.03160652461399086	0.2653233243158308	76.47793873164447
0.22	15.75	0.03160652461399086	0.2653233243158308	76.6997964209836
0.22	16.0	0.03160652461399086	0.2653233243158308	76.91581052306492
0.22	16.25	0.03160652461399086	0.2653233243158308	77.12620242865128
0.22	16.5	0.03160652461399086	0.2653233243158308	77.33118249445207
0.22	16.75	0.03160652461399086	0.2653233243158308	77.53095072218942
0.22	17.0	0.03160652461399086	0.2653233243158308	77.72569738812378
0.22	17.25	0.03160652461399086	0.2653233243158308	77.91560362720448
0.22	17.5	0.03160652461399086	0.2653233243158308	78.100841975616
0.22	17.75	0.03160652461399086	0.2653233243158308	78.28157687513593
0.22	18.0	0.03160652461399086	0.2653233243158308	78.45796514240469
0.22	18.25	0.03160652461399086	0.2653233243158308	78.6301564059219
0.22	18.5	0.03160652461399086	0.2653233243158308	78.79829351332974
0.22	18.75	0.03160652461399086	0.2653233243158308	78.96251291131395
0.22	19.0	0.03160652461399086	0.2653233243158308	79.12294500024619
0.22	19.25	0.03160652461399086	0.2653233243158308	79.27971446550582
0.22	19.5	0.03160652461399086	0.2653233243158308	79.4329405872508
0.22	19.75	0.03160652461399086	0.2653233243158308	79.58273753025541
0.22	20.0	0.03160652461399086	0.2653233243158308	79.72921461529533
0.22	20.25	0.03160652461399086	0.2653233243158308	79.87247657343659
0.22	20.5	0.03160652461399086	0.2653233243158308	80.01262378447142
0.22	20.75	0.03160652461399086	0.2653233243158308	80.14975250064259
0.22	21.0	0.03160652461399086	0.2653233243158308	80.28395505670393
0.22	21.25	0.03160652461399086	0.2653233243158308	80.41532006728133
0.22	21.5	0.03160652461399086	0.2653233243158308	80.5439326124208
0.22	21.75	0.03160652461399086	0.2653233243158308	80.66987441214012
0.22	22.0	0.03160652461399086	0.2653233243158308	80.79322399073742
0.22	22.25	0.03160652461399086	0.2653233243158308	80.91405683155068
0.22	22.5	0.03160652461399086	0.2653233243158308	81.03244552280978
0.22	22.75	0.03160652461399086	0.2653233243158308	81.14845989517323
0.22	23.0	0.03160652461399086	0.2653233243158308	81.2621671514978
0.22	23.25	0.03160652461399086	0.2653233243158308	81.3736319893476
0.22	23.5	0.03160652461399086	0.2653233243158308	81.48291671671254
0.22	23.75	0.03160652461399086	0.2653233243158308	81.59008136137103
0.22	24.0	0.03160652461399086	0.2653233243158308	81.69518377430062
0.23	0.0	0.03304318482371772	0.2634587330506661	0.0
0.23	0.25	0.03304318482371772	0.2634587330506661	6.155573456299506
0.23	0.5	0.03304318482371772	0.2634587330506661	11.555076738369541
0.23	0.75	0.03304318482371772	0.2634587330506661	16.329595196167915
0.23	1.0	0.03304318482371772	0.2634587330506661	20.58156687741985
0.23	1.25	0.03304318482371772	0.2634587330506661	24.392202825988768
0.23	1.5	0.03304318482371772	0.2634587330506661	27.826714548944324
0.23	1.75	0.03304318482371772	0.2634587330506661	30.93806918827026
0.23	2.0	0.03304318482371772	0.2634587330506661	33.769734483583996
0.23	2.25	0.03304318482371772	0.2634587330506661	36.35771697868728
0.23	2.5	0.03304318482371772	0.2634587330506661	38.73209703631487
0.23	2.75	0.03304318482371772	0.2634587330506661	40.91819986575603
0.23	3.0	0.03304318482371772	0.2634587330506661	42.937499429765346
0.23	3.25	0.03304318482371772	0.2634587330506661	44.80832371488515
0.23	3.5	0.03304318482371772	0.2634587330506661	46.54641049211353
0.23	3.75	0.03304318482371772	0.2634587330506661	48.16534928288244
0.23	4.0	0.03304318482371772	0.2634587330506661	49.67693581665369
0.23	4.25	0.03304318482371772	0.2634587330506661	51.091458548612124
0.23	4.5	0.03304318482371772	0.2634587330506661	52.41793195975405
0.23	4.75	0.03304318482371772	0.2634587330506661	53.66428782513348
0.23	5.0	0.03304318482371772	0.2634587330506661	54.837533027359676
0.23	5.25	0.03304318482371772	0.2634587330506661	55.94388054880488
0.23	5.5	0.03304318482371772	0.2634587330506661	56.98885881419659
0.23	5.75	0.03304318482371772	0.2634587330506661	57.97740344616205
0.23	6.0	0.03304318482371772	0.2634587330506661	58.91393464778704
0.23	6.25	0.03304318482371772	0.2634587330506661	59.80242277204648
0.23	6.5	0.03304318482371772	0.2634587330506661	60.64644412984441
0.23	6.75	0.03304318482371772	0.2634587330506661	61.44922869100301
0.23	7.0	0.03304318482371772	0.2634587330506661	62.2137010196873
0.23	7.25	0.03304318482371772	0.2634587330506661	62.94251553792122
0.23	7.5	0.03304318482371772	0.2634587330506661	63.63808701336627
0.23	7.75	0.03304318482371772	0.2634587330506661	64.3026170092807
0.23	8.0	0.03304318482371772	0.2634587330506661	64.93811690708519
0.23	8.25	0.03304318482371772	0.2634587330506661	65.54642800872398
0.23	8.5	0.03304318482371772	0.2634587330506661	66.12923914201083
0.23	8.75	0.03304318482371772	0.2634587330506661	66.68810212348099
0.23	9.0	0.03304318482371772	0.2634587330506661	67.22444537689026
0.23	9.25	0.03304318482371772	0.2634587330506661	67.7395859590102
0.23	9.5	0.03304318482371772	0.2634587330506661	68.23474020587906
0.23	9.75	0.03304318482371772	0.2634587330506661	68.71103318067516
0.23	10.0	0.03304318482371772	0.2634587330506661	69.1695070776904
0.23	10.25	0.03304318482371772	0.2634587330506661	69.61112871453501
0.23	10.5	0.03304318482371772	0.2634587330506661	70.03679622593067
0.23	10.75	0.03304318482371772	0.2634587330506661	70.44734505662365
0.23	11.0	0.03304318482371772	0.2634587330506661	70.84355333756658
0.23	11.25	0.03304318482371772	0.2634587330506661	71.22614671816638
0.23	11.5	0.03304318482371772	0.2634587330506661	71.59580271773783
0.23	11.75	0.03304318482371772	0.2634587330506661	71.95315465106306
0.23	12.0	0.03304318482371772	0.2634587330506661	72.29879517590778
0.23	12.25	0.03304318482371772	0.2634587330506661	72.63327950429733
0.23	12.5	0.03304318482371772	0.2634587330506661	72.95712831415592
0.23	12.75	0.03304318482371772	0.2634587330506661	73.27083039342732
0.23	13.0	0.03304318482371772	0.2634587330506661	73.57484504492051
0.23	13.25	0.03304318482371772	0.2634587330506661	73.8696042767667
0.23	13.5	0.03304318482371772	0.2634587330506661	74.15551480045868
0.23	13.75	0.03304318482371772	0.2634587330506661	74.43295985590812
0.23	14.0	0.03304318482371772	0.2634587330506661	74.70230088074432
0.23	14.25	0.03304318482371772	0.2634587330506661	74.96387903914517
0.23	14.5	0.03304318482371772	0.2634587330506661	75.21801662380028
0.23	14.75	0.03304318482371772	0.2634587330506661	75.46501834312068
0.23	15.0	0.03304318482371772	0.2634587330506661	75.70517250450627
0.23	15.25	0.03304318482371772	0.2634587330506661	75.9387521033332
0.23	15.5	0.03304318482371772	0.2634587330506661	76.16601582630992
0.23	15.75	0.03304318482371772	0.2634587330506661	76.38720897695667
0.23	16.0	0.03304318482371772	0.2634587330506661	76.6025643301697
0.23	16.25	0.03304318482371772	0.2634587330506661	76.81230292213016
0.23	16.5	0.03304318482371772	0.2634587330506661	77.0166347811934
0.23	16.75	0.03304318482371772	0.2634587330506661	77.21575960484039
0.23	17.0	0.03304318482371772	0.2634587330506661	77.40986738727837
0.23	17.25	0.03304318482371772	0.2634587330506661	77.59913900183813
0.23	17.5	0.03304318482371772	0.2634587330506661	77.78374674192078
0.23	17.75	0.03304318482371772	0.2634587330506661	77.96385482389609
0.23	18.0	0.03304318482371772	0.2634587330506661	78.13961985503785
0.23	18.25	0.03304318482371772	0.2634587330506661	78.31119126930002
0.23	18.5	0.03304318482371772	0.2634587330506661	78.4787117334828
0.23	18.75	0.03304318482371772	0.2634587330506661	78.64231752610965
0.23	19.0	0.03304318482371772	0.2634587330506661	78.80213889113072
0.23	19.25	0.03304318482371772	0.2634587330506661	78.95830036838231
0.23	19.5	0.03304318482371772	0.2634587330506661	79.11092110256577
0.23	19.75	0.03304318482371772	0.2634587330506661	79.26011513235662
0.23	20.0	0.03304318482371772	0.2634587330506661	79.40599166111947
0.23	20.25	0.03304318482371772	0.2634587330506661	79.54865531057936
0.23	20.5	0.03304318482371772	0.2634587330506661	79.68820635868857
0.23	20.75	0.03304318482371772	0.2634587330506661	79.8247409628258
0.23	21.0	0.03304318482371772	0.2634587330506661	79.95835136937217
0.23	21.25	0.03304318482371772	0.2634587330506661	80.08912611062448
0.23	21.5	0.03304318482371772	0.2634587330506661	80.21715018992924
0.23	21.75	0.03304318482371772	0.2634587330506661	80.34250525585159
0.23	22.0	0.03304318482371772	0.2634587330506661	80.46526976612918
0.23	22.25	0.03304318482371772	0.2634587330506661	80.58551914210348
0.23	22.5	0.03304318482371772	0.2634587330506661	80.70332591426738
0.23	22.75	0.03304318482371772	0.2634587330506661	80.81875985951967
0.23	23.0	0.03304318482371772	0.2634587330506661	80.93188813067256
0.23	23.25	0.03304318482371772	0.2634587330506661	81.04277537871745
0.23	23.5	0.03304318482371772	0.2634587330506661	81.15148386831741
0.23	23.75	0.03304318482371772	0.2634587330506661	81.25807358695948
0.23	24.0	0.03304318482371772	0.2634587330506661	81.36260234816987
0.24	0.0	0.034479845033444576	0.2615941417855014	0.0
0.24	0.25	0.034479845033444576	0.2615941417855014	6.113642726840874
0.24	0.5	0.034479845033444576	0.2615941417855014	11.47904797767985
0.24	0.75	0.034479845033444576	0.2615941417855014	16.22549160575388
0.24	1.0	0.034479845033444576	0.2615941417855014	20.454090588067878
0.24	1.25	0.034479845033444576	0.2615941417855014	24.245074046003943
0.24	1.5	0.034479845033444576	0.2615941417855014	27.662911925849592
0.24	1.75	0.034479845033444576	0.2615941417855014	30.760003293048094
0.24	2.0	0.034479845033444576	0.2615941417855014	33.579375090063294
0.24	2.25	0.034479845033444576	0.2615941417855014	36.156687832027636
0.24	2.5	0.034479845033444576	0.2615941417855014	38.521747365154575
0.24	2.75	0.034479845033444576	0.2615941417855014	40.6996590067843
0.24	3.0	0.034479845033444576	0.2615941417855014	42.71171902041986
0.24	3.25	0.034479845033444576	0.2615941417855014	44.57611061879545
0.24	3.5	0.034479845033444576	0.2615941417855014	46.308452736227196
0.24	3.75	0.034479845033444576	0.2615941417855014	47.92223666842903
0.24	4.0	0.034479845033444576	0.2615941417855014	49.429176430592605
0.24	4.25	0.034479845033444576	0.2615941417855014	50.83949209073147
0.24	4.5	0.034479845033444576	0.2615941417855014	52.16214057515215
0.24	4.75	0.034479845033444576	0.2615941417855014	53.405004966841744
0.24	5.0	0.034479845033444576	0.2615941417855014	54.57505075188574
0.24	5.25	0.034479845033444576	0.2615941417855014	55.678455556311754
0.24	5.5	0.034479845033444576	0.2615941417855014	56.72071747643316
0.24	5.75	0.034479845033444576	0.2615941417855014	57.70674601314164
0.24	6.0	0.034479845033444576	0.2615941417855014	58.64093878429846
0.24	6.25	0.034479845033444576	0.2615941417855014	59.527246544284
0.24	6.5	0.034479845033444576	0.2615941417855014	60.36922853851078
0.24	6.75	0.034479845033444576	0.2615941417855014	61.17009982851682
0.24	7.0	0.034479845033444576	0.2615941417855014	61.93277191438432
0.24	7.25	0.034479845033444576	0.2615941417855014	62.659887736463695
0.24	7.5	0.034479845033444576	0.2615941417855014	63.35385194327177
0.24	7.75	0.034479845033444576	0.2615941417855014	64.01685715603257
0.24	8.0	0.034479845033444576	0.2615941417855014	64.65090683428708
0.24	8.25	0.034479845033444576	0.2615941417855014	65.25783524490787
0.24	8.5	0.034479845033444576	0.2615941417855014	65.83932495376135
0.24	8.75	0.034479845033444576	0.2615941417855014	66.39692219131737
0.24	9.0	0.034479845033444576	0.2615941417855014	66.93205038770341
0.24	9.25	0.034479845033444576	0.2615941417855014	67.44602212667672
0.24	9.5	0.034479845033444576	0.2615941417855014	67.94004972987379
0.24	9.75	0.034479845033444576	0.2615941417855014	68.41525465101081
0.24	10.0	0.034479845033444576	0.2615941417855014	68.87267583326819
0.24	10.25	0.034479845033444576	0.2615941417855014	69.313277160951
0.24	10.5	0.034479845033444576	0.2615941417855014	69.7379541179094
0.24	10.75	0.034479845033444576	0.2615941417855014	70.14753974951766
0.24	11.0	0.034479845033444576	0.2615941417855014	70.54281001174022
0.24	11.25	0.034479845033444576	0.2615941417855014	70.92448857955846
0.24	11.5	0.034479845033444576	0.2615941417855014	71.29325117745218
0.24	11.75	0.034479845033444576	0.2615941417855014	71.64972948645689
0.24	12.0	0.034479845033444576	0.2615941417855014	71.99451467532434
0.24	12.25	0.034479845033444576	0.2615941417855014	72.32816059731232
0.24	12.5	0.034479845033444576	0.2615941417855014	72.6511866889693
0.24	12.75	0.034479845033444576	0.2615941417855014	72.96408060282779
0.24	13.0	0.034479845033444576	0.2615941417855014	73.2673006020738
0.24	13.25	0.034479845033444576	0.2615941417855014	73.56127774192616
0.24	13.5	0.034479845033444576	0.2615941417855014	73.84641785956521
0.24	13.75	0.034479845033444576	0.2615941417855014	74.12310339193147
0.24	14.0	0.034479845033444576	0.2615941417855014	74.39169503851853
0.24	14.25	0.034479845033444576	0.2615941417855014	74.65253328436424
0.24	14.5	0.034479845033444576	0.2615941417855014	74.90593979676383
0.24	14.75	0.034479845033444576	0.2615941417855014	75.1522187077539
0.24	15.0	0.034479845033444576	0.2615941417855014	75.39165779311958
0.24	15.25	0.034479845033444576	0.2615941417855014	75.6245295575364
0.24	15.5	0.034479845033444576	0.2615941417855014	75.85109223445109
0.24	15.75	0.034479845033444576	0.2615941417855014	76.07159070841547
0.24	16.0	0.034479845033444576	0.2615941417855014	76.28625736680132
0.24	16.25	0.034479845033444576	0.2615941417855014	76.49531288712407
0.24	16.5	0.034479845033444576	0.2615941417855014	76.69896696558438
0.24	16.75	0.034479845033444576	0.2615941417855014	76.8974189918851
0.24	17.0	0.034479845033444576	0.2615941417855014	77.09085867488908
0.24	17.25	0.034479845033444576	0.2615941417855014	77.27946662324611
0.24	17.5	0.034479845033444576	0.2615941417855014	77.46341488472514
0.24	17.75	0.034479845033444576	0.2615941417855014	77.6428674476382
0.24	18.0	0.034479845033444576	0.2615941417855014	77.81798070742849
0.24	18.25	0.034479845033444576	0.2615941417855014	77.98890390121375
0.24	18.5	0.034479845033444576	0.2615941417855014	78.15577951282374
0.24	18.75	0.034479845033444576	0.2615941417855014	78.31874365064277
0.24	19.0	0.034479845033444576	0.2615941417855014	78.47792640036397
0.24	19.25	0.034479845033444576	0.2615941417855014	78.63345215457768
0.24	19.5	0.034479845033444576	0.2615941417855014	78.7854399209495
0.24	19.75	0.034479845033444576	0.2615941417855014	78.93400361059317
0.24	20.0	0.034479845033444576	0.2615941417855014	79.07925230810761
0.24	20.25	0.034479845033444576	0.2615941417855014	79.22129052462397
0.24	20.5	0.034479845033444576	0.2615941417855014	79.36021843509681
0.24	20.75	0.034479845033444576	0.2615941417855014	79.49613210097229
0.24	21.0	0.034479845033444576	0.2615941417855014	79.62912367927396
0.24	21.25	0.034479845033444576	0.2615941417855014	79.75928161906285
0.24	21.5	0.034479845033444576	0.2615941417855014	79.88669084615287
0.24	21.75	0.034479845033444576	0.2615941417855014	80.0114329368921
0.24	22.0	0.034479845033444576	0.2615941417855014	80.13358628175799
0.24	22.25	0.034479845033444576	0.2615941417855014	80.25322623945615
0.24	22.5	0.034479845033444576	0.2615941417855014	80.37042528215996
0.24	22.75	0.034479845033444576	0.2615941417855014	80.48525313247907
0.24	23.0	0.034479845033444576	0.2615941417855014	80.59777689270155
0.24	23.25	0.034479845033444576	0.2615941417855014	80.70806116681338
0.24	23.5	0.034479845033444576	0.2615941417855014	80.81616817576167
0.24	23.75	0.034479845033444576	0.2615941417855014	80.92215786639417
0.24	24.0	0.034479845033444576	0.2615941417855014	81.02608801447623
0.25	0.0	0.035916505243171436	0.2597295505199265	0.0
0.25	0.25	0.035916505243171436	0.2597295505199265	6.071689443318526
0.25	0.5	0.035916505243171436	0.2597295505199265	11.402942103626435
0.25	0.75	0.035916505243171436	0.2597295505199265	16.12123808282687
0.25	1.0	0.035916505243171436	0.2597295505199265	20.326381731872875
0.25	1.25	0.035916505243171436	0.2597295505199265	24.097625470304763
0.25	1.5	0.035916505243171436	0.2597295505199265	27.498700908589797
0.25	1.75	0.035916505243171436	0.2597295505199265	30.581441008086816
0.25	2.0	0.035916505243171436	0.2597295505199265	33.38843309248482
0.25	2.25	0.035916505243171436	0.2597295505199265	35.95499232003004
0.25	2.5	0.035916505243171436	0.2597295505199265	38.310650368389275
0.25	2.75	0.035916505243171436	0.2597295505199265	40.48029280465653
0.25	3.0	0.035916505243171436	0.2597295505199265	42.485038204754396
0.25	3.25	0.035916505243171436	0.2597295505199265	44.34292493900444
0.25	3.5	0.035916505243171436	0.2597295505199265	46.06945298873575
0.25	3.75	0.035916505243171436	0.2597295505199265	47.678015281262304
0.25	4.0	0.035916505243171436	0.2597295505199265	49.18024396234344
0.25	4.25	0.035916505243171436	0.2597295505199265	50.586290554144675
0.25	4.5	0.035916505243171436	0.2597295505199265	51.90505427177225
0.25	4.75	0.035916505243171436	0.2597295505199265	53.144369355289435
0.25	5.0	0.035916505243171436	0.2597295505199265	54.3111597510807
0.25	5.25	0.035916505243171436	0.2597295505199265	55.41156759438714
0.25	5.5	0.035916505243171436	0.2597295505199265	56.4510605278198
0.25	5.75	0.035916505243171436	0.2597295505199265	57.43452181440697
0.25	6.0	0.035916505243171436	0.2597295505199265	58.36632637956406
0.25	6.25	0.035916505243171436	0.2597295505199265	59.2504052803513
0.25	6.5	0.035916505243171436	0.2597295505199265	60.09030060596245
0.25	6.75	0.035916505243171436	0.2597295505199265	60.88921242638334
0.25	7.0	0.035916505243171436	0.2597295505199265	61.65003910125542
0.25	7.25	0.035916505243171436	0.2597295505199265	62.37541201926723
0.25	7.5	0.035916505243171436	0.2597295505199265	63.06772564565358
0.25	7.75	0.035916505243171436	0.2597295505199265	63.72916360082727
0.25	8.0	0.035916505243171436	0.2597295505199265	64.36172136857466
0.25	8.25	0.035916505243171436	0.2597295505199265	64.96722613129899
0.25	8.5	0.035916505243171436	0.2597295505199265	65.5473541476081
0.25	8.75	0.035916505243171436	0.2597295505199265	66.1036460203225
0.25	9.0	0.035916505243171436	0.2597295505199265	66.63752014775712
0.25	9.25	0.035916505243171436	0.2597295505199265	67.15028460557147
0.25	9.5	0.035916505243171436	0.2597295505199265	67.6431476687457
0.25	9.75	0.035916505243171436	0.2597295505199265	68.11722715186069
0.25	10.0	0.035916505243171436	0.2597295505199265	68.57355871966955
0.25	10.25	0.035916505243171436	0.2597295505199265	69.01310329800923
0.25	10.5	0.035916505243171436	0.2597295505199265	69.43675369666394
0.25	10.75	0.035916505243171436	0.2597295505199265	69.8453405402416
0.25	11.0	0.035916505243171436	0.2597295505199265	70.23963758997216
0.25	11.25	0.035916505243171436	0.2597295505199265	70.62036652817476
0.25	11.5	0.035916505243171436	0.2597295505199265	70.98820126764117
0.25	11.75	0.035916505243171436	0.2597295505199265	71.34377184007701
0.25	12.0	0.035916505243171436	0.2597295505199265	71.68766791080246
0.25	12.25	0.035916505243171436	0.2597295505199265	72.02044196096132
0.25	12.5	0.035916505243171436	0.2597295505199265	72.34261217336493
0.25	12.75	0.035916505243171436	0.2597295505199265	72.65466505367986
0.25	13.0	0.035916505243171436	0.2597295505199265	72.9570578148496
0.25	13.25	0.035916505243171436	0.2597295505199265	73.25022054933095
0.25	13.5	0.035916505243171436	0.2597295505199265	73.53455821085223
0.25	13.75	0.035916505243171436	0.2597295505199265	73.81045242489907
0.25	14.0	0.035916505243171436	0.2597295505199265	74.07826314495148
0.25	14.25	0.035916505243171436	0.2597295505199265	74.33833016958947
0.25	14.5	0.035916505243171436	0.2597295505199265	74.59097453391455
0.25	14.75	0.035916505243171436	0.2597295505199265	74.83649978726943
0.25	15.0	0.035916505243171436	0.2597295505199265	75.0751931679498
0.25	15.25	0.035916505243171436	0.2597295505199265	75.30732668446842
0.25	15.5	0.035916505243171436	0.2597295505199265	75.53315811193038
0.25	15.75	0.035916505243171436	0.2597295505199265	75.75293191119495
0.25	16.0	0.035916505243171436	0.2597295505199265	75.96688007771499
0.25	16.25	0.035916505243171436	0.2597295505199265	76.17522292625262
0.25	16.5	0.035916505243171436	0.2597295505199265	76.37816981705167
0.25	16.75	0.035916505243171436	0.2597295505199265	76.5759198285002
0.25	17.0	0.035916505243171436	0.2597295505199265	76.76866238082737
0.25	17.25	0.035916505243171436	0.2597295505199265	76.95657781494299
0.25	17.5	0.035916505243171436	0.2597295505199265	77.13983793013968
0.25	17.75	0.035916505243171436	0.2597295505199265	77.31860648402777
0.25	18.0	0.035916505243171436	0.2597295505199265	77.49303965776274
0.25	18.25	0.035916505243171436	0.2597295505199265	77.66328648934343
0.25	18.5	0.035916505243171436	0.2597295505199265	77.82948927750928
0.25	18.75	0.035916505243171436	0.2597295505199265	77.9917839585376
0.25	19.0	0.035916505243171436	0.2597295505199265	78.15030045803896
0.25	19.25	0.035916505243171436	0.2597295505199265	78.30516301966497
0.25	19.5	0.035916505243171436	0.2597295505199265	78.45649051247698
0.25	19.75	0.035916505243171436	0.2597295505199265	78.60439671857463
0.25	20.0	0.035916505243171436	0.2597295505199265	78.74899060244758
0.25	20.25	0.035916505243171436	0.2597295505199265	78.89037656339124
0.25	20.5	0.035916505243171436	0.2597295505199265	79.02865467221588
0.25	20.75	0.035916505243171436	0.2597295505199265	79.16392089337765
0.25	21.0	0.035916505243171436	0.2597295505199265	79.29626729356843
0.25	21.25	0.035916505243171436	0.2597295505199265	79.42578223771777
0.25	21.5	0.035916505243171436	0.2597295505199265	79.55255057328425
0.25	21.75	0.035916505243171436	0.2597295505199265	79.67665380364473
0.25	22.0	0.035916505243171436	0.2597295505199265	79.79817025132651
0.25	22.25	0.035916505243171436	0.2597295505199265	79.91717521176957
0.25	22.5	0.035916505243171436	0.2597295505199265	80.03374109825411
0.25	22.75	0.035916505243171436	0.2597295505199265	80.14793757857974
0.25	23.0	0.035916505243171436	0.2597295505199265	80.25983170403889
0.25	23.25	0.035916505243171436	0.2597295505199265	80.36948803118666
0.25	23.5	0.035916505243171436	0.2597295505199265	80.47696873687198
0.25	23.75	0.035916505243171436	0.2597295505199265	80.5823337269615
0.25	24.0	0.035916505243171436	0.2597295505199265	80.68564073915562
0.26	0.0	0.037353165452898296	0.25786495925435166	0.0
0.26	0.25	0.037353165452898296	0.25786495925435166	6.029713590169785
0.26	0.5	0.037353165452898296	0.25786495925435166	11.32675901742569
0.26	0.75	0.037353165452898296	0.25786495925435166	16.016834359058997
0.26	1.0	0.037353165452898296	0.25786495925435166	20.198439790305123
0.26	1.25	0.037353165452898296	0.25786495925435166	23.949856263703744
0.26	1.5	0.037353165452898296	0.25786495925435166	27.3340802946712
0.26	1.75	0.037353165452898296	0.25786495925435166	30.402380727516935
0.26	2.0	0.037353165452898296	0.25786495925435166	33.196906457918864
0.26	2.25	0.037353165452898296	0.25786495925435166	35.75262796907771
0.26	2.5	0.037353165452898296	0.25786495925435166	38.09880312602345
0.26	2.75	0.037353165452898296	0.25786495925435166	40.26009789343623
0.26	3.0	0.037353165452898296	0.25786495925435166	42.257453175980565
0.26	3.25	0.037353165452898296	0.25786495925435166	44.10876243642912
0.26	3.5	0.037353165452898296	0.25786495925435166	45.82940658935592
0.26	3.75	0.037353165452898296	0.25786495925435166	47.43268005280411
0.26	4.0	0.037353165452898296	0.25786495925435166	48.93013294918871
0.26	4.25	0.037353165452898296	0.25786495925435166	50.33184809697227
0.26	4.5	0.037353165452898296	0.25786495925435166	51.64666684404576
0.26	4.75	0.037353165452898296	0.25786495925435166	52.882374436942065
0.26	5.0	0.037353165452898296	0.25786495925435166	54.045853139234474
0.26	5.25	0.037353165452898296	0.25786495925435166	55.143209460868526
0.26	5.5	0.037353165452898296	0.25786495925435166	56.17988046530118
0.26	5.75	0.037353165452898296	0.25786495925435166	57.160723061337464
0.26	6.0	0.037353165452898296	0.25786495925435166	58.09008937444737
0.26	6.25	0.037353165452898296	0.25786495925435166	58.971890665338385
0.26	6.5	0.037353165452898296	0.25786495925435166	59.80965177593446
0.26	6.75	0.037353165452898296	0.25786495925435166	60.606557701070656
0.26	7.0	0.037353165452898296	0.25786495925435166	61.365493583259244
0.26	7.25	0.037353165452898296	0.25786495925435166	62.08907918921381
0.26	7.5	0.037353165452898296	0.25786495925435166	62.77969873643413
0.26	7.75	0.037353165452898296	0.25786495925435166	63.439526785440854
0.26	8.0	0.037353165452898296	0.25786495925435166	64.07055079010073
0.26	8.25	0.037353165452898296	0.25786495925435166	64.67459079867477
0.26	8.5	0.037353165452898296	0.25786495925435166	65.25331671694079
0.26	8.75	0.037353165452898296	0.25786495925435166	65.80826347824166
0.26	9.0	0.037353165452898296	0.25786495925435166	66.34084441066669
0.26	9.25	0.037353165452898296	0.25786495925435166	66.85236304648056
0.26	9.5	0.037353165452898296	0.25786495925435166	67.34402358155361
0.26	9.75	0.037353165452898296	0.25786495925435166	67.81694016147404
0.26	10.0	0.037353165452898296	0.25786495925435166	68.27214514508078
0.26	10.25	0.037353165452898296	0.25786495925435166	68.71059647442232
0.26	10.5	0.037353165452898296	0.25786495925435166	69.133184261877
0.26	10.75	0.037353165452898296	0.25786495925435166	69.54073668975872
0.26	11.0	0.037353165452898296	0.25786495925435166	69.93402530469423
0.26	11.25	0.037353165452898296	0.25786495925435166	70.31376977799152
0.26	11.5	0.037353165452898296	0.25786495925435166	70.68064219379933
0.26	11.75	0.037353165452898296	0.25786495925435166	71.03527091881683
0.26	12.0	0.037353165452898296	0.25786495925435166	71.3782441004305
0.26	12.25	0.037353165452898296	0.25786495925435166	71.71011283424711
0.26	12.5	0.037353165452898296	0.25786495925435166	72.03139403691043
0.26	12.75	0.037353165452898296	0.25786495925435166	72.3425730557042
0.26	13.0	0.037353165452898296	0.25786495925435166	72.64410604265399
0.26	13.25	0.037353165452898296	0.25786495925435166	72.93642211755495
0.26	13.5	0.037353165452898296	0.25786495925435166	73.21992534149972
0.26	13.75	0.037353165452898296	0.25786495925435166	73.49499651999592
0.26	14.0	0.037353165452898296	0.25786495925435166	73.76199485259761
0.26	14.25	0.037353165452898296	0.25786495925435166	74.02125944407905
0.26	14.5	0.037353165452898296	0.25786495925435166	74.27311069052253
0.26	14.75	0.037353165452898296	0.25786495925435166	74.51785155223502
0.26	15.0	0.037353165452898296	0.25786495925435166	74.75576872412901
0.26	15.25	0.037353165452898296	0.25786495925435166	74.98713371307616
0.26	15.5	0.037353165452898296	0.25786495925435166	75.21220383074737
0.26	15.75	0.037353165452898296	0.25786495925435166	75.43122310957422
0.26	16.0	0.037353165452898296	0.25786495925435166	75.64442314868815
0.26	16.25	0.037353165452898296	0.25786495925435166	75.85202389600435
0.26	16.5	0.037353165452898296	0.25786495925435166	76.05423437200346
0.26	16.75	0.037353165452898296	0.25786495925435166	76.25125334021978
0.26	17.0	0.037353165452898296	0.25786495925435166	76.44326992895847
0.26	17.25	0.037353165452898296	0.25786495925435166	76.63046420833103
0.26	17.5	0.037353165452898296	0.25786495925435166	76.81300772631114
0.26	17.75	0.037353165452898296	0.25786495925435166	76.99106400716636
0.26	18.0	0.037353165452898296	0.25786495925435166	77.16478901531102
0.26	18.25	0.037353165452898296	0.25786495925435166	77.33433158734682
0.26	18.5	0.037353165452898296	0.25786495925435166	77.49983383480819
0.26	18.75	0.037353165452898296	0.25786495925435166	77.6614315199034
0.26	19.0	0.037353165452898296	0.25786495925435166	77.819254406341
0.26	19.25	0.037353165452898296	0.25786495925435166	77.97342658714759
0.26	19.5	0.037353165452898296	0.25786495925435166	78.12406679121848
0.26	19.75	0.037353165452898296	0.25786495925435166	78.27128867019383
0.26	20.0	0.037353165452898296	0.25786495925435166	78.41520106711737
0.26	20.25	0.037353165452898296	0.25786495925435166	78.55590826821388
0.26	20.5	0.037353165452898296	0.25786495925435166	78.69351023900958
0.26	20.75	0.037353165452898296	0.25786495925435166	78.82810284591976
0.26	21.0	0.037353165452898296	0.25786495925435166	78.95977806433716
0.26	21.25	0.037353165452898296	0.25786495925435166	79.08862417417
0.26	21.5	0.037353165452898296	0.25786495925435166	79.21472594370468
0.26	21.75	0.037353165452898296	0.25786495925435166	79.33816480259816
0.26	22.0	0.037353165452898296	0.25786495925435166	79.45901900474249
0.26	22.25	0.037353165452898296	0.25786495925435166	79.5773637816865
0.26	22.5	0.037353165452898296	0.25786495925435166	79.69327148724753
0.26	22.75	0.037353165452898296	0.25786495925435166	79.80681173389745
0.26	23.0	0.037353165452898296	0.25786495925435166	79.91805152146411
0.26	23.25	0.037353165452898296	0.25786495925435166	80.0270553586481
0.26	23.5	0.037353165452898296	0.25786495925435166	80.1338853778193
0.26	23.75	0.037353165452898296	0.25786495925435166	80.23860144352172
0.26	24.0	0.037353165452898296	0.25786495925435166	80.34126125508645
0.27	0.0	0.038789825662625156	0.2560003679891967	0.0
0.27	0.25	0.038789825662625156	0.2560003679891967	5.987715151818885
0.27	0.5	0.038789825662625156	0.2560003679891967	11.250498620131205
0.27	0.75	0.038789825662625156	0.2560003679891967	15.912280165507143
0.27	1.0	0.038789825662625156	0.2560003679891967	20.070264243364036
0.27	1.25	0.038789825662625156	0.2560003679891967	23.80176558825861
0.27	1.5	0.038789825662625156	0.2560003679891967	27.16904887716661
0.27	1.75	0.038789825662625156	0.2560003679891967	30.22282083902577
0.27	2.0	0.038789825662625156	0.2560003679891967	33.004793144730826
0.27	2.25	0.038789825662625156	0.2560003679891967	35.54959229441713
0.27	2.5	0.038789825662625156	0.2560003679891967	37.886202704401434
0.27	2.75	0.038789825662625156	0.2560003679891967	40.039070890983254
0.27	3.0	0.038789825662625156	0.2560003679891967	42.028960108605304
0.27	3.25	0.038789825662625156	0.2560003679891967	43.87361885087799
0.27	3.5	0.038789825662625156	0.2560003679891967	45.5883088544345
0.27	3.75	0.038789825662625156	0.2560003679891967	47.1862258890251
0.27	4.0	0.038789825662625156	0.2560003679891967	48.6788379010912
0.27	4.25	0.038789825662625156	0.2560003679891967	50.076158848384345
0.27	4.5	0.038789825662625156	0.2560003679891967	51.38697205608196
0.27	4.75	0.038789825662625156	0.2560003679891967	52.61901362684658
0.27	5.0	0.038789825662625156	0.2560003679891967	53.779123998410874
0.27	5.25	0.038789825662625156	0.2560003679891967	54.87337392085928
0.27	5.5	0.038789825662625156	0.2560003679891967	55.907169752886915
0.27	5.75	0.038789825662625156	0.2560003679891967	56.88534193248994
0.27	6.0	0.038789825662625156	0.2560003679891967	57.81221967742003
0.27	6.25	0.038789825662625156	0.2560003679891967	58.691694352695286
0.27	6.5	0.038789825662625156	0.2560003679891967	59.527273461597325
0.27	6.75	0.038789825662625156	0.2560003679891967	60.322126839882685
0.27	7.0	0.038789825662625156	0.2560003679891967	61.079126335916484
0.27	7.25	0.038789825662625156	0.2560003679891967	61.80088002379949
0.27	7.5	0.038789825662625156	0.2560003679891967	62.489761808527426
0.27	7.75	0.038789825662625156	0.2560003679891967	63.147937131343795
0.27	8.0	0.038789825662625156	0.2560003679891967	63.777385361739576
0.27	8.25	0.038789825662625156	0.2560003679891967	64.37991936388427
0.27	8.5	0.038789825662625156	0.2560003679891967	64.95720264489302
0.27	8.75	0.038789825662625156	0.2560003679891967	65.51076442655697
0.27	9.0	0.038789825662625156	0.2560003679891967	66.04201292809643
0.27	9.25	0.038789825662625156	0.2560003679891967	66.552247102869
0.27	9.5	0.038789825662625156	0.2560003679891967	67.04266703498149
0.27	9.75	0.038789825662625156	0.2560003679891967	67.51438317098581
0.27	10.0	0.038789825662625156	0.2560003679891967	67.96842453614751
0.27	10.25	0.038789825662625156	0.2560003679891967	68.40574606324695
0.27	10.5	0.038789825662625156	0.2560003679891967	68.82723514376978
0.27	10.75	0.038789825662625156	0.2560003679891967	69.23371749607293
0.27	11.0	0.038789825662625156	0.2560003679891967	69.62596243218698
0.27	11.25	0.038789825662625156	0.2560003679891967	70.00468759394629
0.27	11.5	0.038789825662625156	0.2560003679891967	70.37056321979715
0.27	11.75	0.038789825662625156	0.2560003679891967	70.7242159956611
0.27	12.0	0.038789825662625156	0.2560003679891967	71.06623253640223
0.27	12.25	0.038789825662625156	0.2560003679891967	71.39716253858879
0.27	12.5	0.038789825662625156	0.2560003679891967	71.71752164019541
0.27	12.75	0.038789825662625156	0.2560003679891967	72.02779401854183
0.27	13.0	0.038789825662625156	0.2560003679891967	72.32843475400247
0.27	13.25	0.038789825662625156	0.2560003679891967	72.61987198375941
0.27	13.5	0.038789825662625156	0.2560003679891967	72.90250886703915
0.27	13.75	0.038789825662625156	0.2560003679891967	73.17672538080704
0.27	14.0	0.038789825662625156	0.2560003679891967	73.44287996274181
0.27	14.25	0.038789825662625156	0.2560003679891967	73.70131101643169
0.27	14.5	0.038789825662625156	0.2560003679891967	73.95233829208564
0.27	14.75	0.038789825662625156	0.2560003679891967	74.19626415460803
0.27	15.0	0.038789825662625156	0.2560003679891967	74.4333747496128
0.27	15.25	0.038789825662625156	0.2560003679891967	74.66394107683368
0.27	15.5	0.038789825662625156	0.2560003679891967	74.88821997939866
0.27	15.75	0.038789825662625156	0.2560003679891967	75.10645505656328
0.27	16.0	0.038789825662625156	0.2560003679891967	75.31887750672396
0.27	16.25	0.038789825662625156	0.2560003679891967	75.52570690684624
0.27	16.5	0.038789825662625156	0.2560003679891967	75.72715193383397
0.27	16.75	0.038789825662625156	0.2560003679891967	75.92341103282298
0.27	17.0	0.038789825662625156	0.2560003679891967	76.11467303690009
0.27	17.25	0.038789825662625156	0.2560003679891967	76.3011177423171
0.27	17.5	0.038789825662625156	0.2560003679891967	76.48291644288453
0.27	17.75	0.038789825662625156	0.2560003679891967	76.66023242688512
0.27	18.0	0.038789825662625156	0.2560003679891967	76.83322143953862
0.27	18.25	0.038789825662625156	0.2560003679891967	77.00203211377215
0.27	18.5	0.038789825662625156	0.2560003679891967	77.16680637180154
0.27	18.75	0.038789825662625156	0.2560003679891967	77.32767979980571
0.27	19.0	0.038789825662625156	0.2560003679891967	77.48478199777368
0.27	19.25	0.038789825662625156	0.2560003679891967	77.63823690642296
0.27	19.5	0.038789825662625156	0.2560003679891967	77.78816311292353
0.27	19.75	0.038789825662625156	0.2560003679891967	77.93467413701288
0.27	20.0	0.038789825662625156	0.2560003679891967	78.07787869895465
0.27	20.25	0.038789825662625156	0.2560003679891967	78.21788097067022
0.27	20.5	0.038789825662625156	0.2560003679891967	78.35478081126394
0.27	20.75	0.038789825662625156	0.2560003679891967	78.48867398806125
0.27	21.0	0.038789825662625156	0.2560003679891967	78.61965238418942
0.27	21.25	0.038789825662625156	0.2560003679891967	78.74780419364664
0.27	21.5	0.038789825662625156	0.2560003679891967	78.87321410473078
0.27	21.75	0.038789825662625156	0.2560003679891967	78.99596347263002
0.27	22.0	0.038789825662625156	0.2560003679891967	79.11613048191548
0.27	22.25	0.038789825662625156	0.2560003679891967	79.23379029961819
0.27	22.5	0.038789825662625156	0.2560003679891967	79.34901521952091
0.27	22.75	0.038789825662625156	0.2560003679891967	79.46187479824755
0.27	23.0	0.038789825662625156	0.2560003679891967	79.57243598368883
0.27	23.25	0.038789825662625156	0.2560003679891967	79.68076323626335
0.27	23.5	0.038789825662625156	0.2560003679891967	79.78691864347563
0.27	23.75	0.038789825662625156	0.2560003679891967	79.89096202819994
0.27	24.0	0.038789825662625156	0.2560003679891967	79.99295105108679
0.28	0.0	0.04022648587235201	0.25413577672404175	0.0
0.28	0.25	0.04022648587235201	0.25413577672404175	5.945694112657293
0.28	0.5	0.04022648587235201	0.25413577672404175	11.174160812600151
0.28	0.75	0.04022648587235201	0.25413577672404175	15.80757523256668
0.28	1.0	0.04022648587235201	0.25413577672404175	19.94185456951887
0.28	1.25	0.04022648587235201	0.25413577672404175	23.653352603200712
0.28	1.5	0.04022648587235201	0.25413577672404175	27.00360544462903
0.28	1.75	0.04022648587235201	0.25413577672404175	30.04275972375457
0.28	2.0	0.04022648587235201	0.25413577672404175	32.812091102460364
0.28	2.25	0.04022648587235201	0.25413577672404175	35.34588280001855
0.28	2.5	0.04022648587235201	0.25413577672404175	37.67284615604834
0.28	2.75	0.04022648587235201	0.25413577672404175	39.81720839877511
0.28	3.0	0.04022648587235201	0.25413577672404175	41.79955515823374
0.28	3.25	0.04022648587235201	0.25413577672404175	43.63748990083578
0.28	3.5	0.04022648587235201	0.25413577672404175	45.34615507671677
0.28	3.75	0.04022648587235201	0.25413577672404175	46.93864767020003
0.28	4.0	0.04022648587235201	0.25413577672404175	48.42635330043765
0.28	4.25	0.04022648587235201	0.25413577672404175	49.81921690833593
0.28	4.5	0.04022648587235201	0.25413577672404175	51.12596364139752
0.28	4.75	0.04022648587235201	0.25413577672404175	52.35428030835872
0.28	5.0	0.04022648587235201	0.25413577672404175	53.51096537817595
0.28	5.25	0.04022648587235201	0.25413577672404175	54.602053706460985
0.28	5.5	0.04022648587235201	0.25413577672404175	55.632920821391664
0.28	5.75	0.04022648587235201	0.25413577672404175	56.60837057334985
0.28	6.0	0.04022648587235201	0.25413577672404175	57.532709164327066
0.28	6.25	0.04022648587235201	0.25413577672404175	58.409807964014654
0.28	6.5	0.04022648587235201	0.25413577672404175	59.24315704536004
0.28	6.75	0.04022648587235201	0.25413577672404175	60.03591100078554
0.28	7.0	0.04022648587235201	0.25413577672404175	60.79092830716207
0.28	7.25	0.04022648587235201	0.25413577672404175	61.51080527501496
0.28	7.5	0.04022648587235201	0.25413577672404175	62.197905431750726
0.28	7.75	0.04022648587235201	0.25413577672404175	62.854385039645265
0.28	8.0	0.04022648587235201	0.25413577672404175	63.48221532906583
0.28	8.25	0.04022648587235201	0.25413577672404175	64.08320192986324
0.28	8.5	0.04022648587235201	0.25413577672404175	64.65900190439471
0.28	8.75	0.04022648587235201	0.25413577672404175	65.21113872057828
0.28	9.0	0.04022648587235201	0.25413577672404175	65.74101544988962
0.28	9.25	0.04022648587235201	0.25413577672404175	66.2499264310502
0.28	9.5	0.04022648587235201	0.25413577672404175	66.73906760354731
0.28	9.75	0.04022648587235201	0.25413577672404175	67.20954568466495
0.28	10.0	0.04022648587235201	0.25413577672404175	67.66238633826187
0.28	10.25	0.04022648587235201	0.25413577672404175	68.09854146220896
0.28	10.5	0.04022648587235201	0.25413577672404175	68.51889570346357
0.28	10.75	0.04022648587235201	0.25413577672404175	68.92427229462533
0.28	11.0	0.04022648587235201	0.25413577672404175	69.3154382930094
0.28	11.25	0.04022648587235201	0.25413577672404175	69.69310929239792
0.28	11.5	0.04022648587235201	0.25413577672404175	70.05795366836941
0.28	11.75	0.04022648587235201	0.25413577672404175	70.41059641019906
0.28	12.0	0.04022648587235201	0.25413577672404175	70.75162258555135
0.28	12.25	0.04022648587235201	0.25413577672404175	71.08158047837371
0.28	12.5	0.04022648587235201	0.25413577672404175	71.40098443539648
0.28	12.75	0.04022648587235201	0.25413577672404175	71.71031745232769
0.28	13.0	0.04022648587235201	0.25413577672404175	72.01003352709705
0.28	13.25	0.04022648587235201	0.25413577672404175	72.30055980426754
0.28	13.5	0.04022648587235201	0.25413577672404175	72.58229853192015
0.28	13.75	0.04022648587235201	0.25413577672404175	72.85562884986935
0.28	14.0	0.04022648587235201	0.25413577672404175	73.12090842592991
0.28	14.25	0.04022648587235201	0.25413577672404175	73.37847495508822
0.28	14.5	0.04022648587235201	0.25413577672404175	73.62864753479438
0.28	14.75	0.04022648587235201	0.25413577672404175	73.87172792815551
0.28	15.0	0.04022648587235201	0.25413577672404175	74.10800172554684
0.28	15.25	0.04022648587235201	0.25413577672404175	74.33773941404557
0.28	15.5	0.04022648587235201	0.25413577672404175	74.56119736310897
0.28	15.75	0.04022648587235201	0.25413577672404175	74.77861873405163
0.28	16.0	0.04022648587235201	0.25413577672404175	74.99023432010661
0.28	16.25	0.04022648587235201	0.25413577672404175	75.19626332317455
0.28	16.5	0.04022648587235201	0.25413577672404175	75.396914072758
0.28	16.75	0.04022648587235201	0.25413577672404175	75.59238469204033
0.28	17.0	0.04022648587235201	0.25413577672404175	75.78286371558765
0.28	17.25	0.04022648587235201	0.25413577672404175	75.96853066272385
0.28	17.5	0.04022648587235201	0.25413577672404175	76.14955657024616
0.28	17.75	0.04022648587235201	0.25413577672404175	76.32610448780558
0.28	18.0	0.04022648587235201	0.25413577672404175	76.49832993896963
0.28	18.25	0.04022648587235201	0.25413577672404175	76.66638135070949
0.28	18.5	0.04022648587235201	0.25413577672404175	76.83040045380578
0.28	18.75	0.04022648587235201	0.25413577672404175	76.99052265644464
0.28	19.0	0.04022648587235201	0.25413577672404175	77.14687739307544
0.28	19.25	0.04022648587235201	0.25413577672404175	77.29958845042003
0.28	19.5	0.04022648587235201	0.25413577672404175	77.44877427236091
0.28	19.75	0.04022648587235201	0.25413577672404175	77.59454824528734
0.28	20.0	0.04022648587235201	0.25413577672404175	77.73701896534564
0.28	20.25	0.04022648587235201	0.25413577672404175	77.87629048891802
0.28	20.5	0.04022648587235201	0.25413577672404175	78.01246256754574
0.28	20.75	0.04022648587235201	0.25413577672404175	78.14563086841147
0.28	21.0	0.04022648587235201	0.25413577672404175	78.27588718140663
0.28	21.25	0.04022648587235201	0.25413577672404175	78.4033196137258
0.28	21.5	0.04022648587235201	0.25413577672404175	78.52801277285641
0.28	21.75	0.04022648587235201	0.25413577672404175	78.65004793876312
0.28	22.0	0.04022648587235201	0.25413577672404175	78.76950322600376
0.28	22.25	0.04022648587235201	0.25413577672404175	78.8864537364573
0.28	22.5	0.04022648587235201	0.25413577672404175	79.00097170329205
0.28	22.75	0.04022648587235201	0.25413577672404175	79.11312662675454
0.28	23.0	0.04022648587235201	0.25413577672404175	79.22298540231611
0.28	23.25	0.04022648587235201	0.25413577672404175	79.33061244167467
0.28	23.5	0.04022648587235201	0.25413577672404175	79.43606978707169
0.28	23.75	0.04022648587235201	0.25413577672404175	79.5394172193515
0.28	24.0	0.04022648587235201	0.25413577672404175	79.64071236015914
0.29	0.0	0.04166314608207886	0.2522711854586114	0.0
0.29	0.25	0.04166314608207886	0.2522711854586114	5.903650457065816
0.29	0.5	0.04166314608207886	0.2522711854586114	11.09774549553144
0.29	0.75	0.04166314608207886	0.2522711854586114	15.70271929002132
0.29	1.0	0.04166314608207886	0.2522711854586114	19.81321024576526
0.29	1.25	0.04166314608207886	0.2522711854586114	23.504616464992743
0.29	1.5	0.04166314608207886	0.2522711854586114	26.83774878114613
0.29	1.75	0.04166314608207886	0.2522711854586114	29.86219575634636
0.29	2.0	0.04166314608207886	0.2522711854586114	32.61879827185862
0.29	2.25	0.04166314608207886	0.2522711854586114	35.141496978599214
0.29	2.5	0.04166314608207886	0.2522711854586114	37.45873051967824
0.29	2.75	0.04166314608207886	0.2522711854586114	39.59450700189902
0.29	3.0	0.04166314608207886	0.2522711854586114	41.56923446154429
0.29	3.25	0.04166314608207886	0.2522711854586114	43.400371283422984
0.29	3.5	0.04166314608207886	0.2522711854586114	45.102940525291444
0.29	3.75	0.04166314608207886	0.2522711854586114	46.6899402508389
0.29	4.0	0.04166314608207886	0.2522711854586114	48.172673601959126
0.29	4.25	0.04166314608207886	0.2522711854586114	49.56101634747836
0.29	4.5	0.04166314608207886	0.2522711854586114	50.86363530282237
0.29	4.75	0.04166314608207886	0.2522711854586114	52.088167833045866
0.29	5.0	0.04166314608207886	0.2522711854586114	53.24137029550124
0.29	5.25	0.04166314608207886	0.2522711854586114	54.32924151668033
0.29	5.5	0.04166314608207886	0.2522711854586114	55.357126068348634
0.29	5.75	0.04166314608207886	0.2522711854586114	56.32980109625468
0.29	6.0	0.04166314608207886	0.2522711854586114	57.25154967832355
0.29	6.25	0.04166314608207886	0.2522711854586114	58.126223088984695
0.29	6.5	0.04166314608207886	0.2522711854586114	58.957293878842236
0.29	6.75	0.04166314608207886	0.2522711854586114	59.74790131240164
0.29	7.0	0.04166314608207886	0.2522711854586114	60.50089041736386
0.29	7.25	0.04166314608207886	0.2522711854586114	61.218845669391456
0.29	7.5	0.04166314608207886	0.2522711854586114	61.90412015289931
0.29	7.75	0.04166314608207886	0.2522711854586114	62.55886089119932
0.29	8.0	0.04166314608207886	0.2522711854586114	63.18503092049348
0.29	8.25	0.04166314608207886	0.2522711854586114	63.78442858580757
0.29	8.5	0.04166314608207886	0.2522711854586114	64.35870445838115
0.29	8.75	0.04166314608207886	0.2522711854586114	64.9093762096884
0.29	9.0	0.04166314608207886	0.2522711854586114	65.43784172435086
0.29	9.25	0.04166314608207886	0.2522711854586114	65.94539069050558
0.29	9.5	0.04166314608207886	0.2522711854586114	66.43321486995995
0.29	9.75	0.04166314608207886	0.2522711854586114	66.90241722030814
0.29	10.0	0.04166314608207886	0.2522711854586114	67.35402001599188
0.29	10.25	0.04166314608207886	0.2522711854586114	67.78897209416785
0.29	10.5	0.04166314608207886	0.2522711854586114	68.20815533347776
0.29	10.75	0.04166314608207886	0.2522711854586114	68.6123904588239
0.29	11.0	0.04166314608207886	0.2522711854586114	69.002442252558
0.29	11.25	0.04166314608207886	0.2522711854586114	69.37902424171297
0.29	11.5	0.04166314608207886	0.2522711854586114	69.74280292172514
0.29	11.75	0.04166314608207886	0.2522711854586114	70.09440156925504
0.29	12.0	0.04166314608207886	0.2522711854586114	70.43440368999886
0.29	12.25	0.04166314608207886	0.2522711854586114	70.76335614161732
0.29	12.5	0.04166314608207886	0.2522711854586114	71.08177196694528
0.29	12.75	0.04166314608207886	0.2522711854586114	71.39013296836161
0.29	13.0	0.04166314608207886	0.2522711854586114	71.68889205049459
0.29	13.25	0.04166314608207886	0.2522711854586114	71.97847535522459
0.29	13.5	0.04166314608207886	0.2522711854586114	72.25928421015561
0.29	13.75	0.04166314608207886	0.2522711854586114	72.53169690929546
0.29	14.0	0.04166314608207886	0.2522711854586114	72.79607034256347
0.29	14.25	0.04166314608207886	0.2522711854586114	73.05274148888994
0.29	14.5	0.04166314608207886	0.2522711854586114	73.30202878604575
0.29	14.75	0.04166314608207886	0.2522711854586114	73.54423338891462
0.29	15.0	0.04166314608207886	0.2522711854586114	73.77964032666482
0.29	15.25	0.04166314608207886	0.2522711854586114	74.00851956817294
0.29	15.5	0.04166314608207886	0.2522711854586114	74.23112700407499
0.29	15.75	0.04166314608207886	0.2522711854586114	74.44770535295898
0.29	16.0	0.04166314608207886	0.2522711854586114	74.65848499844805
0.29	16.25	0.04166314608207886	0.2522711854586114	74.86368476324589
0.29	16.5	0.04166314608207886	0.2522711854586114	75.06351262561435
0.29	16.75	0.04166314608207886	0.2522711854586114	75.25816638321672
0.29	17.0	0.04166314608207886	0.2522711854586114	75.44783426878367
0.29	17.25	0.04166314608207886	0.2522711854586114	75.63269552163167
0.29	17.5	0.04166314608207886	0.2522711854586114	75.81292091868426
0.29	17.75	0.04166314608207886	0.2522711854586114	75.98867326830396
0.29	18.0	0.04166314608207886	0.2522711854586114	76.16010786993932
0.29	18.25	0.04166314608207886	0.2522711854586114	76.32737294231578
0.29	18.5	0.04166314608207886	0.2522711854586114	76.49061002265367
0.29	18.75	0.04166314608207886	0.2522711854586114	76.64995433917512
0.29	19.0	0.04166314608207886	0.2522711854586114	76.80553515896155
0.29	19.25	0.04166314608207886	0.2522711854586114	76.95747611304459
0.29	19.5	0.04166314608207886	0.2522711854586114	77.10589550044917
0.29	19.75	0.04166314608207886	0.2522711854586114	77.25090657276228
0.29	20.0	0.04166314608207886	0.2522711854586114	77.39261780066724
0.29	20.25	0.04166314608207886	0.2522711854586114	77.5311331237624
0.29	20.5	0.04166314608207886	0.2522711854586114	77.6665521848753
0.29	20.75	0.04166314608207886	0.2522711854586114	77.79897054998314
0.29	21.0	0.04166314608207886	0.2522711854586114	77.9284799147604
0.29	21.25	0.04166314608207886	0.2522711854586114	78.05516829869339
0.29	21.5	0.04166314608207886	0.2522711854586114	78.1791202276256
0.29	21.75	0.04166314608207886	0.2522711854586114	78.30041690553067
0.29	22.0	0.04166314608207886	0.2522711854586114	78.41913637624734
0.29	22.25	0.04166314608207886	0.2522711854586114	78.53535367585417
0.29	22.5	0.04166314608207886	0.2522711854586114	78.64914097630997
0.29	22.75	0.04166314608207886	0.2522711854586114	78.76056772093833
0.29	23.0	0.04166314608207886	0.2522711854586114	78.8697007522919
0.29	23.25	0.04166314608207886	0.2522711854586114	78.97660443289128
0.29	23.5	0.04166314608207886	0.2522711854586114	79.08134075929782
0.29	23.75	0.04166314608207886	0.2522711854586114	79.18396946994574
0.29	24.0	0.04166314608207886	0.2522711854586114	79.28454814712819
0.3	0.0	0.04309980629180572	0.25040659419318095	0.0
0.3	0.25	0.04309980629180572	0.25040659419318095	5.861584169423202
0.3	0.5	0.04309980629180572	0.25040659419318095	11.02125256948093
0.3	0.75	0.04309980629180572	0.25040659419318095	15.59771206706258
0.3	1.0	0.04309980629180572	0.25040659419318095	19.684330747645546
0.3	1.25	0.04309980629180572	0.25040659419318095	23.35555632734614
0.3	1.5	0.04309980629180572	0.25040659419318095	26.671477666351812
0.3	1.75	0.04309980629180572	0.25040659419318095	29.68112730494687
0.3	2.0	0.04309980629180572	0.25040659419318095	32.4249125848762
0.3	2.25	0.04309980629180572	0.25040659419318095	34.93643231159664
0.3	2.5	0.04309980629180572	0.25040659419318095	37.24385282015068
0.3	2.75	0.04309980629180572	0.25040659419318095	39.37096326899105
0.3	3.0	0.04309980629180572	0.25040659419318095	41.33799413621075
0.3	3.25	0.04309980629180572	0.25040659419318095	43.16225867430084
0.3	3.5	0.04309980629180572	0.25040659419318095	44.85866044548028
0.3	3.75	0.04309980629180572	0.25040659419318095	46.44009845956364
0.3	4.0	0.04309980629180572	0.25040659419318095	47.9177932325962
0.3	4.25	0.04309980629180572	0.25040659419318095	49.30155120701601
0.3	4.5	0.04309980629180572	0.25040659419318095	50.59998071235043
0.3	4.75	0.04309980629180572	0.25040659419318095	51.82066952053543
0.3	5.0	0.04309980629180572	0.25040659419318095	52.97033173461247
0.3	5.25	0.04309980629180572	0.25040659419318095	54.05493001728146
0.3	5.5	0.04309980629180572	0.25040659419318095	55.079777857869
0.3	5.75	0.04309980629180572	0.25040659419318095	56.04962558026372
0.3	6.0	0.04309980629180572	0.25040659419318095	56.96873302975777
0.3	6.25	0.04309980629180572	0.25040659419318095	57.84093128528893
0.3	6.5	0.04309980629180572	0.25040659419318095	58.66967528279335
0.3	6.75	0.04309980629180572	0.25040659419318095	59.45808887395119
0.3	7.0	0.04309980629180572	0.25040659419318095	60.20900355928916
0.3	7.25	0.04309980629180572	0.25040659419318095	60.924991907994254
0.3	7.5	0.04309980629180572	0.25040659419318095	61.6083964957696
0.3	7.75	0.04309980629180572	0.25040659419318095	62.26135504665912
0.3	8.0	0.04309980629180572	0.25040659419318095	62.88582234736307
0.3	8.25	0.04309980629180572	0.25040659419318095	63.483589407294744
0.3	8.5	0.04309980629180572	0.25040659419318095	64.05630025994974
0.3	8.75	0.04309980629180572	0.25040659419318095	64.60546673753613
0.3	9.0	0.04309980629180572	0.25040659419318095	65.13248149847537
0.3	9.25	0.04309980629180572	0.25040659419318095	65.63862954415045
0.3	9.5	0.04309980629180572	0.25040659419318095	66.12509842542133
0.3	9.75	0.04309980629180572	0.25040659419318095	66.59298730957764
0.3	10.0	0.04309980629180572	0.25040659419318095	67.04331505345455
0.3	10.25	0.04309980629180572	0.25040659419318095	67.47702740752307
0.3	10.5	0.04309980629180572	0.25040659419318095	67.89500345816799
0.3	10.75	0.04309980629180572	0.25040659419318095	68.2980614005115
0.3	11.0	0.04309980629180572	0.25040659419318095	68.68696372156222
0.3	11.25	0.04309980629180572	0.25040659419318095	69.06242186278527
0.3	11.5	0.04309980629180572	0.25040659419318095	69.42510042208868
0.3	11.75	0.04309980629180572	0.25040659419318095	69.77562094744712
0.3	12.0	0.04309980629180572	0.25040659419318095	70.11456536772529
0.3	12.25	0.04309980629180572	0.25040659419318095	70.44247910054467
0.3	12.5	0.04309980629180572	0.25040659419318095	70.7598738721138
0.3	12.75	0.04309980629180572	0.25040659419318095	71.06723027969241
0.3	13.0	0.04309980629180572	0.25040659419318095	71.36500012368388
0.3	13.25	0.04309980629180572	0.25040659419318095	71.65360853316166
0.3	13.5	0.04309980629180572	0.25040659419318095	71.93345590586563
0.3	13.75	0.04309980629180572	0.25040659419318095	72.20491968129029
0.3	14.0	0.04309980629180572	0.25040659419318095	72.46835596338174
0.3	14.25	0.04309980629180572	0.25040659419318095	72.72410100751756
0.3	14.5	0.04309980629180572	0.25040659419318095	72.97247258483043
0.3	14.75	0.04309980629180572	0.25040659419318095	73.21377123551923
0.3	15.0	0.04309980629180572	0.25040659419318095	73.44828142154479
0.3	15.25	0.04309980629180572	0.25040659419318095	73.67627258800947
0.3	15.5	0.04309980629180572	0.25040659419318095	73.89800014155038
0.3	15.75	0.04309980629180572	0.25040659419318095	74.1137063532186
0.3	16.0	0.04309980629180572	0.25040659419318095	74.32362119255772
0.3	16.25	0.04309980629180572	0.25040659419318095	74.52796309892149
0.3	16.5	0.04309980629180572	0.25040659419318095	74.72693969547178
0.3	16.75	0.04309980629180572	0.25040659419318095	74.92074845076596
0.3	17.0	0.04309980629180572	0.25040659419318095	75.10957729236723
0.3	17.25	0.04309980629180572	0.25040659419318095	75.29360517648904
0.3	17.5	0.04309980629180572	0.25040659419318095	75.47300261730507
0.3	17.75	0.04309980629180572	0.25040659419318095	75.64793217921796
0.3	18.0	0.04309980629180572	0.25040659419318095	75.81854893507611
0.3	18.25	0.04309980629180572	0.25040659419318095	75.98500089305531
0.3	18.5	0.04309980629180572	0.25040659419318095	76.14742939467678
0.3	18.75	0.04309980629180572	0.25040659419318095	76.30596948621334
0.3	19.0	0.04309980629180572	0.25040659419318095	76.46075026553676
0.3	19.25	0.04309980629180572	0.25040659419318095	76.61189520627975
0.3	19.5	0.04309980629180572	0.25040659419318095	76.75952246102553
0.3	19.75	0.04309980629180572	0.25040659419318095	76.9037451450904
0.3	20.0	0.04309980629180572	0.25040659419318095	77.04467160233405
0.3	20.25	0.04309980629180572	0.25040659419318095	77.1824056543109
0.3	20.5	0.04309980629180572	0.25040659419318095	77.31704683396836
0.3	20.75	0.04309980629180572	0.25040659419318095	77.4486906049987
0.3	21.0	0.04309980629180572	0.25040659419318095	77.57742856786143
0.3	21.25	0.04309980629180572	0.25040659419318095	77.70334865341188
0.3	21.5	0.04309980629180572	0.25040659419318095	77.8265353049971
0.3	21.75	0.04309980629180572	0.25040659419318095	77.94706964981268
0.3	22.0	0.04309980629180572	0.25040659419318095	78.06502966025191
0.3	22.25	0.04309980629180572	0.25040659419318095	78.18049030592296
0.3	22.5	0.04309980629180572	0.25040659419318095	78.29352369695741
0.3	22.75	0.04309980629180572	0.25040659419318095	78.40419921918698
0.3	23.0	0.04309980629180572	0.25040659419318095	78.51258366172145
0.3	23.25	0.04309980629180572	0.25040659419318095	78.6187413374216
0.3	23.5	0.04309980629180572	0.25040659419318095	78.72273419672477
0.3	23.75	0.04309980629180572	0.25040659419318095	78.82462193524658
0.3	24.0	0.04309980629180572	0.25040659419318095	78.92446209555278
0.31	0.0	0.04453646650153258	0.24854200292765616	0.0
0.31	0.25	0.04453646650153258	0.24854200292765616	5.819495234086431
0.31	0.5	0.04453646650153258	0.24854200292765616	10.944681934825681
0.31	0.75	0.04453646650153258	0.24854200292765616	15.492553292239542
0.31	1.0	0.04453646650153258	0.24854200292765616	19.55521554918584
0.31	1.25	0.04453646650153258	0.24854200292765616	23.206171341144508
0.31	1.5	0.04453646650153258	0.24854200292765616	26.50479087533374
0.31	1.75	0.04453646650153258	0.24854200292765616	29.499552731095573
0.31	2.0	0.04453646650153258	0.24854200292765616	32.230431964535576
0.31	2.25	0.04453646650153258	0.24854200292765616	34.73068626902141
0.31	2.5	0.04453646650153258	0.24854200292765616	37.028210068303245
0.31	2.75	0.04453646650153258	0.24854200292765616	39.146573752048404
0.31	3.0	0.04453646650153258	0.24854200292765616	41.10583028069507
0.31	3.25	0.04453646650153258	0.24854200292765616	42.92314772744624
0.31	3.5	0.04453646650153258	0.24854200292765616	44.613310058596475
0.31	3.75	0.04453646650153258	0.24854200292765616	46.18911709885173
0.31	4.0	0.04453646650153258	0.24854200292765616	47.661706591231024
0.31	4.25	0.04453646650153258	0.24854200292765616	49.040815498429666
0.31	4.5	0.04453646650153258	0.24854200292765616	50.334993510857245
0.31	4.75	0.04453646650153258	0.24854200292765616	51.55177865822949
0.31	5.0	0.04453646650153258	0.24854200292765616	52.697842646705126
0.31	5.25	0.04453646650153258	0.24854200292765616	53.77911184050579
0.31	5.5	0.04453646650153258	0.24854200292765616	54.800868520369306
0.31	5.75	0.04453646650153258	0.24854200292765616	55.76783607089626
0.31	6.0	0.04453646650153258	0.24854200292765616	56.684250995923534
0.31	6.25	0.04453646650153258	0.24854200292765616	57.55392407837565
0.31	6.5	0.04453646650153258	0.24854200292765616	58.38029254688228
0.31	6.75	0.04453646650153258	0.24854200292765616	59.16646475506466
0.31	7.0	0.04453646650153258	0.24854200292765616	59.91525859794244
0.31	7.25	0.04453646650153258	0.24854200292765616	60.62923466628845
0.31	7.5	0.04453646650153258	0.24854200292765616	61.310724961054774
0.31	7.75	0.04453646650153258	0.24854200292765616	61.961857846404335
0.31	8.0	0.04453646650153258	0.24854200292765616	62.58457980390241
0.31	8.25	0.04453646650153258	0.24854200292765616	63.180674456278936
0.31	8.5	0.04453646650153258	0.24854200292765616	63.75177925239047
0.31	8.75	0.04453646650153258	0.24854200292765616	64.29940014210278
0.31	9.0	0.04453646650153258	0.24854200292765616	64.82492451805214
0.31	9.25	0.04453646650153258	0.24854200292765616	65.32963265847333
0.31	9.5	0.04453646650153258	0.24854200292765616	65.81470786980175
0.31	9.75	0.04453646650153258	0.24854200292765616	66.28124549821185
0.31	10.0	0.04453646650153258	0.24854200292765616	66.73026095456015
0.31	10.25	0.04453646650153258	0.24854200292765616	67.16269687649117
0.31	10.5	0.04453646650153258	0.24854200292765616	67.57942953403389
0.31	10.75	0.04453646650153258	0.24854200292765616	67.98127457030195
0.31	11.0	0.04453646650153258	0.24854200292765616	68.368992156446
0.31	11.25	0.04453646650153258	0.24854200292765616	68.7432916294202
0.31	11.5	0.04453646650153258	0.24854200292765616	69.10483567210288
0.31	11.75	0.04453646650153258	0.24854200292765616	69.45424408760532
0.31	12.0	0.04453646650153258	0.24854200292765616	69.79209721299954
0.31	12.25	0.04453646650153258	0.24854200292765616	70.11893901202494
0.31	12.5	0.04453646650153258	0.24854200292765616	70.43527988144983
0.31	12.75	0.04453646650153258	0.24854200292765616	70.7415992015482
0.31	13.0	0.04453646650153258	0.24854200292765616	71.03834765750473
0.31	13.25	0.04453646650153258	0.24854200292765616	71.32594935539687
0.31	13.5	0.04453646650153258	0.24854200292765616	71.60480375365358
0.31	13.75	0.04453646650153258	0.24854200292765616	71.87528742849467
0.31	14.0	0.04453646650153258	0.24854200292765616	72.13775568976465
0.31	14.25	0.04453646650153258	0.24854200292765616	72.39254406174516
0.31	14.5	0.04453646650153258	0.24854200292765616	72.63996964192874
0.31	14.75	0.04453646650153258	0.24854200292765616	72.88033234932836
0.31	15.0	0.04453646650153258	0.24854200292765616	73.11391607265995
0.31	15.25	0.04453646650153258	0.24854200292765616	73.34098972764406
0.31	15.5	0.04453646650153258	0.24854200292765616	73.56180823170949
0.31	15.75	0.04453646650153258	0.24854200292765616	73.77661340353026
0.31	16.0	0.04453646650153258	0.24854200292765616	73.985634794073
0.31	16.25	0.04453646650153258	0.24854200292765616	74.18909045516213
0.31	16.5	0.04453646650153258	0.24854200292765616	74.38718765097573
0.31	16.75	0.04453646650153258	0.24854200292765616	74.5801235173556
0.31	17.0	0.04453646650153258	0.24854200292765616	74.76808567334297
0.31	17.25	0.04453646650153258	0.24854200292765616	74.95125278893057
0.31	17.5	0.04453646650153258	0.24854200292765616	75.12979511264523
0.31	17.75	0.04453646650153258	0.24854200292765616	75.3038749622375
0.31	18.0	0.04453646650153258	0.24854200292765616	75.4736471814543
0.31	18.25	0.04453646650153258	0.24854200292765616	75.63925956559773
0.31	18.5	0.04453646650153258	0.24854200292765616	75.80085325833103
0.31	18.75	0.04453646650153258	0.24854200292765616	75.95856312197274
0.31	19.0	0.04453646650153258	0.24854200292765616	76.11251808332277
0.31	19.25	0.04453646650153258	0.24854200292765616	76.26284145688612
0.31	19.5	0.04453646650153258	0.24854200292765616	76.40965124719922
0.31	19.75	0.04453646650153258	0.24854200292765616	76.55306043181818
0.31	20.0	0.04453646650153258	0.24854200292765616	76.69317722639683
0.31	20.25	0.04453646650153258	0.24854200292765616	76.8301053331632
0.31	20.5	0.04453646650153258	0.24854200292765616	76.9639441739952
0.31	20.75	0.04453646650153258	0.24854200292765616	77.09478910919712
0.31	21.0	0.04453646650153258	0.24854200292765616	77.22273164299078
0.31	21.25	0.04453646650153258	0.24854200292765616	77.34785961665243
0.31	21.5	0.04453646650153258	0.24854200292765616	77.47025739015403
0.31	21.75	0.04453646650153258	0.24854200292765616	77.59000601309866
0.31	22.0	0.04453646650153258	0.24854200292765616	77.70718338567943
0.31	22.25	0.04453646650153258	0.24854200292765616	77.82186441033474
0.31	22.5	0.04453646650153258	0.24854200292765616	77.93412113472085
0.31	22.75	0.04453646650153258	0.24854200292765616	78.0440228865768
0.31	23.0	0.04453646650153258	0.24854200292765616	78.15163640101247
0.31	23.25	0.04453646650153258	0.24854200292765616	78.25702594071237
0.31	23.5	0.04453646650153258	0.24854200292765616	78.36025340951043
0.31	23.75	0.04453646650153258	0.24854200292765616	78.46137845975872
0.31	24.0	0.04453646650153258	0.24854200292765616	78.56045859388192
0.32	0.0	0.045973126711259436	0.2466774116621314	0.0
0.32	0.25	0.045973126711259436	0.2466774116621314	5.777383635402294
0.32	0.5	0.045973126711259436	0.2466774116621314	10.868033491784935
0.32	0.75	0.045973126711259436	0.2466774116621314	15.38724269348656
0.32	1.0	0.045973126711259436	0.2466774116621314	19.425864122925276
0.32	1.25	0.045973126711259436	0.2466774116621314	23.056460654471483
0.32	1.5	0.045973126711259436	0.2466774116621314	26.337687178655585
0.32	1.75	0.045973126711259436	0.2466774116621314	29.317470389738308
0.32	2.0	0.045973126711259436	0.2466774116621314	32.03535432493159
0.32	2.25	0.045973126711259436	0.2466774116621314	34.524256309442286
0.32	2.5	0.045973126711259436	0.2466774116621314	36.81179926092025
0.32	2.75	0.045973126711259436	0.2466774116621314	38.921334986381
0.32	3.0	0.045973126711259436	0.2466774116621314	40.8727389741814
0.32	3.25	0.045973126711259436	0.2466774116621314	42.6830340750689
0.32	3.5	0.045973126711259436	0.2466774116621314	44.36688456184625
0.32	3.75	0.045973126711259436	0.2466774116621314	45.93699094492426
0.32	4.0	0.045973126711259436	0.2466774116621314	47.404408048563816
0.32	4.25	0.045973126711259436	0.2466774116621314	48.77880320334388
0.32	4.5	0.045973126711259436	0.2466774116621314	50.068667307961356
0.32	4.75	0.045973126711259436	0.2466774116621314	51.281488501163594
0.32	5.0	0.045973126711259436	0.2466774116621314	52.42389594980343
0.32	5.25	0.045973126711259436	0.2466774116621314	53.501779584934496
0.32	5.5	0.045973126711259436	0.2466774116621314	54.52039035244075
0.32	5.75	0.045973126711259436	0.2466774116621314	55.48442458001095
0.32	6.0	0.045973126711259436	0.2466774116621314	56.398095320952756
0.32	6.25	0.045973126711259436	0.2466774116621314	57.26519296136674
0.32	6.5	0.045973126711259436	0.2466774116621314	58.08913692962537
0.32	6.75	0.045973126711259436	0.2466774116621314	58.873019995732726
0.32	7.0	0.045973126711259436	0.2466774116621314	59.61964637053994
0.32	7.25	0.045973126711259436	0.2466774116621314	60.331564594140005
0.32	7.5	0.045973126711259436	0.2466774116621314	61.01109602637439
0.32	7.75	0.045973126711259436	0.2466774116621314	61.66035961060124
0.32	8.0	0.045973126711259436	0.2466774116621314	62.28129346731841
0.32	8.25	0.045973126711259436	0.2466774116621314	62.87567378121603
0.32	8.5	0.045973126711259436	0.2466774116621314	63.44513136934492
0.32	8.75	0.045973126711259436	0.2466774116621314	63.99116625589539
0.32	9.0	0.045973126711259436	0.2466774116621314	64.51516052789135
0.32	9.25	0.045973126711259436	0.2466774116621314	65.01838970379794
0.32	9.5	0.045973126711259436	0.2466774116621314	65.50203281193558
0.32	9.75	0.045973126711259436	0.2466774116621314	65.96718134635364
0.32	10.0	0.045973126711259436	0.2466774116621314	66.41484724337225
0.32	10.25	0.045973126711259436	0.2466774116621314	66.84597000149529
0.32	10.5	0.045973126711259436	0.2466774116621314	67.2614230501363
0.32	10.75	0.045973126711259436	0.2466774116621314	67.6620194580222
0.32	11.0	0.045973126711259436	0.2466774116621314	68.04851705979239
0.32	11.25	0.045973126711259436	0.2466774116621314	68.42162306881816
0.32	11.5	0.045973126711259436	0.2466774116621314	68.78199823532766
0.32	11.75	0.045973126711259436	0.2466774116621314	69.13026060128108
0.32	12.0	0.045973126711259436	0.2466774116621314	69.4669888968946
0.32	12.25	0.045973126711259436	0.2466774116621314	69.7927256180884
0.32	12.5	0.045973126711259436	0.2466774116621314	70.10797981928928
0.32	12.75	0.045973126711259436	0.2466774116621314	70.41322965183832
0.32	13.0	0.045973126711259436	0.2466774116621314	70.70892467463301
0.32	13.25	0.045973126711259436	0.2466774116621314	70.99548796049656
0.32	13.5	0.045973126711259436	0.2466774116621314	71.27331801903615
0.32	13.75	0.045973126711259436	0.2466774116621314	71.54279055437617
0.32	14.0	0.045973126711259436	0.2466774116621314	71.80426007407598
0.32	14.25	0.045973126711259436	0.2466774116621314	72.0580613637269
0.32	14.5	0.045973126711259436	0.2466774116621314	72.30451084013151
0.32	14.75	0.045973126711259436	0.2466774116621314	72.54390779457113
0.32	15.0	0.045973126711259436	0.2466774116621314	72.77653553643768
0.32	15.25	0.045973126711259436	0.2466774116621314	73.00266244642292
0.32	15.5	0.045973126711259436	0.2466774116621314	73.22254294750083
0.32	15.75	0.045973126711259436	0.2466774116621314	73.4364184010933
0.32	16.0	0.045973126711259436	0.2466774116621314	73.64451793505931
0.32	16.25	0.045973126711259436	0.2466774116621314	73.84705920948282
0.32	16.5	0.045973126711259436	0.2466774116621314	74.04424912564363
0.32	16.75	0.045973126711259436	0.2466774116621314	74.23628448302895
0.32	17.0	0.045973126711259436	0.2466774116621314	74.42335258877489
0.32	17.25	0.045973126711259436	0.2466774116621314	74.60563182350819
0.32	17.5	0.045973126711259436	0.2466774116621314	74.78329216718426
0.32	17.75	0.045973126711259436	0.2466774116621314	74.95649568818263
0.32	18.0	0.045973126711259436	0.2466774116621314	75.12539699862052
0.32	18.25	0.045973126711259436	0.2466774116621314	75.29014367857584
0.32	18.5	0.045973126711259436	0.2466774116621314	75.4508766716685
0.32	18.75	0.045973126711259436	0.2466774116621314	75.60773065423078
0.32	19.0	0.045973126711259436	0.2466774116621314	75.76083438010164
0.32	19.25	0.045973126711259436	0.2466774116621314	75.9103110029021
0.32	19.5	0.045973126711259436	0.2466774116621314	76.0562783774891
0.32	19.75	0.045973126711259436	0.2466774116621314	76.1988493421404
0.32	20.0	0.045973126711259436	0.2466774116621314	76.33813198289272
0.32	20.25	0.045973126711259436	0.2466774116621314	76.47422988133569
0.32	20.5	0.045973126711259436	0.2466774116621314	76.60724234705756
0.32	20.75	0.045973126711259436	0.2466774116621314	76.73726463584033
0.32	21.0	0.045973126711259436	0.2466774116621314	76.86438815461294
0.32	21.25	0.045973126711259436	0.2466774116621314	76.9887006540913
0.32	21.5	0.045973126711259436	0.2466774116621314	77.11028640995909
0.32	21.75	0.045973126711259436	0.2466774116621314	77.22922639337705
0.32	22.0	0.045973126711259436	0.2466774116621314	77.34559843154689
0.32	22.25	0.045973126711259436	0.2466774116621314	77.45947735900002
0.32	22.5	0.045973126711259436	0.2466774116621314	77.57093516023026
0.32	22.75	0.045973126711259436	0.2466774116621314	77.68004110424295
0.32	23.0	0.045973126711259436	0.2466774116621314	77.78686187154963
0.32	23.25	0.045973126711259436	0.2466774116621314	77.89146167409918
0.32	23.5	0.045973126711259436	0.2466774116621314	77.99390236859861
0.32	23.75	0.045973126711259436	0.2466774116621314	78.09424356364586
0.32	24.0	0.045973126711259436	0.2466774116621314	78.19254272106406
0.33	0.0	0.0474097869209863	0.24481282039704585	0.0
0.33	0.25	0.0474097869209863	0.24481282039704585	5.735249357711106
0.33	0.5	0.0474097869209863	0.24481282039704585	10.791307140426353
0.33	0.75	0.0474097869209863	0.24481282039704585	15.281779998129966
0.33	1.0	0.0474097869209863	0.24481282039704585	19.296275939921443
0.33	1.25	0.0474097869209863	0.24481282039704585	22.906423412610504
0.33	1.5	0.0474097869209863	0.24481282039704585	26.17016534234869
0.33	1.75	0.0474097869209863	0.24481282039704585	29.13487862920753
0.33	2.0	0.0474097869209863	0.24481282039704585	31.839677571196802
0.33	2.25	0.0474097869209863	0.24481282039704585	34.31713987993597
0.33	2.5	0.0474097869209863	0.24481282039704585	36.59461738066452
0.33	2.75	0.0474097869209863	0.24481282039704585	38.695243490524625
0.33	3.0	0.0474097869209863	0.24481282039704585	40.638716276471115
0.33	3.25	0.0474097869209863	0.24481282039704585	42.44191332748893
0.33	3.5	0.0474097869209863	0.24481282039704585	44.11937912819056
0.33	3.75	0.0474097869209863	0.24481282039704585	45.68371474759372
0.33	4.0	0.0474097869209863	0.24481282039704585	47.14589194694904
0.33	4.25	0.0474097869209863	0.24481282039704585	48.51550827335421
0.33	4.5	0.0474097869209863	0.24481282039704585	49.80099568184562
0.33	4.75	0.0474097869209863	0.24481282039704585	51.00979227182494
0.33	5.0	0.0474097869209863	0.24481282039704585	52.14848452857896
0.33	5.25	0.0474097869209863	0.24481282039704585	53.22292581531085
0.33	5.5	0.0474097869209863	0.24481282039704585	54.23833561667844
0.33	5.75	0.0474097869209863	0.24481282039704585	55.19938308564537
0.33	6.0	0.0474097869209863	0.24481282039704585	56.11025771566848
0.33	6.25	0.0474097869209863	0.24481282039704585	56.97472939492726
0.33	6.5	0.0474097869209863	0.24481282039704585	57.796199658275306
0.33	6.75	0.0474097869209863	0.24481282039704585	58.57774560621718
0.33	7.0	0.0474097869209863	0.24481282039704585	59.32215768644468
0.33	7.25	0.0474097869209863	0.24481282039704585	60.03197231577763
0.33	7.5	0.0474097869209863	0.24481282039704585	60.70950014626508
0.33	7.75	0.0474097869209863	0.24481282039704585	61.35685063922354
0.33	8.0	0.0474097869209863	0.24481282039704585	61.97595349784967
0.33	8.25	0.0474097869209863	0.24481282039704585	62.56857741714871
0.33	8.5	0.0474097869209863	0.24481282039704585	63.13634653492459
0.33	8.75	0.0474097869209863	0.24481282039704585	63.680754906098954
0.33	9.0	0.0474097869209863	0.24481282039704585	64.20317927201063
0.33	9.25	0.0474097869209863	0.24481282039704585	64.70489035450262
0.33	9.5	0.0474097869209863	0.24481282039704585	65.18706286987333
0.33	9.75	0.0474097869209863	0.24481282039704585	65.65078442883421
0.33	10.0	0.0474097869209863	0.24481282039704585	66.09706346442141
0.33	10.25	0.0474097869209863	0.24481282039704585	66.52683630950726
0.33	10.5	0.0474097869209863	0.24481282039704585	66.94097352846505
0.33	10.75	0.0474097869209863	0.24481282039704585	67.34028559310353
0.33	11.0	0.0474097869209863	0.24481282039704585	67.72552798075442
0.33	11.25	0.0474097869209863	0.24481282039704585	68.09740576200169
0.33	11.5	0.0474097869209863	0.24481282039704585	68.45657773667949
0.33	11.75	0.0474097869209863	0.24481282039704585	68.80366016919456
0.33	12.0	0.0474097869209863	0.24481282039704585	69.13923016773772
0.33	12.25	0.0474097869209863	0.24481282039704585	69.46382874637388
0.33	12.5	0.0474097869209863	0.24481282039704585	69.77796360419549
0.33	12.75	0.0474097869209863	0.24481282039704585	70.08211165157786
0.33	13.0	0.0474097869209863	0.24481282039704585	70.37672130998354
0.33	13.25	0.0474097869209863	0.24481282039704585	70.66221460864921
0.33	13.5	0.0474097869209863	0.24481282039704585	70.93898909878062
0.33	13.75	0.0474097869209863	0.24481282039704585	71.20741960352147
0.33	14.0	0.0474097869209863	0.24481282039704585	71.46785981990223
0.33	14.25	0.0474097869209863	0.24481282039704585	71.72064378717286
0.33	14.5	0.0474097869209863	0.24481282039704585	71.96608723434318
0.33	14.75	0.0474097869209863	0.24481282039704585	72.20448881836701
0.33	15.0	0.0474097869209863	0.24481282039704585	72.43613126318581
0.33	15.25	0.0474097869209863	0.24481282039704585	72.66128240877063
0.33	15.5	0.0474097869209863	0.24481282039704585	72.88019617835145
0.33	15.75	0.0474097869209863	0.24481282039704585	73.09311347118198
0.33	16.0	0.0474097869209863	0.24481282039704585	73.30026298744347
0.33	16.25	0.0474097869209863	0.24481282039704585	73.50186199123047
0.33	16.5	0.0474097869209863	0.24481282039704585	73.69811701697321
0.33	16.75	0.0474097869209863	0.24481282039704585	73.88922452412963
0.33	17.0	0.0474097869209863	0.24481282039704585	74.07537150451249
0.33	17.25	0.0474097869209863	0.24481282039704585	74.25673604620278
0.33	17.5	0.0474097869209863	0.24481282039704585	74.43348785762609
0.33	17.75	0.0474097869209863	0.24481282039704585	74.60578875503803
0.33	18.0	0.0474097869209863	0.24481282039704585	74.77379311636452
0.33	18.25	0.0474097869209863	0.24481282039704585	74.93764830407508
0.33	18.5	0.0474097869209863	0.24481282039704585	75.09749505952696
0.33	18.75	0.0474097869209863	0.24481282039704585	75.25346787100031
0.33	19.0	0.0474097869209863	0.24481282039704585	75.4056953174497
0.33	19.25	0.0474097869209863	0.24481282039704585	75.55430038982088
0.33	19.5	0.0474097869209863	0.24481282039704585	75.69940079162294
0.33	19.75	0.0474097869209863	0.24481282039704585	75.84110922030122
0.33	20.0	0.0474097869209863	0.24481282039704585	75.97953363082708
0.33	20.25	0.0474097869209863	0.24481282039704585	76.11477748280184
0.33	20.5	0.0474097869209863	0.24481282039704585	76.24693997226555
0.33	20.75	0.0474097869209863	0.24481282039704585	76.37611624930369
0.33	21.0	0.0474097869209863	0.24481282039704585	76.50239762245674
0.33	21.25	0.0474097869209863	0.24481282039704585	76.62587175085706
0.33	21.5	0.0474097869209863	0.24481282039704585	76.7466228249441
0.33	21.75	0.0474097869209863	0.24481282039704585	76.86473173654234
0.33	22.0	0.0474097869209863	0.24481282039704585	76.98027623902543
0.33	22.25	0.0474097869209863	0.24481282039704585	77.09333109823413
0.33	22.5	0.0474097869209863	0.24481282039704585	77.2039682347648
0.33	22.75	0.0474097869209863	0.24481282039704585	77.31225685819878
0.33	23.0	0.0474097869209863	0.24481282039704585	77.4182635938003
0.33	23.25	0.0474097869209863	0.24481282039704585	77.52205260217104
0.33	23.5	0.0474097869209863	0.24481282039704585	77.62368569231438
0.33	23.75	0.0474097869209863	0.24481282039704585	77.7232224285285
0.33	24.0	0.0474097869209863	0.24481282039704585	77.82072023151822
0.34	0.0	0.04884644713071316	0.24294822913196032	0.0
0.34	0.25	0.04884644713071316	0.24294822913196032	5.693092385320068
0.34	0.5	0.04884644713071316	0.24294822913196032	10.71450278061726
0.34	0.75	0.04884644713071316	0.24294822913196032	15.176164932821187
0.34	1.0	0.04884644713071316	0.24294822913196032	19.166450469666753
0.34	1.25	0.04884644713071316	0.24294822913196032	22.756058757944963
0.34	1.5	0.04884644713071316	0.24294822913196032	26.00222412779431
0.34	1.75	0.04884644713071316	0.24294822913196032	28.95177579108531
0.34	2.0	0.04884644713071316	0.24294822913196032	31.64339959934487
0.34	2.25	0.04884644713071316	0.24294822913196032	34.10933441590829
0.34	2.5	0.04884644713071316	0.24294822913196032	36.37666139587738
0.34	2.75	0.04884644713071316	0.24294822913196032	38.468295766019764
0.34	3.0	0.04884644713071316	0.24294822913196032	40.403758227741086
0.34	3.25	0.04884644713071316	0.24294822913196032	42.19978107287591
0.34	3.5	0.04884644713071316	0.24294822913196032	43.870788906066686
0.34	3.75	0.04884644713071316	0.24294822913196032	45.42928322997032
0.34	4.0	0.04884644713071316	0.24294822913196032	46.886152600089254
0.34	4.25	0.04884644713071316	0.24294822913196032	48.250924629711854
0.34	4.5	0.04884644713071316	0.24294822913196032	49.53197217893539
0.34	4.75	0.04884644713071316	0.24294822913196032	50.7366831598278
0.34	5.0	0.04884644713071316	0.24294822913196032	51.871601234026535
0.34	5.25	0.04884644713071316	0.24294822913196032	52.94254306222001
0.34	5.5	0.04884644713071316	0.24294822913196032	53.954696541368655
0.34	5.75	0.04884644713071316	0.24294822913196032	54.91270353171389
0.34	6.0	0.04884644713071316	0.24294822913196032	55.82072985729665
0.34	6.25	0.04884644713071316	0.24294822913196032	56.6825248069941
0.34	6.5	0.04884644713071316	0.24294822913196032	57.501471928569686
0.34	6.75	0.04884644713071316	0.24294822913196032	58.280632566821964
0.34	7.0	0.04884644713071316	0.24294822913196032	59.02278332696289
0.34	7.25	0.04884644713071316	0.24294822913196032	59.730448429616196
0.34	7.5	0.04884644713071316	0.24294822913196032	60.405927752032795
0.34	7.75	0.04884644713071316	0.24294822913196032	61.05132121193542
0.34	8.0	0.04884644713071316	0.24294822913196032	61.6685500386814
0.34	8.25	0.04884644713071316	0.24294822913196032	62.259375385654465
0.34	8.5	0.04884644713071316	0.24294822913196032	62.825414663692506
0.34	8.75	0.04884644713071316	0.24294822913196032	63.36815591459161
0.34	9.0	0.04884644713071316	0.24294822913196032	63.8889704936837
0.34	9.25	0.04884644713071316	0.24294822913196032	64.3891242891023
0.34	9.5	0.04884644713071316	0.24294822913196032	64.86978767099582
0.34	9.75	0.04884644713071316	0.24294822913196032	65.33204433531797
0.34	10.0	0.04884644713071316	0.24294822913196032	65.77689918287949
0.34	10.25	0.04884644713071316	0.24294822913196032	66.2052853542488
0.34	10.5	0.04884644713071316	0.24294822913196032	66.6180705241649
0.34	10.75	0.04884644713071316	0.24294822913196032	67.01606254482866
0.34	11.0	0.04884644713071316	0.24294822913196032	67.40001451532059
0.34	11.25	0.04884644713071316	0.24294822913196032	67.77062934409524
0.34	11.5	0.04884644713071316	0.24294822913196032	68.12856386272095
0.34	11.75	0.04884644713071316	0.24294822913196032	68.47443254152932
0.34	12.0	0.04884644713071316	0.24294822913196032	68.80881085140501
0.34	12.25	0.04884644713071316	0.24294822913196032	69.13223831041779
0.34	12.5	0.04884644713071316	0.24294822913196032	69.4452212492359
0.34	12.75	0.04884644713071316	0.24294822913196032	69.74823532514579
0.34	13.0	0.04884644713071316	0.24294822913196032	70.04172781094242
0.34	13.25	0.04884644713071316	0.24294822913196032	70.32611968186457
0.34	13.5	0.04884644713071316	0.24294822913196032	70.60180752106238
0.34	13.75	0.04884644713071316	0.24294822913196032	70.86916526174366
0.34	14.0	0.04884644713071316	0.24294822913196032	71.12854578210039
0.34	14.25	0.04884644713071316	0.24294822913196032	71.38028236732802
0.34	14.5	0.04884644713071316	0.24294822913196032	71.6246900514817
0.34	14.75	0.04884644713071316	0.24294822913196032	71.862066850536
0.34	15.0	0.04884644713071316	0.24294822913196032	72.09269489680196
0.34	15.25	0.04884644713071316	0.24294822913196032	72.31684148378707
0.34	15.5	0.04884644713071316	0.24294822913196032	72.53476002963893
0.34	15.75	0.04884644713071316	0.24294822913196032	72.74669096647969
0.34	16.0	0.04884644713071316	0.24294822913196032	72.95286256219718
0.34	16.25	0.04884644713071316	0.24294822913196032	73.15349168060288
0.34	16.5	0.04884644713071316	0.24294822913196032	73.34878448528285
0.34	16.75	0.04884644713071316	0.24294822913196032	73.53893709194817
0.34	17.0	0.04884644713071316	0.24294822913196032	73.72413617362831
0.34	17.25	0.04884644713071316	0.24294822913196032	73.90455952263703
0.34	17.5	0.04884644713071316	0.24294822913196032	74.08037657287048
0.34	17.75	0.04884644713071316	0.24294822913196032	74.25174888566656
0.34	18.0	0.04884644713071316	0.24294822913196032	74.41883060215699
0.34	18.25	0.04884644713071316	0.24294822913196032	74.5817688647775
0.34	18.5	0.04884644713071316	0.24294822913196032	74.74070421036205
0.34	18.75	0.04884644713071316	0.24294822913196032	74.89577093703082
0.34	19.0	0.04884644713071316	0.24294822913196032	75.04709744688802
0.34	19.25	0.04884644713071316	0.24294822913196032	75.19480656637006
0.34	19.5	0.04884644713071316	0.24294822913196032	75.33901584592621
0.34	19.75	0.04884644713071316	0.24294822913196032	75.47983784057077
0.34	20.0	0.04884644713071316	0.24294822913196032	75.61738037271623
0.34	20.25	0.04884644713071316	0.24294822913196032	75.75174677857947
0.34	20.5	0.04884644713071316	0.24294822913196032	75.88303613934642
0.34	20.75	0.04884644713071316	0.24294822913196032	76.01134349818368
0.34	21.0	0.04884644713071316	0.24294822913196032	76.13676006409811
0.34	21.25	0.04884644713071316	0.24294822913196032	76.25937340356475
0.34	21.5	0.04884644713071316	0.24294822913196032	76.37926762077088
0.34	21.75	0.04884644713071316	0.24294822913196032	76.49652352725772
0.34	22.0	0.04884644713071316	0.24294822913196032	76.61121880167978
0.34	22.25	0.04884644713071316	0.24294822913196032	76.72342814034755
0.34	22.5	0.04884644713071316	0.24294822913196032	76.83322339916762
0.34	22.75	0.04884644713071316	0.24294822913196032	76.94067372754856
0.34	23.0	0.04884644713071316	0.24294822913196032	77.04584569479795
0.34	23.25	0.04884644713071316	0.24294822913196032	77.14880340949738
0.34	23.5	0.04884644713071316	0.24294822913196032	77.24960863230646
0.34	23.75	0.04884644713071316	0.24294822913196032	77.34832088261368
0.34	24.0	0.04884644713071316	0.24294822913196032	77.44499753942249
0.35	0.0	0.05028310734044001	0.2410836378664948	0.0
0.35	0.25	0.05028310734044001	0.2410836378664948	5.650912702523406
0.35	0.5	0.05028310734044001	0.2410836378664948	10.637620312061388
0.35	0.75	0.05028310734044001	0.2410836378664948	15.07039722358479
0.35	1.0	0.05028310734044001	0.2410836378664948	19.03638718014247
0.35	1.25	0.05028310734044001	0.2410836378664948	22.605365830013447
0.35	1.5	0.05028310734044001	0.2410836378664948	25.833862291775585
0.35	1.75	0.05028310734044001	0.2410836378664948	28.76816021024772
0.35	2.0	0.05028310734044001	0.2410836378664948	31.446518296303235
0.35	2.25	0.05028310734044001	0.2410836378664948	33.9008373411136
0.35	2.5	0.05028310734044001	0.2410836378664948	36.15792826058157
0.35	2.75	0.05028310734044001	0.2410836378664948	38.24048829739718
0.35	3.0	0.05028310734044001	0.2410836378664948	40.167860848511836
0.35	3.25	0.05028310734044001	0.2410836378664948	41.95663287720011
0.35	3.5	0.05028310734044001	0.2410836378664948	43.62110901932399
0.35	3.75	0.05028310734044001	0.2410836378664948	45.173691088383954
0.35	4.0	0.05028310734044001	0.2410836378664948	46.6251842929454
0.35	4.25	0.05028310734044001	0.2410836378664948	47.98504616322449
0.35	4.5	0.05028310734044001	0.2410836378664948	49.26159031379329
0.35	4.75	0.05028310734044001	0.2410836378664948	50.46215432180512
0.35	5.0	0.05028310734044001	0.2410836378664948	51.593238883355816
0.35	5.25	0.05028310734044001	0.2410836378664948	52.660623821983854
0.35	5.5	0.05028310734044001	0.2410836378664948	53.6694653203902
0.35	5.75	0.05028310734044001	0.2410836378664948	54.62437782791888
0.35	6.0	0.05028310734044001	0.2410836378664948	55.52950338939013
0.35	6.25	0.05028310734044001	0.2410836378664948	56.388570592715915
0.35	6.5	0.05028310734044001	0.2410836378664948	57.20494490468961
0.35	6.75	0.05028310734044001	0.2410836378664948	57.981671827873136
0.35	7.0	0.05028310734044001	0.2410836378664948	58.721514045347185
0.35	7.25	0.05028310734044001	0.2410836378664948	59.42698350828578
0.35	7.5	0.05028310734044001	0.2410836378664948	60.100369251809504
0.35	7.75	0.05028310734044001	0.2410836378664948	60.74376158817714
0.35	8.0	0.05028310734044001	0.2410836378664948	61.35907321606115
0.35	8.25	0.05028310734044001	0.2410836378664948	61.94805769499211
0.35	8.5	0.05028310734044001	0.2410836378664948	62.51232566084113
0.35	8.75	0.05028310734044001	0.2410836378664948	63.05335909815432
0.35	9.0	0.05028310734044001	0.2410836378664948	63.57252393568139
0.35	9.25	0.05028310734044001	0.2410836378664948	64.0710811905199
0.35	9.5	0.05028310734044001	0.2410836378664948	64.55019685231525
0.35	9.75	0.05028310734044001	0.2410836378664948	65.01095067063184
0.35	10.0	0.05028310734044001	0.2410836378664948	65.45434398491504
0.35	10.25	0.05028310734044001	0.2410836378664948	65.88130671657085
0.35	10.5	0.05028310734044001	0.2410836378664948	66.29270362593584
0.35	10.75	0.05028310734044001	0.2410836378664948	66.68933992275029
0.35	11.0	0.05028310734044001	0.2410836378664948	67.07196630674751
0.35	11.25	0.05028310734044001	0.2410836378664948	67.44128350476811
0.35	11.5	0.05028310734044001	0.2410836378664948	67.79794636210941
0.35	11.75	0.05028310734044001	0.2410836378664948	68.14256753838168
0.35	12.0	0.05028310734044001	0.2410836378664948	68.47572085176583
0.35	12.25	0.05028310734044001	0.2410836378664948	68.79794431008749
0.35	12.5	0.05028310734044001	0.2410836378664948	69.10974286239839
0.35	12.75	0.05028310734044001	0.2410836378664948	69.41159090067683
0.35	13.0	0.05028310734044001	0.2410836378664948	69.70393453772733
0.35	13.25	0.05028310734044001	0.2410836378664948	69.98719368429411
0.35	13.5	0.05028310734044001	0.2410836378664948	70.26176394573723
0.35	13.75	0.05028310734044001	0.2410836378664948	70.52801835629758
0.35	14.0	0.05028310734044001	0.2410836378664948	70.78630896694696
0.35	14.25	0.05028310734044001	0.2410836378664948	71.0369683010446
0.35	14.5	0.05028310734044001	0.2410836378664948	71.28031069046393
0.35	14.75	0.05028310734044001	0.2410836378664948	71.51663350348593
0.35	15.0	0.05028310734044001	0.2410836378664948	71.74621827455151
0.35	15.25	0.05028310734044001	0.2410836378664948	71.96933174490368
0.35	15.5	0.05028310734044001	0.2410836378664948	72.18622682221363
0.35	15.75	0.05028310734044001	0.2410836378664948	72.39714346645441
0.35	16.0	0.05028310734044001	0.2410836378664948	72.6023095085517
0.35	16.25	0.05028310734044001	0.2410836378664948	72.80194140768869
0.35	16.5	0.05028310734044001	0.2410836378664948	72.99624495256175
0.35	16.75	0.05028310734044001	0.2410836378664948	73.1854159113678
0.35	17.0	0.05028310734044001	0.2410836378664948	73.36964063484325
0.35	17.25	0.05028310734044001	0.2410836378664948	73.54909661626422
0.35	17.5	0.05028310734044001	0.2410836378664948	73.72395301194878
0.35	17.75	0.05028310734044001	0.2410836378664948	73.89437112547432
0.35	18.0	0.05028310734044001	0.2410836378664948	74.06050485852646
0.35	18.25	0.05028310734044001	0.2410836378664948	74.2225011310325
0.35	18.5	0.05028310734044001	0.2410836378664948	74.38050027299263
0.35	18.75	0.05028310734044001	0.2410836378664948	74.5346363902091
0.35	19.0	0.05028310734044001	0.2410836378664948	74.68503770591907
0.35	19.25	0.05028310734044001	0.2410836378664948	74.83182688016397
0.35	19.5	0.05028310734044001	0.2410836378664948	74.97512130856899
0.35	19.75	0.05028310734044001	0.2410836378664948	75.1150334020655
0.35	20.0	0.05028310734044001	0.2410836378664948	75.25167084895952
0.35	20.25	0.05028310734044001	0.2410836378664948	75.38513686063219
0.35	20.5	0.05028310734044001	0.2410836378664948	75.51553040205309
0.35	20.75	0.05028310734044001	0.2410836378664948	75.64294640819006
0.35	21.0	0.05028310734044001	0.2410836378664948	75.76747598731248
0.35	21.25	0.05028310734044001	0.2410836378664948	75.88920661210426
0.35	21.5	0.05028310734044001	0.2410836378664948	76.00822229943145
0.35	21.75	0.05028310734044001	0.2410836378664948	76.12460377954216
0.35	22.0	0.05028310734044001	0.2410836378664948	76.23842865541658
0.35	22.25	0.05028310734044001	0.2410836378664948	76.34977155292987
0.35	22.5	0.05028310734044001	0.2410836378664948	76.4587042624396
0.35	22.75	0.05028310734044001	0.2410836378664948	76.56529587236412
0.35	23.0	0.05028310734044001	0.2410836378664948	76.66961289527514
0.35	23.25	0.05028310734044001	0.2410836378664948	76.77171938698964
0.35	23.5	0.05028310734044001	0.2410836378664948	76.87167705911031
0.35	23.75	0.05028310734044001	0.2410836378664948	76.96954538543115
0.35	24.0	0.05028310734044001	0.2410836378664948	77.065381702595
0.36	0.0	0.05171976755016686	0.23921904660102927	0.0
0.36	0.25	0.05171976755016686	0.23921904660102927	5.608710293617973
0.36	0.5	0.05171976755016686	0.23921904660102927	10.56065963432596
0.36	0.75	0.05171976755016686	0.23921904660102927	14.964476595853407
0.36	1.0	0.05171976755016686	0.23921904660102927	18.906085537858264
0.36	1.25	0.05171976755016686	0.23921904660102927	22.454343765548895
0.36	1.5	0.05171976755016686	0.23921904660102927	25.665078586511928
0.36	1.75	0.05171976755016686	0.23921904660102927	28.584030214890674
0.36	2.0	0.05171976755016686	0.23921904660102927	31.24903153992666
0.36	2.25	0.05171976755016686	0.23921904660102927	33.69164606765317
0.36	2.5	0.05171976755016686	0.23921904660102927	35.93841491446329
0.36	2.75	0.05171976755016686	0.23921904660102927	38.01181755214259
0.36	3.0	0.05171976755016686	0.23921904660102927	39.931020139594345
0.36	3.25	0.05171976755016686	0.23921904660102927	41.71246428416239
0.36	3.5	0.05171976755016686	0.23921904660102927	43.37033456713762
0.36	3.75	0.05171976755016686	0.23921904660102927	44.9169329922838
0.36	4.0	0.05171976755016686	0.23921904660102927	46.362981281624634
0.36	4.25	0.05171976755016686	0.23921904660102927	47.71786673413527
0.36	4.5	0.05171976755016686	0.23921904660102927	48.9898435689919
0.36	4.75	0.05171976755016686	0.23921904660102927	50.18619888127791
0.36	5.0	0.05171976755016686	0.23921904660102927	51.31339025986093
0.36	5.25	0.05171976755016686	0.23921904660102927	52.37716055653413
0.36	5.5	0.05171976755016686	0.23921904660102927	53.38263411309416
0.36	5.75	0.05171976755016686	0.23921904660102927	54.334397849640254
0.36	6.0	0.05171976755016686	0.23921904660102927	55.23656992173133
0.36	6.25	0.05171976755016686	0.23921904660102927	56.092858114371715
0.36	6.5	0.05171976755016686	0.23921904660102927	56.906609719196865
0.36	6.75	0.05171976755016686	0.23921904660102927	57.68085430967723
0.36	7.0	0.05171976755016686	0.23921904660102927	58.418340566778795
0.36	7.25	0.05171976755016686	0.23921904660102927	59.12156809863926
0.36	7.5	0.05171976755016686	0.23921904660102927	59.79281503058806
0.36	7.75	0.05171976755016686	0.23921904660102927	60.43416200722866
0.36	8.0	0.05171976755016686	0.23921904660102927	61.04751313939231
0.36	8.25	0.05171976755016686	0.23921904660102927	61.63461434022592
0.36	8.5	0.05171976755016686	0.23921904660102927	62.19706942234746
0.36	8.75	0.05171976755016686	0.23921904660102927	62.736354268656626
0.36	9.0	0.05171976755016686	0.23921904660102927	63.25382934048786
0.36	9.25	0.05171976755016686	0.23921904660102927	63.75075074633243
0.36	9.5	0.05171976755016686	0.23921904660102927	64.22828006074958
0.36	9.75	0.05171976755016686	0.23921904660102927	64.68749305506638
0.36	10.0	0.05171976755016686	0.23921904660102927	65.12938747801904
0.36	10.25	0.05171976755016686	0.23921904660102927	65.5548900048016
0.36	10.5	0.05171976755016686	0.23921904660102927	65.96486245640035
0.36	10.75	0.05171976755016686	0.23921904660102927	66.36010737707407
0.36	11.0	0.05171976755016686	0.23921904660102927	66.74137304595479
0.36	11.25	0.05171976755016686	0.23921904660102927	67.10935798863666
0.36	11.5	0.05171976755016686	0.23921904660102927	67.46471504600204
0.36	11.75	0.05171976755016686	0.23921904660102927	67.808055050163
0.36	12.0	0.05171976755016686	0.23921904660102927	68.1399501510768
0.36	12.25	0.05171976755016686	0.23921904660102927	68.46093683196074
0.36	12.5	0.05171976755016686	0.23921904660102927	68.77151864694925
0.36	12.75	0.05171976755016686	0.23921904660102927	69.07216871039093
0.36	13.0	0.05171976755016686	0.23921904660102927	69.36333196368037
0.36	13.25	0.05171976755016686	0.23921904660102927	69.64542724247916
0.36	13.5	0.05171976755016686	0.23921904660102927	69.91884916453616
0.36	13.75	0.05171976755016686	0.23921904660102927	70.1839698560117
0.36	14.0	0.05171976755016686	0.23921904660102927	70.44114053219714
0.36	14.25	0.05171976755016686	0.23921904660102927	70.69069294675856
0.36	14.5	0.05171976755016686	0.23921904660102927	70.93294072208846
0.36	14.75	0.05171976755016686	0.23921904660102927	71.16818057199049
0.36	15.0	0.05171976755016686	0.23921904660102927	71.39669342672845
0.36	15.25	0.05171976755016686	0.23921904660102927	71.6187454694153
0.36	15.5	0.05171976755016686	0.23921904660102927	71.83458909178843
0.36	15.75	0.05171976755016686	0.23921904660102927	72.04446377659254
0.36	16.0	0.05171976755016686	0.23921904660102927	72.2485969130622
0.36	16.25	0.05171976755016686	0.23921904660102927	72.44720455134768
0.36	16.5	0.05171976755016686	0.23921904660102927	72.6404921011517
0.36	16.75	0.05171976755016686	0.23921904660102927	72.82865497933152
0.36	17.0	0.05171976755016686	0.23921904660102927	73.01187921076345
0.36	17.25	0.05171976755016686	0.23921904660102927	73.19034198635816
0.36	17.5	0.05171976755016686	0.23921904660102927	73.36421218174983
0.36	17.75	0.05171976755016686	0.23921904660102927	73.53365083985516
0.36	18.0	0.05171976755016686	0.23921904660102927	73.69881162020438
0.36	18.25	0.05171976755016686	0.23921904660102927	73.85984121768365
0.36	18.5	0.05171976755016686	0.23921904660102927	74.01687975309069
0.36	18.75	0.05171976755016686	0.23921904660102927	74.17006113769271
0.36	19.0	0.05171976755016686	0.23921904660102927	74.31951341378357
0.36	19.25	0.05171976755016686	0.23921904660102927	74.46535907306338
0.36	19.5	0.05171976755016686	0.23921904660102927	74.60771535450759
0.36	19.75	0.05171976755016686	0.23921904660102927	74.74669452325055
0.36	20.0	0.05171976755016686	0.23921904660102927	74.88240413188056
0.36	20.25	0.05171976755016686	0.23921904660102927	75.01494726542712
0.36	20.5	0.05171976755016686	0.23921904660102927	75.14442277121539
0.36	20.75	0.05171976755016686	0.23921904660102927	75.27092547466759
0.36	21.0	0.05171976755016686	0.23921904660102927	75.3945463820433
0.36	21.25	0.05171976755016686	0.23921904660102927	75.51537287103186
0.36	21.5	0.05171976755016686	0.23921904660102927	75.63348887003768
0.36	21.75	0.05171976755016686	0.23921904660102927	75.74897502693346
0.36	22.0	0.05171976755016686	0.23921904660102927	75.86190886799587
0.36	22.25	0.05171976755016686	0.23921904660102927	75.97236494768397
0.36	22.5	0.05171976755016686	0.23921904660102927	76.08041498986998
0.36	22.75	0.05171976755016686	0.23921904660102927	76.18612802108593
0.36	23.0	0.05171976755016686	0.23921904660102927	76.28957049630817
0.36	23.25	0.05171976755016686	0.23921904660102927	76.39080641776268
0.36	23.5	0.05171976755016686	0.23921904660102927	76.4898974471986
0.36	23.75	0.05171976755016686	0.23921904660102927	76.5869030120456
0.36	24.0	0.05171976755016686	0.23921904660102927	76.68188040583995
0.37	0.0	0.053156427759893723	0.23735445533567484	0.0
0.37	0.25	0.053156427759893723	0.23735445533567484	5.5664851428807065
0.37	0.5	0.053156427759893723	0.23735445533567484	10.483620646800816
0.37	0.75	0.053156427759893723	0.23735445533567484	14.858402774411974
0.37	1.0	0.053156427759893723	0.23735445533567484	18.77554500778118
0.37	1.25	0.053156427759893723	0.23735445533567484	22.30299169839249
0.37	1.5	0.053156427759893723	0.23735445533567484	25.49587175955618
0.37	1.75	0.053156427759893723	0.23735445533567484	28.399384126408496
0.37	2.0	0.053156427759893723	0.23735445533567484	31.050937198856413
0.37	2.25	0.053156427759893723	0.23735445533567484	33.48175799581315
0.37	2.5	0.053156427759893723	0.23735445533567484	35.71811828268851
0.37	2.75	0.053156427759893723	0.23735445533567484	37.782279980491225
0.37	3.0	0.053156427759893723	0.23735445533567484	39.69323208186416
0.37	3.25	0.053156427759893723	0.23735445533567484	41.46727081494843
0.37	3.5	0.053156427759893723	0.23735445533567484	43.11846062374531
0.37	3.75	0.053156427759893723	0.23735445533567484	44.65900358395956
0.37	4.0	0.053156427759893723	0.23735445533567484	46.09953779308886
0.37	4.25	0.053156427759893723	0.23735445533567484	47.44938017182133
0.37	4.5	0.053156427759893723	0.23735445533567484	48.71672539480564
0.37	4.75	0.053156427759893723	0.23735445533567484	49.9088099283442
0.37	5.0	0.053156427759893723	0.23735445533567484	51.03204811260945
0.37	5.25	0.053156427759893723	0.23735445533567484	52.09214569310503
0.37	5.5	0.053156427759893723	0.23735445533567484	53.0941950440036
0.37	5.75	0.053156427759893723	0.23735445533567484	54.042755437645674
0.37	6.0	0.053156427759893723	0.23735445533567484	54.94192103005598
0.37	6.25	0.053156427759893723	0.23735445533567484	55.79537870111117
0.37	6.5	0.053156427759893723	0.23735445533567484	56.606457472793814
0.37	6.75	0.053156427759893723	0.23735445533567484	57.37817090230307
0.37	7.0	0.053156427759893723	0.23735445533567484	58.11325358817347
0.37	7.25	0.053156427759893723	0.23735445533567484	58.81419272158467
0.37	7.5	0.053156427759893723	0.23735445533567484	59.48325545008248
0.37	7.75	0.053156427759893723	0.23735445533567484	60.1225126880992
0.37	8.0	0.053156427759893723	0.23735445533567484	60.733859901153856
0.37	8.25	0.053156427759893723	0.23735445533567484	61.3190353031763
0.37	8.5	0.053156427759893723	0.23735445533567484	61.87963583495476
0.37	8.75	0.053156427759893723	0.23735445533567484	62.41713123306955
0.37	9.0	0.053156427759893723	0.23735445533567484	62.932876450343905
0.37	9.25	0.053156427759893723	0.23735445533567484	63.428122648843605
0.37	9.5	0.053156427759893723	0.23735445533567484	63.90402695322336
0.37	9.75	0.053156427759893723	0.23735445533567484	64.36166112450269
0.37	10.0	0.053156427759893723	0.23735445533567484	64.80201929115597
0.37	10.25	0.053156427759893723	0.23735445533567484	65.22602485491859
0.37	10.5	0.053156427759893723	0.23735445533567484	65.63453667229354
0.37	10.75	0.053156427759893723	0.23735445533567484	66.0283545988629
0.37	11.0	0.053156427759893723	0.23735445533567484	66.40822447173966
0.37	11.25	0.053156427759893723	0.23735445533567484	66.77484259548481
0.37	11.5	0.053156427759893723	0.23735445533567484	67.12885978827657
0.37	11.75	0.053156427759893723	0.23735445533567484	67.47088503781552
0.37	12.0	0.053156427759893723	0.23735445533567484	67.80148881018646
0.37	12.25	0.053156427759893723	0.23735445533567484	68.12120604951251
0.37	12.5	0.053156427759893723	0.23735445533567484	68.43053890159511
0.37	12.75	0.053156427759893723	0.23735445533567484	68.72995919072272
0.37	13.0	0.053156427759893723	0.23735445533567484	69.01991067535712
0.37	13.25	0.053156427759893723	0.23735445533567484	69.30081110539106
0.37	13.5	0.053156427759893723	0.23735445533567484	69.57305410104726
0.37	13.75	0.053156427759893723	0.23735445533567484	69.83701087120242
0.37	14.0	0.053156427759893723	0.23735445533567484	70.09303178692126
0.37	14.25	0.053156427759893723	0.23735445533567484	70.34144782423745
0.37	14.5	0.053156427759893723	0.23735445533567484	70.58257188868366
0.37	14.75	0.053156427759893723	0.23735445533567484	70.81670003272566
0.37	15.0	0.053156427759893723	0.23735445533567484	71.04411257606854
0.37	15.25	0.053156427759893723	0.23735445533567484	71.26507513775687
0.37	15.5	0.053156427759893723	0.23735445533567484	71.47983958806583
0.37	15.75	0.053156427759893723	0.23735445533567484	71.68864492736301
0.37	16.0	0.053156427759893723	0.23735445533567484	71.89171809839435
0.37	16.25	0.053156427759893723	0.23735445533567484	72.08927473780506
0.37	16.5	0.053156427759893723	0.23735445533567484	72.28151987213339
0.37	16.75	0.053156427759893723	0.23735445533567484	72.46864856300526
0.37	17.0	0.053156427759893723	0.23735445533567484	72.65084650580363
0.37	17.25	0.053156427759893723	0.23735445533567484	72.82829058568001
0.37	17.5	0.053156427759893723	0.23735445533567484	73.00114939441295
0.37	17.75	0.053156427759893723	0.23735445533567484	73.16958371129213
0.37	18.0	0.053156427759893723	0.23735445533567484	73.33374695091655
0.37	18.25	0.053156427759893723	0.23735445533567484	73.49378558053162
0.37	18.5	0.053156427759893723	0.23735445533567484	73.6498395092962
0.37	18.75	0.053156427759893723	0.23735445533567484	73.80204245165726
0.37	19.0	0.053156427759893723	0.23735445533567484	73.95052226681979
0.37	19.25	0.053156427759893723	0.23735445533567484	74.09540127612645
0.37	19.5	0.053156427759893723	0.23735445533567484	74.23679656000628
0.37	19.75	0.053156427759893723	0.23735445533567484	74.37482023601022
0.37	20.0	0.053156427759893723	0.23735445533567484	74.50957971932458
0.37	20.25	0.053156427759893723	0.23735445533567484	74.64117796703677
0.37	20.5	0.053156427759893723	0.23735445533567484	74.76971370732383
0.37	20.75	0.053156427759893723	0.23735445533567484	74.89528165463832
0.37	21.0	0.053156427759893723	0.23735445533567484	75.01797271187932
0.37	21.25	0.053156427759893723	0.23735445533567484	75.13787416045818
0.37	21.5	0.053156427759893723	0.23735445533567484	75.25506983909607
0.37	21.75	0.053156427759893723	0.23735445533567484	75.36964031212494
0.37	22.0	0.053156427759893723	0.23735445533567484	75.48166302800432
0.37	22.25	0.053156427759893723	0.23735445533567484	75.59121246871057
0.37	22.5	0.053156427759893723	0.23735445533567484	75.69836029060653
0.37	22.75	0.053156427759893723	0.23735445533567484	75.80317545735272
0.37	23.0	0.053156427759893723	0.23735445533567484	75.90572436537988
0.37	23.25	0.053156427759893723	0.23735445533567484	76.00607096240401
0.37	23.5	0.053156427759893723	0.23735445533567484	76.10427685943014
0.37	23.75	0.053156427759893723	0.23735445533567484	76.20040143665804
0.37	24.0	0.053156427759893723	0.23735445533567484	76.29450194367395
0.38	0.0	0.054593087969620584	0.23548986407032044	0.0
0.38	0.25	0.054593087969620584	0.23548986407032044	5.524237234569597
0.38	0.5	0.054593087969620584	0.23548986407032044	10.406503248700169
0.38	0.75	0.054593087969620584	0.23548986407032044	14.752175483397847
0.38	1.0	0.054593087969620584	0.23548986407032044	18.644765053333053
0.38	1.25	0.054593087969620584	0.23548986407032044	22.1513087594846
0.38	1.5	0.054593087969620584	0.23548986407032044	25.326240553776227
0.38	1.75	0.054593087969620584	0.23548986407032044	28.214220259362968
0.38	2.0	0.054593087969620584	0.23548986407032044	30.85223313247342
0.38	2.25	0.054593087969620584	0.23548986407032044	33.2711705140007
0.38	2.5	0.054593087969620584	0.23548986407032044	35.4970352758201
0.38	2.75	0.054593087969620584	0.23548986407032044	37.55187201532566
0.38	3.0	0.054593087969620584	0.23548986407032044	39.45449263613947
0.38	3.25	0.054593087969620584	0.23548986407032044	41.22104796808867
0.38	3.5	0.054593087969620584	0.23548986407032044	42.865482238290156
0.38	3.75	0.054593087969620584	0.23548986407032044	44.399897478369645
0.38	4.0	0.054593087969620584	0.23548986407032044	45.834848024970256
0.38	4.25	0.054593087969620584	0.23548986407032044	47.179580274599864
0.38	4.5	0.054593087969620584	0.23548986407032044	48.44222920901038
0.38	4.75	0.054593087969620584	0.23548986407032044	49.62998051947498
0.38	5.0	0.054593087969620584	0.23548986407032044	50.749205156238496
0.38	5.25	0.054593087969620584	0.23548986407032044	51.80557162403257
0.38	5.5	0.054593087969620584	0.23548986407032044	52.80414020261966
0.38	5.75	0.054593087969620584	0.23548986407032044	53.749442397906506
0.38	6.0	0.054593087969620584	0.23548986407032044	54.64554825588202
0.38	6.25	0.054593087969620584	0.23548986407032044	55.49612364879957
0.38	6.5	0.054593087969620584	0.23548986407032044	56.30447923418697
0.38	6.75	0.054593087969620584	0.23548986407032044	57.07361246546668
0.38	7.0	0.054593087969620584	0.23548986407032044	57.80624377808987
0.38	7.25	0.054593087969620584	0.23548986407032044	58.504847872018864
0.38	7.5	0.054593087969620584	0.23548986407032044	59.17168084868851
0.38	7.75	0.054593087969620584	0.23548986407032044	59.80880382951599
0.38	8.0	0.054593087969620584	0.23548986407032044	60.418103576918334
0.38	8.25	0.054593087969620584	0.23548986407032044	61.00131055246728
0.38	8.5	0.054593087969620584	0.23548986407032044	61.56001477624983
0.38	8.75	0.054593087969620584	0.23548986407032044	62.0956797935722
0.38	9.0	0.054593087969620584	0.23548986407032044	62.60965500738243
0.38	9.25	0.054593087969620584	0.23548986407032044	63.103186595246996
0.38	9.5	0.054593087969620584	0.23548986407032044	63.577427196856746
0.38	9.75	0.054593087969620584	0.23548986407032044	64.03344453062573
0.38	10.0	0.054593087969620584	0.23548986407032044	64.47222907499838
0.38	10.25	0.054593087969620584	0.23548986407032044	64.89470093080193
0.38	10.5	0.054593087969620584	0.23548986407032044	65.30171596473159
0.38	10.75	0.054593087969620584	0.23548986407032044	65.69407132031695
0.38	11.0	0.054593087969620584	0.23548986407032044	66.07251037106387
0.38	11.25	0.054593087969620584	0.23548986407032044	66.43772718055278
0.38	11.5	0.054593087969620584	0.23548986407032044	66.790370525817
0.38	11.75	0.054593087969620584	0.23548986407032044	67.13104753308892
0.38	12.0	0.054593087969620584	0.23548986407032044	67.4603269687964
0.38	12.25	0.054593087969620584	0.23548986407032044	67.77874222335399
0.38	12.5	0.054593087969620584	0.23548986407032044	68.08679402069245
0.38	12.75	0.054593087969620584	0.23548986407032044	68.3849528824936
0.38	13.0	0.054593087969620584	0.23548986407032044	68.67366137265302
0.38	13.25	0.054593087969620584	0.23548986407032044	68.95333614450267
0.38	13.5	0.054593087969620584	0.23548986407032044	69.22436981072318
0.38	13.75	0.054593087969620584	0.23548986407032044	69.48713265360736
0.38	14.0	0.054593087969620584	0.23548986407032044	69.74197419135376
0.38	14.25	0.054593087969620584	0.23548986407032044	69.9892246143339
0.38	14.5	0.054593087969620584	0.23548986407032044	70.22919610375452
0.38	14.75	0.054593087969620584	0.23548986407032044	70.46218404379783
0.38	15.0	0.054593087969620584	0.23548986407032044	70.68846813714595
0.38	15.25	0.054593087969620584	0.23548986407032044	70.90831343275568
0.38	15.5	0.054593087969620584	0.23548986407032044	71.12197127383239
0.38	15.75	0.054593087969620584	0.23548986407032044	71.32968017313961
0.38	16.0	0.054593087969620584	0.23548986407032044	71.53166662206011
0.38	16.25	0.054593087969620584	0.23548986407032044	71.72814583918577
0.38	16.5	0.054593087969620584	0.23548986407032044	71.91932246364385
0.38	16.75	0.054593087969620584	0.23548986407032044	72.10539119786193
0.38	17.0	0.054593087969620584	0.23548986407032044	72.28653740402136
0.38	17.25	0.054593087969620584	0.23548986407032044	72.46293765804586
0.38	17.5	0.054593087969620584	0.23548986407032044	72.6347602646112
0.38	17.75	0.054593087969620584	0.23548986407032044	72.80216573633845
0.38	18.0	0.054593087969620584	0.23548986407032044	72.96530724004336
0.38	18.25	0.054593087969620584	0.23548986407032044	73.12433101265461
0.38	18.5	0.054593087969620584	0.23548986407032044	73.27937674917857
0.38	18.75	0.054593087969620584	0.23548986407032044	73.43057796487868
0.38	19.0	0.054593087969620584	0.23548986407032044	73.57806233364671
0.38	19.25	0.054593087969620584	0.23548986407032044	73.72195200437177
0.38	19.5	0.054593087969620584	0.23548986407032044	73.86236389695873
0.38	19.75	0.054593087969620584	0.23548986407032044	73.9994099795068
0.38	20.0	0.054593087969620584	0.23548986407032044	74.1331975280324
0.38	20.25	0.054593087969620584	0.23548986407032044	74.26382937000588
0.38	20.5	0.054593087969620584	0.23548986407032044	74.39140411286638
0.38	20.75	0.054593087969620584	0.23548986407032044	74.51601635858526
0.38	21.0	0.054593087969620584	0.23548986407032044	74.63775690526157
0.38	21.25	0.054593087969620584	0.23548986407032044	74.75671293665488
0.38	21.5	0.054593087969620584	0.23548986407032044	74.87296820048941
0.38	21.75	0.054593087969620584	0.23548986407032044	74.98660317629785
0.38	22.0	0.054593087969620584	0.23548986407032044	75.09769523351372
0.38	22.25	0.054593087969620584	0.23548986407032044	75.2063187804674
0.38	22.5	0.054593087969620584	0.23548986407032044	75.31254540489013
0.38	22.75	0.054593087969620584	0.23548986407032044	75.41644400648572
0.38	23.0	0.054593087969620584	0.23548986407032044	75.51808092208734
0.38	23.25	0.054593087969620584	0.23548986407032044	75.61752004387911
0.38	23.5	0.054593087969620584	0.23548986407032044	75.71482293112622
0.38	23.75	0.054593087969620584	0.23548986407032044	75.81004891582637
0.38	24.0	0.054593087969620584	0.23548986407032044	75.90325520266434
0.39	0.0	0.056029748179347444	0.23362527280504772	0.0
0.39	0.25	0.056029748179347444	0.23362527280504772	5.481966552932597
0.39	0.5	0.056029748179347444	0.23362527280504772	10.329307339078262
0.39	0.75	0.056029748179347444	0.23362527280504772	14.645794446321473
0.39	1.0	0.056029748179347444	0.23362527280504772	18.51374513641151
0.39	1.25	0.056029748179347444	0.23362527280504772	21.999294076883103
0.39	1.5	0.056029748179347444	0.23362527280504772	25.156183707366264
0.39	1.75	0.056029748179347444	0.23362527280504772	28.028536921484015
0.39	2.0	0.056029748179347444	0.23362527280504772	30.65291719088544
0.39	2.25	0.056029748179347444	0.23362527280504772	33.05988099871449
0.39	2.5	0.056029748179347444	0.23362527280504772	35.27516278977057
0.39	2.75	0.056029748179347444	0.23362527280504772	37.320590072109695
0.39	3.0	0.056029748179347444	0.23362527280504772	39.21479774309648
0.39	3.25	0.056029748179347444	0.23362527280504772	40.973791219355434
0.39	3.5	0.056029748179347444	0.23362527280504772	42.61139443470121
0.39	3.75	0.056029748179347444	0.23362527280504772	44.139609263006676
0.39	4.0	0.056029748179347444	0.23362527280504772	45.5689061454247
0.39	4.25	0.056029748179347444	0.23362527280504772	46.908460809571764
0.39	4.5	0.056029748179347444	0.23362527280504772	48.16634839672035
0.39	4.75	0.056029748179347444	0.23362527280504772	49.34970367734794
0.39	5.0	0.056029748179347444	0.23362527280504772	50.46485407078828
0.39	5.25	0.056029748179347444	0.23362527280504772	51.517430706591455
0.39	5.5	0.056029748179347444	0.23362527280504772	52.512461643264835
0.39	5.75	0.056029748179347444	0.23362527280504772	53.45445050145085
0.39	6.0	0.056029748179347444	0.23362527280504772	54.34744310637568
0.39	6.25	0.056029748179347444	0.23362527280504772	55.19508421989956
0.39	6.5	0.056029748179347444	0.23362527280504772	56.00066603998721
0.39	6.75	0.056029748179347444	0.23362527280504772	56.767169828452296
0.39	7.0	0.056029748179347444	0.23362527280504772	57.497301776673595
0.39	7.25	0.056029748179347444	0.23362527280504772	58.19352401879645
0.39	7.5	0.056029748179347444	0.23362527280504772	58.85808154147909
0.39	7.75	0.056029748179347444	0.23362527280504772	59.49302560994734
0.39	8.0	0.056029748179347444	0.23362527280504772	60.100234225403106
0.39	8.25	0.056029748179347444	0.23362527280504772	60.68143004360663
0.39	8.5	0.056029748179347444	0.23362527280504772	61.2381961147719
0.39	8.75	0.056029748179347444	0.23362527280504772	61.771989747689055
0.39	9.0	0.056029748179347444	0.23362527280504772	62.284154753793004
0.39	9.25	0.056029748179347444	0.23362527280504772	62.77593228781683
0.39	9.5	0.056029748179347444	0.23362527280504772	63.24847046918088
0.39	9.75	0.056029748179347444	0.23362527280504772	63.702832941161695
0.39	10.0	0.056029748179347444	0.23362527280504772	64.14000650218418
0.39	10.25	0.056029748179347444	0.23362527280504772	64.5609079245081
0.39	10.5	0.056029748179347444	0.23362527280504772	64.96639005949834
0.39	10.75	0.056029748179347444	0.23362527280504772	65.35724731506882
0.39	11.0	0.056029748179347444	0.23362527280504772	65.734220579353
0.39	11.25	0.056029748179347444	0.23362527280504772	66.0980016548357
0.39	11.5	0.056029748179347444	0.23362527280504772	66.44923725880562
0.39	11.75	0.056029748179347444	0.23362527280504772	66.7885326388197
0.39	12.0	0.056029748179347444	0.23362527280504772	67.11645484572145
0.39	12.25	0.056029748179347444	0.23362527280504772	67.43353570146643
0.39	12.5	0.056029748179347444	0.23362527280504772	67.74027449444742
0.39	12.75	0.056029748179347444	0.23362527280504772	68.03714043106946
0.39	13.0	0.056029748179347444	0.23362527280504772	68.3245748689102
0.39	13.25	0.056029748179347444	0.23362527280504772	68.60299335383543
0.39	13.5	0.056029748179347444	0.23362527280504772	68.87278748085855
0.39	13.75	0.056029748179347444	0.23362527280504772	69.1343265962831
0.39	14.0	0.056029748179347444	0.23362527280504772	69.38795935670018
0.39	14.25	0.056029748179347444	0.23362527280504772	69.634015158691
0.39	14.5	0.056029748179347444	0.23362527280504772	69.87280545157421
0.39	14.75	0.056029748179347444	0.23362527280504772	70.10462494420948
0.39	15.0	0.056029748179347444	0.23362527280504772	70.32975271570025
0.39	15.25	0.056029748179347444	0.23362527280504772	70.54845323880654
0.39	15.5	0.056029748179347444	0.23362527280504772	70.76097732396804
0.39	15.75	0.056029748179347444	0.23362527280504772	70.96756299103022
0.39	16.0	0.056029748179347444	0.23362527280504772	71.16843627505217
0.39	16.25	0.056029748179347444	0.23362527280504772	71.36381197193857
0.39	16.5	0.056029748179347444	0.23362527280504772	71.55389432907434
0.39	16.75	0.056029748179347444	0.23362527280504772	71.73887768563712
0.39	17.0	0.056029748179347444	0.23362527280504772	71.9189470668138
0.39	17.25	0.056029748179347444	0.23362527280504772	72.0942787357469
0.39	17.5	0.056029748179347444	0.23362527280504772	72.26504070667757
0.39	17.75	0.056029748179347444	0.23362527280504772	72.43139322243111
0.39	18.0	0.056029748179347444	0.23362527280504772	72.59348919910248
0.39	18.25	0.056029748179347444	0.23362527280504772	72.75147464054088
0.39	18.5	0.056029748179347444	0.23362527280504772	72.90548902499943
0.39	18.75	0.056029748179347444	0.23362527280504772	73.05566566610662
0.39	19.0	0.056029748179347444	0.23362527280504772	73.20213205012735
0.39	19.25	0.056029748179347444	0.23362527280504772	73.34501015131089
0.39	19.5	0.056029748179347444	0.23362527280504772	73.48441672696887
0.39	19.75	0.056029748179347444	0.23362527280504772	73.62046359378766
0.39	20.0	0.056029748179347444	0.23362527280504772	73.75325788675215
0.39	20.25	0.056029748179347444	0.23362527280504772	73.88290230194525
0.39	20.5	0.056029748179347444	0.23362527280504772	74.0094953243817
0.39	20.75	0.056029748179347444	0.23362527280504772	74.13313144194208
0.39	21.0	0.056029748179347444	0.23362527280504772	74.25390134638607
0.39	21.25	0.056029748179347444	0.23362527280504772	74.37189212234655
0.39	21.5	0.056029748179347444	0.23362527280504772	74.48718742513445
0.39	21.75	0.056029748179347444	0.23362527280504772	74.59986764811998
0.39	22.0	0.056029748179347444	0.23362527280504772	74.7100100803961
0.39	22.25	0.056029748179347444	0.23362527280504772	74.81768905537618
0.39	22.5	0.056029748179347444	0.23362527280504772	74.92297609092839
0.39	22.75	0.056029748179347444	0.23362527280504772	75.02594002160367
0.39	23.0	0.056029748179347444	0.23362527280504772	75.12664712347325
0.39	23.25	0.056029748179347444	0.23362527280504772	75.22516123205287
0.39	23.5	0.056029748179347444	0.23362527280504772	75.32154385375655
0.39	23.75	0.056029748179347444	0.23362527280504772	75.41585427129019
0.39	24.0	0.056029748179347444	0.23362527280504772	75.5081496433661
0.4	0.0	0.0574664083890743	0.231760681539775	0.0
0.4	0.25	0.0574664083890743	0.231760681539775	5.439673082199912
0.4	0.5	0.0574664083890743	0.231760681539775	10.252032816815321
0.4	0.75	0.0574664083890743	0.231760681539775	14.539259386044952
0.4	1.0	0.0574664083890743	0.231760681539775	18.38248471736167
0.4	1.25	0.0574664083890743	0.231760681539775	21.846946775725105
0.4	1.5	0.0574664083890743	0.231760681539775	24.985699953796257
0.4	1.75	0.0574664083890743	0.231760681539775	27.84233241360404
0.4	2.0	0.0574664083890743	0.231760681539775	30.45298721484394
0.4	2.25	0.0574664083890743	0.231760681539775	32.84788681444249
0.4	2.5	0.0574664083890743	0.231760681539775	35.05249770567943
0.4	2.75	0.0574664083890743	0.231760681539775	37.088430548745094
0.4	3.0	0.0574664083890743	0.231760681539775	38.97414332310579
0.4	3.25	0.0574664083890743	0.231760681539775	40.72549602158013
0.4	3.5	0.0574664083890743	0.231760681539775	42.35619221149301
0.4	3.75	0.0574664083890743	0.231760681539775	43.87813349768165
0.4	4.0	0.0574664083890743	0.231760681539775	45.30170629290274
0.4	4.25	0.0574664083890743	0.231760681539775	46.63601551238267
0.4	4.5	0.0574664083890743	0.231760681539775	47.88907631014245
0.4	4.75	0.0574664083890743	0.231760681539775	49.06797239059804
0.4	5.0	0.0574664083890743	0.231760681539775	50.17898750145244
0.4	5.25	0.0574664083890743	0.231760681539775	51.22771526274874
0.4	5.5	0.0574664083890743	0.231760681539775	52.21915138484341
0.4	5.75	0.0574664083890743	0.231760681539775	53.15777148413389
0.4	6.0	0.0574664083890743	0.231760681539775	54.0475970541347
0.4	6.25	0.0574664083890743	0.231760681539775	54.89225164327042
0.4	6.5	0.0574664083890743	0.231760681539775	55.695008894527646
0.4	6.75	0.0574664083890743	0.231760681539775	56.45883378995132
0.4	7.0	0.0574664083890743	0.231760681539775	57.18641819551941
0.4	7.25	0.0574664083890743	0.231760681539775	57.88021160461696
0.4	7.5	0.0574664083890743	0.231760681539775	58.54244782011782
0.4	7.75	0.0574664083890743	0.231760681539775	59.175168187543626
0.4	8.0	0.0574664083890743	0.231760681539775	59.78024188843973
0.4	8.25	0.0574664083890743	0.231760681539775	60.3593837189837
0.4	8.5	0.0574664083890743	0.231760681539775	60.91416971003884
0.4	8.75	0.0574664083890743	0.231760681539775	61.446050888344004
0.4	9.0	0.0574664083890743	0.231760681539775	61.95636543190295
0.4	9.25	0.0574664083890743	0.231760681539775	62.44634943401427
0.4	9.5	0.0574664083890743	0.231760681539775	62.9171464582677
0.4	9.75	0.0574664083890743	0.231760681539775	63.36981604002909
0.4	10.0	0.0574664083890743	0.231760681539775	63.80534126748569
0.4	10.25	0.0574664083890743	0.231760681539775	64.224635556454
0.4	10.5	0.0574664083890743	0.231760681539775	64.62854871724042
0.4	10.75	0.0574664083890743	0.231760681539775	65.01787239838549
0.4	11.0	0.0574664083890743	0.231760681539775	65.39334498070036
0.4	11.25	0.0574664083890743	0.231760681539775	65.75565598528387
0.4	11.5	0.0574664083890743	0.231760681539775	66.10545005091407
0.4	11.75	0.0574664083890743	0.231760681539775	66.44333052910673
0.4	12.0	0.0574664083890743	0.231760681539775	66.76986273904264
0.4	12.25	0.0574664083890743	0.231760681539775	67.08557691932414
0.4	12.5	0.0574664083890743	0.231760681539775	67.39097090900108
0.4	12.75	0.0574664083890743	0.231760681539775	67.68651258639974
0.4	13.0	0.0574664083890743	0.231760681539775	67.97264209090146
0.4	13.25	0.0574664083890743	0.231760681539775	68.24977384987858
0.4	13.5	0.0574664083890743	0.231760681539775	68.5182984304346
0.4	13.75	0.0574664083890743	0.231760681539775	68.7785842333646
0.4	14.0	0.0574664083890743	0.231760681539775	69.03097904480055
0.4	14.25	0.0574664083890743	0.231760681539775	69.27581145929774
0.4	14.5	0.0574664083890743	0.231760681539775	69.51339218661998
0.4	14.75	0.0574664083890743	0.231760681539775	69.74401525316283
0.4	15.0	0.0574664083890743	0.231760681539775	69.96795910779473
0.4	15.25	0.0574664083890743	0.231760681539775	70.18548764087107
0.4	15.5	0.0574664083890743	0.231760681539775	70.39685112427227
0.4	15.75	0.0574664083890743	0.231760681539775	70.60228707951546
0.4	16.0	0.0574664083890743	0.231760681539775	70.80202108027966
0.4	16.25	0.0574664083890743	0.231760681539775	70.99626749505354
0.4	16.5	0.0574664083890743	0.231760681539775	71.18523017505363
0.4	16.75	0.0574664083890743	0.231760681539775	71.36910309206141
0.4	17.0	0.0574664083890743	0.231760681539775	71.548070930382
0.4	17.25	0.0574664083890743	0.231760681539775	71.72230963672858
0.4	17.5	0.0574664083890743	0.231760681539775	71.89198693148079
0.4	17.75	0.0574664083890743	0.231760681539775	72.05726278444546
0.4	18.0	0.0574664083890743	0.231760681539775	72.21828985796294
0.4	18.25	0.0574664083890743	0.231760681539775	72.3752139199435
0.4	18.5	0.0574664083890743	0.231760681539775	72.52817422918832
0.4	18.75	0.0574664083890743	0.231760681539775	72.67730389514077
0.4	19.0	0.0574664083890743	0.231760681539775	72.82273021402553
0.4	19.25	0.0574664083890743	0.231760681539775	72.96457498316468
0.4	19.5	0.0574664083890743	0.231760681539775	73.10295479510549
0.4	19.75	0.0574664083890743	0.231760681539775	73.23798131305684
0.4	20.0	0.0574664083890743	0.231760681539775	73.36976152900566
0.4	20.25	0.0574664083890743	0.231760681539775	73.49839800577081
0.4	20.5	0.0574664083890743	0.231760681539775	73.62398910414845
0.4	20.75	0.0574664083890743	0.231760681539775	73.74662919620961
0.4	21.0	0.0574664083890743	0.231760681539775	73.86640886572464
0.4	21.25	0.0574664083890743	0.231760681539775	73.98341509661236
0.4	21.5	0.0574664083890743	0.231760681539775	74.09773145024019
0.4	21.75	0.0574664083890743	0.231760681539775	74.20943823233732
0.4	22.0	0.0574664083890743	0.231760681539775	74.31861265022427
0.4	22.25	0.0574664083890743	0.231760681539775	74.42532896100772
0.4	22.5	0.0574664083890743	0.231760681539775	74.52965861134075
0.4	22.75	0.0574664083890743	0.231760681539775	74.63167036930328
0.4	23.0	0.0574664083890743	0.231760681539775	74.73143044891636
0.4	23.25	0.0574664083890743	0.231760681539775	74.82900262776566
0.4	23.5	0.0574664083890743	0.231760681539775	74.92444835817541
0.4	23.75	0.0574664083890743	0.231760681539775	75.01782687234126
0.4	24.0	0.0574664083890743	0.231760681539775	75.109195281802
0.41	0.0	0.05890306859880115	0.22989609027444177	0.0
0.41	0.25	0.05890306859880115	0.22989609027444177	5.397356806588196
0.41	0.5	0.05890306859880115	0.22989609027444177	10.17467958062414
0.41	0.75	0.05890306859880115	0.22989609027444177	14.432570024790692
0.41	1.0	0.05890306859880115	0.22989609027444177	18.2509832549824
0.41	1.25	0.05890306859880115	0.22989609027444177	21.69426597822829
0.41	1.5	0.05890306859880115	0.22989609027444177	24.814788021804635
0.41	1.75	0.05890306859880115	0.22989609027444177	27.65560502963858
0.41	2.0	0.05890306859880115	0.22989609027444177	30.252441035709637
0.41	2.25	0.05890306859880115	0.22989609027444177	32.63518531361015
0.41	2.5	0.05890306859880115	0.22989609027444177	34.82903688984252
0.41	2.75	0.05890306859880115	0.22989609027444177	36.85538982548119
0.41	3.0	0.05890306859880115	0.22989609027444177	38.73252527612241
0.41	3.25	0.05890306859880115	0.22989609027444177	40.47615780452445
0.41	3.5	0.05890306859880115	0.22989609027444177	42.09987054161941
0.41	3.75	0.05890306859880115	0.22989609027444177	43.61546471436264
0.41	4.0	0.05890306859880115	0.22989609027444177	45.03324257597566
0.41	4.25	0.05890306859880115	0.22989609027444177	46.36223808703907
0.41	4.5	0.05890306859880115	0.22989609027444177	47.610406268385304
0.41	4.75	0.05890306859880115	0.22989609027444177	48.784779613623215
0.41	5.0	0.05890306859880115	0.22989609027444177	49.8915980583837
0.41	5.25	0.05890306859880115	0.22989609027444177	50.936417578972346
0.41	5.5	0.05890306859880115	0.22989609027444177	51.924201410656345
0.41	5.75	0.05890306859880115	0.22989609027444177	52.859397046462504
0.41	6.0	0.05890306859880115	0.22989609027444177	53.74600153702568
0.41	6.25	0.05890306859880115	0.22989609027444177	54.58761711402096
0.41	6.5	0.05890306859880115	0.22989609027444177	55.38749876973487
0.41	6.75	0.05890306859880115	0.22989609027444177	56.14859511795423
0.41	7.0	0.05890306859880115	0.22989609027444177	56.87358361758567
0.41	7.25	0.05890306859880115	0.22989609027444177	57.56490104596377
0.41	7.5	0.05890306859880115	0.22989609027444177	58.22476995282385
0.41	7.75	0.05890306859880115	0.22989609027444177	58.855221700128894
0.41	8.0	0.05890306859880115	0.22989609027444177	59.45811659099282
0.41	8.25	0.05890306859880115	0.22989609027444177	60.03516150791585
0.41	8.5	0.05890306859880115	0.22989609027444177	60.58792541262086
0.41	8.75	0.05890306859880115	0.22989609027444177	61.11785300396059
0.41	9.0	0.05890306859880115	0.22989609027444177	61.62627678430296
0.41	9.25	0.05890306859880115	0.22989609027444177	62.114427746637254
0.41	9.5	0.05890306859880115	0.22989609027444177	62.58344486290139
0.41	9.75	0.05890306859880115	0.22989609027444177	63.034383527529336
0.41	10.0	0.05890306859880115	0.22989609027444177	63.46822308801659
0.41	10.25	0.05890306859880115	0.22989609027444177	63.88587357563624
0.41	10.5	0.05890306859880115	0.22989609027444177	64.28818173369521
0.41	10.75	0.05890306859880115	0.22989609027444177	64.67593642740036
0.41	11.0	0.05890306859880115	0.22989609027444177	65.04987350809792
0.41	11.25	0.05890306859880115	0.22989609027444177	65.41068019502727
0.41	11.5	0.05890306859880115	0.22989609027444177	65.75899902951501
0.41	11.75	0.05890306859880115	0.22989609027444177	66.09543144950344
0.41	12.0	0.05890306859880115	0.22989609027444177	66.42054102627318
0.41	12.25	0.05890306859880115	0.22989609027444177	66.73485640002647
0.41	12.5	0.05890306859880115	0.22989609027444177	67.03887394651919
0.41	12.75	0.05890306859880115	0.22989609027444177	67.3330602030562
0.41	13.0	0.05890306859880115	0.22989609027444177	67.61785407880883
0.41	13.25	0.05890306859880115	0.22989609027444177	67.89366887149794
0.41	13.5	0.05890306859880115	0.22989609027444177	68.16089410994776
0.41	13.75	0.05890306859880115	0.22989609027444177	68.41989723980286
0.41	14.0	0.05890306859880115	0.22989609027444177	68.67102516776481
0.41	14.25	0.05890306859880115	0.22989609027444177	68.91460567801069
0.41	14.5	0.05890306859880115	0.22989609027444177	69.15094873296835
0.41	14.75	0.05890306859880115	0.22989609027444177	69.38034766931571
0.41	15.0	0.05890306859880115	0.22989609027444177	69.60308029891974
0.41	15.25	0.05890306859880115	0.22989609027444177	69.81940992341464
0.41	15.5	0.05890306859880115	0.22989609027444177	70.02958627022063
0.41	15.75	0.05890306859880115	0.22989609027444177	70.23384635700955
0.41	16.0	0.05890306859880115	0.22989609027444177	70.43241529091844
0.41	16.25	0.05890306859880115	0.22989609027444177	70.62550700818588
0.41	16.5	0.05890306859880115	0.22989609027444177	70.81332495932891
0.41	16.75	0.05890306859880115	0.22989609027444177	70.99606274448189
0.41	17.0	0.05890306859880115	0.22989609027444177	71.17390470307583
0.41	17.25	0.05890306859880115	0.22989609027444177	71.3470264616413
0.41	17.5	0.05890306859880115	0.22989609027444177	71.5155954431637
0.41	17.75	0.05890306859880115	0.22989609027444177	71.67977134110274
0.41	18.0	0.05890306859880115	0.22989609027444177	71.83970656090331
0.41	18.25	0.05890306859880115	0.22989609027444177	71.99554663156947
0.41	18.5	0.05890306859880115	0.22989609027444177	72.14743058964322
0.41	18.75	0.05890306859880115	0.22989609027444177	72.29549133772285
0.41	19.0	0.05890306859880115	0.22989609027444177	72.43985597946876
0.41	19.25	0.05890306859880115	0.22989609027444177	72.58064613287652
0.41	19.5	0.05890306859880115	0.22989609027444177	72.71797822344449
0.41	19.75	0.05890306859880115	0.22989609027444177	72.8519637587249
0.41	20.0	0.05890306859880115	0.22989609027444177	72.98270958562424
0.41	20.25	0.05890306859880115	0.22989609027444177	73.11031813170325
0.41	20.5	0.05890306859880115	0.22989609027444177	73.23488763162644
0.41	20.75	0.05890306859880115	0.22989609027444177	73.35651233981592
0.41	21.0	0.05890306859880115	0.22989609027444177	73.47528273028074
0.41	21.25	0.05890306859880115	0.22989609027444177	73.59128568451479
0.41	21.5	0.05890306859880115	0.22989609027444177	73.70460466828642
0.41	21.75	0.05890306859880115	0.22989609027444177	73.81531989807846
0.41	22.0	0.05890306859880115	0.22989609027444177	73.92350849787864
0.41	22.25	0.05890306859880115	0.22989609027444177	74.02924464696707
0.41	22.5	0.05890306859880115	0.22989609027444177	74.13259971929809
0.41	22.75	0.05890306859880115	0.22989609027444177	74.23364241502897
0.41	23.0	0.05890306859880115	0.22989609027444177	74.33243888470734
0.41	23.25	0.05890306859880115	0.22989609027444177	74.42905284659045
0.41	23.5	0.05890306859880115	0.22989609027444177	74.52354569753588
0.41	23.75	0.05890306859880115	0.22989609027444177	74.61597661787077
0.41	24.0	0.05890306859880115	0.22989609027444177	74.70640267061788
0.42	0.0	0.06033972880852801	0.22803149900910855	0.0
0.42	0.25	0.06033972880852801	0.22803149900910855	5.355017710302377
0.42	0.5	0.06033972880852801	0.22803149900910855	10.097247529053925
0.42	0.75	0.06033972880852801	0.22803149900910855	14.325726084144371
0.42	1.0	0.06033972880852801	0.22803149900910855	18.11924020652713
0.42	1.25	0.06033972880852801	0.22803149900910855	21.541250803686125
0.42	1.5	0.06033972880852801	0.22803149900910855	24.643446635384155
0.42	1.75	0.06033972880852801	0.22803149900910855	27.468353056559547
0.42	2.0	0.06033972880852801	0.22803149900910855	30.051276475410138
0.42	2.25	0.06033972880852801	0.22803149900910855	32.42177383652027
0.42	2.5	0.06033972880852801	0.22803149900910855	34.60477719363251
0.42	2.75	0.06033972880852801	0.22803149900910855	36.62146426481563
0.42	3.0	0.06033972880852801	0.22803149900910855	38.48993948156662
0.42	3.25	0.06033972880852801	0.22803149900910855	40.225771974742344
0.42	3.5	0.06033972880852801	0.22803149900910855	41.842424372318135
0.42	3.75	0.06033972880852801	0.22803149900910855	43.351597417003624
0.42	4.0	0.06033972880852801	0.22803149900910855	44.76350907315144
0.42	4.25	0.06033972880852801	0.22803149900910855	46.08712220571412
0.42	4.5	0.06033972880852801	0.22803149900910855	47.330331557258376
0.42	4.75	0.06033972880852801	0.22803149900910855	48.500118266379474
0.42	5.0	0.06033972880852801	0.22803149900910855	49.60267831648845
0.42	5.25	0.06033972880852801	0.22803149900910855	50.643529906029
0.42	5.5	0.06033972880852801	0.22803149900910855	51.6276036682056
0.42	5.75	0.06033972880852801	0.22803149900910855	52.559318853409216
0.42	6.0	0.06033972880852801	0.22803149900910855	53.44264795801081
0.42	6.25	0.06033972880852801	0.22803149900910855	54.28117179335187
0.42	6.5	0.06033972880852801	0.22803149900910855	55.078126604989386
0.42	6.75	0.06033972880852801	0.22803149900910855	55.83644454963143
0.42	7.0	0.06033972880852801	0.22803149900910855	56.55878859709789
0.42	7.25	0.06033972880852801	0.22803149900910855	57.247582733031734
0.42	7.5	0.06033972880852801	0.22803149900910855	57.90503818432471
0.42	7.75	0.06033972880852801	0.22803149900910855	58.53317626518013
0.42	8.0	0.06033972880852801	0.22803149900910855	59.133848341166235
0.42	8.25	0.06033972880852801	0.22803149900910855	59.70875332668148
0.42	8.5	0.06033972880852801	0.22803149900910855	60.259453064200166
0.42	8.75	0.06033972880852801	0.22803149900910855	60.78738587854756
0.42	9.0	0.06033972880852801	0.22803149900910855	61.29387855395702
0.42	9.25	0.06033972880852801	0.22803149900910855	61.78015694395268
0.42	9.5	0.06033972880852801	0.22803149900910855	62.2473553927311
0.42	9.75	0.06033972880852801	0.22803149900910855	62.6965251205172
0.42	10.0	0.06033972880852801	0.22803149900910855	63.128641703416704
0.42	10.25	0.06033972880852801	0.22803149900910855	63.54461175982689
0.42	10.5	0.06033972880852801	0.22803149900910855	63.94527893989292
0.42	10.75	0.06033972880852801	0.22803149900910855	64.33142930131677
0.42	11.0	0.06033972880852801	0.22803149900910855	64.70379614363632
0.42	11.25	0.06033972880852801	0.22803149900910855	65.06306436356601
0.42	11.5	0.06033972880852801	0.22803149900910855	65.40987438585694
0.42	11.75	0.06033972880852801	0.22803149900910855	65.74482571717023
0.42	12.0	0.06033972880852801	0.22803149900910855	66.06848016448059
0.42	12.25	0.06033972880852801	0.22803149900910855	66.38136475438203
0.42	12.5	0.06033972880852801	0.22803149900910855	66.68397438522994
0.42	12.75	0.06033972880852801	0.22803149900910855	66.97677424021548
0.42	13.0	0.06033972880852801	0.22803149900910855	67.26020198614142
0.42	13.25	0.06033972880852801	0.22803149900910855	67.53466977977888
0.42	13.5	0.06033972880852801	0.22803149900910855	67.80056610116738
0.42	13.75	0.06033972880852801	0.22803149900910855	68.05825743102635
0.42	14.0	0.06033972880852801	0.22803149900910855	68.30808978752633
0.42	14.25	0.06033972880852801	0.22803149900910855	68.55039013598724
0.42	14.5	0.06033972880852801	0.22803149900910855	68.78546768359591
0.42	14.75	0.06033972880852801	0.22803149900910855	69.01361506993689
0.42	15.0	0.06033972880852801	0.22803149900910855	69.23510946298883
0.42	15.25	0.06033972880852801	0.22803149900910855	69.45021356922928
0.42	15.5	0.06033972880852801	0.22803149900910855	69.65917656559955
0.42	15.75	0.06033972880852801	0.22803149900910855	69.86223496029247
0.42	16.0	0.06033972880852801	0.22803149900910855	70.05961338862478
0.42	16.25	0.06033972880852801	0.22803149900910855	70.25152534963514
0.42	16.5	0.06033972880852801	0.22803149900910855	70.43817388849443
0.42	16.75	0.06033972880852801	0.22803149900910855	70.61975222932317
0.42	17.0	0.06033972880852801	0.22803149900910855	70.79644436257018
0.42	17.25	0.06033972880852801	0.22803149900910855	70.9684255907139
0.42	17.5	0.06033972880852801	0.22803149900910855	71.13586303569633
0.42	17.75	0.06033972880852801	0.22803149900910855	71.2989161111838
0.42	18.0	0.06033972880852801	0.22803149900910855	71.45773696246702
0.42	18.25	0.06033972880852801	0.22803149900910855	71.61247087655768
0.42	18.5	0.06033972880852801	0.22803149900910855	71.76325666481137
0.42	18.75	0.06033972880852801	0.22803149900910855	71.9102270202004
0.42	19.0	0.06033972880852801	0.22803149900910855	72.05350885117457
0.42	19.25	0.06033972880852801	0.22803149900910855	72.19322359388033
0.42	19.5	0.06033972880852801	0.22803149900910855	72.32948750435773
0.42	19.75	0.06033972880852801	0.22803149900910855	72.46241193219731
0.42	20.0	0.06033972880852801	0.22803149900910855	72.59210357701497
0.42	20.25	0.06033972880852801	0.22803149900910855	72.71866472899042
0.42	20.5	0.06033972880852801	0.22803149900910855	72.84219349461283
0.42	20.75	0.06033972880852801	0.22803149900910855	72.96278400868424
0.42	21.0	0.06033972880852801	0.22803149900910855	73.0805266335467
0.42	21.25	0.06033972880852801	0.22803149900910855	73.19550814642318
0.42	21.5	0.06033972880852801	0.22803149900910855	73.30781191569075
0.42	21.75	0.06033972880852801	0.22803149900910855	73.41751806684205
0.42	22.0	0.06033972880852801	0.22803149900910855	73.52470363883181
0.42	22.25	0.06033972880852801	0.22803149900910855	73.62944273145212
0.42	22.5	0.06033972880852801	0.22803149900910855	73.73180664433168
0.42	22.75	0.06033972880852801	0.22803149900910855	73.83186400810881
0.42	23.0	0.06033972880852801	0.22803149900910855	73.92968090828809
0.42	23.25	0.06033972880852801	0.22803149900910855	74.02532100225199
0.42	23.5	0.06033972880852801	0.22803149900910855	74.11884562986518
0.42	23.75	0.06033972880852801	0.22803149900910855	74.21031391807705
0.42	24.0	0.06033972880852801	0.22803149900910855	74.29978287989913
0.43	0.0	0.06177638901825487	0.22616690774370324	0.0
0.43	0.25	0.06177638901825487	0.22616690774370324	5.3126557775305425
0.43	0.5	0.06177638901825487	0.22616690774370324	10.01973656047976
0.43	0.75	0.06177638901825487	0.22616690774370324	14.218727285039817
0.43	1.0	0.06177638901825487	0.22616690774370324	17.987255027682043
0.43	1.25	0.06177638901825487	0.22616690774370324	21.387900368436757
0.43	1.5	0.06177638901825487	0.22616690774370324	24.47167451373896
0.43	1.75	0.06177638901825487	0.22616690774370324	27.280574774337484
0.43	2.0	0.06177638901825487	0.22616690774370324	29.84949134636498
0.43	2.25	0.06177638901825487	0.22616690774370324	32.20764971125862
0.43	2.5	0.06177638901825487	0.22616690774370324	34.37971545338407
0.43	2.75	0.06177638901825487	0.22616690774370324	36.386650211358244
0.43	3.0	0.06177638901825487	0.22616690774370324	38.24638179816726
0.43	3.25	0.06177638901825487	0.22616690774370324	39.97433391540342
0.43	3.5	0.06177638901825487	0.22616690774370324	41.58384862491613
0.43	3.75	0.06177638901825487	0.22616690774370324	43.08652608133416
0.43	4.0	0.06177638901825487	0.22616690774370324	44.492499832650864
0.43	4.25	0.06177638901825487	0.22616690774370324	45.81066150851347
0.43	4.5	0.06177638901825487	0.22616690774370324	47.04884542903024
0.43	4.75	0.06177638901825487	0.22616690774370324	48.2139812341356
0.43	5.0	0.06177638901825487	0.22616690774370324	49.312220815181135
0.43	5.25	0.06177638901825487	0.22616690774370324	50.34904445874151
0.43	5.5	0.06177638901825487	0.22616690774370324	51.329350068957915
0.43	5.75	0.06177638901825487	0.22616690774370324	52.257528534185425
0.43	6.0	0.06177638901825487	0.22616690774370324	53.1375276849338
0.43	6.25	0.06177638901825487	0.22616690774370324	53.972906808357095
0.43	6.5	0.06177638901825487	0.22616690774370324	54.766883306945196
0.43	6.75	0.06177638901825487	0.22616690774370324	55.52237279117329
0.43	7.0	0.06177638901825487	0.22616690774370324	56.24202365941098
0.43	7.25	0.06177638901825487	0.22616690774370324	56.928247029613495
0.43	7.5	0.06177638901825487	0.22616690774370324	57.58324273576805
0.43	7.75	0.06177638901825487	0.22616690774370324	58.20902197976496
0.43	8.0	0.06177638901825487	0.22616690774370324	58.8074271301671
0.43	8.25	0.06177638901825487	0.22616690774370324	59.3801490785106
0.43	8.5	0.06177638901825487	0.22616690774370324	59.92874249758726
0.43	8.75	0.06177638901825487	0.22616690774370324	60.454639291739895
0.43	9.0	0.06177638901825487	0.22616690774370324	60.959160484267066
0.43	9.25	0.06177638901825487	0.22616690774370324	61.44352674978286
0.43	9.5	0.06177638901825487	0.22616690774370324	61.90886776837653
0.43	9.75	0.06177638901825487	0.22616690774370324	62.35623055252252
0.43	10.0	0.06177638901825487	0.22616690774370324	62.78658687598647
0.43	10.25	0.06177638901825487	0.22616690774370324	63.20083991571664
0.43	10.5	0.06177638901825487	0.22616690774370324	63.599830202304105
0.43	10.75	0.06177638901825487	0.22616690774370324	63.984340961555155
0.43	11.0	0.06177638901825487	0.22616690774370324	64.3551029186458
0.43	11.25	0.06177638901825487	0.22616690774370324	64.71279862689916
0.43	11.5	0.06177638901825487	0.22616690774370324	65.05806637517418
0.43	11.75	0.06177638901825487	0.22616690774370324	65.3915037209584
0.43	12.0	0.06177638901825487	0.22616690774370324	65.71367069033738
0.43	12.25	0.06177638901825487	0.22616690774370324	66.0250926809177
0.43	12.5	0.06177638901825487	0.22616690774370324	66.3262630993828
0.43	12.75	0.06177638901825487	0.22616690774370324	66.61764576155824
0.43	13.0	0.06177638901825487	0.22616690774370324	66.89967707956522
0.43	13.25	0.06177638901825487	0.22616690774370324	67.17276805777665
0.43	13.5	0.06177638901825487	0.22616690774370324	67.43730611679568
0.43	13.75	0.06177638901825487	0.22616690774370324	67.69365676249929
0.43	14.0	0.06177638901825487	0.22616690774370324	67.9421651152867
0.43	14.25	0.06177638901825487	0.22616690774370324	68.18315731300497
0.43	14.5	0.06177638901825487	0.22616690774370324	68.41694179956
0.43	14.75	0.06177638901825487	0.22616690774370324	68.64381050993477
0.43	15.0	0.06177638901825487	0.22616690774370324	68.86403996120177
0.43	15.25	0.06177638901825487	0.22616690774370324	69.07789225811675
0.43	15.5	0.06177638901825487	0.22616690774370324	69.28561602099487
0.43	15.75	0.06177638901825487	0.22616690774370324	69.48744724278842
0.43	16.0	0.06177638901825487	0.22616690774370324	69.6836100815884
0.43	16.25	0.06177638901825487	0.22616690774370324	69.87431759415665
0.43	16.5	0.06177638901825487	0.22616690774370324	70.0597724155445
0.43	16.75	0.06177638901825487	0.22616690774370324	70.24016738936518
0.43	17.0	0.06177638901825487	0.22616690774370324	70.41568615285004
0.43	17.25	0.06177638901825487	0.22616690774370324	70.58650368042848
0.43	17.5	0.06177638901825487	0.22616690774370324	70.75278678922172
0.43	17.75	0.06177638901825487	0.22616690774370324	70.91469460952794
0.43	18.0	0.06177638901825487	0.22616690774370324	71.07237902309524
0.43	18.25	0.06177638901825487	0.22616690774370324	71.22598507172624
0.43	18.5	0.06177638901825487	0.22616690774370324	71.37565133853148
0.43	18.75	0.06177638901825487	0.22616690774370324	71.52151030394384
0.43	19.0	0.06177638901825487	0.22616690774370324	71.6636886784223
0.43	19.25	0.06177638901825487	0.22616690774370324	71.80230771360638
0.43	19.5	0.06177638901825487	0.22616690774370324	71.9374834935323
0.43	19.75	0.06177638901825487	0.22616690774370324	72.06932720738578
0.43	20.0	0.06177638901825487	0.22616690774370324	72.19794540514296
0.43	20.25	0.06177638901825487	0.22616690774370324	72.32344023733879
0.43	20.5	0.06177638901825487	0.22616690774370324	72.4459096801014
0.43	20.75	0.06177638901825487	0.22616690774370324	72.5654477464976
0.43	21.0	0.06177638901825487	0.22616690774370324	72.68214468515175
0.43	21.25	0.06177638901825487	0.22616690774370324	72.79608716702296
0.43	21.5	0.06177638901825487	0.22616690774370324	72.90735846115639
0.43	21.75	0.06177638901825487	0.22616690774370324	73.01603860016081
0.43	22.0	0.06177638901825487	0.22616690774370324	73.1222045361061
0.43	22.25	0.06177638901825487	0.22616690774370324	73.22593028748189
0.43	22.5	0.06177638901825487	0.22616690774370324	73.32728707780967
0.43	22.75	0.06177638901825487	0.22616690774370324	73.42634346645627
0.43	23.0	0.06177638901825487	0.22616690774370324	73.52316547215588
0.43	23.25	0.06177638901825487	0.22616690774370324	73.61781668971071
0.43	23.5	0.06177638901825487	0.22616690774370324	73.71035840030552
0.43	23.75	0.06177638901825487	0.22616690774370324	73.80084967584054
0.43	24.0	0.06177638901825487	0.22616690774370324	73.88934747765745
0.44	0.0	0.06321304922798172	0.22430231647829796	0.0
0.44	0.25	0.06321304922798172	0.22430231647829796	5.270270992449541
0.44	0.5	0.06321304922798172	0.22430231647829796	9.942146573113387
0.44	0.75	0.06321304922798172	0.22430231647829796	14.111573347771875
0.44	1.0	0.06321304922798172	0.22430231647829796	17.855027172578286
0.44	1.25	0.06321304922798172	0.22430231647829796	21.234213785871106
0.44	1.5	0.06321304922798172	0.22430231647829796	24.299470371284652
0.44	1.75	0.06321304922798172	0.22430231647829796	27.09226845592988
0.44	2.0	0.06321304922798172	0.22430231647829796	29.647083451458954
0.44	2.25	0.06321304922798172	0.22430231647829796	31.99281025364985
0.44	2.5	0.06321304922798172	0.22430231647829796	34.1538484903306
0.44	2.75	0.06321304922798172	0.22430231647829796	36.15094399174812
0.44	3.0	0.06321304922798172	0.22430231647829796	38.00184806385875
0.44	3.25	0.06321304922798172	0.22430231647829796	39.72183898617102
0.44	3.5	0.06321304922798172	0.22430231647829796	41.324138194689816
0.44	3.75	0.06321304922798172	0.22430231647829796	42.820245154703905
0.44	4.0	0.06321304922798172	0.22430231647829796	44.220208872239084
0.44	4.25	0.06321304922798172	0.22430231647829796	45.532849603296484
0.44	4.5	0.06321304922798172	0.22430231647829796	46.76594110224299
0.44	4.75	0.06321304922798172	0.22430231647829796	47.92636136728354
0.44	5.0	0.06321304922798172	0.22430231647829796	49.0202180581941
0.44	5.25	0.06321304922798172	0.22430231647829796	50.05295341580145
0.44	5.5	0.06321304922798172	0.22430231647829796	51.02943248816351
0.44	5.75	0.06321304922798172	0.22430231647829796	51.95401768206985
0.44	6.0	0.06321304922798172	0.22430231647829796	52.83063205036066
0.44	6.25	0.06321304922798172	0.22430231647829796	53.66281325188
0.44	6.5	0.06321304922798172	0.22430231647829796	54.45375974940365
0.44	6.75	0.06321304922798172	0.22430231647829796	55.20637051768403
0.44	7.0	0.06321304922798172	0.22430231647829796	55.92327930092512
0.44	7.25	0.06321304922798172	0.22430231647829796	56.606884273038716
0.44	7.5	0.06321304922798172	0.22430231647829796	57.25937380468535
0.44	7.75	0.06321304922798172	0.22430231647829796	57.88274892053068
0.44	8.0	0.06321304922798172	0.22430231647829796	58.47884293232055
0.44	8.25	0.06321304922798172	0.22430231647829796	59.04933865362475
0.44	8.5	0.06321304922798172	0.22430231647829796	59.59578353678589
0.44	8.75	0.06321304922798172	0.22430231647829796	60.119603018887524
0.44	9.0	0.06321304922798172	0.22430231647829796	60.62211231918367
0.44	9.25	0.06321304922798172	0.22430231647829796	61.10452689363619
0.44	9.5	0.06321304922798172	0.22430231647829796	61.56797172157596
0.44	9.75	0.06321304922798172	0.22430231647829796	62.01348957391256
0.44	10.0	0.06321304922798172	0.22430231647829796	62.4420483908601
0.44	10.25	0.06321304922798172	0.22430231647829796	62.85454787909453
0.44	10.5	0.06321304922798172	0.22430231647829796	63.25182542302131
0.44	10.75	0.06321304922798172	0.22430231647829796	63.634661391931175
0.44	11.0	0.06321304922798172	0.22430231647829796	64.00378391386528
0.44	11.25	0.06321304922798172	0.22430231647829796	64.35987317767842
0.44	11.5	0.06321304922798172	0.22430231647829796	64.70356531681854
0.44	11.75	0.06321304922798172	0.22430231647829796	65.03545592151247
0.44	12.0	0.06321304922798172	0.22430231647829796	65.35610322018591
0.44	12.25	0.06321304922798172	0.22430231647829796	65.66603096589769
0.44	12.5	0.06321304922798172	0.22430231647829796	65.96573105921281
0.44	12.75	0.06321304922798172	0.22430231647829796	66.25566593516955
0.44	13.0	0.06321304922798172	0.22430231647829796	66.53627073872936
0.44	13.25	0.06321304922798172	0.22430231647829796	66.807955310258
0.44	13.5	0.06321304922798172	0.22430231647829796	67.07110600011374
0.44	13.75	0.06321304922798172	0.22430231647829796	67.32608732926043
0.44	14.0	0.06321304922798172	0.22430231647829796	67.57324351093546
0.44	14.25	0.06321304922798172	0.22430231647829796	67.81289984674929
0.44	14.5	0.06321304922798172	0.22430231647829796	68.04536400914174
0.44	14.75	0.06321304922798172	0.22430231647829796	68.27092722084213
0.44	15.0	0.06321304922798172	0.22430231647829796	68.48986534085701
0.44	15.25	0.06321304922798172	0.22430231647829796	68.70243986551425
0.44	15.5	0.06321304922798172	0.22430231647829796	68.90889885221588
0.44	15.75	0.06321304922798172	0.22430231647829796	69.10947777277288
0.44	16.0	0.06321304922798172	0.22430231647829796	69.30440030250642
0.44	16.25	0.06321304922798172	0.22430231647829796	69.49387905068636
0.44	16.5	0.06321304922798172	0.22430231647829796	69.67811623733272
0.44	16.75	0.06321304922798172	0.22430231647829796	69.85730432091947
0.44	17.0	0.06321304922798172	0.22430231647829796	70.03162658108657
0.44	17.25	0.06321304922798172	0.22430231647829796	70.20125766007813
0.44	17.5	0.06321304922798172	0.22430231647829796	70.36636406627748
0.44	17.75	0.06321304922798172	0.22430231647829796	70.52710464289925
0.44	18.0	0.06321304922798172	0.22430231647829796	70.6836310046192
0.44	18.25	0.06321304922798172	0.22430231647829796	70.83608794467189
0.44	18.5	0.06321304922798172	0.22430231647829796	70.98461381472057
0.44	18.75	0.06321304922798172	0.22430231647829796	71.12934087960075
0.44	19.0	0.06321304922798172	0.22430231647829796	71.27039564885466
0.44	19.25	0.06321304922798172	0.22430231647829796	71.40789918681013
0.44	19.5	0.06321304922798172	0.22430231647829796	71.54196740280551
0.44	19.75	0.06321304922798172	0.22430231647829796	71.67271132302898
0.44	20.0	0.06321304922798172	0.22430231647829796	71.80023734531646
0.44	20.25	0.06321304922798172	0.22430231647829796	71.92464747814192
0.44	20.5	0.06321304922798172	0.22430231647829796	72.0460395649325
0.44	20.75	0.06321304922798172	0.22430231647829796	72.16450749474933
0.44	21.0	0.06321304922798172	0.22430231647829796	72.28014140029104
0.44	21.25	0.06321304922798172	0.22430231647829796	72.39302784410143
0.44	21.5	0.06321304922798172	0.22430231647829796	72.50324999379303
0.44	21.75	0.06321304922798172	0.22430231647829796	72.61088778703537
0.44	22.0	0.06321304922798172	0.22430231647829796	72.71601808699849
0.44	22.25	0.06321304922798172	0.22430231647829796	72.81871482889044
0.44	22.5	0.06321304922798172	0.22430231647829796	72.91904915817787
0.44	22.75	0.06321304922798172	0.22430231647829796	73.01708956103593
0.44	23.0	0.06321304922798172	0.22430231647829796	73.11290198753218
0.44	23.25	0.06321304922798172	0.22430231647829796	73.20654996801254
0.44	23.5	0.06321304922798172	0.22430231647829796	73.29809472312317
0.44	23.75	0.06321304922798172	0.22430231647829796	73.38759526787057
0.44	24.0	0.06321304922798172	0.22430231647829796	73.47510851009353
0.45	0.0	0.06464970943770859	0.22243772521301253	0.0
0.45	0.25	0.06464970943770859	0.22243772521301253	5.2278633392231235
0.45	0.5	0.06464970943770859	0.22243772521301253	9.864477464998977
0.45	0.75	0.06464970943770859	0.22243772521301253	14.00426399198937
0.45	1.0	0.06464970943770859	0.22243772521301253	17.72255609378015
0.45	1.25	0.06464970943770859	0.22243772521301253	21.080190166413384
0.45	1.5	0.06464970943770859	0.22243772521301253	24.126832917617953
0.45	1.75	0.06464970943770859	0.22243772521301253	26.903432367236658
0.45	2.0	0.06464970943770859	0.22243772521301253	29.444050583980673
0.45	2.25	0.06464970943770859	0.22243772521301253	31.777252767177234
0.45	2.5	0.06464970943770859	0.22243772521301253	33.9271731105036
0.45	2.75	0.06464970943770859	0.22243772521301253	35.914341914531775
0.45	3.0	0.06464970943770859	0.22243772521301253	37.75633409563854
0.45	3.25	0.06464970943770859	0.22243772521301253	39.46828252303974
0.45	3.5	0.06464970943770859	0.22243772521301253	41.063287950684604
0.45	3.75	0.06464970943770859	0.22243772521301253	42.55274905588598
0.45	4.0	0.06464970943770859	0.22243772521301253	43.946630179015415
0.45	4.25	0.06464970943770859	0.22243772521301253	45.25368006545538
0.45	4.5	0.06464970943770859	0.22243772521301253	46.48161176148385
0.45	4.75	0.06464970943770859	0.22243772521301253	47.63725148110599
0.45	5.0	0.06464970943770859	0.22243772521301253	48.726662513344685
0.45	5.25	0.06464970943770859	0.22243772521301253	49.75524891953921
0.45	5.5	0.06464970943770859	0.22243772521301253	50.72784276463253
0.45	5.75	0.06464970943770859	0.22243772521301253	51.648777854194066
0.45	6.0	0.06464970943770859	0.22243772521301253	52.52195235137786
0.45	6.25	0.06464970943770859	0.22243772521301253	53.35088218232664
0.45	6.5	0.06464970943770859	0.22243772521301253	54.1387467731446
0.45	6.75	0.06464970943770859	0.22243772521301253	54.888428373032816
0.45	7.0	0.06464970943770859	0.22243772521301253	55.60254598895865
0.45	7.25	0.06464970943770859	0.22243772521301253	56.28348477407029
0.45	7.5	0.06464970943770859	0.22243772521301253	56.93342156491246
0.45	7.75	0.06464970943770859	0.22243772521301253	57.55434714364975
0.45	8.0	0.06464970943770859	0.22243772521301253	58.148085705040295
0.45	8.25	0.06464970943770859	0.22243772521301253	58.71631192923268
0.45	8.5	0.06464970943770859	0.22243772521301253	59.26056599701262
0.45	8.75	0.06464970943770859	0.22243772521301253	59.782266831097765
0.45	9.0	0.06464970943770859	0.22243772521301253	60.282723803269675
0.45	9.25	0.06464970943770859	0.22243772521301253	60.76314711078963
0.45	9.5	0.06464970943770859	0.22243772521301253	61.22465699528491
0.45	9.75	0.06464970943770859	0.22243772521301253	61.66829195200364
0.45	10.0	0.06464970943770859	0.22243772521301253	62.09501605612612
0.45	10.25	0.06464970943770859	0.22243772521301253	62.50572551497317
0.45	10.5	0.06464970943770859	0.22243772521301253	62.90125453988415
0.45	10.75	0.06464970943770859	0.22243772521301253	63.28238061877535
0.45	11.0	0.06464970943770859	0.22243772521301253	63.649829259550415
0.45	11.25	0.06464970943770859	0.22243772521301253	64.0042782652982
0.45	11.5	0.06464970943770859	0.22243772521301253	64.34636159432415
0.45	11.75	0.06464970943770859	0.22243772521301253	64.67667285130236
0.45	12.0	0.06464970943770859	0.22243772521301253	64.99576845002983
0.45	12.25	0.06464970943770859	0.22243772521301253	65.3041704832658
0.45	12.5	0.06464970943770859	0.22243772521301253	65.60236933082427
0.45	12.75	0.06464970943770859	0.22243772521301253	65.89082603335403
0.45	13.0	0.06464970943770859	0.22243772521301253	66.16997445600285
0.45	13.25	0.06464970943770859	0.22243772521301253	66.44022326334866
0.45	13.5	0.06464970943770859	0.22243772521301253	66.70195772452853
0.45	13.75	0.06464970943770859	0.22243772521301253	66.95554136535799
0.45	14.0	0.06464970943770859	0.22243772521301253	67.20131748236025
0.45	14.25	0.06464970943770859	0.22243772521301253	67.43961053198666
0.45	14.5	0.06464970943770859	0.22243772521301253	67.67072740686852
0.45	14.75	0.06464970943770859	0.22243772521301253	67.89495860967453
0.45	15.0	0.06464970943770859	0.22243772521301253	68.11257933403157
0.45	15.25	0.06464970943770859	0.22243772521301253	68.32385046098135
0.45	15.5	0.06464970943770859	0.22243772521301253	68.52901947857396
0.45	15.75	0.06464970943770859	0.22243772521301253	68.7283213314276
0.45	16.0	0.06464970943770859	0.22243772521301253	68.92197920639893
0.45	16.25	0.06464970943770859	0.22243772521301253	69.11020525990048
0.45	16.5	0.06464970943770859	0.22243772521301253	69.29320129185881
0.45	16.75	0.06464970943770859	0.22243772521301253	69.47115937082626
0.45	17.0	0.06464970943770859	0.22243772521301253	69.64426241432668
0.45	17.25	0.06464970943770859	0.22243772521301253	69.81268472813139
0.45	17.5	0.06464970943770859	0.22243772521301253	69.9765925078168
0.45	17.75	0.06464970943770859	0.22243772521301253	70.13614430564587
0.45	18.0	0.06464970943770859	0.22243772521301253	70.29149146553868
0.45	18.25	0.06464970943770859	0.22243772521301253	70.4427785286482
0.45	18.5	0.06464970943770859	0.22243772521301253	70.5901436118328
0.45	18.75	0.06464970943770859	0.22243772521301253	70.73371876111567
0.45	19.0	0.06464970943770859	0.22243772521301253	70.87363028203862
0.45	19.25	0.06464970943770859	0.22243772521301253	71.00999904865374
0.45	19.5	0.06464970943770859	0.22243772521301253	71.142940792747
0.45	19.75	0.06464970943770859	0.22243772521301253	71.27256637475442
0.45	20.0	0.06464970943770859	0.22243772521301253	71.39898203770808
0.45	20.25	0.06464970943770859	0.22243772521301253	71.52228964543995
0.45	20.5	0.06464970943770859	0.22243772521301253	71.64258690617031
0.45	20.75	0.06464970943770859	0.22243772521301253	71.75996758251638
0.45	21.0	0.06464970943770859	0.22243772521301253	71.87452168887414
0.45	21.25	0.06464970943770859	0.22243772521301253	71.98633567705019
0.45	21.5	0.06464970943770859	0.22243772521301253	72.09549261095177
0.45	21.75	0.06464970943770859	0.22243772521301253	72.2020723310804
0.45	22.0	0.06464970943770859	0.22243772521301253	72.30615160951668
0.45	22.25	0.06464970943770859	0.22243772521301253	72.40780429603166
0.45	22.5	0.06464970943770859	0.22243772521301253	72.50710145591196
0.45	22.75	0.06464970943770859	0.22243772521301253	72.60411150004208
0.45	23.0	0.06464970943770859	0.22243772521301253	72.69890030774637
0.45	23.25	0.06464970943770859	0.22243772521301253	72.79153134285704
0.45	23.5	0.06464970943770859	0.22243772521301253	72.88206576344012
0.45	23.75	0.06464970943770859	0.22243772521301253	72.97056252557988
0.45	24.0	0.06464970943770859	0.22243772521301253	73.05707848159408
0.46	0.0	0.06608636964743544	0.2205731339477271	0.0
0.46	0.25	0.06608636964743544	0.2205731339477271	5.185432801995399
0.46	0.5	0.06608636964743544	0.2205731339477271	9.78672913400118
0.46	0.75	0.06608636964743544	0.2205731339477271	13.896798936677639
0.46	1.0	0.06608636964743544	0.2205731339477271	17.589841242260633
0.46	1.25	0.06608636964743544	0.2205731339477271	20.92582861748726
0.46	1.5	0.06608636964743544	0.2205731339477271	23.95376085747012
0.46	1.75	0.06608636964743544	0.2205731339477271	26.71406476703859
0.46	2.0	0.06608636964743544	0.2205731339477271	29.240390527543035
0.46	2.25	0.06608636964743544	0.2205731339477271	31.560974542882885
0.46	2.5	0.06608636964743544	0.2205731339477271	33.699686104611665
0.46	2.75	0.06608636964743544	0.2205731339477271	35.67684027002059
0.46	3.0	0.06608636964743544	0.2205731339477271	37.50983568940317
0.46	3.25	0.06608636964743544	0.2205731339477271	39.213659838151074
0.46	3.5	0.06608636964743544	0.2205731339477271	40.80129273551147
0.46	3.75	0.06608636964743544	0.2205731339477271	42.28403217485713
0.46	4.0	0.06608636964743544	0.2205731339477271	43.671757709179666
0.46	4.25	0.06608636964743544	0.2205731339477271	44.973146437670835
0.46	4.5	0.06608636964743544	0.2205731339477271	46.19585055713307
0.46	4.75	0.06608636964743544	0.2205731339477271	47.34664435552022
0.46	5.0	0.06608636964743544	0.2205731339477271	48.43154661227816
0.46	5.25	0.06608636964743544	0.2205731339477271	49.45592307566955
0.46	5.5	0.06608636964743544	0.2205731339477271	50.42457270048657
0.46	5.75	0.06608636964743544	0.2205731339477271	51.34180057130359
0.46	6.0	0.06608636964743544	0.2205731339477271	52.21147984936562
0.46	6.25	0.06608636964743544	0.2205731339477271	53.03710462345431
0.46	6.5	0.06608636964743544	0.2205731339477271	53.821835185732425
0.46	6.75	0.06608636964743544	0.2205731339477271	54.56853696967959
0.46	7.0	0.06608636964743544	0.2205731339477271	55.279814161595496
0.46	7.25	0.06608636964743544	0.2205731339477271	55.958038816774724
0.46	7.5	0.06608636964743544	0.2205731339477271	56.605376166483936
0.46	7.75	0.06608636964743544	0.2205731339477271	57.2238066847387
0.46	8.0	0.06608636964743544	0.2205731339477271	57.815145388772095
0.46	8.25	0.06608636964743544	0.2205731339477271	58.38105876949796
0.46	8.5	0.06608636964743544	0.2205731339477271	58.92307968468789
0.46	8.75	0.06608636964743544	0.2205731339477271	59.44262049524845
0.46	9.0	0.06608636964743544	0.2205731339477271	59.94098468173349
0.46	9.25	0.06608636964743544	0.2205731339477271	60.419377142339705
0.46	9.5	0.06608636964743544	0.2205731339477271	60.87891334374189
0.46	9.75	0.06608636964743544	0.2205731339477271	61.32062747113806
0.46	10.0	0.06608636964743544	0.2205731339477271	61.745479702911645
0.46	10.25	0.06608636964743544	0.2205731339477271	62.15436271767586
0.46	10.5	0.06608636964743544	0.2205731339477271	62.54810752656396
0.46	10.75	0.06608636964743544	0.2205731339477271	62.92748871100957
0.46	11.0	0.06608636964743544	0.2205731339477271	63.29322913553612
0.46	11.25	0.06608636964743544	0.2205731339477271	63.64600419593723
0.46	11.5	0.06608636964743544	0.2205731339477271	63.9864456554211
0.46	11.75	0.06608636964743544	0.2205731339477271	64.31514511460108
0.46	12.0	0.06608636964743544	0.2205731339477271	64.6326571554676
0.46	12.25	0.06608636964743544	0.2205731339477271	64.93950219452552
0.46	12.5	0.06608636964743544	0.2205731339477271	65.2361690760084
0.46	12.75	0.06608636964743544	0.2205731339477271	65.52311743238123
0.46	13.0	0.06608636964743544	0.2205731339477271	65.80077983613698
0.46	13.25	0.06608636964743544	0.2205731339477271	66.06956376410183
0.46	13.5	0.06608636964743544	0.2205731339477271	66.329853393036
0.46	13.75	0.06608636964743544	0.2205731339477271	66.58201124319518
0.46	14.0	0.06608636964743544	0.2205731339477271	66.82637968466285
0.46	14.25	0.06608636964743544	0.2205731339477271	67.06328231963757
0.46	14.5	0.06608636964743544	0.2205731339477271	67.29302525243102
0.46	14.75	0.06608636964743544	0.2205731339477271	67.51589825767702
0.46	15.0	0.06608636964743544	0.2205731339477271	67.73217585614357
0.46	15.25	0.06608636964743544	0.2205731339477271	67.94211830656316
0.46	15.5	0.06608636964743544	0.2205731339477271	68.14597252103155
0.46	15.75	0.06608636964743544	0.2205731339477271	68.34397291075946
0.46	16.0	0.06608636964743544	0.2205731339477271	68.5363421682818
0.46	16.25	0.06608636964743544	0.2205731339477271	68.72329199162562
0.46	16.5	0.06608636964743544	0.2205731339477271	68.90502375539947
0.46	16.75	0.06608636964743544	0.2205731339477271	69.08172913328882
0.46	17.0	0.06608636964743544	0.2205731339477271	69.25359067601346
0.46	17.25	0.06608636964743544	0.2205731339477271	69.42078234842076
0.46	17.5	0.06608636964743544	0.2205731339477271	69.5834700290468
0.46	17.75	0.06608636964743544	0.2205731339477271	69.74181197516965
0.46	18.0	0.06608636964743544	0.2205731339477271	69.89595925610445
0.46	18.25	0.06608636964743544	0.2205731339477271	70.04605615724203
0.46	18.5	0.06608636964743544	0.2205731339477271	70.19224055711015
0.46	18.75	0.06608636964743544	0.2205731339477271	70.33464427953587
0.46	19.0	0.06608636964743544	0.2205731339477271	70.4733934228064
0.46	19.25	0.06608636964743544	0.2205731339477271	70.60860866756248
0.46	19.5	0.06608636964743544	0.2205731339477271	70.74040556501049
0.46	19.75	0.06608636964743544	0.2205731339477271	70.86889480690543
0.46	20.0	0.06608636964743544	0.2205731339477271	70.99418247863646
0.46	20.25	0.06608636964743544	0.2205731339477271	71.11637029663576
0.46	20.5	0.06608636964743544	0.2205731339477271	71.2355558312325
0.46	20.75	0.06608636964743544	0.2205731339477271	71.35183271598237
0.46	21.0	0.06608636964743544	0.2205731339477271	71.46529084442079
0.46	21.25	0.06608636964743544	0.2205731339477271	71.57601655511284
0.46	21.5	0.06608636964743544	0.2205731339477271	71.6840928058042
0.46	21.75	0.06608636964743544	0.2205731339477271	71.78959933741467
0.46	22.0	0.06608636964743544	0.2205731339477271	71.8926128285593
0.46	22.25	0.06608636964743544	0.2205731339477271	71.99320704122923
0.46	22.5	0.06608636964743544	0.2205731339477271	72.09145295821703
0.46	22.75	0.06608636964743544	0.2205731339477271	72.18741891282735
0.46	23.0	0.06608636964743544	0.2205731339477271	72.28117071137349
0.46	23.25	0.06608636964743544	0.2205731339477271	72.37277174892417
0.46	23.5	0.06608636964743544	0.2205731339477271	72.46228311873017
0.46	23.75	0.06608636964743544	0.2205731339477271	72.54976371573048
0.46	24.0	0.06608636964743544	0.2205731339477271	72.63527033450806
0.47	0.0	0.0675230298571623	0.21870854268239015	0.0
0.47	0.25	0.0675230298571623	0.21870854268239015	5.142979364897909
0.47	0.5	0.0675230298571623	0.21870854268239015	9.70890147781723
0.47	0.75	0.0675230298571623	0.21870854268239015	13.789177900173431
0.47	1.0	0.0675230298571623	0.21870854268239015	17.45688206741566
0.47	1.25	0.0675230298571623	0.21870854268239015	20.77112824352594
0.47	1.5	0.0675230298571623	0.21870854268239015	23.78025289070954
0.47	1.75	0.0675230298571623	0.21870854268239015	26.52416390698748
0.47	2.0	0.0675230298571623	0.21870854268239015	29.0361010560584
0.47	2.25	0.0675230298571623	0.21870854268239015	31.343972859325383
0.47	2.5	0.0675230298571623	0.21870854268239015	33.47138424797864
0.47	2.75	0.0675230298571623	0.21870854268239015	35.43843533020849
0.47	3.0	0.0675230298571623	0.21870854268239015	37.262348619845476
0.47	3.25	0.0675230298571623	0.21870854268239015	38.957966219671
0.47	3.5	0.0675230298571623	0.21870854268239015	40.53814736520671
0.47	3.75	0.0675230298571623	0.21870854268239015	42.01408887264121
0.47	4.0	0.0675230298571623	0.21870854268239015	43.39558538786203
0.47	4.25	0.0675230298571623	0.21870854268239015	44.69124222973117
0.47	4.5	0.0675230298571623	0.21870854268239015	45.90865060517583
0.47	4.75	0.0675230298571623	0.21870854268239015	47.05453273488565
0.47	5.0	0.0675230298571623	0.21870854268239015	48.13486275027469
0.47	5.25	0.0675230298571623	0.21870854268239015	49.15496795310129
0.47	5.5	0.0675230298571623	0.21870854268239015	50.1196140609744
0.47	5.75	0.0675230298571623	0.21870854268239015	51.03307731758263
0.47	6.0	0.0675230298571623	0.21870854268239015	51.89920576983484
0.47	6.25	0.0675230298571623	0.21870854268239015	52.72147156422328
0.47	6.5	0.0675230298571623	0.21870854268239015	53.50301576138522
0.47	6.75	0.0675230298571623	0.21870854268239015	54.246686888563616
0.47	7.0	0.0675230298571623	0.21870854268239015	54.95507422759476
0.47	7.25	0.0675230298571623	0.21870854268239015	55.630536658454204
0.47	7.5	0.0675230298571623	0.21870854268239015	56.27522773558852
0.47	7.75	0.0675230298571623	0.21870854268239015	56.89111755883725
0.47	8.0	0.0675230298571623	0.21870854268239015	57.48001190699676
0.47	8.25	0.0675230298571623	0.21870854268239015	58.043569025565084
0.47	8.5	0.0675230298571623	0.21870854268239015	58.583314397484415
0.47	8.75	0.0675230298571623	0.21870854268239015	59.10065377405691
0.47	9.0	0.0675230298571623	0.21870854268239015	59.596884700516554
0.47	9.25	0.0675230298571623	0.21870854268239015	60.07320673530605
0.47	9.5	0.0675230298571623	0.21870854268239015	60.530730532585
0.47	9.75	0.0675230298571623	0.21870854268239015	60.97048593281001
0.47	10.0	0.0675230298571623	0.21870854268239015	61.39342918551356
0.47	10.25	0.0675230298571623	0.21870854268239015	61.800449410968014
0.47	10.5	0.0675230298571623	0.21870854268239015	62.192374392690546
0.47	10.75	0.0675230298571623	0.21870854268239015	62.56997578026329
0.47	11.0	0.0675230298571623	0.21870854268239015	62.933973771335424
0.47	11.25	0.0675230298571623	0.21870854268239015	63.28504133263353
0.47	11.5	0.0675230298571623	0.21870854268239015	63.62380801207883
0.47	11.75	0.0675230298571623	0.21870854268239015	63.95086338748861
0.47	12.0	0.0675230298571623	0.21870854268239015	64.26676019164812
0.47	12.25	0.0675230298571623	0.21870854268239015	64.57201714863876
0.47	12.5	0.0675230298571623	0.21870854268239015	64.86712155207512
0.47	12.75	0.0675230298571623	0.21870854268239015	65.15253161224048
0.47	13.0	0.0675230298571623	0.21870854268239015	65.42867859593254
0.47	13.25	0.0675230298571623	0.21870854268239015	65.69596878006675
0.47	13.5	0.0675230298571623	0.21870854268239015	65.95478523767916
0.47	13.75	0.0675230298571623	0.21870854268239015	66.20548947286584
0.47	14.0	0.0675230298571623	0.21870854268239015	66.44842291935932
0.47	14.25	0.0675230298571623	0.21870854268239015	66.68390831582846
0.47	14.5	0.0675230298571623	0.21870854268239015	66.91225096957302
0.47	14.75	0.0675230298571623	0.21870854268239015	67.13373991903816
0.47	15.0	0.0675230298571623	0.21870854268239015	67.34864900447552
0.47	15.25	0.0675230298571623	0.21870854268239015	67.55723785510827
0.47	15.5	0.0675230298571623	0.21870854268239015	67.7597528002992
0.47	15.75	0.0675230298571623	0.21870854268239015	67.95642771146116
0.47	16.0	0.0675230298571623	0.21870854268239015	68.1474847807746
0.47	16.25	0.0675230298571623	0.21870854268239015	68.33313524217785
0.47	16.5	0.0675230298571623	0.21870854268239015	68.5135800395615
0.47	16.75	0.0675230298571623	0.21870854268239015	68.68901044662347
0.47	17.0	0.0675230298571623	0.21870854268239015	68.85960864241561
0.47	17.25	0.0675230298571623	0.21870854268239015	69.02554824623374
0.47	17.5	0.0675230298571623	0.21870854268239015	69.1869948151632
0.47	17.75	0.0675230298571623	0.21870854268239015	69.34410630728613
0.47	18.0	0.0675230298571623	0.21870854268239015	69.49703351328472
0.47	18.25	0.0675230298571623	0.21870854268239015	69.64592045892755
0.47	18.5	0.0675230298571623	0.21870854268239015	69.7909047807054
0.47	18.75	0.0675230298571623	0.21870854268239015	69.93211807668357
0.47	19.0	0.0675230298571623	0.21870854268239015	70.06968623445765
0.47	19.25	0.0675230298571623	0.21870854268239015	70.20372973793752
0.47	19.5	0.0675230298571623	0.21870854268239015	70.33436395453722
0.47	19.75	0.0675230298571623	0.21870854268239015	70.46169940421557
0.47	20.0	0.0675230298571623	0.21870854268239015	70.5858420116918
0.47	20.25	0.0675230298571623	0.21870854268239015	70.70689334305148
0.47	20.5	0.0675230298571623	0.21870854268239015	70.82495082785817
0.47	20.75	0.0675230298571623	0.21870854268239015	70.9401079677966
0.47	21.0	0.0675230298571623	0.21870854268239015	71.05245453279089
0.47	21.25	0.0675230298571623	0.21870854268239015	71.16207674546622
0.47	21.5	0.0675230298571623	0.21870854268239015	71.2690574547549
0.47	21.75	0.0675230298571623	0.21870854268239015	71.37347629938473
0.47	22.0	0.0675230298571623	0.21870854268239015	71.47540986193135
0.47	22.25	0.0675230298571623	0.21870854268239015	71.57493181406413
0.47	22.5	0.0675230298571623	0.21870854268239015	71.67211305356741
0.47	22.75	0.0675230298571623	0.21870854268239015	71.76702183367576
0.47	23.0	0.0675230298571623	0.21870854268239015	71.8597238852215
0.47	23.25	0.0675230298571623	0.21870854268239015	71.95028253205672
0.47	23.5	0.0675230298571623	0.21870854268239015	72.03875880017802
0.47	23.75	0.0675230298571623	0.21870854268239015	72.12521152095103
0.47	24.0	0.0675230298571623	0.21870854268239015	72.20969742880447
0.48	0.0	0.06895969006688915	0.2168439514170532	0.0
0.48	0.25	0.06895969006688915	0.2168439514170532	5.100503012050075
0.48	0.5	0.06895969006688915	0.2168439514170532	9.630994393977785
0.48	0.75	0.06895969006688915	0.2168439514170532	13.68140060016466
0.48	1.0	0.06895969006688915	0.2168439514170532	17.32367801706102
0.48	1.25	0.06895969006688915	0.2168439514170532	20.61608814596236
0.48	1.5	0.06895969006688915	0.2168439514170532	23.60630771232135
0.48	1.75	0.06895969006688915	0.2168439514170532	26.333728031572782
0.48	2.0	0.06895969006688915	0.2168439514170532	28.831179933688485
0.48	2.25	0.06895969006688915	0.2168439514170532	31.126244982510666
0.48	2.5	0.06895969006688915	0.2168439514170532	33.2422643004539
0.48	2.75	0.06895969006688915	0.2168439514170532	35.19912334866108
0.48	3.0	0.06895969006688915	0.2168439514170532	37.01386864032267
0.48	3.25	0.06895969006688915	0.2168439514170532	38.70119693163795
0.48	3.5	0.06895969006688915	0.2168439514170532	40.27384662906107
0.48	3.75	0.06895969006688915	0.2168439514170532	41.74291348112199
0.48	4.0	0.06895969006688915	0.2168439514170532	43.11810710892194
0.48	4.25	0.06895969006688915	0.2168439514170532	44.407960918320306
0.48	4.5	0.06895969006688915	0.2168439514170532	45.62000498698231
0.48	4.75	0.06895969006688915	0.2168439514170532	46.76090932777975
0.48	5.0	0.06895969006688915	0.2168439514170532	47.83660328602426
0.48	5.25	0.06895969006688915	0.2168439514170532	48.852375583714796
0.48	5.5	0.06895969006688915	0.2168439514170532	49.81295857425535
0.48	5.75	0.06895969006688915	0.2168439514170532	50.722599540446666
0.48	6.0	0.06895969006688915	0.2168439514170532	51.58512130223185
0.48	6.25	0.06895969006688915	0.2168439514170532	52.4039739586163
0.48	6.5	0.06895969006688915	0.2168439514170532	53.182279240811425
0.48	6.75	0.06895969006688915	0.2168439514170532	53.92286867895936
0.48	7.0	0.06895969006688915	0.2168439514170532	54.62831656626762
0.48	7.25	0.06895969006688915	0.2168439514170532	55.30096852954561
0.48	7.5	0.06895969006688915	0.2168439514170532	55.94296637449101
0.48	7.75	0.06895969006688915	0.2168439514170532	56.55626976035368
0.48	8.0	0.06895969006688915	0.2168439514170532	57.14267516619858
0.48	8.25	0.06895969006688915	0.2168439514170532	57.7038325355507
0.48	8.5	0.06895969006688915	0.2168439514170532	58.24125992433978
0.48	8.75	0.06895969006688915	0.2168439514170532	58.75635642611243
0.48	9.0	0.06895969006688915	0.2168439514170532	59.250413606343564
0.48	9.25	0.06895969006688915	0.2168439514170532	59.72462564269665
0.48	9.5	0.06895969006688915	0.2168439514170532	60.1800983389286
0.48	9.75	0.06895969006688915	0.2168439514170532	60.61785715575022
0.48	10.0	0.06895969006688915	0.2168439514170532	61.03885438148635
0.48	10.25	0.06895969006688915	0.2168439514170532	61.443975548143676
0.48	10.5	0.06895969006688915	0.2168439514170532	61.83404518393156
0.48	10.75	0.06895969006688915	0.2168439514170532	62.20983198093984
0.48	11.0	0.06895969006688915	0.2168439514170532	62.572053446186445
0.48	11.25	0.06895969006688915	0.2168439514170532	62.92138009530441
0.48	11.5	0.06895969006688915	0.2168439514170532	63.258439240491775
0.48	11.75	0.06895969006688915	0.2168439514170532	63.583818417794845
0.48	12.0	0.06895969006688915	0.2168439514170532	63.89806849316245
0.48	12.25	0.06895969006688915	0.2168439514170532	64.20170648185658
0.48	12.5	0.06895969006688915	0.2168439514170532	64.49521811161331
0.48	12.75	0.06895969006688915	0.2168439514170532	64.77906015632011
0.48	13.0	0.06895969006688915	0.2168439514170532	65.05366256382717
0.48	13.25	0.06895969006688915	0.2168439514170532	65.31943039877274
0.48	13.5	0.06895969006688915	0.2168439514170532	65.57674561891707
0.48	13.75	0.06895969006688915	0.2168439514170532	65.82596870139588
0.48	14.0	0.06895969006688915	0.2168439514170532	66.0674401334812
0.48	14.25	0.06895969006688915	0.2168439514170532	66.30148178083934
0.48	14.5	0.06895969006688915	0.2168439514170532	66.5283981448717
0.48	14.75	0.06895969006688915	0.2168439514170532	66.74847751948862
0.48	15.0	0.06895969006688915	0.2168439514170532	66.96199305657687
0.48	15.25	0.06895969006688915	0.2168439514170532	67.16920374846025
0.48	15.5	0.06895969006688915	0.2168439514170532	67.3703553348006
0.48	15.75	0.06895969006688915	0.2168439514170532	67.56568114063386
0.48	16.0	0.06895969006688915	0.2168439514170532	67.75540285156492
0.48	16.25	0.06895969006688915	0.2168439514170532	67.93973123155187
0.48	16.5	0.06895969006688915	0.2168439514170532	68.11886678817922
0.48	16.75	0.06895969006688915	0.2168439514170532	68.29300038984799
0.48	17.0	0.06895969006688915	0.2168439514170532	68.46231383888939
0.48	17.25	0.06895969006688915	0.2168439514170532	68.62698040423078
0.48	17.5	0.06895969006688915	0.2168439514170532	68.78716531690613
0.48	17.75	0.06895969006688915	0.2168439514170532	68.94302623139991
0.48	18.0	0.06895969006688915	0.2168439514170532	69.09471365554184
0.48	18.25	0.06895969006688915	0.2168439514170532	69.24237135142555
0.48	18.5	0.06895969006688915	0.2168439514170532	69.38613670960507
0.48	18.75	0.06895969006688915	0.2168439514170532	69.52614109862381
0.48	19.0	0.06895969006688915	0.2168439514170532	69.66251019175321
0.48	19.25	0.06895969006688915	0.2168439514170532	69.79536427265597
0.48	19.5	0.06895969006688915	0.2168439514170532	69.9248185215434
0.48	19.75	0.06895969006688915	0.2168439514170532	70.0509832832638
0.48	20.0	0.06895969006688915	0.2168439514170532	70.17396431863952
0.48	20.25	0.06895969006688915	0.2168439514170532	70.29386304026126
0.48	20.5	0.06895969006688915	0.2168439514170532	70.41077673384996
0.48	20.75	0.06895969006688915	0.2168439514170532	70.52479876620643
0.48	21.0	0.06895969006688915	0.2168439514170532	70.63601878068786
0.48	21.25	0.06895969006688915	0.2168439514170532	70.7445228810752
0.48	21.5	0.06895969006688915	0.2168439514170532	70.85039380462867
0.48	21.75	0.06895969006688915	0.2168439514170532	70.95371108506558
0.48	22.0	0.06895969006688915	0.2168439514170532	71.05455120613927
0.48	22.25	0.06895969006688915	0.2168439514170532	71.15298774644535
0.48	22.5	0.06895969006688915	0.2168439514170532	71.24909151603474
0.48	22.75	0.06895969006688915	0.2168439514170532	71.34293068536977
0.48	23.0	0.06895969006688915	0.2168439514170532	71.43457090711897
0.48	23.25	0.06895969006688915	0.2168439514170532	71.52407543125133
0.48	23.5	0.06895969006688915	0.2168439514170532	71.6115052138558
0.48	23.75	0.06895969006688915	0.2168439514170532	71.69691902008184
0.48	24.0	0.06895969006688915	0.2168439514170532	71.78037352156883
0.49	0.0	0.07039635027661602	0.21497936015173852	0.0
0.49	0.25	0.07039635027661602	0.21497936015173852	5.058003727556367
0.49	0.5	0.07039635027661602	0.21497936015173852	9.553007779841616
0.49	0.75	0.07039635027661602	0.21497936015173852	13.573466753681537
0.49	1.0	0.07039635027661602	0.21497936015173852	17.19022853741752
0.49	1.25	0.07039635027661602	0.21497936015173852	20.460707423206674
0.49	1.5	0.07039635027661602	0.21497936015173852	23.43192401237375
0.49	1.75	0.07039635027661602	0.21497936015173852	26.14275537807287
0.49	2.0	0.07039635027661602	0.21497936015173852	28.62562491477796
0.49	2.25	0.07039635027661602	0.21497936015173852	30.907788165805872
0.49	2.5	0.07039635027661602	0.21497936015173852	33.012323006304975
0.49	2.75	0.07039635027661602	0.21497936015173852	34.9589005603864
0.49	3.0	0.07039635027661602	0.21497936015173852	36.764391482705435
0.49	3.25	0.07039635027661602	0.21497936015173852	38.44334721379099
0.49	3.5	0.07039635027661602	0.21497936015173852	40.0083852894289
0.49	3.75	0.07039635027661602	0.21497936015173852	41.47050030283535
0.49	4.0	0.07039635027661602	0.21497936015173852	42.83931673472619
0.49	4.25	0.07039635027661602	0.21497936015173852	44.123295946784566
0.49	4.5	0.07039635027661602	0.21497936015173852	45.32990674906676
0.49	4.75	0.07039635027661602	0.21497936015173852	46.465766806752534
0.49	5.0	0.07039635027661602	0.21497936015173852	47.53676054138026
0.49	5.25	0.07039635027661602	0.21497936015173852	48.548137962118005
0.49	5.5	0.07039635027661602	0.21497936015173852	49.50459793116121
0.49	5.75	0.07039635027661602	0.21497936015173852	50.410358650313285
0.49	6.0	0.07039635027661602	0.21497936015173852	51.269217599721124
0.49	6.25	0.07039635027661602	0.21497936015173852	52.08460272543609
0.49	6.5	0.07039635027661602	0.21497936015173852	52.8596163310244
0.49	6.75	0.07039635027661602	0.21497936015173852	53.59707285831016
0.49	7.0	0.07039635027661602	0.21497936015173852	54.299531527331645
0.49	7.25	0.07039635027661602	0.21497936015173852	54.96932463349672
0.49	7.5	0.07039635027661602	0.21497936015173852	55.60858216143123
0.49	7.75	0.07039635027661602	0.21497936015173852	56.21925326298655
0.49	8.0	0.07039635027661602	0.21497936015173852	56.803125055809836
0.49	8.25	0.07039635027661602	0.21497936015173852	57.36183912450993
0.49	8.5	0.07039635027661602	0.21497936015173852	57.89690604544339
0.49	8.75	0.07039635027661602	0.21497936015173852	58.409718205882086
0.49	9.0	0.07039635027661602	0.21497936015173852	58.90156114674482
0.49	9.25	0.07039635027661602	0.21497936015173852	59.37362362354366
0.49	9.5	0.07039635027661602	0.21497936015173852	59.827006551409596
0.49	9.75	0.07039635027661602	0.21497936015173852	60.26273097597827
0.49	10.0	0.07039635027661602	0.21497936015173852	60.68174519169627
0.49	10.25	0.07039635027661602	0.21497936015173852	61.08493111207612
0.49	10.5	0.07039635027661602	0.21497936015173852	61.47310998203399
0.49	10.75	0.07039635027661602	0.21497936015173852	61.84704751024248
0.49	11.0	0.07039635027661602	0.21497936015173852	62.20745848905606
0.49	11.25	0.07039635027661602	0.21497936015173852	62.55501096072081
0.49	11.5	0.07039635027661602	0.21497936015173852	62.89032998101614
0.49	11.75	0.07039635027661602	0.21497936015173852	63.214001024990495
0.49	12.0	0.07039635027661602	0.21497936015173852	63.526573073879604
0.49	12.25	0.07039635027661602	0.21497936015173852	63.82856141749069
0.49	12.5	0.07039635027661602	0.21497936015173852	64.12045020218781
0.49	12.75	0.07039635027661602	0.21497936015173852	64.40269475101937
0.49	13.0	0.07039635027661602	0.21497936015173852	64.67572367941135
0.49	13.25	0.07039635027661602	0.21497936015173852	64.93994082713733
0.49	13.5	0.07039635027661602	0.21497936015173852	65.19572702491331
0.49	13.75	0.07039635027661602	0.21497936015173852	65.44344171189957
0.49	14.0	0.07039635027661602	0.21497936015173852	65.6834244185866
0.49	14.25	0.07039635027661602	0.21497936015173852	65.91599612795605
0.49	14.5	0.07039635027661602	0.21497936015173852	66.14146052641738
0.49	14.75	0.07039635027661602	0.21497936015173852	66.36010515479418
0.49	15.0	0.07039635027661602	0.21497936015173852	66.57220246855555
0.49	15.25	0.07039635027661602	0.21497936015173852	66.77801081553237
0.49	15.5	0.07039635027661602	0.21497936015173852	66.97777533851514
0.49	15.75	0.07039635027661602	0.21497936015173852	67.17172880938172
0.49	16.0	0.07039635027661602	0.21497936015173852	67.3600924007387
0.49	16.25	0.07039635027661602	0.21497936015173852	67.54307640047088
0.49	16.5	0.07039635027661602	0.21497936015173852	67.72088087406675
0.49	16.75	0.07039635027661602	0.21497936015173852	67.89369627911948
0.49	17.0	0.07039635027661602	0.21497936015173852	68.0617040359847
0.49	17.25	0.07039635027661602	0.21497936015173852	68.22507705820162
0.49	17.5	0.07039635027661602	0.21497936015173852	68.38398024594916
0.49	17.75	0.07039635027661602	0.21497936015173852	68.53857094550845
0.49	18.0	0.07039635027661602	0.21497936015173852	68.68899937743235
0.49	18.25	0.07039635027661602	0.21497936015173852	68.8354090358816
0.49	18.5	0.07039635027661602	0.21497936015173852	68.97793706136713
0.49	18.75	0.07039635027661602	0.21497936015173852	69.11671458894303
0.49	19.0	0.07039635027661602	0.21497936015173852	69.25186707371563
0.49	19.25	0.07039635027661602	0.21497936015173852	69.38351459537483
0.49	19.5	0.07039635027661602	0.21497936015173852	69.5117721433084
0.49	19.75	0.07039635027661602	0.21497936015173852	69.63674988372843
0.49	20.0	0.07039635027661602	0.21497936015173852	69.75855341012074
0.49	20.25	0.07039635027661602	0.21497936015173852	69.87728397821951
0.49	20.5	0.07039635027661602	0.21497936015173852	69.99303872661143
0.49	20.75	0.07039635027661602	0.21497936015173852	70.10591088398482
0.49	21.0	0.07039635027661602	0.21497936015173852	70.21598996395765
0.49	21.25	0.07039635027661602	0.21497936015173852	70.32336194834487
0.49	21.5	0.07039635027661602	0.21497936015173852	70.42810945965728
0.49	21.75	0.07039635027661602	0.21497936015173852	70.53031192356401
0.49	22.0	0.07039635027661602	0.21497936015173852	70.63004572199283
0.49	22.25	0.07039635027661602	0.21497936015173852	70.72738433749257
0.49	22.5	0.07039635027661602	0.21497936015173852	70.82239848943382
0.49	22.75	0.07039635027661602	0.21497936015173852	70.91515626258197
0.49	23.0	0.07039635027661602	0.21497936015173852	71.00572322853601
0.49	23.25	0.07039635027661602	0.21497936015173852	71.09416256049161
0.49	23.5	0.07039635027661602	0.21497936015173852	71.18053514175247
0.49	23.75	0.07039635027661602	0.21497936015173852	71.26489966838437
0.49	24.0	0.07039635027661602	0.21497936015173852	71.34731274637737
0.5	0.0	0.07183301048634287	0.21311476888642383	0.0
0.5	0.25	0.07183301048634287	0.21311476888642383	5.015481495506062
0.5	0.5	0.07183301048634287	0.21311476888642383	9.474941532594304
0.5	0.75	0.07183301048634287	0.21311476888642383	13.46537607709381
0.5	1.0	0.07183301048634287	0.21311476888642383	17.056533073104674
0.5	1.25	0.07183301048634287	0.21311476888642383	20.304985170632147
0.5	1.5	0.07183301048634287	0.21311476888642383	23.257100475993063
0.5	1.75	0.07183301048634287	0.21311476888642383	25.951244176516187
0.5	2.0	0.07183301048634287	0.21311476888642383	28.419433743798777
0.5	2.25	0.07183301048634287	0.21311476888642383	30.68859964986395
0.5	2.5	0.07183301048634287	0.21311476888642383	32.78155709412121
0.5	2.75	0.07183301048634287	0.21311476888642383	34.71776318171669
0.5	3.0	0.07183301048634287	0.21311476888642383	36.51391285723797
0.5	3.25	0.07183301048634287	0.21311476888642383	38.18441228140938
0.5	3.5	0.07183301048634287	0.21311476888642383	39.74175808154852
0.5	3.75	0.07183301048634287	0.21311476888642383	41.19684361077266
0.5	4.0	0.07183301048634287	0.21311476888642383	42.559208095937855
0.5	4.25	0.07183301048634287	0.21311476888642383	43.83724072491059
0.5	4.5	0.07183301048634287	0.21311476888642383	45.03834890285722
0.5	4.75	0.07183301048634287	0.21311476888642383	46.1690978080918
0.5	5.0	0.07183301048634287	0.21311476888642383	47.235326801123605
0.5	5.25	0.07183301048634287	0.21311476888642383	48.2422470454129
0.5	5.5	0.07183301048634287	0.21311476888642383	49.19452378496829
0.5	5.75	0.07183301048634287	0.21311476888642383	50.09634602038328
0.5	6.0	0.07183301048634287	0.21311476888642383	50.951485778978295
0.5	6.25	0.07183301048634287	0.21311476888642383	51.763348748112875
0.5	6.5	0.07183301048634287	0.21311476888642383	52.53501770516672
0.5	6.75	0.07183301048634287	0.21311476888642383	53.269289912071386
0.5	7.0	0.07183301048634287	0.21311476888642383	53.96870943077427
0.5	7.25	0.07183301048634287	0.21311476888642383	54.635595146651234
0.5	7.5	0.07183301048634287	0.21311476888642383	55.272065150531034
0.5	7.75	0.07183301048634287	0.21311476888642383	55.88005801965412
0.5	8.0	0.07183301048634287	0.21311476888642383	56.461351448162056
0.5	8.25	0.07183301048634287	0.21311476888642383	57.01757860440877
0.5	8.5	0.07183301048634287	0.21311476888642383	57.55024253222867
0.5	8.75	0.07183301048634287	0.21311476888642383	58.06072886372067
0.5	9.0	0.07183301048634287	0.21311476888642383	58.550317070081384
0.5	9.25	0.07183301048634287	0.21311476888642383	59.02019044294086
0.5	9.5	0.07183301048634287	0.21311476888642383	59.471444970233314
0.5	9.75	0.07183301048634287	0.21311476888642383	59.90509724685306
0.5	10.0	0.07183301048634287	0.21311476888642383	60.32209154037146
0.5	10.25	0.07183301048634287	0.21311476888642383	60.723306115262375
0.5	10.5	0.07183301048634287	0.21311476888642383	61.10955890485728
0.5	10.75	0.07183301048634287	0.21311476888642383	61.48161260818973
0.5	11.0	0.07183301048634287	0.21311476888642383	61.84017927863034
0.5	11.25	0.07183301048634287	0.21311476888642383	62.185924462465145
0.5	11.5	0.07183301048634287	0.21311476888642383	62.51947093808718
0.5	11.75	0.07183301048634287	0.21311476888642383	62.8414021000552
0.5	12.0	0.07183301048634287	0.21311476888642383	63.15226502675632
0.5	12.25	0.07183301048634287	0.21311476888642383	63.452573265655055
0.5	12.5	0.07183301048634287	0.21311476888642383	63.74280936600254
0.5	12.75	0.07183301048634287	0.21311476888642383	64.02342718532252
0.5	13.0	0.07183301048634287	0.21311476888642383	64.29485399290185
0.5	13.25	0.07183301048634287	0.21311476888642383	64.55749239082803
0.5	13.5	0.07183301048634287	0.21311476888642383	64.81172207077321
0.5	13.75	0.07183301048634287	0.21311476888642383	65.05790142267965
0.5	14.0	0.07183301048634287	0.21311476888642383	65.29636900971006
0.5	14.25	0.07183301048634287	0.21311476888642383	65.52744492225662
0.5	14.5	0.07183301048634287	0.21311476888642383	65.75143202242208
0.5	14.75	0.07183301048634287	0.21311476888642383	65.96861708917217
0.5	15.0	0.07183301048634287	0.21311476888642383	66.17927187328735
0.5	15.25	0.07183301048634287	0.21311476888642383	66.38365407029505
0.5	15.5	0.07183301048634287	0.21311476888642383	66.58200821872776
0.5	15.75	0.07183301048634287	0.21311476888642383	66.7745665303084
0.5	16.0	0.07183301048634287	0.21311476888642383	66.96154965800716
0.5	16.25	0.07183301048634287	0.21311476888642383	67.14316740732727
0.5	16.5	0.07183301048634287	0.21311476888642383	67.31961939565616
0.5	16.75	0.07183301048634287	0.21311476888642383	67.49109566405261
0.5	17.0	0.07183301048634287	0.21311476888642383	67.65777724542612
0.5	17.25	0.07183301048634287	0.21311476888642383	67.819836692692
0.5	17.5	0.07183301048634287	0.21311476888642383	67.97743857015385
0.5	17.75	0.07183301048634287	0.21311476888642383	68.13073991106643
0.5	18.0	0.07183301048634287	0.21311476888642383	68.2798906440637
0.5	18.25	0.07183301048634287	0.21311476888642383	68.42503399089654
0.5	18.5	0.07183301048634287	0.21311476888642383	68.56630683770722
0.5	18.75	0.07183301048634287	0.21311476888642383	68.70384008187263
0.5	19.0	0.07183301048634287	0.21311476888642383	68.83775895627194
0.5	19.25	0.07183301048634287	0.21311476888642383	68.96818333267453
0.5	19.5	0.07183301048634287	0.21311476888642383	69.09522800580072
0.5	19.75	0.07183301048634287	0.21311476888642383	69.21900295947682
0.5	20.0	0.07183301048634287	0.21311476888642383	69.33961361618782
0.5	20.25	0.07183301048634287	0.21311476888642383	69.45716107122385
0.5	20.5	0.07183301048634287	0.21311476888642383	69.5717423125192
0.5	20.75	0.07183301048634287	0.21311476888642383	69.68345042719366
0.5	21.0	0.07183301048634287	0.21311476888642383	69.79237479572564
0.5	21.25	0.07183301048634287	0.21311476888642383	69.89860127461297
0.5	21.5	0.07183301048634287	0.21311476888642383	70.00221236831018
0.5	21.75	0.07183301048634287	0.21311476888642383	70.10328739116987
0.5	22.0	0.07183301048634287	0.21311476888642383	70.20190262006003
0.5	22.25	0.07183301048634287	0.21311476888642383	70.29813143827793
0.5	22.5	0.07183301048634287	0.21311476888642383	70.3920444713348
0.5	22.75	0.07183301048634287	0.21311476888642383	70.48370971514171
0.5	23.0	0.07183301048634287	0.21311476888642383	70.5731926570892
0.5	23.25	0.07183301048634287	0.21311476888642383	70.660556390476
0.5	23.5	0.07183301048634287	0.21311476888642383	70.74586172270949
0.5	23.75	0.07183301048634287	0.21311476888642383	70.82916727767031
0.5	24.0	0.07183301048634287	0.21311476888642383	70.91052959260533
0.51	0.0	0.07326967069606972	0.2112501776210551	0.0
0.51	0.25	0.07326967069606972	0.2112501776210551	4.972936299973261
0.51	0.5	0.07326967069606972	0.2112501776210551	9.396795549248445
0.51	0.75	0.07326967069606972	0.2112501776210551	13.357128286109281
0.51	1.0	0.07326967069606972	0.2112501776210551	16.92259106713525
0.51	1.25	0.07326967069606972	0.2112501776210551	20.148920480563334
0.51	1.5	0.07326967069606972	0.2112501776210551	23.08183578334164
0.51	1.75	0.07326967069606972	0.2112501776210551	25.75919264964487
0.51	2.0	0.07326967069606972	0.2112501776210551	28.212604155296436
0.51	2.25	0.07326967069606972	0.2112501776210551	30.468676662550685
0.51	2.5	0.07326967069606972	0.2112501776210551	32.549963276719495
0.51	2.75	0.07326967069606972	0.2112501776210551	34.47570741019227
0.51	3.0	0.07326967069606972	0.2112501776210551	36.2624284524002
0.51	3.25	0.07326967069606972	0.2112501776210551	37.9243873251536
0.51	3.5	0.07326967069606972	0.2112501776210551	39.473959713364046
0.51	3.75	0.07326967069606972	0.2112501776210551	40.92193764818556
0.51	4.0	0.07326967069606972	0.2112501776210551	42.27777499130687
0.51	4.25	0.07326967069606972	0.2112501776210551	43.54978862870422
0.51	4.5	0.07326967069606972	0.2112501776210551	44.7453244244665
0.51	4.75	0.07326967069606972	0.2112501776210551	45.87089493158925
0.51	5.0	0.07326967069606972	0.2112501776210551	46.93229431272769
0.51	5.25	0.07326967069606972	0.2112501776210551	47.934694752962805
0.51	5.5	0.07326967069606972	0.2112501776210551	48.88272775117051
0.51	5.75	0.07326967069606972	0.2112501776210551	49.78055298642238
0.51	6.0	0.07326967069606972	0.2112501776210551	50.6319169199836
0.51	6.25	0.07326967069606972	0.2112501776210551	51.4402028745121
0.51	6.5	0.07326967069606972	0.2112501776210551	52.20847400233468
0.51	6.75	0.07326967069606972	0.2112501776210551	52.93951029355336
0.51	7.0	0.07326967069606972	0.2112501776210551	53.63584056671585
0.51	7.25	0.07326967069606972	0.2112501776210551	54.299770218132835
0.51	7.5	0.07326967069606972	0.2112501776210551	54.93340537170017
0.51	7.75	0.07326967069606972	0.2112501776210551	55.538673962421846
0.51	8.0	0.07326967069606972	0.2112501776210551	56.11734419843491
0.51	8.25	0.07326967069606972	0.2112501776210551	56.67104077409318
0.51	8.5	0.07326967069606972	0.2112501776210551	57.20125914736097
0.51	8.75	0.07326967069606972	0.2112501776210551	57.70937814587528
0.51	9.0	0.07326967069606972	0.2112501776210551	58.1966711255638
0.51	9.25	0.07326967069606972	0.2112501776210551	58.664315872073324
0.51	9.5	0.07326967069606972	0.2112501776210551	59.11340340721041
0.51	9.75	0.07326967069606972	0.2112501776210551	59.54494583911235
0.51	10.0	0.07326967069606972	0.2112501776210551	59.95988337513932
0.51	10.25	0.07326967069606972	0.2112501776210551	60.35909059985298
0.51	10.5	0.07326967069606972	0.2112501776210551	60.743382106389284
0.51	10.75	0.07326967069606972	0.2112501776210551	61.113517557610784
0.51	11.0	0.07326967069606972	0.2112501776210551	61.47020624328253
0.51	11.25	0.07326967069606972	0.2112501776210551	61.81411119086395
0.51	11.5	0.07326967069606972	0.2112501776210551	62.14585288010837
0.51	11.75	0.07326967069606972	0.2112501776210551	62.466012605314006
0.51	12.0	0.07326967069606972	0.2112501776210551	62.77513552361171
0.51	12.25	0.07326967069606972	0.2112501776210551	63.07373342296873
0.51	12.5	0.07326967069606972	0.2112501776210551	63.362287239521294
0.51	12.75	0.07326967069606972	0.2112501776210551	63.641249350326376
0.51	13.0	0.07326967069606972	0.2112501776210551	63.91104566456494
0.51	13.25	0.07326967069606972	0.2112501776210551	64.17207753356855
0.51	13.5	0.07326967069606972	0.2112501776210551	64.42472349772147
0.51	13.75	0.07326967069606972	0.2112501776210551	64.66934088626334
0.51	14.0	0.07326967069606972	0.2112501776210551	64.90626728424381
0.51	14.25	0.07326967069606972	0.2112501776210551	65.13582187932364
0.51	14.5	0.07326967069606972	0.2112501776210551	65.35830669974929
0.51	14.75	0.07326967069606972	0.2112501776210551	65.57400775362404
0.51	15.0	0.07326967069606972	0.2112501776210551	65.78319607853652
0.51	15.25	0.07326967069606972	0.2112501776210551	65.98612870966929
0.51	15.5	0.07326967069606972	0.2112501776210551	66.18304957367968
0.51	15.75	0.07326967069606972	0.2112501776210551	66.37419031490924
0.51	16.0	0.07326967069606972	0.2112501776210551	66.55977105982427
0.51	16.25	0.07326967069606972	0.2112501776210551	66.74000112500909
0.51	16.5	0.07326967069606972	0.2112501776210551	66.91507967351583
0.51	16.75	0.07326967069606972	0.2112501776210551	67.08519632391337
0.51	17.0	0.07326967069606972	0.2112501776210551	67.25053171596504
0.51	17.25	0.07326967069606972	0.2112501776210551	67.41125803649678
0.51	17.5	0.07326967069606972	0.2112501776210551	67.56753950868634
0.51	17.75	0.07326967069606972	0.2112501776210551	67.7195328477085
0.51	18.0	0.07326967069606972	0.2112501776210551	67.86738768540488
0.51	18.25	0.07326967069606972	0.2112501776210551	68.0112469664078
0.51	18.5	0.07326967069606972	0.2112501776210551	68.1512473179325
0.51	18.75	0.07326967069606972	0.2112501776210551	68.28751939525769
0.51	19.0	0.07326967069606972	0.2112501776210551	68.42018820473915
0.51	19.25	0.07326967069606972	0.2112501776210551	68.54937340604317
0.51	19.5	0.07326967069606972	0.2112501776210551	68.67518959514338
0.51	19.75	0.07326967069606972	0.2112501776210551	68.79774656949431
0.51	20.0	0.07326967069606972	0.2112501776210551	68.91714957667868
0.51	20.25	0.07326967069606972	0.2112501776210551	69.03349954771743
0.51	20.5	0.07326967069606972	0.2112501776210551	69.14689331613582
0.51	20.75	0.07326967069606972	0.2112501776210551	69.25742382378994
0.51	21.0	0.07326967069606972	0.2112501776210551	69.36518031437848
0.51	21.25	0.07326967069606972	0.2112501776210551	69.47024851549105
0.51	21.5	0.07326967069606972	0.2112501776210551	69.57271080997802
0.51	21.75	0.07326967069606972	0.2112501776210551	69.67264639736597
0.51	22.0	0.07326967069606972	0.2112501776210551	69.77013144598708
0.51	22.25	0.07326967069606972	0.2112501776210551	69.86523923644049
0.51	22.5	0.07326967069606972	0.2112501776210551	69.95804029695647
0.51	22.75	0.07326967069606972	0.2112501776210551	70.04860253119206
0.51	23.0	0.07326967069606972	0.2112501776210551	70.1369913389478
0.51	23.25	0.07326967069606972	0.2112501776210551	70.22326973025918
0.51	23.5	0.07326967069606972	0.2112501776210551	70.30749843328334
0.51	23.75	0.07326967069606972	0.2112501776210551	70.389735996372
0.51	24.0	0.07326967069606972	0.2112501776210551	70.47003888469247
0.52	0.0	0.07470633090579659	0.20938558635568638	0.0
0.52	0.25	0.07470633090579659	0.20938558635568638	4.9303681250202995
0.52	0.5	0.07470633090579659	0.20938558635568638	9.318569726649102
0.52	0.75	0.07470633090579659	0.20938558635568638	13.248723095779916
0.52	1.0	0.07470633090579659	0.20938558635568638	16.788401960919163
0.52	1.25	0.07470633090579659	0.20938558635568638	19.99251244227385
0.52	1.5	0.07470633090579659	0.20938558635568638	22.906128609605894
0.52	1.75	0.07470633090579659	0.20938558635568638	25.566599012889768
0.52	2.0	0.07470633090579659	0.20938558635568638	28.005133873848447
0.52	2.25	0.07470633090579659	0.20938558635568638	30.248016418883832
0.52	2.5	0.07470633090579659	0.20938558635568638	32.31753825106252
0.52	2.75	0.07470633090579659	0.20938558635568638	34.232729424458235
0.52	3.0	0.07470633090579659	0.20938558635568638	36.00993393478262
0.52	3.25	0.07470633090579659	0.20938558635568638	37.6632675109196
0.52	3.5	0.07470633090579659	0.20938558635568638	39.20498486536037
0.52	3.75	0.07470633090579659	0.20938558635568638	40.645776628403844
0.52	4.0	0.07470633090579659	0.20938558635568638	41.99501118747317
0.52	4.25	0.07470633090579659	0.20938558635568638	43.2609330001824
0.52	4.5	0.07470633090579659	0.20938558635568638	44.4508262544758
0.52	4.75	0.07470633090579659	0.20938558635568638	45.571150740319624
0.52	5.0	0.07470633090579659	0.20938558635568638	46.627655286136246
0.52	5.25	0.07470633090579659	0.20938558635568638	47.62547296617239
0.52	5.5	0.07470633090579659	0.20938558635568638	48.569201407264885
0.52	5.75	0.07470633090579659	0.20938558635568638	49.46297084655551
0.52	6.0	0.07470633090579659	0.20938558635568638	50.31050206582774
0.52	6.25	0.07470633090579659	0.20938558635568638	51.11515591675456
0.52	6.5	0.07470633090579659	0.20938558635568638	51.879975827414775
0.52	6.75	0.07470633090579659	0.20938558635568638	52.6077244237763
0.52	7.0	0.07470633090579659	0.20938558635568638	53.300915195284254
0.52	7.25	0.07470633090579659	0.20938558635568638	53.96183996974053
0.52	7.5	0.07470633090579659	0.20938558635568638	54.59259283055267
0.52	7.75	0.07470633090579659	0.20938558635568638	55.195091002439945
0.52	8.0	0.07470633090579659	0.20938558635568638	55.77109314461425
0.52	8.25	0.07470633090579659	0.20938558635568638	56.322215419266826
0.52	8.5	0.07470633090579659	0.20938558635568638	56.84994564473293
0.52	8.75	0.07470633090579659	0.20938558635568638	57.355655794496464
0.52	9.0	0.07470633090579659	0.20938558635568638	57.84061306327606
0.52	9.25	0.07470633090579659	0.20938558635568638	58.3059896882508
0.52	9.5	0.07470633090579659	0.20938558635568638	58.75287168579569
0.52	9.75	0.07470633090579659	0.20938558635568638	59.182266640912694
0.52	10.0	0.07470633090579659	0.20938558635568638	59.59511066706229
0.52	10.25	0.07470633090579659	0.20938558635568638	59.99227463767797
0.52	10.5	0.07470633090579659	0.20938558635568638	60.37456977675625
0.52	10.75	0.07470633090579659	0.20938558635568638	60.7427526841328
0.52	11.0	0.07470633090579659	0.20938558635568638	61.097529861029976
0.52	11.25	0.07470633090579659	0.20938558635568638	61.43956179290672
0.52	11.5	0.07470633090579659	0.20938558635568638	61.76946663932334
0.52	11.75	0.07470633090579659	0.20938558635568638	62.08782357425381
0.52	12.0	0.07470633090579659	0.20938558635568638	62.39517581487833
0.52	12.25	0.07470633090579659	0.20938558635568638	62.69203337223157
0.52	12.5	0.07470633090579659	0.20938558635568638	62.97887555305726
0.52	12.75	0.07470633090579659	0.20938558635568638	63.25615323873286
0.52	13.0	0.07470633090579659	0.20938558635568638	63.524290964100054
0.52	13.25	0.07470633090579659	0.20938558635568638	63.78368881640217
0.52	13.5	0.07470633090579659	0.20938558635568638	64.03472417223202
0.52	13.75	0.07470633090579659	0.20938558635568638	64.27775328838597
0.52	14.0	0.07470633090579659	0.20938558635568638	64.51311276076162
0.52	14.25	0.07470633090579659	0.20938558635568638	64.741120863895
0.52	14.5	0.07470633090579659	0.20938558635568638	64.96207878237719
0.52	14.75	0.07470633090579659	0.20938558635568638	65.17627174419644
0.52	15.0	0.07470633090579659	0.20938558635568638	65.38397006500007
0.52	15.25	0.07470633090579659	0.20938558635568638	65.58543011133861
0.52	15.5	0.07470633090579659	0.20938558635568638	65.7808951901327
0.52	15.75	0.07470633090579659	0.20938558635568638	65.97059637087202
0.52	16.0	0.07470633090579659	0.20938558635568638	66.15475324640798
0.52	16.25	0.07470633090579659	0.20938558635568638	66.33357463762532
0.52	16.5	0.07470633090579659	0.20938558635568638	66.50725924676364
0.52	16.75	0.07470633090579659	0.20938558635568638	66.67599626370307
0.52	17.0	0.07470633090579659	0.20938558635568638	66.83996592911755
0.52	17.25	0.07470633090579659	0.20938558635568638	66.9993400580346
0.52	17.5	0.07470633090579659	0.20938558635568638	67.15428252701177
0.52	17.75	0.07470633090579659	0.20938558635568638	67.30494972784598
0.52	18.0	0.07470633090579659	0.20938558635568638	67.45149099046834
0.52	18.25	0.07470633090579659	0.20938558635568638	67.5940489774387
0.52	18.5	0.07470633090579659	0.20938558635568638	67.73276005224132
0.52	18.75	0.07470633090579659	0.20938558635568638	67.86775462338917
0.52	19.0	0.07470633090579659	0.20938558635568638	67.99915746617168
0.52	19.25	0.07470633090579659	0.20938558635568638	68.1270880237221
0.52	19.5	0.07470633090579659	0.20938558635568638	68.25166068893985
0.52	19.75	0.07470633090579659	0.20938558635568638	68.37298506867327
0.52	20.0	0.07470633090579659	0.20938558635568638	68.49116623145224
0.52	20.25	0.07470633090579659	0.20938558635568638	68.60630493995367
0.52	20.5	0.07470633090579659	0.20938558635568638	68.71849786928705
0.52	20.75	0.07470633090579659	0.20938558635568638	68.82783781209912
0.52	21.0	0.07470633090579659	0.20938558635568638	68.93441387141773
0.52	21.25	0.07470633090579659	0.20938558635568638	69.03831164208181
0.52	21.5	0.07470633090579659	0.20938558635568638	69.13961338153815
0.52	21.75	0.07470633090579659	0.20938558635568638	69.23839817072609
0.52	22.0	0.07470633090579659	0.20938558635568638	69.33474206571414
0.52	22.25	0.07470633090579659	0.20938558635568638	69.4287182407046
0.52	22.5	0.07470633090579659	0.20938558635568638	69.52039712297335
0.52	22.75	0.07470633090579659	0.20938558635568638	69.60984652027166
0.52	23.0	0.07470633090579659	0.20938558635568638	69.69713174117679
0.52	23.25	0.07470633090579659	0.20938558635568638	69.78231570884313
0.52	23.5	0.07470633090579659	0.20938558635568638	69.86545906857262
0.52	23.75	0.07470633090579659	0.20938558635568638	69.94662028959314
0.52	24.0	0.07470633090579659	0.20938558635568638	70.02585576140592
0.53	0.0	0.07614299111552345	0.20752099509045377	0.0
0.53	0.25	0.07614299111552345	0.20752099509045377	4.887776954696865
0.53	0.5	0.07614299111552345	0.20752099509045377	9.240263961472293
0.53	0.75	0.07614299111552345	0.20752099509045377	13.140160220498153
0.53	1.0	0.07614299111552345	0.20752099509045377	16.653965194255676
0.53	1.25	0.07614299111552345	0.20752099509045377	19.835760141971527
0.53	1.5	0.07614299111552345	0.20752099509045377	22.729977624970513
0.53	1.75	0.07614299111552345	0.20752099509045377	25.373461474330224
0.53	2.0	0.07614299111552345	0.20752099509045377	27.797020614006573
0.53	2.25	0.07614299111552345	0.20752099509045377	30.026616120955396
0.53	2.5	0.07614299111552345	0.20752099509045377	32.08427869815959
0.53	2.75	0.07614299111552345	0.20752099509045377	33.98882538414261
0.53	3.0	0.07614299111552345	0.20752099509045377	35.75642494894239
0.53	3.25	0.07614299111552345	0.20752099509045377	37.401047979673535
0.53	3.5	0.07614299111552345	0.20752099509045377	38.93482819037804
0.53	3.75	0.07614299111552345	0.20752099509045377	40.36835473463278
0.53	4.0	0.07614299111552345	0.20752099509045377	41.7109104187495
0.53	4.25	0.07614299111552345	0.20752099509045377	42.97066714714429
0.53	4.5	0.07614299111552345	0.20752099509045377	44.154847297697415
0.53	4.75	0.07614299111552345	0.20752099509045377	45.269857760398395
0.53	5.0	0.07614299111552345	0.20752099509045377	46.321401893519656
0.53	5.25	0.07614299111552345	0.20752099509045377	47.31457352824613
0.53	5.5	0.07614299111552345	0.20752099509045377	48.25393629251537
0.53	5.75	0.07614299111552345	0.20752099509045377	49.143590861039236
0.53	6.0	0.07614299111552345	0.20752099509045377	49.98723222249582
0.53	6.25	0.07614299111552345	0.20752099509045377	50.78819865101435
0.53	6.5	0.07614299111552345	0.20752099509045377	51.549513750898015
0.53	6.75	0.07614299111552345	0.20752099509045377	52.27392269130258
0.53	7.0	0.07614299111552345	0.20752099509045377	52.9639235464667
0.53	7.25	0.07614299111552345	0.20752099509045377	53.62179449582079
0.53	7.5	0.07614299111552345	0.20752099509045377	54.24961750829983
0.53	7.75	0.07614299111552345	0.20752099509045377	54.849299029857036
0.53	8.0	0.07614299111552345	0.20752099509045377	55.42258810742582
0.53	8.25	0.07614299111552345	0.20752099509045377	55.97109231244329
0.53	8.5	0.07614299111552345	0.20752099509045377	56.49629176943399
0.53	8.75	0.07614299111552345	0.20752099509045377	56.999551547622154
0.53	9.0	0.07614299111552345	0.20752099509045377	57.482132634171165
0.53	9.25	0.07614299111552345	0.20752099509045377	57.94520167491144
0.53	9.5	0.07614299111552345	0.20752099509045377	58.38983964109599
0.53	9.75	0.07614299111552345	0.20752099509045377	58.81704955783665
0.53	10.0	0.07614299111552345	0.20752099509045377	59.227763410639355
0.53	10.25	0.07614299111552345	0.20752099509045377	59.622848330236614
0.53	10.5	0.07614299111552345	0.20752099509045377	60.003112142194354
0.53	10.75	0.07614299111552345	0.20752099509045377	60.36930835612715
0.53	11.0	0.07614299111552345	0.20752099509045377	60.72214065944758
0.53	11.25	0.07614299111552345	0.20752099509045377	61.062266972118366
0.53	11.5	0.07614299111552345	0.20752099509045377	61.390303111638836
0.53	11.75	0.07614299111552345	0.20752099509045377	61.70682611128733
0.53	12.0	0.07614299111552345	0.20752099509045377	62.012377229297606
0.53	12.25	0.07614299111552345	0.20752099509045377	62.30746468204073
0.53	12.5	0.07614299111552345	0.20752099509045377	62.59256613030001
0.53	12.75	0.07614299111552345	0.20752099509045377	62.868130944274974
0.53	13.0	0.07614299111552345	0.20752099509045377	63.134582269953235
0.53	13.25	0.07614299111552345	0.20752099509045377	63.392318916879965
0.53	13.5	0.07614299111552345	0.20752099509045377	63.64171708507902
0.53	13.75	0.07614299111552345	0.20752099509045377	63.883131946891496
0.53	14.0	0.07614299111552345	0.20752099509045377	64.11689909775538
0.53	14.25	0.07614299111552345	0.20752099509045377	64.34333588842254
0.53	14.5	0.07614299111552345	0.20752099509045377	64.5627426497651
0.53	14.75	0.07614299111552345	0.20752099509045377	64.77540382014125
0.53	15.0	0.07614299111552345	0.20752099509045377	64.98158898424599
0.53	15.25	0.07614299111552345	0.20752099509045377	65.18155383145078
0.53	15.5	0.07614299111552345	0.20752099509045377	65.37554104081866
0.53	15.75	0.07614299111552345	0.20752099509045377	65.56378109925843
0.53	16.0	0.07614299111552345	0.20752099509045377	65.7464930586377
0.53	16.25	0.07614299111552345	0.20752099509045377	65.92388523710326
0.53	16.5	0.07614299111552345	0.20752099509045377	66.09615586934758
0.53	16.75	0.07614299111552345	0.20752099509045377	66.26349371010589
0.53	17.0	0.07614299111552345	0.20752099509045377	66.42607859476213
0.53	17.25	0.07614299111552345	0.20752099509045377	66.58408196057896
0.53	17.5	0.07614299111552345	0.20752099509045377	66.73766733174168
0.53	17.75	0.07614299111552345	0.20752099509045377	66.88699077111366
0.53	18.0	0.07614299111552345	0.20752099509045377	67.03220130133916
0.53	18.25	0.07614299111552345	0.20752099509045377	67.17344129769315
0.53	18.5	0.07614299111552345	0.20752099509045377	67.31084685486586
0.53	18.75	0.07614299111552345	0.20752099509045377	67.444548129678
0.53	19.0	0.07614299111552345	0.20752099509045377	67.57466966154989
0.53	19.25	0.07614299111552345	0.20752099509045377	67.70133067239173
0.53	19.5	0.07614299111552345	0.20752099509045377	67.82464534744098
0.53	19.75	0.07614299111552345	0.20752099509045377	67.94472309844447
0.53	20.0	0.07614299111552345	0.20752099509045377	68.06166881046764
0.53	20.25	0.07614299111552345	0.20752099509045377	68.17558307350724
0.53	20.5	0.07614299111552345	0.20752099509045377	68.28656239998868
0.53	20.75	0.07614299111552345	0.20752099509045377	68.3946994291419
0.53	21.0	0.07614299111552345	0.20752099509045377	68.50008311917097
0.53	21.25	0.07614299111552345	0.20752099509045377	68.60279892805966
0.53	21.5	0.07614299111552345	0.20752099509045377	68.70292898378997
0.53	21.75	0.07614299111552345	0.20752099509045377	68.80055224469068
0.53	22.0	0.07614299111552345	0.20752099509045377	68.89574465057714
0.53	22.25	0.07614299111552345	0.20752099509045377	68.98857926529449
0.53	22.5	0.07614299111552345	0.20752099509045377	69.07912641122964
0.53	22.75	0.07614299111552345	0.20752099509045377	69.1674537963154
0.53	23.0	0.07614299111552345	0.20752099509045377	69.25362663401206
0.53	23.25	0.07614299111552345	0.20752099509045377	69.33770775671526
0.53	23.5	0.07614299111552345	0.20752099509045377	69.41975772300738
0.53	23.75	0.07614299111552345	0.20752099509045377	69.4998349191393
0.53	24.0	0.07614299111552345	0.20752099509045377	69.57799565510177
0.54	0.0	0.07757965132525031	0.20565640382522116	0.0
0.54	0.25	0.07757965132525031	0.20565640382522116	4.845162773032217
0.54	0.5	0.07757965132525031	0.20565640382522116	9.161878150210208
0.54	0.75	0.07757965132525031	0.20565640382522116	13.031439373975811
0.54	1.0	0.07757965132525031	0.20565640382522116	16.519280205304018
0.54	1.25	0.07757965132525031	0.20565640382522116	19.678662662758256
0.54	1.5	0.07757965132525031	0.20565640382522116	22.5533814945649
0.54	1.75	0.07757965132525031	0.20565640382522116	25.179778234623495
0.54	2.0	0.07757965132525031	0.20565640382522116	27.588262080206814
0.54	2.25	0.07757965132525031	0.20565640382522116	29.804472957819932
0.54	2.5	0.07757965132525031	0.20565640382522116	31.850181282931644
0.54	2.75	0.07757965132525031	0.20565640382522116	33.74399142969808
0.54	3.0	0.07757965132525031	0.20565640382522116	35.50189711722161
0.54	3.25	0.07757965132525031	0.20565640382522116	37.13772384724756
0.54	3.5	0.07757965132525031	0.20565640382522116	38.663484313388764
0.54	3.75	0.07757965132525031	0.20565640382522116	40.089666119710564
0.54	4.0	0.07757965132525031	0.20565640382522116	41.42546638686333
0.54	4.25	0.07757965132525031	0.20565640382522116	42.67898434290088
0.54	4.5	0.07757965132525031	0.20565640382522116	43.85738042289573
0.54	4.75	0.07757965132525031	0.20565640382522116	44.9670084806975
0.54	5.0	0.07757965132525031	0.20565640382522116	46.013526268989104
0.54	5.25	0.07757965132525031	0.20565640382522116	47.001988243904286
0.54	5.5	0.07757965132525031	0.20565640382522116	47.93692390767413
0.54	5.75	0.07757965132525031	0.20565640382522116	48.8224042519915
0.54	6.0	0.07757965132525031	0.20565640382522116	49.66209835860839
0.54	6.25	0.07757965132525031	0.20565640382522116	50.4593218172739
0.54	6.5	0.07757965132525031	0.20565640382522116	51.21707830865095
0.54	6.75	0.07757965132525031	0.20565640382522116	51.938095452025784
0.54	7.0	0.07757965132525031	0.20565640382522116	52.62485581991782
0.54	7.25	0.07757965132525031	0.20565640382522116	53.279623863095715
0.54	7.5	0.07757965132525031	0.20565640382522116	53.904469361598686
0.54	7.75	0.07757965132525031	0.20565640382522116	54.50128791368873
0.54	8.0	0.07757965132525031	0.20565640382522116	55.0718188902232
0.54	8.25	0.07757965132525031	0.20565640382522116	55.61766121285229
0.54	8.5	0.07757965132525031	0.20565640382522116	56.14028725767243
0.54	8.75	0.07757965132525031	0.20565640382522116	56.641055139113554
0.54	9.0	0.07757965132525031	0.20565640382522116	57.12121959001772
0.54	9.25	0.07757965132525031	0.20565640382522116	57.581941621575304
0.54	9.5	0.07757965132525031	0.20565640382522116	58.02429711982622
0.54	9.75	0.07757965132525031	0.20565640382522116	58.449284512846646
0.54	10.0	0.07757965132525031	0.20565640382522116	58.85783162375202
0.54	10.25	0.07757965132525031	0.20565640382522116	59.2508018086297
0.54	10.5	0.07757965132525031	0.20565640382522116	59.62899946496167
0.54	10.75	0.07757965132525031	0.20565640382522116	59.99317498459388
0.54	11.0	0.07757965132525031	0.20565640382522116	60.344029215517125
0.54	11.25	0.07757965132525031	0.20565640382522116	60.68221748836485
0.54	11.5	0.07757965132525031	0.20565640382522116	61.008353256377895
0.54	11.75	0.07757965132525031	0.20565640382522116	61.32301139144444
0.54	12.0	0.07757965132525031	0.20565640382522116	61.62673117353928
0.54	12.25	0.07757965132525031	0.20565640382522116	61.920019006327955
0.54	12.5	0.07757965132525031	0.20565640382522116	62.20335088775956
0.54	12.75	0.07757965132525031	0.20565640382522116	62.47717466105623
0.54	13.0	0.07757965132525031	0.20565640382522116	62.741912068540096
0.54	13.25	0.07757965132525031	0.20565640382522116	62.99796062815529
0.54	13.5	0.07757965132525031	0.20565640382522116	63.245695350289594
0.54	13.75	0.07757965132525031	0.20565640382522116	63.48547031053046
0.54	14.0	0.07757965132525031	0.20565640382522116	63.71762009226494
0.54	14.25	0.07757965132525031	0.20565640382522116	63.94246111151962
0.54	14.5	0.07757965132525031	0.20565640382522116	64.16029283510484
0.54	14.75	0.07757965132525031	0.20565640382522116	64.37139890195564
0.54	15.0	0.07757965132525031	0.20565640382522116	64.57604815652769
0.54	15.25	0.07757965132525031	0.20565640382522116	64.77449560219101
0.54	15.5	0.07757965132525031	0.20565640382522116	64.96698328175611
0.54	15.75	0.07757965132525031	0.20565640382522116	65.15374109154867
0.54	16.0	0.07757965132525031	0.20565640382522116	65.3349875348108
0.54	16.25	0.07757965132525031	0.20565640382522116	65.51093041964091
0.54	16.5	0.07757965132525031	0.20565640382522116	65.6817675061778
0.54	16.75	0.07757965132525031	0.20565640382522116	65.8476871072841
0.54	17.0	0.07757965132525031	0.20565640382522116	66.00886864658165
0.54	17.25	0.07757965132525031	0.20565640382522116	66.1654831773304
0.54	17.5	0.07757965132525031	0.20565640382522116	66.31769386531991
0.54	17.75	0.07757965132525031	0.20565640382522116	66.46565643865272
0.54	18.0	0.07757965132525031	0.20565640382522116	66.60951960703824
0.54	18.25	0.07757965132525031	0.20565640382522116	66.74942545298234
0.54	18.5	0.07757965132525031	0.20565640382522116	66.88550979704635
0.54	18.75	0.07757965132525031	0.20565640382522116	67.01790253915985
0.54	19.0	0.07757965132525031	0.20565640382522116	67.14672797779909
0.54	19.25	0.07757965132525031	0.20565640382522116	67.27210510868873
0.54	19.5	0.07757965132525031	0.20565640382522116	67.39414790454384
0.54	19.75	0.07757965132525031	0.20565640382522116	67.51296557724189
0.54	20.0	0.07757965132525031	0.20565640382522116	67.62866282369946
0.54	20.25	0.07757965132525031	0.20565640382522116	67.7413400566242
0.54	20.5	0.07757965132525031	0.20565640382522116	67.85109362121635
0.54	20.75	0.07757965132525031	0.20565640382522116	67.95801599880903
0.54	21.0	0.07757965132525031	0.20565640382522116	68.06219599835703
0.54	21.25	0.07757965132525031	0.20565640382522116	68.16371893661224
0.54	21.5	0.07757965132525031	0.20565640382522116	68.26266680775862
0.54	21.75	0.07757965132525031	0.20565640382522116	68.35911844321959
0.54	22.0	0.07757965132525031	0.20565640382522116	68.4531496622965
0.54	22.25	0.07757965132525031	0.20565640382522116	68.54483341424653
0.54	22.5	0.07757965132525031	0.20565640382522116	68.63423991236282
0.54	22.75	0.07757965132525031	0.20565640382522116	68.72143676057793
0.54	23.0	0.07757965132525031	0.20565640382522116	68.8064890730729
0.54	23.25	0.07757965132525031	0.20565640382522116	68.88945958733922
0.54	23.5	0.07757965132525031	0.20565640382522116	68.97040877110884
0.54	23.75	0.07757965132525031	0.20565640382522116	69.04939492353681
0.54	24.0	0.07757965132525031	0.20565640382522116	69.12647427099465
0.55	0.0	0.07901631153497717	0.20379181255975848	0.0
0.55	0.25	0.07901631153497717	0.20379181255975848	4.802525564039144
0.55	0.5	0.07901631153497717	0.20379181255975848	9.083412189178228
0.55	0.75	0.07901631153497717	0.20379181255975848	12.922560269251617
0.55	1.0	0.07901631153497717	0.20379181255975848	16.384346430589158
0.55	1.25	0.07901631153497717	0.20379181255975848	19.52121908463035
0.55	1.5	0.07901631153497717	0.20379181255975848	22.376338878453808
0.55	1.75	0.07901631153497717	0.20379181255975848	24.985547486982217
0.55	2.0	0.07901631153497717	0.20379181255975848	27.378855966730036
0.55	2.25	0.07901631153497717	0.20379181255975848	29.581584105435695
0.55	2.5	0.07901631153497717	0.20379181255975848	31.615242654131244
0.55	2.75	0.07901631153497717	0.20379181255975848	33.49822368229947
0.55	3.0	0.07901631153497717	0.20379181255975848	35.24634603962258
0.55	3.25	0.07901631153497717	0.20379181255975848	36.87329020419398
0.55	3.5	0.07901631153497717	0.20379181255975848	38.3909478313295
0.55	3.75	0.07901631153497717	0.20379181255975848	39.80970490592468
0.55	4.0	0.07901631153497717	0.20379181255975848	41.138672760758446
0.55	4.25	0.07901631153497717	0.20379181255975848	42.38587782606475
0.55	4.5	0.07901631153497717	0.20379181255975848	43.55841846256833
0.55	4.75	0.07901631153497717	0.20379181255975848	44.66259535262139
0.55	5.0	0.07901631153497717	0.20379181255975848	45.70402050837099
0.55	5.25	0.07901631153497717	0.20379181255975848	46.68770887915918
0.55	5.5	0.07901631153497717	0.20379181255975848	47.61815571476317
0.55	5.75	0.07901631153497717	0.20379181255975848	48.499402203181454
0.55	6.0	0.07901631153497717	0.20379181255975848	49.3350914052225
0.55	6.25	0.07901631153497717	0.20379181255975848	50.12851611913866
0.55	6.5	0.07901631153497717	0.20379181255975848	50.88266000174627
0.55	6.75	0.07901631153497717	0.20379181255975848	51.600233029018696
0.55	7.0	0.07901631153497717	0.20379181255975848	52.28370218482662
0.55	7.25	0.07901631153497717	0.20379181255975848	52.93531811054943
0.55	7.5	0.07901631153497717	0.20379181255975848	53.557138322458194
0.55	7.75	0.07901631153497717	0.20379181255975848	54.151047501743214
0.55	8.0	0.07901631153497717	0.20379181255975848	54.71877527893182
0.55	8.25	0.07901631153497717	0.20379181255975848	55.26191186640066
0.55	8.5	0.07901631153497717	0.20379181255975848	55.781921836751664
0.55	8.75	0.07901631153497717	0.20379181255975848	56.28015629864363
0.55	9.0	0.07901631153497717	0.20379181255975848	56.75786368339752
0.55	9.25	0.07901631153497717	0.20379181255975848	57.21619932384735
0.55	9.5	0.07901631153497717	0.20379181255975848	57.65623398031339
0.55	9.75	0.07901631153497717	0.20379181255975848	58.078961446284836
0.55	10.0	0.07901631153497717	0.20379181255975848	58.48530534765452
0.55	10.25	0.07901631153497717	0.20379181255975848	58.87612523353378
0.55	10.5	0.07901631153497717	0.20379181255975848	59.25222204328968
0.55	10.75	0.07901631153497717	0.20379181255975848	59.614343023083045
0.55	11.0	0.07901631153497717	0.20379181255975848	59.963186155510265
0.55	11.25	0.07901631153497717	0.20379181255975848	60.29940415768983
0.55	11.5	0.07901631153497717	0.20379181255975848	60.623608096060764
0.55	11.75	0.07901631153497717	0.20379181255975848	60.93637066008787
0.55	12.0	0.07901631153497717	0.20379181255975848	61.23822913184191
0.55	12.25	0.07901631153497717	0.20379181255975848	61.529688083914095
0.55	12.5	0.07901631153497717	0.20379181255975848	61.81122183422393
0.55	12.75	0.07901631153497717	0.20379181255975848	62.083276682899864
0.55	13.0	0.07901631153497717	0.20379181255975848	62.346272953474454
0.55	13.25	0.07901631153497717	0.20379181255975848	62.600606858079296
0.55	13.5	0.07901631153497717	0.20379181255975848	62.84665220409372
0.55	13.75	0.07901631153497717	0.20379181255975848	63.08476195775094
0.55	14.0	0.07901631153497717	0.20379181255975848	63.31526967849628
0.55	14.25	0.07901631153497717	0.20379181255975848	63.53849083639294
0.55	14.5	0.07901631153497717	0.20379181255975848	63.754724023551454
0.55	14.75	0.07901631153497717	0.20379181255975848	63.96425206939774
0.55	15.0	0.07901631153497717	0.20379181255975848	64.16734306856918
0.55	15.25	0.07901631153497717	0.20379181255975848	64.36425132932176
0.55	15.5	0.07901631153497717	0.20379181255975848	64.55521824952942
0.55	15.75	0.07901631153497717	0.20379181255975848	64.74047312664406
0.55	16.0	0.07901631153497717	0.20379181255975848	64.9202339073532
0.55	16.25	0.07901631153497717	0.20379181255975848	65.09470788210952
0.55	16.5	0.07901631153497717	0.20379181255975848	65.26409232920521
0.55	16.75	0.07901631153497717	0.20379181255975848	65.42857511261661
0.55	17.0	0.07901631153497717	0.20379181255975848	65.58833523744563
0.55	17.25	0.07901631153497717	0.20379181255975848	65.74354336642617
0.55	17.5	0.07901631153497717	0.20379181255975848	65.89436230064332
0.55	17.75	0.07901631153497717	0.20379181255975848	66.0409474273263
0.55	18.0	0.07901631153497717	0.20379181255975848	66.18344713731659
0.55	18.25	0.07901631153497717	0.20379181255975848	66.32200321458164
0.55	18.5	0.07901631153497717	0.20379181255975848	66.45675119993409
0.55	18.75	0.07901631153497717	0.20379181255975848	66.58782073092863
0.55	19.0	0.07901631153497717	0.20379181255975848	66.71533585973765
0.55	19.25	0.07901631153497717	0.20379181255975848	66.83941535065308
0.55	19.5	0.07901631153497717	0.20379181255975848	66.96017295872261
0.55	19.75	0.07901631153497717	0.20379181255975848	67.07771769090188
0.55	20.0	0.07901631153497717	0.20379181255975848	67.19215405099021
0.55	20.25	0.07901631153497717	0.20379181255975848	67.3035822695132
0.55	20.5	0.07901631153497717	0.20379181255975848	67.41209851962127
0.55	20.75	0.07901631153497717	0.20379181255975848	67.51779511998743
0.55	21.0	0.07901631153497717	0.20379181255975848	67.62076072560896
0.55	21.25	0.07901631153497717	0.20379181255975848	67.72108050734701
0.55	21.5	0.07901631153497717	0.20379181255975848	67.8188363209725
0.55	21.75	0.07901631153497717	0.20379181255975848	67.91410686642789
0.55	22.0	0.07901631153497717	0.20379181255975848	68.00696783795959
0.55	22.25	0.07901631153497717	0.20379181255975848	68.09749206572675
0.55	22.5	0.07901631153497717	0.20379181255975848	68.18574964944577
0.55	22.75	0.07901631153497717	0.20379181255975848	68.27180808458976
0.55	23.0	0.07901631153497717	0.20379181255975848	68.35573238162223
0.55	23.25	0.07901631153497717	0.20379181255975848	68.43758517871048
0.55	23.5	0.07901631153497717	0.20379181255975848	68.51742684833151
0.55	23.75	0.07901631153497717	0.20379181255975848	68.59531559815369
0.55	24.0	0.07901631153497717	0.20379181255975848	68.67130756655013
0.56	0.0	0.08045297174470402	0.20192722129429577	0.0
0.56	0.25	0.08045297174470402	0.20192722129429577	4.759865311726318
0.56	0.5	0.08045297174470402	0.20192722129429577	9.004865974536923
0.56	0.75	0.08045297174470402	0.20192722129429577	12.813522618719945
0.56	1.0	0.08045297174470402	0.20192722129429577	16.24916330503317
0.56	1.25	0.08045297174470402	0.20192722129429577	19.36342848450805
0.56	1.5	0.08045297174470402	0.20192722129429577	22.198848431660565
0.56	1.75	0.08045297174470402	0.20192722129429577	24.790767417186753
0.56	2.0	0.08045297174470402	0.20192722129429577	27.16879995769952
0.56	2.25	0.08045297174470402	0.20192722129429577	29.357946726644354
0.56	2.5	0.08045297174470402	0.20192722129429577	31.379459444302203
0.56	2.75	0.08045297174470402	0.20192722129429577	33.25151824378237
0.56	3.0	0.08045297174470402	0.20192722129429577	34.98976729372507
0.56	3.25	0.08045297174470402	0.20192722129429577	36.607742115681624
0.56	3.5	0.08045297174470402	0.20192722129429577	38.11721331297975
0.56	3.75	0.08045297174470402	0.20192722129429577	39.52846518487197
0.56	4.0	0.08045297174470402	0.20192722129429577	40.850523176440234
0.56	4.25	0.08045297174470402	0.20192722129429577	42.09134080038384
0.56	4.5	0.08045297174470402	0.20192722129429577	43.25795421277136
0.56	4.75	0.08045297174470402	0.20192722129429577	44.356610789927565
0.56	5.0	0.08045297174470402	0.20192722129429577	45.39287666902602
0.56	5.25	0.08045297174470402	0.20192722129429577	46.37172716113642
0.56	5.5	0.08045297174470402	0.20192722129429577	47.29762313690054
0.56	5.75	0.08045297174470402	0.20192722129429577	48.17457585986418
0.56	6.0	0.08045297174470402	0.20192722129429577	49.00620225567753
0.56	6.25	0.08045297174470402	0.20192722129429577	49.79577222369652
0.56	6.5	0.08045297174470402	0.20192722129429577	50.54624929633784
0.56	6.75	0.08045297174470402	0.20192722129429577	51.26032571242569
0.56	7.0	0.08045297174470402	0.20192722129429577	51.94045277982713
0.56	7.25	0.08045297174470402	0.20192722129429577	52.5888672493579
0.56	7.5	0.08045297174470402	0.20192722129429577	53.20761429818812
0.56	7.75	0.08045297174470402	0.20192722129429577	53.79856762058892
0.56	8.0	0.08045297174470402	0.20192722129429577	54.36344704203456
0.56	8.25	0.08045297174470402	0.20192722129429577	54.9038340056741
0.56	8.5	0.08045297174470402	0.20192722129429577	55.4211852250858
0.56	8.75	0.08045297174470402	0.20192722129429577	55.9168447517241
0.56	9.0	0.08045297174470402	0.20192722129429577	56.392054667740325
0.56	9.25	0.08045297174470402	0.20192722129429577	56.84796458345596
0.56	9.5	0.08045297174470402	0.20192722129429577	57.285640092534344
0.56	9.75	0.08045297174470402	0.20192722129429577	57.706070315904896
0.56	10.0	0.08045297174470402	0.20192722129429577	58.110174646993904
0.56	10.25	0.08045297174470402	0.20192722129429577	58.4988087952031
0.56	10.5	0.08045297174470402	0.20192722129429577	58.87277021136002
0.56	10.75	0.08045297174470402	0.20192722129429577	59.23280296763887
0.56	11.0	0.08045297174470402	0.20192722129429577	59.57960215489219
0.56	11.25	0.08045297174470402	0.20192722129429577	59.913817852168584
0.56	11.5	0.08045297174470402	0.20192722129429577	60.23605871620025
0.56	11.75	0.08045297174470402	0.20192722129429577	60.546895232640225
0.56	12.0	0.08045297174470402	0.20192722129429577	60.84686266566127
0.56	12.25	0.08045297174470402	0.20192722129429577	61.136463738068166
0.56	12.5	0.08045297174470402	0.20192722129429577	61.416171070217636
0.56	12.75	0.08045297174470402	0.20192722129429577	61.68642940269495
0.56	13.0	0.08045297174470402	0.20192722129429577	61.94765762479022
0.56	13.25	0.08045297174470402	0.20192722129429577	62.20025062828599
0.56	13.5	0.08045297174470402	0.20192722129429577	62.444581003859454
0.56	13.75	0.08045297174470402	0.20192722129429577	62.6810005954707
0.56	14.0	0.08045297174470402	0.20192722129429577	62.90984192641706
0.56	14.25	0.08045297174470402	0.20192722129429577	63.13141950924718
0.56	14.5	0.08045297174470402	0.20192722129429577	63.34603105042313
0.56	14.75	0.08045297174470402	0.20192722129429577	63.55395855946665
0.56	15.0	0.08045297174470402	0.20192722129429577	63.75546937131075
0.56	15.25	0.08045297174470402	0.20192722129429577	63.95081708967912
0.56	15.5	0.08045297174470402	0.20192722129429577	64.14024245852038
0.56	15.75	0.08045297174470402	0.20192722129429577	64.32397416781868
0.56	16.0	0.08045297174470402	0.20192722129429577	64.50222959947526
0.56	16.25	0.08045297174470402	0.20192722129429577	64.67521551839808
0.56	16.5	0.08045297174470402	0.20192722129429577	64.8431287134387
0.56	16.75	0.08045297174470402	0.20192722129429577	65.00615659237302
0.56	17.0	0.08045297174470402	0.20192722129429577	65.16447773472532
0.56	17.25	0.08045297174470402	0.20192722129429577	65.31826240588047
0.56	17.5	0.08045297174470402	0.20192722129429577	65.46767303561126
0.56	17.75	0.08045297174470402	0.20192722129429577	65.61286466386224
0.56	18.0	0.08045297174470402	0.20192722129429577	65.75398535637551
0.56	18.25	0.08045297174470402	0.20192722129429577	65.89117659251262
0.56	18.5	0.08045297174470402	0.20192722129429577	66.02457362741983
0.56	18.75	0.08045297174470402	0.20192722129429577	66.15430583049577
0.56	19.0	0.08045297174470402	0.20192722129429577	66.28049700195197
0.56	19.25	0.08045297174470402	0.20192722129429577	66.4032656691037
0.56	19.5	0.08045297174470402	0.20192722129429577	66.52272536388993
0.56	19.75	0.08045297174470402	0.20192722129429577	66.63898488299627
0.56	20.0	0.08045297174470402	0.20192722129429577	66.75214853184082
0.56	20.25	0.08045297174470402	0.20192722129429577	66.86231635357949
0.56	20.5	0.08045297174470402	0.20192722129429577	66.96958434419422
0.56	20.75	0.08045297174470402	0.20192722129429577	67.07404465464113
0.56	21.0	0.08045297174470402	0.20192722129429577	67.17578578095922
0.56	21.25	0.08045297174470402	0.20192722129429577	67.27489274316827
0.56	21.5	0.08045297174470402	0.20192722129429577	67.37144725372056
0.56	21.75	0.08045297174470402	0.20192722129429577	67.4655278762122
0.56	22.0	0.08045297174470402	0.20192722129429577	67.55721017500531
0.56	22.25	0.08045297174470402	0.20192722129429577	67.64656685636344
0.56	22.5	0.08045297174470402	0.20192722129429577	67.73366790165741
0.56	22.75	0.08045297174470402	0.20192722129429577	67.81858069315726
0.56	23.0	0.08045297174470402	0.20192722129429577	67.9013701328876
0.56	23.25	0.08045297174470402	0.20192722129429577	67.98209875499003
0.56	23.5	0.08045297174470402	0.20192722129429577	68.0608268320026
0.56	23.75	0.08045297174470402	0.20192722129429577	68.1376124754383
0.56	24.0	0.08045297174470402	0.20192722129429577	68.2125117310168
0.57	0.0	0.08188963195443087	0.20006263002909916	0.0
0.57	0.25	0.08188963195443087	0.20006263002909916	4.717182000088846
0.57	0.5	0.08188963195443087	0.20006263002909916	8.926239402274419
0.57	0.75	0.08188963195443087	0.20006263002909916	12.704326134105562
0.57	1.0	0.08188963195443087	0.20006263002909916	16.11373026192116
0.57	1.25	0.08188963195443087	0.20006263002909916	19.205289936190063
0.57	1.5	0.08188963195443087	0.20006263002909916	22.02090880410716
0.57	1.75	0.08188963195443087	0.20006263002909916	24.5954362035078
0.57	2.0	0.08188963195443087	0.20006263002909916	26.958091726983238
0.57	2.25	0.08188963195443087	0.20006263002909916	29.13355797105078
0.57	2.5	0.08188963195443087	0.20006263002909916	31.14282826963554
0.57	2.75	0.08188963195443087	0.20006263002909916	33.00387119647466
0.57	3.0	0.08188963195443087	0.20006263002909916	34.73215643449371
0.57	3.25	0.08188963195443087	0.20006263002909916	36.341074621280235
0.57	3.5	0.08188963195443087	0.20006263002909916	37.842275298724594
0.57	3.75	0.08188963195443087	0.20006263002909916	39.245941017202966
0.57	4.0	0.08188963195443087	0.20006263002909916	40.56101123670419
0.57	4.25	0.08188963195443087	0.20006263002909916	41.79536643445713
0.57	4.5	0.08188963195443087	0.20006263002909916	42.95598043282616
0.57	4.75	0.08188963195443087	0.20006263002909916	44.04904716842743
0.57	5.0	0.08188963195443087	0.20006263002909916	45.080086769548096
0.57	5.25	0.08188963195443087	0.20006263002909916	46.054034777775136
0.57	5.5	0.08188963195443087	0.20006263002909916	46.97531755800579
0.57	5.75	0.08188963195443087	0.20006263002909916	47.847916328494094
0.57	6.0	0.08188963195443087	0.20006263002909916	48.67542176531949
0.57	6.25	0.08188963195443087	0.20006263002909916	49.46108076125554
0.57	6.5	0.08188963195443087	0.20006263002909916	50.20783662341395
0.57	6.75	0.08188963195443087	0.20006263002909916	50.918363759232996
0.57	7.0	0.08188963195443087	0.20006263002909916	51.59509771278706
0.57	7.25	0.08188963195443087	0.20006263002909916	52.24026126269633
0.57	7.5	0.08188963195443087	0.20006263002909916	52.85588717122549
0.57	7.75	0.08188963195443087	0.20006263002909916	53.44383807539937
0.57	8.0	0.08188963195443087	0.20006263002909916	54.005823930433806
0.57	8.25	0.08188963195443087	0.20006263002909916	54.54341734981495
0.57	8.5	0.08188963195443087	0.20006263002909916	55.058067132090805
0.57	8.75	0.08188963195443087	0.20006263002909916	55.5511102196069
0.57	9.0	0.08188963195443087	0.20006263002909916	56.023782297232415
0.57	9.25	0.08188963195443087	0.20006263002909916	56.477227208164386
0.57	9.5	0.08188963195443087	0.20006263002909916	56.91250533802514
0.57	9.75	0.08188963195443087	0.20006263002909916	57.33060109677417
0.57	10.0	0.08188963195443087	0.20006263002909916	57.73242960969883
0.57	10.25	0.08188963195443087	0.20006263002909916	58.1188427133386
0.57	10.5	0.08188963195443087	0.20006263002909916	58.49063433914656
0.57	10.75	0.08188963195443087	0.20006263002909916	58.848545356607055
0.57	11.0	0.08188963195443087	0.20006263002909916	59.19326793808577
0.57	11.25	0.08188963195443087	0.20006263002909916	59.5254494996206
0.57	11.5	0.08188963195443087	0.20006263002909916	59.845696264953105
0.57	11.75	0.08188963195443087	0.20006263002909916	60.15457649416424
0.57	12.0	0.08188963195443087	0.20006263002909916	60.45262341316897
0.57	12.25	0.08188963195443087	0.20006263002909916	60.74033787591374
0.57	12.5	0.08188963195443087	0.20006263002909916	61.01819078730439
0.57	12.75	0.08188963195443087	0.20006263002909916	61.28662531158369
0.57	13.0	0.08188963195443087	0.20006263002909916	61.546058888000864
0.57	13.25	0.08188963195443087	0.20006263002909916	61.7968850731115
0.57	13.5	0.08188963195443087	0.20006263002909916	62.039475226858855
0.57	13.75	0.08188963195443087	0.20006263002909916	62.274180057676446
0.57	14.0	0.08188963195443087	0.20006263002909916	62.501331040175465
0.57	14.25	0.08188963195443087	0.20006263002909916	62.721241717509756
0.57	14.5	0.08188963195443087	0.20006263002909916	62.9342088992172
0.57	14.75	0.08188963195443087	0.20006263002909916	63.14051376419546
0.57	15.0	0.08188963195443087	0.20006263002909916	63.34042287746423
0.57	15.25	0.08188963195443087	0.20006263002909916	63.53418912847503
0.57	15.5	0.08188963195443087	0.20006263002909916	63.72205259794252
0.57	15.75	0.08188963195443087	0.20006263002909916	63.90424135947031
0.57	16.0	0.08188963195443087	0.20006263002909916	64.0809722216242
0.57	16.25	0.08188963195443087	0.20006263002909916	64.25245141555162
0.57	16.5	0.08188963195443087	0.20006263002909916	64.41887523275379
0.57	16.75	0.08188963195443087	0.20006263002909916	64.5804306171771
0.57	17.0	0.08188963195443087	0.20006263002909916	64.73729571539614
0.57	17.25	0.08188963195443087	0.20006263002909916	64.8896403883104
0.57	17.5	0.08188963195443087	0.20006263002909916	65.03762668745944
0.57	17.75	0.08188963195443087	0.20006263002909916	65.18140929877967
0.57	18.0	0.08188963195443087	0.20006263002909916	65.32113595637041
0.57	18.25	0.08188963195443087	0.20006263002909916	65.4569478286089
0.57	18.5	0.08188963195443087	0.20006263002909916	65.58897987874677
0.57	18.75	0.08188963195443087	0.20006263002909916	65.71736120193545
0.57	19.0	0.08188963195443087	0.20006263002909916	65.84221534045943
0.57	19.25	0.08188963195443087	0.20006263002909916	65.96366057880482
0.57	19.5	0.08188963195443087	0.20006263002909916	66.08181022005274
0.57	19.75	0.08188963195443087	0.20006263002909916	66.19677284496356
0.57	20.0	0.08188963195443087	0.20006263002909916	66.30865255500409
0.57	20.25	0.08188963195443087	0.20006263002909916	66.41754920046776
0.57	20.5	0.08188963195443087	0.20006263002909916	66.52355859474496
0.57	20.75	0.08188963195443087	0.20006263002909916	66.62677271571516
0.57	21.0	0.08188963195443087	0.20006263002909916	66.72727989515637
0.57	21.25	0.08188963195443087	0.20006263002909916	66.8251649969956
0.57	21.5	0.08188963195443087	0.20006263002909916	66.9205095851615
0.57	21.75	0.08188963195443087	0.20006263002909916	67.01339208174055
0.57	22.0	0.08188963195443087	0.20006263002909916	67.10388791608463
0.57	22.25	0.08188963195443087	0.20006263002909916	67.19206966546965
0.57	22.5	0.08188963195443087	0.20006263002909916	67.27800718785883
0.57	22.75	0.08188963195443087	0.20006263002909916	67.36176774728416
0.57	23.0	0.08188963195443087	0.20006263002909916	67.4434161323209
0.57	23.25	0.08188963195443087	0.20006263002909916	67.52301476809612
0.57	23.5	0.08188963195443087	0.20006263002909916	67.60062382223973
0.57	23.75	0.08188963195443087	0.20006263002909916	67.6763013051579
0.57	24.0	0.08188963195443087	0.20006263002909916	67.7501031649812
0.58	0.0	0.08332629216415773	0.19819803876390255	0.0
0.58	0.25	0.08332629216415773	0.19819803876390255	4.6744756130953755
0.58	0.5	0.08332629216415773	0.19819803876390255	8.847532368183314
0.58	0.75	0.08332629216415773	0.19819803876390255	12.594970526430167
0.58	1.0	0.08332629216415773	0.19819803876390255	15.978046732856523
0.58	1.25	0.08332629216415773	0.19819803876390255	19.046802510296047
0.58	1.5	0.08332629216415773	0.19819803876390255	21.84251864054094
0.58	1.75	0.08332629216415773	0.19819803876390255	24.399552016614198
0.58	2.0	0.08332629216415773	0.19819803876390255	26.746728938080487
0.58	2.25	0.08332629216415773	0.19819803876390255	28.90841497488617
0.58	2.5	0.08332629216415773	0.19819803876390255	30.905345729807845
0.58	2.75	0.08332629216415773	0.19819803876390255	32.75527860300946
0.58	3.0	0.08332629216415773	0.19819803876390255	34.47350899406612
0.58	3.25	0.08332629216415773	0.19819803876390255	36.07328273472491
0.58	3.5	0.08332629216415773	0.19819803876390255	37.566128300297315
0.58	3.75	0.08332629216415773	0.19819803876390255	38.962126432345066
0.58	4.0	0.08332629216415773	0.19819803876390255	40.270130510842634
0.58	4.25	0.08332629216415773	0.19819803876390255	41.49794786142831
0.58	4.5	0.08332629216415773	0.19819803876390255	42.6524898450032
0.58	4.75	0.08332629216415773	0.19819803876390255	43.73989682566442
0.58	5.0	0.08332629216415773	0.19819803876390255	44.7656427894401
0.58	5.25	0.08332629216415773	0.19819803876390255	45.73462337750515
0.58	5.5	0.08332629216415773	0.19819803876390255	46.65123032248168
0.58	5.75	0.08332629216415773	0.19819803876390255	47.51941467641454
0.58	6.0	0.08332629216415773	0.19819803876390255	48.34274075120141
0.58	6.25	0.08332629216415773	0.19819803876390255	49.12443232505751
0.58	6.5	0.08332629216415773	0.19819803876390255	49.86741237852595
0.58	6.75	0.08332629216415773	0.19819803876390255	50.57433739301434
0.58	7.0	0.08332629216415773	0.19819803876390255	51.24762706057114
0.58	7.25	0.08332629216415773	0.19819803876390255	51.889490105520984
0.58	7.5	0.08332629216415773	0.19819803876390255	52.50194679893476
0.58	7.75	0.08332629216415773	0.19819803876390255	53.08684864977116
0.58	8.0	0.08332629216415773	0.19819803876390255	53.645895677286056
0.58	8.25	0.08332629216415773	0.19819803876390255	54.18065160437151
0.58	8.5	0.08332629216415773	0.19819803876390255	54.692557258046314
0.58	8.75	0.08332629216415773	0.19819803876390255	55.18294241915536
0.58	9.0	0.08332629216415773	0.19819803876390255	55.65303632669328
0.58	9.25	0.08332629216415773	0.19819803876390255	56.10397701164872
0.58	9.5	0.08332629216415773	0.19819803876390255	56.536819609755725
0.58	9.75	0.08332629216415773	0.19819803876390255	56.95254378113919
0.58	10.0	0.08332629216415773	0.19819803876390255	57.352060346830065
0.58	10.25	0.08332629216415773	0.19819803876390255	57.736217236916524
0.58	10.5	0.08332629216415773	0.19819803876390255	58.105804832214794
0.58	10.75	0.08332629216415773	0.19819803876390255	58.46156077039722
0.58	11.0	0.08332629216415773	0.19819803876390255	58.80417427818849
0.58	11.25	0.08332629216415773	0.19819803876390255	59.13429008327183
0.58	11.5	0.08332629216415773	0.19819803876390255	59.45251195271829
0.58	11.75	0.08332629216415773	0.19819803876390255	59.75940589888699
0.58	12.0	0.08332629216415773	0.19819803876390255	60.05550308869232
0.58	12.25	0.08332629216415773	0.19819803876390255	60.34130248777303
0.58	12.5	0.08332629216415773	0.19819803876390255	60.61727326732417
0.58	12.75	0.08332629216415773	0.19819803876390255	60.88385699807949
0.58	13.0	0.08332629216415773	0.19819803876390255	61.14146965308641
0.58	13.25	0.08332629216415773	0.19819803876390255	61.39050343843697
0.58	13.5	0.08332629216415773	0.19819803876390255	61.63132846895406
0.58	13.75	0.08332629216415773	0.19819803876390255	61.86429430393955
0.58	14.0	0.08332629216415773	0.19819803876390255	62.089731356431955
0.58	14.25	0.08332629216415773	0.19819803876390255	62.30795218796432
0.58	14.5	0.08332629216415773	0.19819803876390255	62.519252699531435
0.58	14.75	0.08332629216415773	0.19819803876390255	62.72391322834603
0.58	15.0	0.08332629216415773	0.19819803876390255	62.922199558966206
0.58	15.25	0.08332629216415773	0.19819803876390255	63.11436385649443
0.58	15.5	0.08332629216415773	0.19819803876390255	63.300645528767035
0.58	15.75	0.08332629216415773	0.19819803876390255	63.48127202376024
0.58	16.0	0.08332629216415773	0.19819803876390255	63.65645956782218
0.58	16.25	0.08332629216415773	0.19819803876390255	63.826413849792466
0.58	16.5	0.08332629216415773	0.19819803876390255	63.99133065558188
0.58	16.75	0.08332629216415773	0.19819803876390255	64.15139645734855
0.58	17.0	0.08332629216415773	0.19819803876390255	64.30678896101708
0.58	17.25	0.08332629216415773	0.19819803876390255	64.45767761553748
0.58	17.5	0.08332629216415773	0.19819803876390255	64.60422408696873
0.58	17.75	0.08332629216415773	0.19819803876390255	64.74658270018975
0.58	18.0	0.08332629216415773	0.19819803876390255	64.88490085078908
0.58	18.25	0.08332629216415773	0.19819803876390255	65.0193193894571
0.58	18.5	0.08332629216415773	0.19819803876390255	65.14997298099959
0.58	18.75	0.08332629216415773	0.19819803876390255	65.27699043990768
0.58	19.0	0.08332629216415773	0.19819803876390255	65.4004950442516
0.58	19.25	0.08332629216415773	0.19819803876390255	65.52060482951568
0.58	19.5	0.08332629216415773	0.19819803876390255	65.63743286385518
0.58	19.75	0.08332629216415773	0.19819803876390255	65.75108750613224
0.58	20.0	0.08332629216415773	0.19819803876390255	65.86167264797575
0.58	20.25	0.08332629216415773	0.19819803876390255	65.96928794100857
0.58	20.5	0.08332629216415773	0.19819803876390255	66.07402901029269
0.58	20.75	0.08332629216415773	0.19819803876390255	66.17598765495882
0.58	21.0	0.08332629216415773	0.19819803876390255	66.27525203691019
0.58	21.25	0.08332629216415773	0.19819803876390255	66.37190685842056
0.58	21.5	0.08332629216415773	0.19819803876390255	66.46603352938253
0.58	21.75	0.08332629216415773	0.19819803876390255	66.55771032490394
0.58	22.0	0.08332629216415773	0.19819803876390255	66.64701253389698
0.58	22.25	0.08332629216415773	0.19819803876390255	66.73401259925599
0.58	22.5	0.08332629216415773	0.19819803876390255	66.81878025017515
0.58	22.75	0.08332629216415773	0.19819803876390255	66.90138262711629
0.58	23.0	0.08332629216415773	0.19819803876390255	66.9818843998998
0.58	23.25	0.08332629216415773	0.19819803876390255	67.06034787935701
0.58	23.5	0.08332629216415773	0.19819803876390255	67.13683312295073
0.58	23.75	0.08332629216415773	0.19819803876390255	67.21139803474158
0.58	24.0	0.08332629216415773	0.19819803876390255	67.28409846005093
0.59	0.0	0.08476295237388458	0.19633344749844628	0.0
0.59	0.25	0.08476295237388458	0.19633344749844628	4.631746134700302
0.59	0.5	0.08476295237388458	0.19633344749844628	8.768744767881616
0.59	0.75	0.08476295237388458	0.19633344749844628	12.485455506040081
0.59	1.0	0.08476295237388458	0.19633344749844628	15.842112147791404
0.59	1.25	0.08476295237388458	0.19633344749844628	18.887965274294633
0.59	1.5	0.08476295237388458	0.19633344749844628	21.663676580555908
0.59	1.75	0.08476295237388458	0.19633344749844628	24.20311301958308
0.59	2.0	0.08476295237388458	0.19633344749844628	26.534709244116467
0.59	2.25	0.08476295237388458	0.19633344749844628	28.682514860984213
0.59	2.5	0.08476295237388458	0.19633344749844628	30.66700840793667
0.59	2.75	0.08476295237388458	0.19633344749844628	32.505736506258856
0.59	3.0	0.08476295237388458	0.19633344749844628	34.21382048166437
0.59	3.25	0.08476295237388458	0.19633344749844628	35.804361443806116
0.59	3.5	0.08476295237388458	0.19633344749844628	37.2887668006495
0.59	3.75	0.08476295237388458	0.19633344749844628	38.67701542835479
0.59	4.0	0.08476295237388458	0.19633344749844628	39.97787453448178
0.59	4.25	0.08476295237388458	0.19633344749844628	41.199078178810716
0.59	4.5	0.08476295237388458	0.19633344749844628	42.34747513433826
0.59	4.75	0.08476295237388458	0.19633344749844628	43.429152060724746
0.59	5.0	0.08476295237388458	0.19633344749844628	44.44953666892294
0.59	5.25	0.08476295237388458	0.19633344749844628	45.41348456905764
0.59	5.5	0.08476295237388458	0.19633344749844628	46.325352735029725
0.59	5.75	0.08476295237388458	0.19633344749844628	47.18906193168134
0.59	6.0	0.08476295237388458	0.19633344749844628	48.00814999191743
0.59	6.25	0.08476295237388458	0.19633344749844628	48.78581747112501
0.59	6.5	0.08476295237388458	0.19633344749844628	49.524966921650524
0.59	6.75	0.08476295237388458	0.19633344749844628	50.22823680380939
0.59	7.0	0.08476295237388458	0.19633344749844628	50.898030868937134
0.59	7.25	0.08476295237388458	0.19633344749844628	51.53654370448303
0.59	7.5	0.08476295237388458	0.19633344749844628	52.145783013539265
0.59	7.75	0.08476295237388458	0.19633344749844628	52.72758910567237
0.59	8.0	0.08476295237388458	0.19633344749844628	53.283651997965926
0.59	8.25	0.08476295237388458	0.19633344749844628	53.81552646127587
0.59	8.5	0.08476295237388458	0.19633344749844628	54.324645294084405
0.59	8.75	0.08476295237388458	0.19633344749844628	54.81233106284099
0.59	9.0	0.08476295237388458	0.19633344749844628	55.27980651157659
0.59	9.25	0.08476295237388458	0.19633344749844628	55.72820381349868
0.59	9.5	0.08476295237388458	0.19633344749844628	56.15857281212513
0.59	9.75	0.08476295237388458	0.19633344749844628	56.57188837840993
0.59	10.0	0.08476295237388458	0.19633344749844628	56.969056992547195
0.59	10.25	0.08476295237388458	0.19633344749844628	57.350922644130854
0.59	10.5	0.08476295237388458	0.19633344749844628	57.718272131632666
0.59	10.75	0.08476295237388458	0.19633344749844628	58.071839831353756
0.59	11.0	0.08476295237388458	0.19633344749844628	58.4123119967951
0.59	11.25	0.08476295237388458	0.19633344749844628	58.74033064151989
0.59	11.5	0.08476295237388458	0.19633344749844628	59.056497051834896
0.59	11.75	0.08476295237388458	0.19633344749844628	59.36137496982048
0.59	12.0	0.08476295237388458	0.19633344749844628	59.65549348224671
0.59	12.25	0.08476295237388458	0.19633344749844628	59.9393496466003
0.59	12.5	0.08476295237388458	0.19633344749844628	60.213410881715845
0.59	12.75	0.08476295237388458	0.19633344749844628	60.478117147267
0.59	13.0	0.08476295237388458	0.19633344749844628	60.73388293355832
0.59	13.25	0.08476295237388458	0.19633344749844628	60.98109908060587
0.59	13.5	0.08476295237388458	0.19633344749844628	61.220134443353594
0.59	13.75	0.08476295237388458	0.19633344749844628	61.451337417998126
0.59	14.0	0.08476295237388458	0.19633344749844628	61.675037342753456
0.59	14.25	0.08476295237388458	0.19633344749844628	61.891545784943226
0.59	14.5	0.08476295237388458	0.19633344749844628	62.10115772504047
0.59	14.75	0.08476295237388458	0.19633344749844628	62.30415264715466
0.59	15.0	0.08476295237388458	0.19633344749844628	62.50079554447895
0.59	15.25	0.08476295237388458	0.19633344749844628	62.69133784733643
0.59	15.5	0.08476295237388458	0.19633344749844628	62.87601828068948
0.59	15.75	0.08476295237388458	0.19633344749844628	63.05506365729031
0.59	16.0	0.08476295237388458	0.19633344749844628	63.22868961203919
0.59	16.25	0.08476295237388458	0.19633344749844628	63.397101282573956
0.59	16.5	0.08476295237388458	0.19633344749844628	63.56049394062943
0.59	16.75	0.08476295237388458	0.19633344749844628	63.719053578273105
0.59	17.0	0.08476295237388458	0.19633344749844628	63.872957452736394
0.59	17.25	0.08476295237388458	0.19633344749844628	64.0223745932146
0.59	17.5	0.08476295237388458	0.19633344749844628	64.16746627269843
0.59	17.75	0.08476295237388458	0.19633344749844628	64.30838644762106
0.59	18.0	0.08476295237388458	0.19633344749844628	64.44528216785447
0.59	18.25	0.08476295237388458	0.19633344749844628	64.57829395936318
0.59	18.5	0.08476295237388458	0.19633344749844628	64.70755618162073
0.59	18.75	0.08476295237388458	0.19633344749844628	64.83319736171084
0.59	19.0	0.08476295237388458	0.19633344749844628	64.95534050686965
0.59	19.25	0.08476295237388458	0.19633344749844628	65.07410339707602
0.59	19.5	0.08476295237388458	0.19633344749844628	65.18959885916162
0.59	19.75	0.08476295237388458	0.19633344749844628	65.30193502378917
0.59	20.0	0.08476295237388458	0.19633344749844628	65.41121556653655
0.59	20.25	0.08476295237388458	0.19633344749844628	65.5175399342231
0.59	20.5	0.08476295237388458	0.19633344749844628	65.6210035575225
0.59	20.75	0.08476295237388458	0.19633344749844628	65.72169805082322
0.59	21.0	0.08476295237388458	0.19633344749844628	65.819711400221
0.59	21.25	0.08476295237388458	0.19633344749844628	65.91512814045863
0.59	21.5	0.08476295237388458	0.19633344749844628	66.00802952156518
0.59	21.75	0.08476295237388458	0.19633344749844628	66.09849366588818
0.59	22.0	0.08476295237388458	0.19633344749844628	66.1865957161603
0.59	22.25	0.08476295237388458	0.19633344749844628	66.2724079751926
0.59	22.5	0.08476295237388458	0.19633344749844628	66.35600003774343
0.59	22.75	0.08476295237388458	0.19633344749844628	66.43743891506972
0.59	23.0	0.08476295237388458	0.19633344749844628	66.51678915263169
0.59	23.25	0.08476295237388458	0.19633344749844628	66.5941129413869
0.59	23.5	0.08476295237388458	0.19633344749844628	66.66947022307808
0.59	23.75	0.08476295237388458	0.19633344749844628	66.74291878989077
0.59	24.0	0.08476295237388458	0.19633344749844628	66.81451437882973
0.6	0.0	0.08619961258361145	0.19446885623298998	0.0
0.6	0.25	0.08619961258361145	0.19446885623298998	4.588993548855157
0.6	0.5	0.08619961258361145	0.19446885623298998	8.689876496833705
0.6	0.75	0.08619961258361145	0.19446885623298998	12.37578078263286
0.6	1.0	0.08619961258361145	0.19446885623298998	15.705925935055296
0.6	1.25	0.08619961258361145	0.19446885623298998	18.72877729253016
0.6	1.5	0.08619961258361145	0.19446885623298998	21.484381258612466
0.6	1.75	0.08619961258361145	0.19446885623298998	24.006117367908146
0.6	2.0	0.08619961258361145	0.19446885623298998	26.32203028783529
0.6	2.25	0.08619961258361145	0.19446885623298998	28.455854738755548
0.6	2.5	0.08619961258361145	0.19446885623298998	30.427812870534346
0.6	2.75	0.08619961258361145	0.19446885623298998	32.25524092926558
0.6	3.0	0.08619961258361145	0.19446885623298998	33.95308638350459
0.6	3.25	0.08619961258361145	0.19446885623298998	35.5343057102577
0.6	3.5	0.08619961258361145	0.19446885623298998	37.010185253818925
0.6	3.75	0.08619961258361145	0.19446885623298998	38.39060197176772
0.6	4.0	0.08619961258361145	0.19446885623298998	39.68423680941648
0.6	4.25	0.08619961258361145	0.19446885623298998	40.89875044830982
0.6	4.5	0.08619961258361145	0.19446885623298998	42.040928948446094
0.6	4.75	0.08619961258361145	0.19446885623298998	43.11680513404577
0.6	5.0	0.08619961258361145	0.19446885623298998	44.13176030874185
0.6	5.25	0.08619961258361145	0.19446885623298998	45.090609921273014
0.6	5.5	0.08619961258361145	0.19446885623298998	45.99767606046302
0.6	5.75	0.08619961258361145	0.19446885623298998	46.85684908288338
0.6	6.0	0.08619961258361145	0.19446885623298998	47.67164022743408
0.6	6.25	0.08619961258361145	0.19446885623298998	48.445226718105744
0.6	6.5	0.08619961258361145	0.19446885623298998	49.18049057704865
0.6	6.75	0.08619961258361145	0.19446885623298998	49.88005214799911
0.6	7.0	0.08619961258361145	0.19446885623298998	50.54629915242825
0.6	7.25	0.08619961258361145	0.19446885623298998	51.1814119578384
0.6	7.5	0.08619961258361145	0.19446885623298998	51.787385622048426
0.6	7.75	0.08619961258361145	0.19446885623298998	52.36604918338615
0.6	8.0	0.08619961258361145	0.19446885623298998	52.91908259002483
0.6	8.25	0.08619961258361145	0.19446885623298998	53.4480315988153
0.6	8.5	0.08619961258361145	0.19446885623298998	53.954320922171306
0.6	8.75	0.08619961258361145	0.19446885623298998	54.43926585873201
0.6	9.0	0.08619961258361145	0.19446885623298998	54.90408260796164
0.6	9.25	0.08619961258361145	0.19446885623298998	55.34989743920732
0.6	9.5	0.08619961258361145	0.19446885623298998	55.7777548609444
0.6	9.75	0.08619961258361145	0.19446885623298998	56.1886249151299
0.6	10.0	0.08619961258361145	0.19446885623298998	56.58340970405966
0.6	10.25	0.08619961258361145	0.19446885623298998	56.962949242318196
0.6	10.5	0.08619961258361145	0.19446885623298998	57.328026713861405
0.6	10.75	0.08619961258361145	0.19446885623298998	57.67937320360479
0.6	11.0	0.08619961258361145	0.19446885623298998	58.01767196379547
0.6	11.25	0.08619961258361145	0.19446885623298998	58.34356226767186
0.6	11.5	0.08619961258361145	0.19446885623298998	58.65764289625008
0.6	11.75	0.08619961258361145	0.19446885623298998	58.96047529834934
0.6	12.0	0.08619961258361145	0.19446885623298998	59.25258645903237
0.6	12.25	0.08619961258361145	0.19446885623298998	59.534471507376274
0.6	12.5	0.08619961258361145	0.19446885623298998	59.806596090797804
0.6	12.75	0.08619961258361145	0.19446885623298998	60.06939853995677
0.6	13.0	0.08619961258361145	0.19446885623298998	60.3232918454758
0.6	13.25	0.08619961258361145	0.19446885623298998	60.56866546528905
0.6	13.5	0.08619961258361145	0.19446885623298998	60.80588697931323
0.6	13.75	0.08619961258361145	0.19446885623298998	61.035303606280316
0.6	14.0	0.08619961258361145	0.19446885623298998	61.257243595945205
0.6	14.25	0.08619961258361145	0.19446885623298998	61.47201750845424
0.6	14.5	0.08619961258361145	0.19446885623298998	61.67991939140328
0.6	14.75	0.08619961258361145	0.19446885623298998	61.881227864006185
0.6	15.0	0.08619961258361145	0.19446885623298998	62.076207116816285
0.6	15.25	0.08619961258361145	0.19446885623298998	62.2651078345777
0.6	15.5	0.08619961258361145	0.19446885623298998	62.44816804901596
0.6	15.75	0.08619961258361145	0.19446885623298998	62.62561392769741
0.6	16.0	0.08619961258361145	0.19446885623298998	62.79766050448086
0.6	16.25	0.08619961258361145	0.19446885623298998	62.964512356546734
0.6	16.5	0.08619961258361145	0.19446885623298998	63.1263642325086
0.6	16.75	0.08619961258361145	0.19446885623298998	63.28340163568245
0.6	17.0	0.08619961258361145	0.19446885623298998	63.43580136620681
0.6	17.25	0.08619961258361145	0.19446885623298998	63.5837320253617
0.6	17.5	0.08619961258361145	0.19446885623298998	63.727354485128444
0.6	17.75	0.08619961258361145	0.19446885623298998	63.86682232575425
0.6	18.0	0.08619961258361145	0.19446885623298998	64.00228224383821
0.6	18.25	0.08619961258361145	0.19446885623298998	64.13387443323127
0.6	18.5	0.08619961258361145	0.19446885623298998	64.26173294084114
0.6	18.75	0.08619961258361145	0.19446885623298998	64.38598599925152
0.6	19.0	0.08619961258361145	0.19446885623298998	64.5067563379009
0.6	19.25	0.08619961258361145	0.19446885623298998	64.62416147441714
0.6	19.5	0.08619961258361145	0.19446885623298998	64.73831398757046
0.6	19.75	0.08619961258361145	0.19446885623298998	64.8493217731849
0.6	20.0	0.08619961258361145	0.19446885623298998	64.95728828423816
0.6	20.25	0.08619961258361145	0.19446885623298998	65.06231275627913
0.6	20.5	0.08619961258361145	0.19446885623298998	65.16449041920164
0.6	20.75	0.08619961258361145	0.19446885623298998	65.2639126963291
0.6	21.0	0.08619961258361145	0.19446885623298998	65.36066739168984
0.6	21.25	0.08619961258361145	0.19446885623298998	65.45483886629356
0.6	21.5	0.08619961258361145	0.19446885623298998	65.54650820415642
0.6	21.75	0.08619961258361145	0.19446885623298998	65.6357533687649
0.6	22.0	0.08619961258361145	0.19446885623298998	65.72264935061577
0.6	22.25	0.08619961258361145	0.19446885623298998	65.80726830642188
0.6	22.5	0.08619961258361145	0.19446885623298998	65.88967969052845
0.6	22.75	0.08619961258361145	0.19446885623298998	65.96995037904566
0.6	23.0	0.08619961258361145	0.19446885623298998	66.04814478716432
0.6	23.25	0.08619961258361145	0.19446885623298998	66.12432498008945
0.6	23.5	0.08619961258361145	0.19446885623298998	66.19855077799369
0.6	23.75	0.08619961258361145	0.19446885623298998	66.27087985536444
0.6	24.0	0.08619961258361145	0.19446885623298998	66.34136783509233
